Number,Season,Terrain,Species
S1,Spring,Mesa,Pipistrellus abramus
S2,Spring,Mesa,Pipistrellus abramus
S3,Spring,Mesa,Pipistrellus abramus
S4,Spring,Mesa,Pipistrellus abramus
S5,Spring,Mesa,Pipistrellus abramus
S6,Spring,Mesa,Pipistrellus abramus
S7,Spring,Mesa,Pipistrellus abramus
S8,Spring,Mesa,Pipistrellus abramus
S9,Spring,Mesa,Pipistrellus abramus
S10,Spring,Mesa,Pipistrellus abramus
S11,Spring,Mesa,Pipistrellus abramus
S12,Spring,Mesa,Pipistrellus abramus
S13,Spring,Mesa,Pipistrellus abramus
S14,Spring,Mesa,Pipistrellus abramus
S15,Spring,Mesa,Pipistrellus abramus
S16,Spring,Mesa,Pipistrellus abramus
S17,Spring,Mesa,Pipistrellus abramus
S18,Spring,Mesa,Pipistrellus abramus
S19,Spring,Mesa,Pipistrellus abramus
S20,Spring,Mesa,Pipistrellus abramus
S21,Spring,Mesa,Pipistrellus abramus
S22,Spring,Mesa,Pipistrellus abramus
S23,Spring,Mesa,Pipistrellus abramus
S24,Spring,Mesa,Pipistrellus abramus
S25,Spring,Mesa,Pipistrellus abramus
S26,Spring,Mesa,Tylonycteris pachypus
S27,Spring,Mesa,Tylonycteris pachypus
S28,Spring,Mesa,Tylonycteris pachypus
S29,Spring,Mesa,Tylonycteris pachypus
S30,Spring,Mesa,Tylonycteris pachypus
S31,Spring,Mesa,Tylonycteris pachypus
S32,Spring,Mesa,Tylonycteris pachypus
S33,Spring,Mesa,Tylonycteris pachypus
S34,Spring,Mesa,Tylonycteris pachypus
S35,Spring,Mesa,Tylonycteris pachypus
S36,Spring,Mesa,Tylonycteris pachypus
S37,Spring,Mesa,Tylonycteris pachypus
S38,Spring,Mesa,Tylonycteris pachypus
S39,Spring,Mesa,Tylonycteris pachypus
S40,Spring,Mesa,Tylonycteris pachypus
S41,Spring,Mesa,Tylonycteris pachypus
S42,Spring,Mesa,Tylonycteris pachypus
S43,Spring,Mesa,Tylonycteris pachypus
S44,Spring,Mesa,Tylonycteris pachypus
S45,Spring,Mesa,Tylonycteris pachypus
S46,Spring,Mesa,Tylonycteris pachypus
S47,Spring,Mesa,Tylonycteris pachypus
S48,Spring,Mesa,Tylonycteris pachypus
S49,Spring,Mesa,Tylonycteris pachypus
S50,Spring,Mesa,Tylonycteris pachypus
S51,Spring,Mesa,Tylonycteris pachypus
S52,Spring,Mesa,Tylonycteris pachypus
S53,Spring,Mesa,Tylonycteris pachypus
S54,Spring,Mesa,Tylonycteris pachypus
S55,Spring,Mesa,Tylonycteris pachypus
S56,Spring,Mesa,Tylonycteris pachypus
S57,Spring,Mesa,Tylonycteris pachypus
S58,Spring,Mesa,Pipistrellus abramus
S59,Spring,Mesa,Pipistrellus abramus
S60,Spring,Mesa,Pipistrellus abramus
S61,Spring,Mesa,Pipistrellus abramus
S62,Spring,Mesa,Pipistrellus abramus
S63,Spring,Mesa,Pipistrellus abramus
S64,Spring,Mesa,Pipistrellus abramus
S65,Spring,Mesa,Pipistrellus abramus
S66,Spring,Mesa,Pipistrellus abramus
S67,Spring,Mesa,Pipistrellus abramus
S68,Spring,Mesa,Pipistrellus abramus
S69,Spring,Mesa,Pipistrellus abramus
S70,Spring,Mesa,Pipistrellus abramus
S71,Spring,Mesa,Pipistrellus abramus
S72,Spring,Mesa,Pipistrellus abramus
S73,Spring,Mesa,Pipistrellus abramus
S74,Spring,Mesa,Pipistrellus abramus
S75,Spring,Mesa,Pipistrellus abramus
S76,Spring,Mesa,Pipistrellus abramus
S77,Spring,Mesa,Pipistrellus abramus
S78,Spring,Mesa,Pipistrellus abramus
S79,Spring,Mesa,Tylonycteris pachypus
S80,Spring,Mesa,Tylonycteris pachypus
S81,Spring,Mesa,Tylonycteris pachypus
S82,Spring,Mesa,Tylonycteris pachypus
S83,Spring,Mesa,Tylonycteris pachypus
S84,Spring,Mesa,Tylonycteris pachypus
S85,Spring,Mesa,Tylonycteris pachypus
S86,Spring,Mesa,Tylonycteris pachypus
S87,Spring,Mesa,Tylonycteris pachypus
S88,Spring,Mesa,Tylonycteris pachypus
S89,Spring,Mesa,Tylonycteris pachypus
S90,Spring,Mesa,Tylonycteris pachypus
S91,Spring,Mesa,Tylonycteris pachypus
S92,Spring,Mesa,Rhinolophus affinis
S93,Spring,Mesa,Rhinolophus affinis
S94,Spring,Mesa,Rhinolophus affinis
S95,Spring,Mesa,Rhinolophus affinis
S96,Spring,Mesa,Rhinolophus affinis
S97,Spring,Mesa,Rhinolophus affinis
S98,Spring,Mesa,Rhinolophus affinis
S99,Spring,Mesa,Rhinolophus affinis
S100,Spring,Mesa,Rhinolophus affinis
S101,Spring,Mesa,Rhinolophus affinis
S102,Spring,Mesa,Rhinolophus affinis
S103,Spring,Mesa,Rhinolophus affinis
S104,Spring,Mesa,Rhinolophus affinis
S105,Spring,Mesa,Rhinolophus affinis
S106,Spring,Mesa,Rhinolophus affinis
S107,Spring,Mesa,Rhinolophus affinis
S108,Spring,Mesa,Rhinolophus affinis
S109,Spring,Mesa,Rhinolophus affinis
S110,Spring,Mesa,Rhinolophus affinis
S111,Spring,Mesa,Rhinolophus affinis
S112,Spring,Mesa,Rhinolophus affinis
S113,Spring,Mesa,Rhinolophus affinis
S114,Spring,Mesa,Rhinolophus affinis
S115,Spring,Mesa,Rhinolophus affinis
S116,Spring,Mesa,Tylonycteris pachypus
S117,Spring,Mesa,Tylonycteris pachypus
S118,Spring,Mesa,Tylonycteris pachypus
S119,Spring,Mesa,Tylonycteris pachypus
S120,Spring,Mesa,Tylonycteris pachypus
S121,Spring,Mesa,Tylonycteris pachypus
S122,Spring,Mesa,Tylonycteris pachypus
S123,Spring,Mesa,Tylonycteris pachypus
S124,Spring,Mesa,Tylonycteris pachypus
S125,Spring,Mesa,Tylonycteris pachypus
S126,Spring,Mesa,Tylonycteris pachypus
S127,Spring,Mesa,Tylonycteris pachypus
S128,Spring,Mesa,Tylonycteris pachypus
S129,Spring,Mesa,Tylonycteris pachypus
S130,Spring,Mesa,Tylonycteris pachypus
S131,Spring,Mesa,Tylonycteris pachypus
S132,Spring,Mesa,Tylonycteris pachypus
S133,Spring,Mesa,Tylonycteris pachypus
S134,Spring,Mesa,Tylonycteris pachypus
S135,Spring,Mesa,Tylonycteris pachypus
S136,Spring,Mesa,Tylonycteris pachypus
S137,Spring,Mesa,Tylonycteris pachypus
S138,Spring,Mountain,Hipposideros armiger
S139,Spring,Mountain,Hipposideros armiger
S140,Spring,Mountain,Hipposideros armiger
S141,Spring,Mountain,Hipposideros armiger
S142,Spring,Mountain,Hipposideros armiger
S143,Spring,Mountain,Hipposideros armiger
S144,Spring,Mountain,Hipposideros armiger
S145,Spring,Mountain,Hipposideros armiger
S146,Autumn,Hill,Hipposideros armiger
S147,Autumn,Hill,Hipposideros armiger
S148,Autumn,Hill,Hipposideros armiger
S149,Autumn,Hill,Hipposideros armiger
S150,Autumn,Hill,Hipposideros armiger
S151,Autumn,Hill,Hipposideros armiger
S152,Autumn,Hill,Hipposideros armiger
S153,Autumn,Hill,Hipposideros armiger
S154,Autumn,Hill,Hipposideros armiger
S155,Autumn,Hill,Hipposideros armiger
S156,Autumn,Hill,Hipposideros armiger
S157,Autumn,Hill,Hipposideros armiger
S158,Autumn,Hill,Hipposideros armiger
S159,Autumn,Hill,Hipposideros armiger
S160,Autumn,Hill,Hipposideros armiger
S161,Autumn,Hill,Hipposideros armiger
S162,Autumn,Hill,Hipposideros armiger
S163,Autumn,Hill,Hipposideros armiger
S164,Autumn,Hill,Hipposideros armiger
S165,Autumn,Hill,Hipposideros armiger
S166,Autumn,Hill,Hipposideros armiger
S167,Autumn,Hill,Hipposideros armiger
S168,Autumn,Hill,Hipposideros armiger
S169,Autumn,Hill,Hipposideros armiger
S170,Autumn,Hill,Hipposideros armiger
S171,Autumn,Hill,Hipposideros armiger
S172,Autumn,Hill,Hipposideros armiger
S173,Autumn,Hill,Hipposideros armiger
S174,Autumn,Hill,Hipposideros armiger
S175,Autumn,Hill,Hipposideros armiger
S176,Autumn,Hill,Hipposideros armiger
S177,Autumn,Hill,Hipposideros armiger
S178,Spring,Mountain,Rhinolophus sinicus
S179,Spring,Mountain,Rhinolophus sinicus
S180,Spring,Mountain,Rhinolophus sinicus
S181,Spring,Mountain,Rhinolophus sinicus
S182,Spring,Mountain,Rhinolophus sinicus
S183,Autumn,Hill,Rhinolophus sinicus
S184,Summer,Mesa,Nyctalus noctula
S185,Summer,Mesa,Nyctalus noctula
S186,Autumn,Plain,Nyctalus plancyi
S187,Summer,Plain,Rhinolophus sinicus
S188,Summer,Plain,Rhinolophus sinicus
S189,Summer,Plain,Rhinolophus sinicus
S190,Summer,Plain,Rhinolophus sinicus
S191,Summer,Plain,Rhinolophus sinicus
S192,Summer,Plain,Rhinolophus sinicus
S193,Summer,Plain,Rhinolophus sinicus
S194,Summer,Plain,Rhinolophus siamensis
S195,Summer,Mountain,Hipposideros larvatus
S196,Summer,Mountain,Hipposideros larvatus
S197,Summer,Mountain,Hipposideros larvatus
S198,Summer,Mountain,Hipposideros larvatus
S199,Summer,Mountain,Hipposideros larvatus
S200,Summer,Mountain,Hipposideros larvatus
S201,Summer,Mountain,Hipposideros larvatus
S202,Summer,Mountain,Hipposideros larvatus
S203,Summer,Plain,Hipposideros larvatus
S204,Summer,Plain,Hipposideros larvatus
S205,Summer,Plain,Hipposideros larvatus
S206,Summer,Plain,Hipposideros larvatus
S207,Summer,Plain,Hipposideros larvatus
S208,Summer,Plain,Hipposideros larvatus
S209,Summer,Plain,Hipposideros larvatus
S210,Summer,Plain,Hipposideros larvatus
S211,Summer,Plain,Hipposideros larvatus
S212,Summer,Plain,Hipposideros larvatus
S213,Summer,Plain,Hipposideros larvatus
S214,Summer,Plain,Hipposideros larvatus
S215,Summer,Plain,Hipposideros larvatus
S216,Summer,Plain,Hipposideros larvatus
S217,Summer,Plain,Hipposideros larvatus
S218,Summer,Plain,Myotis davidii
S219,Summer,Plain,Myotis davidii
S220,Autumn,Plain,Myotis laniger
S221,Autumn,Plain,Myotis davidii
S222,Autumn,Mountain,Myotis davidii
S223,Autumn,Mountain,Myotis davidii
S224,Summer,Plain,Rhinolophus pusillus
S225,Summer,Plain,Rhinolophus pusillus
S226,Summer,Plain,Rhinolophus pusillus
S227,Summer,Plain,Rhinolophus pusillus
S228,Summer,Plain,Rhinolophus pusillus
S229,Summer,Plain,Rhinolophus pusillus
S230,Summer,Plain,Rhinolophus pusillus
S231,Summer,Plain,Rhinolophus pusillus
S232,Summer,Plain,Rhinolophus pusillus
S233,Summer,Plain,Rhinolophus pusillus
S234,Summer,Plain,Rhinolophus pusillus
S235,Summer,Plain,Rhinolophus pusillus
S236,Summer,Plain,Rhinolophus pusillus
S237,Summer,Plain,Rhinolophus pusillus
S238,Summer,Plain,Rhinolophus pusillus
S239,Summer,Plain,Rhinolophus pusillus
S240,Summer,Plain,Rhinolophus pusillus
S241,Summer,Plain,Rhinolophus pusillus
S242,Summer,Plain,Rhinolophus pusillus
S243,Summer,Plain,Rhinolophus pusillus
S244,Summer,Plain,Rhinolophus pusillus
S245,Summer,Plain,Rhinolophus pusillus
S246,Summer,Plain,Rhinolophus pusillus
S247,Summer,Plain,Rhinolophus pusillus
S248,Summer,Plain,Rhinolophus pusillus
S249,Summer,Plain,Rhinolophus pusillus
S250,Summer,Plain,Rhinolophus pusillus
S251,Summer,Plain,Rhinolophus pusillus
S252,Summer,Plain,Rhinolophus pusillus
S253,Summer,Plain,Rhinolophus pusillus
S254,Summer,Plain,Rhinolophus pusillus
S255,Summer,Plain,Rhinolophus pusillus
S256,Summer,Plain,Rhinolophus pusillus
S257,Summer,Plain,Rhinolophus pusillus
S258,Summer,Plain,Rhinolophus pusillus
S259,Summer,Plain,Rhinolophus pusillus
S260,Summer,Plain,Rhinolophus pusillus
S261,Summer,Plain,Rhinolophus pusillus
S262,Summer,Plain,Rhinolophus pusillus
S263,Summer,Plain,Rhinolophus pusillus
S264,Summer,Plain,Rhinolophus pusillus
S265,Summer,Plain,Rhinolophus pusillus
S266,Summer,Plain,Rhinolophus pusillus
S267,Summer,Plain,Rhinolophus pusillus
S268,Summer,Plain,Rhinolophus pusillus
S269,Summer,Plain,Rhinolophus pusillus
S270,Summer,Plain,Rhinolophus pusillus
S271,Summer,Plain,Rhinolophus pusillus
S272,Summer,Plain,Rhinolophus pusillus
S273,Summer,Plain,Rhinolophus pusillus
S274,Summer,Plain,Rhinolophus pusillus
S275,Summer,Mountain,Rhinolophus pusillus
S276,Summer,Mountain,Rhinolophus pusillus
S277,Summer,Mountain,Rhinolophus pusillus
S278,Summer,Mountain,Rhinolophus pusillus
S279,Summer,Mountain,Rhinolophus pusillus
S280,Summer,Mountain,Rhinolophus pusillus
S281,Summer,Mountain,Rhinolophus pusillus
S282,Summer,Mountain,Rhinolophus pusillus
S283,Summer,Mountain,Rhinolophus pusillus
S284,Summer,Mountain,Rhinolophus pusillus
S285,Summer,Mountain,Rhinolophus pusillus
S286,Summer,Mountain,Rhinolophus pusillus
S287,Summer,Mountain,Rhinolophus pusillus
S288,Summer,Mountain,Rhinolophus pusillus
S289,Summer,Mountain,Rhinolophus pusillus
S290,Summer,Mountain,Rhinolophus pusillus
S291,Summer,Mountain,Rhinolophus pusillus
S292,Summer,Mountain,Rhinolophus pusillus
S293,Summer,Mountain,Rhinolophus pusillus
S294,Summer,Mountain,Rhinolophus pusillus
S295,Summer,Mountain,Rhinolophus pusillus
S296,Summer,Mountain,Rhinolophus pusillus
S297,Summer,Mountain,Hipposideros larvatus
S298,Summer,Mountain,Hipposideros larvatus
S299,Summer,Mountain,Hipposideros larvatus
S300,Summer,Mountain,Hipposideros larvatus
S301,Summer,Mountain,Hipposideros larvatus
S302,Summer,Mountain,Hipposideros larvatus
S303,Summer,Mountain,Hipposideros larvatus
S304,Summer,Mountain,Hipposideros larvatus
S305,Summer,Mountain,Hipposideros larvatus
S306,Summer,Mountain,Hipposideros larvatus
S307,Summer,Mountain,Hipposideros larvatus
S308,Summer,Mountain,Hipposideros larvatus
S309,Summer,Mountain,Hipposideros larvatus
S310,Summer,Mountain,Hipposideros larvatus
S311,Summer,Mesa,Rhinolophus pusillus
S312,Summer,Mesa,Rhinolophus pusillus
S313,Summer,Mesa,Rhinolophus pusillus
S314,Summer,Mesa,Rhinolophus pusillus
S315,Summer,Mesa,Rhinolophus pusillus
S316,Autumn,Mesa,Rhinolophus pusillus
S317,Autumn,Mesa,Rhinolophus pusillus
S318,Autumn,Mesa,Rhinolophus pusillus
S319,Autumn,Mesa,Rhinolophus pusillus
S320,Autumn,Mesa,Rhinolophus pusillus
S321,Autumn,Mesa,Rhinolophus pusillus
S322,Summer,Mesa,Pipistrellus abramus
S323,Summer,Mesa,Pipistrellus abramus
S324,Summer,Mesa,Pipistrellus abramus
S325,Autumn,Mesa,Pipistrellus abramus
S326,Autumn,Mesa,Pipistrellus abramus
S327,Autumn,Mesa,Pipistrellus abramus
S328,Autumn,Mesa,Pipistrellus abramus
S329,Autumn,Mesa,Pipistrellus abramus
S330,Autumn,Mesa,Pipistrellus abramus
S331,Autumn,Mesa,Pipistrellus abramus
S332,Autumn,Mesa,Pipistrellus abramus
S333,Autumn,Mesa,Pipistrellus abramus
S334,Autumn,Mesa,Pipistrellus abramus
S335,Autumn,Mesa,Pipistrellus abramus
S336,Autumn,Mesa,Pipistrellus abramus
S337,Autumn,Mesa,Pipistrellus abramus
S338,Autumn,Mesa,Pipistrellus abramus
S339,Autumn,Mesa,Pipistrellus abramus
S340,Autumn,Mesa,Pipistrellus abramus
S341,Autumn,Mesa,Pipistrellus abramus
S342,Autumn,Mesa,Pipistrellus abramus
S343,Autumn,Mesa,Pipistrellus abramus
S344,Autumn,Mesa,Pipistrellus abramus
S345,Autumn,Mesa,Pipistrellus abramus
S346,Autumn,Mesa,Pipistrellus abramus
S347,Autumn,Mesa,Pipistrellus abramus
S348,Autumn,Mesa,Pipistrellus abramus
S349,Autumn,Mesa,Pipistrellus abramus
S350,Autumn,Mesa,Pipistrellus abramus
S351,Autumn,Mesa,Pipistrellus abramus
S352,Autumn,Mesa,Pipistrellus abramus
S353,Autumn,Mesa,Pipistrellus abramus
S354,Autumn,Mesa,Pipistrellus abramus
S355,Autumn,Mesa,Pipistrellus abramus
S356,Autumn,Mesa,Pipistrellus abramus
S357,Autumn,Mesa,Pipistrellus abramus
S358,Autumn,Mesa,Pipistrellus abramus
S359,Autumn,Mesa,Pipistrellus abramus
S360,Autumn,Mesa,Pipistrellus abramus
S361,Autumn,Mesa,Pipistrellus abramus
S362,Autumn,Mesa,Pipistrellus abramus
S363,Autumn,Mesa,Pipistrellus abramus
S364,Autumn,Mesa,Pipistrellus abramus
S365,Autumn,Mesa,Pipistrellus abramus
S366,Autumn,Mesa,Pipistrellus abramus
S367,Autumn,Mesa,Pipistrellus abramus
S368,Autumn,Mesa,Pipistrellus abramus
S369,Autumn,Plain,Pipistrellus abramus
S370,Autumn,Plain,Pipistrellus abramus
S371,Autumn,Mesa,Pipistrellus abramus
S372,Autumn,Plain,Pipistrellus abramus
S373,Autumn,Plain,Pipistrellus abramus
S374,Autumn,Plain,Pipistrellus abramus
S375,Autumn,Plain,Pipistrellus abramus
S376,Autumn,Plain,Pipistrellus abramus
S377,Autumn,Plain,Pipistrellus abramus
S378,Autumn,Plain,Pipistrellus abramus
S379,Autumn,Plain,Pipistrellus abramus
S380,Autumn,Plain,Pipistrellus abramus
S381,Autumn,Plain,Pipistrellus abramus
S382,Autumn,Plain,Pipistrellus abramus
S383,Autumn,Plain,Pipistrellus abramus
S384,Autumn,Plain,Pipistrellus abramus
S385,Autumn,Plain,Pipistrellus abramus
S386,Autumn,Plain,Pipistrellus abramus
S387,Autumn,Plain,Pipistrellus abramus
S388,Autumn,Plain,Pipistrellus abramus
S389,Autumn,Plain,Pipistrellus abramus
S390,Autumn,Plain,Pipistrellus abramus
S391,Autumn,Plain,Pipistrellus abramus
S392,Autumn,Plain,Pipistrellus abramus
S393,Autumn,Plain,Pipistrellus abramus
S394,Autumn,Plain,Pipistrellus abramus
S395,Autumn,Plain,Pipistrellus abramus
S396,Autumn,Plain,Pipistrellus abramus
S397,Autumn,Mesa,Pipistrellus abramus
S398,Autumn,Mesa,Pipistrellus abramus
S399,Autumn,Mesa,Pipistrellus abramus
S400,Autumn,Mesa,Pipistrellus abramus
S401,Autumn,Mesa,Pipistrellus abramus
S402,Autumn,Plain,Pipistrellus abramus
S403,Autumn,Plain,Pipistrellus abramus
S404,Autumn,Plain,Pipistrellus abramus
S405,Autumn,Plain,Pipistrellus abramus
S406,Autumn,Plain,Pipistrellus abramus
S407,Autumn,Plain,Pipistrellus abramus
S408,Autumn,Plain,Pipistrellus abramus
S409,Autumn,Plain,Pipistrellus abramus
S410,Autumn,Mountain,Pipistrellus abramus
S411,Autumn,Mountain,Pipistrellus abramus
S412,Autumn,Mountain,Pipistrellus abramus
S413,Autumn,Mountain,Pipistrellus abramus
S414,Autumn,Mesa,Pipistrellus abramus
S415,Autumn,Plain,Rhinolophus pusillus
S416,Autumn,Plain,Rhinolophus pusillus
S417,Autumn,Plain,Rhinolophus pusillus
S418,Autumn,Plain,Rhinolophus pusillus
S419,Autumn,Plain,Rhinolophus pusillus
S420,Autumn,Plain,Rhinolophus pusillus
S421,Autumn,Plain,Rhinolophus pusillus
S422,Autumn,Plain,Rhinolophus pusillus
S423,Autumn,Plain,Rhinolophus pusillus
S424,Autumn,Plain,Rhinolophus pusillus
S425,Autumn,Plain,Rhinolophus pusillus
S426,Autumn,Plain,Rhinolophus pusillus
S427,Autumn,Plain,Rhinolophus pusillus
S428,Autumn,Plain,Rhinolophus pusillus
S429,Autumn,Plain,Rhinolophus pusillus
S430,Autumn,Plain,Rhinolophus pusillus
S431,Autumn,Plain,Rhinolophus pusillus
S432,Autumn,Plain,Rhinolophus pusillus
S433,Autumn,Plain,Rhinolophus pusillus
S434,Autumn,Plain,Pipistrellus abramus
S435,Autumn,Plain,Pipistrellus abramus
S436,Autumn,Plain,Pipistrellus abramus
S437,Autumn,Plain,Pipistrellus abramus
S438,Autumn,Plain,Pipistrellus abramus
S439,Autumn,Plain,Pipistrellus abramus
S440,Autumn,Plain,Pipistrellus abramus
S441,Autumn,Plain,Pipistrellus abramus
S442,Autumn,Plain,Pipistrellus abramus
S443,Autumn,Plain,Pipistrellus abramus
S444,Autumn,Plain,Pipistrellus abramus
S445,Autumn,Plain,Pipistrellus abramus
S446,Autumn,Plain,Pipistrellus abramus
S447,Autumn,Plain,Pipistrellus abramus
S448,Autumn,Plain,Pipistrellus abramus
S449,Autumn,Plain,Pipistrellus abramus
S450,Autumn,Plain,Pipistrellus abramus
S451,Autumn,Plain,Pipistrellus abramus
S452,Autumn,Plain,Pipistrellus abramus
S453,Autumn,Plain,Pipistrellus abramus
S454,Autumn,Plain,Pipistrellus abramus
S455,Autumn,Plain,Pipistrellus abramus
S456,Autumn,Plain,Pipistrellus abramus
S457,Autumn,Plain,Pipistrellus abramus
S458,Autumn,Plain,Pipistrellus abramus
S459,Autumn,Plain,Pipistrellus abramus
S460,Autumn,Plain,Pipistrellus abramus
S461,Autumn,Plain,Pipistrellus abramus
S462,Autumn,Plain,Pipistrellus abramus
S463,Autumn,Plain,Pipistrellus abramus
S464,Autumn,Plain,Pipistrellus abramus
S465,Autumn,Plain,Pipistrellus abramus
S466,Autumn,Plain,Pipistrellus abramus
S467,Autumn,Plain,Pipistrellus abramus
S468,Autumn,Plain,Pipistrellus abramus
S469,Autumn,Plain,Pipistrellus abramus
S470,Autumn,Plain,Pipistrellus abramus
S471,Autumn,Plain,Pipistrellus abramus
S472,Autumn,Plain,Pipistrellus abramus
S473,Autumn,Plain,Pipistrellus abramus
S474,Autumn,Mountain,Pipistrellus abramus
S475,Autumn,Mountain,Pipistrellus abramus
S476,Autumn,Mountain,Pipistrellus abramus
S477,Autumn,Mountain,Pipistrellus abramus
S478,Autumn,Mountain,Pipistrellus abramus
S479,Autumn,Mountain,Pipistrellus abramus
S480,Autumn,Mountain,Pipistrellus abramus
S481,Autumn,Mountain,Pipistrellus abramus
S482,Autumn,Mountain,Pipistrellus abramus
S483,Autumn,Mountain,Pipistrellus abramus
S484,Autumn,Mountain,Pipistrellus abramus
S485,Autumn,Mountain,Pipistrellus abramus
S486,Autumn,Mountain,Pipistrellus abramus
S487,Autumn,Mountain,Pipistrellus abramus
S488,Autumn,Mountain,Pipistrellus abramus
S489,Autumn,Mountain,Pipistrellus abramus
S490,Autumn,Mountain,Pipistrellus abramus
S491,Autumn,Mountain,Pipistrellus abramus
S492,Autumn,Mountain,Pipistrellus abramus
S493,Autumn,Mountain,Pipistrellus abramus
S494,Autumn,Mountain,Pipistrellus abramus
S495,Autumn,Mountain,Pipistrellus abramus
S496,Autumn,Mountain,Pipistrellus abramus
S497,Autumn,Mountain,Pipistrellus abramus
S498,Autumn,Mountain,Pipistrellus abramus
S499,Autumn,Mountain,Pipistrellus abramus
S500,Autumn,Mountain,Pipistrellus abramus
S501,Autumn,Mountain,Pipistrellus abramus
S502,Autumn,Mountain,Pipistrellus abramus
S503,Autumn,Mountain,Pipistrellus abramus
S504,Autumn,Mountain,Pipistrellus abramus
S505,Autumn,Mountain,Pipistrellus abramus
S506,Autumn,Mountain,Pipistrellus abramus
S507,Autumn,Mountain,Pipistrellus abramus
S508,Autumn,Mountain,Pipistrellus abramus
S509,Autumn,Mountain,Pipistrellus abramus
S510,Autumn,Mountain,Pipistrellus abramus
S511,Autumn,Mountain,Pipistrellus abramus
S512,Autumn,Mesa,Pipistrellus abramus
S513,Autumn,Mountain,Pipistrellus abramus
S514,Autumn,Mountain,Pipistrellus abramus
S515,Autumn,Mountain,Pipistrellus abramus
S516,Autumn,Mountain,Pipistrellus abramus
S517,Autumn,Mountain,Pipistrellus abramus
S518,Autumn,Mountain,Pipistrellus abramus
S519,Autumn,Mountain,Pipistrellus abramus
S520,Autumn,Mountain,Pipistrellus abramus
S521,Autumn,Mountain,Pipistrellus abramus
S522,Autumn,Mountain,Pipistrellus abramus
S523,Autumn,Mountain,Pipistrellus abramus
S524,Autumn,Mountain,Pipistrellus abramus
S525,Autumn,Mountain,Pipistrellus abramus
S526,Autumn,Mountain,Pipistrellus abramus
S527,Autumn,Mountain,Pipistrellus abramus
S528,Autumn,Mountain,Pipistrellus abramus
S529,Autumn,Mountain,Pipistrellus abramus
S530,Autumn,Mountain,Pipistrellus abramus
S531,Autumn,Mountain,Pipistrellus abramus
S532,Autumn,Mountain,Pipistrellus abramus
S533,Autumn,Mountain,Pipistrellus abramus
S534,Autumn,Mountain,Pipistrellus abramus
S535,Autumn,Mountain,Pipistrellus abramus
S536,Autumn,Mountain,Pipistrellus abramus
S537,Autumn,Mesa,Pipistrellus abramus
S538,Autumn,Mesa,Pipistrellus abramus
S539,Autumn,Mesa,Pipistrellus abramus
S540,Autumn,Mesa,Pipistrellus abramus
S541,Autumn,Mesa,Pipistrellus abramus
S542,Autumn,Mesa,Pipistrellus abramus
S543,Autumn,Mesa,Pipistrellus abramus
S544,Autumn,Mesa,Pipistrellus abramus
S545,Autumn,Mesa,Pipistrellus abramus
S546,Autumn,Mesa,Pipistrellus abramus
S547,Autumn,Mesa,Pipistrellus abramus
S548,Autumn,Mesa,Pipistrellus abramus
S549,Autumn,Mesa,Pipistrellus abramus
S550,Autumn,Mesa,Pipistrellus abramus
S551,Autumn,Mesa,Pipistrellus abramus
S552,Autumn,Mesa,Pipistrellus abramus
S553,Autumn,Mesa,Pipistrellus abramus
S554,Autumn,Mesa,Pipistrellus abramus
S555,Autumn,Mesa,Pipistrellus abramus
S556,Autumn,Mesa,Pipistrellus abramus
S557,Autumn,Mesa,Pipistrellus abramus
S558,Autumn,Mesa,Pipistrellus abramus
S559,Autumn,Mesa,Pipistrellus abramus
S560,Autumn,Mesa,Pipistrellus abramus
S561,Autumn,Mesa,Pipistrellus abramus
S562,Autumn,Mesa,Pipistrellus abramus
S563,Autumn,Mesa,Pipistrellus abramus
S564,Autumn,Mesa,Pipistrellus abramus
S565,Autumn,Mesa,Pipistrellus abramus
S566,Autumn,Mesa,Rhinolophus sinicus
S567,Autumn,Mesa,Rhinolophus sinicus
S568,Autumn,Mesa,Rhinolophus sinicus
S569,Autumn,Mesa,Rhinolophus sinicus
S570,Autumn,Mesa,Rhinolophus sinicus
S571,Autumn,Mesa,Rhinolophus sinicus
S572,Autumn,Mesa,Rhinolophus sinicus
S573,Autumn,Mesa,Rhinolophus sinicus
S574,Autumn,Mesa,Rhinolophus sinicus
S575,Autumn,Mesa,Rhinolophus sinicus
S576,Autumn,Mesa,Rhinolophus pusillus
S577,Autumn,Mesa,Rhinolophus pusillus
S578,Autumn,Mesa,Rhinolophus pusillus
S579,Autumn,Mesa,Rhinolophus pusillus
S580,Autumn,Mesa,Rhinolophus pusillus
S581,Autumn,Mesa,Rhinolophus pusillus
S582,Autumn,Mesa,Rhinolophus pusillus
S583,Autumn,Mesa,Rhinolophus pusillus
S584,Autumn,Mesa,Rhinolophus pusillus
S585,Autumn,Mesa,Rhinolophus pusillus
S586,Autumn,Mesa,Rhinolophus pusillus
S587,Autumn,Mesa,Rhinolophus pusillus
S588,Autumn,Mesa,Rhinolophus pusillus
S589,Autumn,Mesa,Rhinolophus pusillus
S590,Autumn,Mesa,Rhinolophus pusillus
S591,Autumn,Mesa,Rhinolophus pusillus
S592,Autumn,Mesa,Rhinolophus pusillus
S593,Autumn,Mesa,Rhinolophus pusillus
S594,Autumn,Mesa,Rhinolophus pusillus
S595,Autumn,Mesa,Rhinolophus pusillus
S596,Autumn,Mesa,Rhinolophus pusillus
S597,Autumn,Mesa,Rhinolophus pusillus
S598,Autumn,Mesa,Rhinolophus pusillus
S599,Autumn,Mesa,Rhinolophus pusillus
S600,Autumn,Mesa,Rhinolophus pusillus
S601,Autumn,Mesa,Rhinolophus pusillus
S602,Autumn,Plain,Tylonycteris pachypus
S603,Autumn,Plain,Tylonycteris pachypus
S604,Autumn,Plain,Tylonycteris pachypus
S605,Autumn,Plain,Tylonycteris pachypus
S606,Autumn,Plain,Tylonycteris pachypus
S607,Autumn,Plain,Tylonycteris pachypus
S608,Autumn,Plain,Tylonycteris pachypus
S609,Autumn,Plain,Tylonycteris pachypus
S610,Autumn,Plain,Tylonycteris pachypus
S611,Autumn,Plain,Tylonycteris pachypus
S612,Autumn,Plain,Tylonycteris pachypus
S613,Autumn,Plain,Tylonycteris pachypus
S614,Autumn,Plain,Tylonycteris pachypus
S615,Autumn,Plain,Tylonycteris pachypus
S616,Autumn,Plain,Tylonycteris pachypus
S617,Autumn,Plain,Tylonycteris pachypus
S618,Autumn,Plain,Tylonycteris pachypus
S619,Autumn,Plain,Tylonycteris pachypus
S620,Autumn,Plain,Tylonycteris pachypus
S621,Autumn,Plain,Tylonycteris pachypus
S622,Autumn,Plain,Tylonycteris pachypus
S623,Autumn,Plain,Tylonycteris pachypus
S624,Autumn,Plain,Tylonycteris pachypus
S625,Autumn,Plain,Tylonycteris pachypus
S626,Autumn,Plain,Tylonycteris pachypus
S627,Autumn,Plain,Tylonycteris pachypus
S628,Autumn,Plain,Tylonycteris pachypus
S629,Autumn,Plain,Tylonycteris pachypus
S630,Autumn,Plain,Pipistrellus abramus
S631,Autumn,Plain,Pipistrellus abramus
S632,Autumn,Plain,Pipistrellus abramus
S633,Autumn,Plain,Pipistrellus abramus
S634,Autumn,Plain,Pipistrellus abramus
S635,Autumn,Plain,Pipistrellus abramus
S636,Autumn,Plain,Pipistrellus abramus
S637,Autumn,Plain,Pipistrellus abramus
S638,Autumn,Plain,Pipistrellus abramus
S639,Autumn,Plain,Pipistrellus abramus
S640,Autumn,Plain,Pipistrellus abramus
S641,Autumn,Plain,Pipistrellus abramus
S642,Autumn,Plain,Pipistrellus abramus
S643,Autumn,Plain,Pipistrellus abramus
S644,Autumn,Plain,Pipistrellus abramus
S645,Autumn,Plain,Pipistrellus abramus
S646,Autumn,Plain,Pipistrellus abramus
S647,Autumn,Plain,Pipistrellus abramus
S648,Autumn,Plain,Pipistrellus abramus
S649,Autumn,Plain,Pipistrellus abramus
S650,Autumn,Plain,Pipistrellus abramus
S651,Autumn,Plain,Pipistrellus abramus
S652,Spring,Mesa,Rhinolophus pusillus
S653,Autumn,Hill,Rhinolophus pusillus
S654,Autumn,Hill,Rhinolophus pusillus
S655,Autumn,Hill,Rhinolophus pusillus
S656,Autumn,Hill,Rhinolophus pusillus
S657,Autumn,Hill,Rhinolophus pusillus
S658,Autumn,Hill,Rhinolophus pusillus
S659,Autumn,Hill,Rhinolophus pusillus
S660,Autumn,Hill,Rhinolophus pusillus
S661,Autumn,Hill,Rhinolophus pusillus
S662,Autumn,Hill,Rhinolophus pusillus
S663,Autumn,Hill,Rhinolophus pusillus
S664,Autumn,Hill,Rhinolophus pusillus
S665,Autumn,Hill,Rhinolophus pusillus
S666,Autumn,Hill,Rhinolophus pusillus
S667,Autumn,Hill,Rhinolophus affinis
S668,Autumn,Hill,Rhinolophus affinis
S669,Autumn,Hill,Rhinolophus affinis
S670,Autumn,Hill,Rhinolophus affinis
S671,Autumn,Hill,Rhinolophus affinis
S672,Autumn,Hill,Rhinolophus affinis
S673,Autumn,Hill,Rhinolophus affinis
S674,Autumn,Hill,Rhinolophus affinis
S675,Autumn,Hill,Rhinolophus affinis
S676,Autumn,Hill,Rhinolophus affinis
S677,Autumn,Hill,Rhinolophus affinis
S678,Autumn,Hill,Rhinolophus affinis
S679,Autumn,Hill,Rhinolophus affinis
S680,Autumn,Hill,Rhinolophus affinis
S681,Autumn,Plain,Tylonycteris pachypus
S682,Autumn,Plain,Tylonycteris robustula
S683,Autumn,Plain,Tylonycteris pachypus
S684,Autumn,Plain,Tylonycteris pachypus
S685,Autumn,Plain,Tylonycteris pachypus
S686,Autumn,Plain,Tylonycteris pachypus
S687,Autumn,Plain,Tylonycteris pachypus
S688,Autumn,Plain,Tylonycteris pachypus
S689,Autumn,Plain,Tylonycteris pachypus
S690,Autumn,Plain,Tylonycteris pachypus
S691,Autumn,Plain,Tylonycteris pachypus
S692,Autumn,Plain,Tylonycteris pachypus
S693,Autumn,Plain,Tylonycteris pachypus
S694,Autumn,Plain,Tylonycteris pachypus
S695,Autumn,Plain,Tylonycteris pachypus
S696,Autumn,Plain,Tylonycteris pachypus
S697,Autumn,Plain,Tylonycteris pachypus
S698,Autumn,Plain,Tylonycteris pachypus
S699,Autumn,Plain,Tylonycteris pachypus
S700,Autumn,Plain,Tylonycteris pachypus
S701,Autumn,Plain,Tylonycteris pachypus
S702,Autumn,Plain,Tylonycteris pachypus
S703,Autumn,Plain,Tylonycteris pachypus
S704,Autumn,Plain,Tylonycteris pachypus
S705,Autumn,Plain,Tylonycteris pachypus
S706,Autumn,Plain,Tylonycteris pachypus
S707,Autumn,Plain,Tylonycteris pachypus
S708,Autumn,Plain,Tylonycteris pachypus
S709,Autumn,Plain,Tylonycteris pachypus
S710,Autumn,Plain,Tylonycteris pachypus
S711,Autumn,Plain,Tylonycteris pachypus
S712,Autumn,Plain,Tylonycteris pachypus
S713,Autumn,Plain,Tylonycteris pachypus
S714,Autumn,Plain,Tylonycteris pachypus
S715,Autumn,Plain,Tylonycteris pachypus
S716,Autumn,Plain,Tylonycteris pachypus
S717,Autumn,Plain,Tylonycteris pachypus
S718,Autumn,Plain,Tylonycteris pachypus
S719,Autumn,Plain,Tylonycteris pachypus
S720,Autumn,Mesa,Tylonycteris pachypus
S721,Autumn,Mesa,Tylonycteris pachypus
S722,Autumn,Mesa,Tylonycteris pachypus
S723,Autumn,Mesa,Tylonycteris pachypus
S724,Autumn,Mesa,Tylonycteris pachypus
S725,Autumn,Mesa,Tylonycteris pachypus
S726,Autumn,Mesa,Tylonycteris pachypus
S727,Autumn,Mesa,Tylonycteris pachypus
S728,Autumn,Mesa,Tylonycteris pachypus
S729,Autumn,Mesa,Tylonycteris pachypus
S730,Autumn,Mesa,Tylonycteris pachypus
S731,Autumn,Mesa,Tylonycteris pachypus
S732,Autumn,Mesa,Tylonycteris pachypus
S733,Autumn,Mesa,Tylonycteris pachypus
S734,Autumn,Mesa,Tylonycteris pachypus
S735,Autumn,Mesa,Tylonycteris pachypus
S736,Autumn,Mesa,Pipistrellus abramus
S737,Autumn,Mesa,Pipistrellus abramus
S738,Autumn,Mesa,Pipistrellus abramus
S739,Autumn,Mesa,Pipistrellus abramus
S740,Autumn,Mesa,Pipistrellus abramus
S741,Autumn,Mesa,Pipistrellus abramus
S742,Autumn,Mesa,Pipistrellus abramus
S743,Autumn,Mesa,Pipistrellus abramus
S744,Autumn,Mesa,Pipistrellus abramus
S745,Autumn,Mesa,Pipistrellus abramus
S746,Autumn,Mesa,Pipistrellus abramus
S747,Autumn,Mesa,Pipistrellus abramus
S748,Autumn,Mesa,Pipistrellus abramus
S749,Autumn,Mesa,Pipistrellus abramus
S750,Autumn,Mesa,Pipistrellus abramus
S751,Autumn,Mesa,Pipistrellus abramus
S752,Autumn,Mesa,Pipistrellus abramus
S753,Autumn,Mesa,Pipistrellus abramus
S754,Autumn,Mesa,Pipistrellus abramus
S755,Autumn,Mesa,Pipistrellus abramus
S756,Autumn,Mesa,Pipistrellus abramus
S757,Autumn,Mesa,Pipistrellus abramus
S758,Autumn,Mesa,Pipistrellus abramus
S759,Autumn,Mesa,Pipistrellus abramus
S760,Autumn,Mesa,Pipistrellus abramus
S761,Autumn,Mesa,Pipistrellus abramus
S762,Autumn,Mesa,Pipistrellus abramus
S763,Autumn,Mesa,Pipistrellus abramus
S764,Autumn,Mesa,Pipistrellus abramus
S765,Autumn,Mesa,Pipistrellus abramus
S766,Autumn,Mesa,Pipistrellus abramus
S767,Autumn,Mesa,Pipistrellus abramus
S768,Autumn,Mesa,Pipistrellus abramus
S769,Autumn,Mesa,Pipistrellus abramus
S770,Autumn,Mesa,Pipistrellus abramus
S771,Autumn,Mesa,Pipistrellus abramus
S772,Autumn,Mesa,Pipistrellus abramus
S773,Autumn,Mesa,Pipistrellus abramus
S774,Autumn,Mesa,Pipistrellus abramus
S775,Autumn,Mesa,Pipistrellus abramus
S776,Autumn,Mesa,Pipistrellus abramus
S777,Autumn,Mesa,Pipistrellus abramus
S778,Autumn,Mesa,Pipistrellus abramus
S779,Autumn,Mesa,Pipistrellus abramus
S780,Autumn,Mesa,Pipistrellus abramus
S781,Autumn,Mesa,Pipistrellus abramus
S782,Autumn,Mesa,Pipistrellus abramus
S783,Autumn,Mesa,Pipistrellus abramus
S784,Autumn,Mesa,Pipistrellus abramus
S785,Autumn,Plain,Pipistrellus abramus
S786,Autumn,Plain,Pipistrellus abramus
S787,Autumn,Plain,Pipistrellus abramus
S788,Autumn,Plain,Pipistrellus abramus
S789,Autumn,Plain,Pipistrellus abramus
S790,Autumn,Plain,Pipistrellus abramus
S791,Autumn,Mesa,Hipposideros pomona
S792,Autumn,Mesa,Hipposideros pomona
S793,Autumn,Mesa,Hipposideros pomona
S794,Autumn,Mesa,Hipposideros pomona
S795,Autumn,Mesa,Hipposideros pomona
S796,Autumn,Mesa,Hipposideros pomona
S797,Autumn,Mesa,Hipposideros pomona
S798,Autumn,Mesa,Hipposideros pomona
S799,Autumn,Mesa,Hipposideros pomona
S800,Autumn,Mesa,Hipposideros pomona
S801,Autumn,Mesa,Hipposideros pomona
S802,Autumn,Mesa,Hipposideros pomona
S803,Autumn,Mesa,Hipposideros pomona
S804,Autumn,Mesa,Hipposideros pomona
S805,Autumn,Mesa,Hipposideros pomona
S806,Autumn,Mesa,Hipposideros pomona
S807,Autumn,Mesa,Hipposideros pomona
S808,Autumn,Mesa,Hipposideros pomona
S809,Autumn,Mesa,Hipposideros pomona
S810,Autumn,Mesa,Hipposideros pomona
S811,Autumn,Mesa,Hipposideros pomona
S812,Autumn,Mesa,Hipposideros pomona
S813,Autumn,Mesa,Hipposideros pomona
S814,Autumn,Mesa,Hipposideros pomona
S815,Autumn,Mesa,Hipposideros pomona
S816,Autumn,Mesa,Hipposideros pomona
S817,Autumn,Mesa,Hipposideros pomona
S818,Autumn,Mesa,Hipposideros pomona
S819,Autumn,Mesa,Hipposideros pomona
S820,Autumn,Mesa,Hipposideros pomona
S821,Autumn,Mesa,Hipposideros pomona
S822,Autumn,Mesa,Hipposideros pomona
S823,Autumn,Mesa,Hipposideros pomona
S824,Autumn,Mesa,Hipposideros pomona
S825,Autumn,Mesa,Hipposideros pomona
S826,Autumn,Mesa,Hipposideros pomona
S827,Autumn,Mesa,Hipposideros pomona
S828,Autumn,Mesa,Hipposideros pomona
S829,Autumn,Mesa,Hipposideros pomona
S830,Autumn,Mesa,Hipposideros pomona
S831,Autumn,Mesa,Hipposideros pomona
S832,Autumn,Mesa,Hipposideros pomona
S833,Autumn,Mountain,Hipposideros pomona
S834,Autumn,Plain,Pipistrellus pipistrellus
S835,Autumn,Mountain,Pipistrellus pipistrellus
S836,Autumn,Mountain,Pipistrellus pipistrellus
S837,Autumn,Hill,Pipistrellus pipistrellus
S838,Autumn,Hill,Pipistrellus pipistrellus
S839,Autumn,Mountain,Pipistrellus pipistrellus
S840,Autumn,Mountain,Pipistrellus pipistrellus
S841,Autumn,Mountain,Pipistrellus pipistrellus
S842,Autumn,Mesa,Pipistrellus pipistrellus
S843,Autumn,Mesa,Pipistrellus pipistrellus
S844,Autumn,Mesa,Pipistrellus pipistrellus
S845,Autumn,Mountain,Pipistrellus pipistrellus
S846,Autumn,Mountain,Pipistrellus pipistrellus
S847,Autumn,Mountain,Pipistrellus pipistrellus
S848,Autumn,Mountain,Pipistrellus pipistrellus
S849,Autumn,Mountain,Pipistrellus pipistrellus
S850,Autumn,Hill,Pipistrellus pipistrellus
S851,Autumn,Hill,Pipistrellus pipistrellus
S852,Autumn,Plain,Pipistrellus pipistrellus
S853,Autumn,Plain,Pipistrellus pipistrellus
S854,Autumn,Plain,Pipistrellus pipistrellus
S855,Autumn,Mountain,Pipistrellus abramus
S856,Autumn,Mesa,Pipistrellus abramus
S857,Autumn,Mesa,Pipistrellus abramus
S858,Autumn,Mesa,Pipistrellus abramus
S859,Autumn,Mesa,Pipistrellus abramus
S860,Autumn,Mesa,Pipistrellus abramus
S861,Autumn,Mesa,Pipistrellus abramus
S862,Autumn,Mountain,Pipistrellus abramus
S863,Autumn,Mountain,Pipistrellus abramus
S864,Autumn,Mountain,Pipistrellus abramus
S865,Autumn,Hill,Pipistrellus abramus
S866,Autumn,Plain,Pipistrellus abramus
S867,Autumn,Plain,Pipistrellus abramus
S868,Autumn,Plain,Pipistrellus abramus
S869,Autumn,Plain,Pipistrellus abramus
S870,Autumn,Plain,Pipistrellus abramus
S871,Autumn,Plain,Pipistrellus abramus
S872,Autumn,Plain,Pipistrellus abramus
S873,Autumn,Plain,Pipistrellus abramus
S874,Autumn,Mesa,Pipistrellus abramus
S875,Autumn,Plain,Pipistrellus abramus
S876,Autumn,Plain,Pipistrellus abramus
S877,Autumn,Plain,Pipistrellus abramus
S878,Autumn,Plain,Pipistrellus abramus
S879,Autumn,Plain,Pipistrellus abramus
S880,Autumn,Plain,Pipistrellus abramus
S881,Autumn,Plain,Pipistrellus abramus
S882,Autumn,Plain,Pipistrellus abramus
S883,Autumn,Plain,Pipistrellus abramus
S884,Autumn,Plain,Pipistrellus abramus
S885,Autumn,Plain,Pipistrellus abramus
S886,Autumn,Plain,Pipistrellus abramus
S887,Autumn,Plain,Pipistrellus abramus
S888,Autumn,Plain,Pipistrellus abramus
S889,Autumn,Plain,Pipistrellus abramus
S890,Autumn,Plain,Pipistrellus abramus
S891,Autumn,Plain,Pipistrellus abramus
S892,Autumn,Plain,Pipistrellus abramus
S893,Autumn,Plain,Pipistrellus abramus
S894,Autumn,Plain,Pipistrellus abramus
S895,Autumn,Plain,Pipistrellus abramus
S896,Autumn,Plain,Pipistrellus abramus
S897,Autumn,Plain,Pipistrellus abramus
S898,Autumn,Plain,Pipistrellus abramus
S899,Autumn,Plain,Pipistrellus abramus
S900,Autumn,Plain,Pipistrellus abramus
S901,Autumn,Plain,Pipistrellus abramus
S902,Autumn,Plain,Pipistrellus abramus
S903,Autumn,Plain,Pipistrellus abramus
S904,Autumn,Plain,Pipistrellus abramus
S905,Autumn,Mountain,Rhinolophus pusillus
S906,Autumn,Mountain,Rhinolophus pusillus
S907,Autumn,Mountain,Rhinolophus pusillus
S908,Autumn,Mountain,Rhinolophus pusillus
S909,Autumn,Plain,Rhinolophus pusillus
S910,Autumn,Plain,Rhinolophus pusillus
S911,Autumn,Mesa,Rhinolophus pusillus
S912,Autumn,Mesa,Rhinolophus pusillus
S913,Autumn,Mesa,Rhinolophus pusillus
S914,Autumn,Mesa,Rhinolophus pusillus
S915,Autumn,Mesa,Rhinolophus pusillus
S916,Autumn,Mesa,Rhinolophus pusillus
S917,Autumn,Mesa,Rhinolophus pusillus
S918,Autumn,Mesa,Rhinolophus pusillus
S919,Autumn,Mesa,Rhinolophus pusillus
S920,Autumn,Mesa,Rhinolophus pusillus
S921,Autumn,Mesa,Rhinolophus pusillus
S922,Autumn,Mesa,Rhinolophus pusillus
S923,Autumn,Mesa,Rhinolophus pusillus
S924,Autumn,Mesa,Rhinolophus pusillus
S925,Autumn,Mesa,Rhinolophus pusillus
S926,Autumn,Mesa,Rhinolophus pusillus
S927,Autumn,Mesa,Rhinolophus pusillus
S928,Autumn,Mesa,Rhinolophus pusillus
S929,Autumn,Mesa,Rhinolophus pusillus
S930,Autumn,Mesa,Rhinolophus pusillus
S931,Autumn,Mesa,Rhinolophus pusillus
S932,Autumn,Mesa,Rhinolophus pusillus
S933,Autumn,Mesa,Rhinolophus pusillus
S934,Autumn,Mesa,Rhinolophus pusillus
S935,Autumn,Mesa,Rhinolophus pusillus
S936,Autumn,Mesa,Rhinolophus pusillus
S937,Autumn,Mesa,Rhinolophus pusillus
S938,Autumn,Mesa,Rhinolophus pusillus
S939,Autumn,Plain,Pipistrellus abramus
S940,Autumn,Plain,Pipistrellus abramus
S941,Autumn,Plain,Pipistrellus abramus
S942,Autumn,Plain,Pipistrellus abramus
S943,Autumn,Plain,Pipistrellus abramus
S944,Autumn,Plain,Pipistrellus abramus
S945,Autumn,Plain,Pipistrellus abramus
S946,Autumn,Plain,Pipistrellus abramus
S947,Autumn,Plain,Pipistrellus abramus
S948,Autumn,Plain,Pipistrellus abramus
S949,Autumn,Plain,Pipistrellus abramus
S950,Autumn,Plain,Pipistrellus abramus
S951,Autumn,Plain,Pipistrellus abramus
S952,Autumn,Plain,Pipistrellus abramus
S953,Autumn,Plain,Pipistrellus abramus
S954,Autumn,Plain,Pipistrellus abramus
S955,Autumn,Plain,Pipistrellus abramus
S956,Autumn,Plain,Pipistrellus abramus
S957,Autumn,Plain,Pipistrellus abramus
S958,Autumn,Mesa,Pipistrellus abramus
S959,Autumn,Mesa,Pipistrellus abramus
S960,Autumn,Mesa,Pipistrellus abramus
S961,Autumn,Mesa,Pipistrellus abramus
S962,Autumn,Mesa,Pipistrellus abramus
S963,Autumn,Mesa,Pipistrellus abramus
S964,Autumn,Mesa,Pipistrellus abramus
S965,Autumn,Mesa,Pipistrellus abramus
S966,Autumn,Mesa,Pipistrellus abramus
S967,Autumn,Mesa,Pipistrellus abramus
S968,Autumn,Mesa,Pipistrellus abramus
S969,Autumn,Mesa,Pipistrellus abramus
S970,Autumn,Mesa,Pipistrellus abramus
S971,Autumn,Mesa,Pipistrellus abramus
S972,Autumn,Mesa,Pipistrellus abramus
S973,Autumn,Mesa,Pipistrellus abramus
S974,Autumn,Mesa,Pipistrellus abramus
S975,Autumn,Mountain,Myotis laniger
S976,Autumn,Hill,Myotis laniger
S977,Autumn,Mesa,Myotis laniger
S978,Autumn,Mesa,Myotis laniger
S979,Autumn,Mesa,Myotis laniger
S980,Autumn,Mesa,Myotis laniger
S981,Autumn,Mesa,Myotis laniger
S982,Autumn,Mesa,Myotis laniger
S983,Autumn,Mountain,Myotis laniger
S984,Autumn,Mesa,Myotis laniger
S985,Autumn,Mesa,Myotis laniger
S986,Autumn,Mesa,Myotis laniger
S987,Autumn,Mesa,Myotis laniger
S988,Autumn,Mesa,Myotis laniger
S989,Autumn,Mesa,Myotis laniger
S990,Autumn,Mesa,Myotis laniger
S991,Autumn,Mesa,Myotis laniger
S992,Autumn,Mesa,Myotis laniger
S993,Autumn,Mesa,Myotis laniger
S994,Autumn,Mesa,Myotis laniger
S995,Autumn,Mesa,Myotis laniger
S996,Autumn,Mesa,Myotis laniger
S997,Autumn,Mesa,Myotis laniger
S998,Autumn,Mesa,Myotis laniger
S999,Autumn,Mesa,Myotis laniger
S1000,Autumn,Mesa,Myotis laniger
S1001,Autumn,Mesa,Myotis laniger
S1002,Autumn,Mesa,Myotis laniger
S1003,Autumn,Mesa,Myotis laniger
S1004,Autumn,Mesa,Myotis laniger
S1005,Autumn,Mesa,Myotis laniger
S1006,Autumn,Mesa,Myotis laniger
S1007,Autumn,Mesa,Myotis laniger
S1008,Autumn,Mesa,Myotis laniger
S1009,Autumn,Mesa,Myotis laniger
S1010,Autumn,Plain,Myotis laniger
S1011,Autumn,Mesa,Myotis laniger
S1012,Autumn,Mesa,Myotis laniger
S1013,Autumn,Mesa,Myotis laniger
S1014,Autumn,Mesa,Myotis laniger
S1015,Autumn,Mesa,Myotis laniger
S1016,Autumn,Mesa,Myotis laniger
S1017,Autumn,Mesa,Myotis laniger
S1018,Autumn,Mesa,Myotis laniger
S1019,Autumn,Mesa,Myotis laniger
S1020,Autumn,Mesa,Myotis laniger
S1021,Autumn,Plain,Tylonycteris pachypus
S1022,Autumn,Plain,Tylonycteris pachypus
S1023,Autumn,Plain,Tylonycteris pachypus
S1024,Autumn,Plain,Tylonycteris pachypus
S1025,Autumn,Plain,Tylonycteris pachypus
S1026,Autumn,Plain,Tylonycteris pachypus
S1027,Autumn,Plain,Tylonycteris pachypus
S1028,Autumn,Plain,Tylonycteris pachypus
S1029,Autumn,Plain,Tylonycteris pachypus
S1030,Autumn,Plain,Tylonycteris pachypus
S1031,Autumn,Plain,Tylonycteris pachypus
S1032,Autumn,Plain,Tylonycteris pachypus
S1033,Autumn,Plain,Tylonycteris pachypus
S1034,Autumn,Plain,Tylonycteris pachypus
S1035,Autumn,Plain,Tylonycteris pachypus
S1036,Autumn,Plain,Tylonycteris pachypus
S1037,Autumn,Plain,Tylonycteris pachypus
S1038,Autumn,Plain,Tylonycteris pachypus
S1039,Autumn,Plain,Tylonycteris pachypus
S1040,Autumn,Plain,Tylonycteris pachypus
S1041,Autumn,Plain,Tylonycteris pachypus
S1042,Autumn,Plain,Tylonycteris pachypus
S1043,Autumn,Hill,Rhinolophus pusillus
S1044,Autumn,Hill,Rhinolophus pusillus
S1045,Autumn,Hill,Rhinolophus pusillus
S1046,Autumn,Hill,Rhinolophus pusillus
S1047,Autumn,Hill,Rhinolophus pusillus
S1048,Autumn,Hill,Rhinolophus pusillus
S1049,Autumn,Hill,Rhinolophus pusillus
S1050,Autumn,Hill,Rhinolophus pusillus
S1051,Autumn,Hill,Rhinolophus pusillus
S1052,Autumn,Hill,Rhinolophus pusillus
S1053,Autumn,Hill,Rhinolophus pusillus
S1054,Autumn,Hill,Rhinolophus pusillus
S1055,Autumn,Hill,Rhinolophus pusillus
S1056,Autumn,Hill,Rhinolophus pusillus
S1057,Autumn,Hill,Rhinolophus pusillus
S1058,Autumn,Hill,Rhinolophus pusillus
S1059,Autumn,Hill,Rhinolophus pusillus
S1060,Autumn,Hill,Rhinolophus pusillus
S1061,Autumn,Hill,Rhinolophus pusillus
S1062,Autumn,Mesa,Myotis laniger
S1063,Autumn,Plain,Myotis laniger
S1064,Autumn,Plain,Myotis laniger
S1065,Autumn,Plain,Myotis laniger
S1066,Autumn,Plain,Myotis laniger
S1067,Autumn,Plain,Myotis laniger
S1068,Autumn,Plain,Myotis laniger
S1069,Autumn,Plain,Myotis laniger
S1070,Autumn,Plain,Myotis laniger
S1071,Autumn,Plain,Myotis laniger
S1072,Autumn,Plain,Myotis laniger
S1073,Autumn,Plain,Myotis laniger
S1074,Autumn,Hill,Myotis laniger
S1075,Autumn,Plain,Myotis laniger
S1076,Autumn,Plain,Myotis laniger
S1077,Autumn,Plain,Myotis laniger
S1078,Autumn,Plain,Myotis laniger
S1079,Autumn,Plain,Myotis laniger
S1080,Autumn,Plain,Myotis laniger
S1081,Autumn,Plain,Myotis laniger
S1082,Autumn,Plain,Myotis laniger
S1083,Autumn,Plain,Myotis laniger
S1084,Autumn,Plain,Myotis laniger
S1085,Autumn,Plain,Myotis laniger
S1086,Autumn,Plain,Myotis laniger
S1087,Autumn,Plain,Myotis laniger
S1088,Autumn,Plain,Myotis laniger
S1089,Autumn,Plain,Myotis laniger
S1090,Autumn,Plain,Myotis laniger
S1091,Autumn,Plain,Pipistrellus pipistrellus
S1092,Autumn,Plain,Pipistrellus pipistrellus
S1093,Autumn,Plain,Pipistrellus pipistrellus
S1094,Autumn,Plain,Pipistrellus pipistrellus
S1095,Autumn,Plain,Pipistrellus pipistrellus
S1096,Autumn,Plain,Pipistrellus pipistrellus
S1097,Autumn,Plain,Pipistrellus pipistrellus
S1098,Autumn,Plain,Pipistrellus pipistrellus
S1099,Autumn,Plain,Pipistrellus pipistrellus
S1100,Autumn,Plain,Pipistrellus pipistrellus
S1101,Autumn,Plain,Pipistrellus pipistrellus
S1102,Autumn,Plain,Pipistrellus pipistrellus
S1103,Autumn,Mesa,Pipistrellus abramus
S1104,Autumn,Mesa,Pipistrellus abramus
S1105,Autumn,Mesa,Pipistrellus abramus
S1106,Autumn,Mesa,Pipistrellus abramus
S1107,Autumn,Mesa,Pipistrellus abramus
S1108,Autumn,Mesa,Pipistrellus abramus
S1109,Autumn,Mesa,Pipistrellus abramus
S1110,Autumn,Mesa,Pipistrellus abramus
S1111,Autumn,Mesa,Pipistrellus abramus
S1112,Autumn,Mesa,Pipistrellus abramus
S1113,Autumn,Mesa,Pipistrellus abramus
S1114,Autumn,Mesa,Pipistrellus abramus
S1115,Autumn,Mesa,Pipistrellus abramus
S1116,Autumn,Mesa,Pipistrellus abramus
S1117,Autumn,Mesa,Pipistrellus abramus
S1118,Autumn,Mesa,Pipistrellus abramus
S1119,Autumn,Plain,Pipistrellus abramus
S1120,Autumn,Plain,Pipistrellus abramus
S1121,Autumn,Hill,Miniopterus pusillus
S1122,Autumn,Hill,Miniopterus pusillus
S1123,Autumn,Hill,Miniopterus pusillus
S1124,Autumn,Hill,Miniopterus pusillus
S1125,Autumn,Hill,Miniopterus pusillus
S1126,Autumn,Hill,Miniopterus pusillus
S1127,Autumn,Plain,Miniopterus pusillus
S1128,Autumn,Plain,Miniopterus pusillus
S1129,Autumn,Plain,Miniopterus pusillus
S1130,Autumn,Plain,Miniopterus pusillus
S1131,Autumn,Plain,Miniopterus pusillus
S1132,Autumn,Plain,Miniopterus pusillus
S1133,Autumn,Plain,Miniopterus pusillus
S1134,Autumn,Plain,Miniopterus pusillus
S1135,Autumn,Plain,Miniopterus pusillus
S1136,Autumn,Plain,Miniopterus pusillus
S1137,Autumn,Plain,Miniopterus pusillus
S1138,Autumn,Plain,Miniopterus pusillus
S1139,Autumn,Plain,Miniopterus pusillus
S1140,Autumn,Plain,Miniopterus pusillus
S1141,Autumn,Plain,Miniopterus pusillus
S1142,Autumn,Plain,Miniopterus pusillus
S1143,Autumn,Plain,Miniopterus pusillus
S1144,Autumn,Plain,Miniopterus pusillus
S1145,Autumn,Plain,Miniopterus pusillus
S1146,Autumn,Plain,Miniopterus pusillus
S1147,Autumn,Plain,Miniopterus pusillus
S1148,Autumn,Plain,Miniopterus pusillus
S1149,Autumn,Plain,Miniopterus pusillus
S1150,Autumn,Plain,Miniopterus pusillus
S1151,Autumn,Plain,Miniopterus pusillus
S1152,Autumn,Plain,Miniopterus pusillus
S1153,Autumn,Plain,Miniopterus pusillus
S1154,Autumn,Mountain,Myotis ricketti
S1155,Autumn,Mountain,Myotis ricketti
S1156,Autumn,Mountain,Myotis ricketti
S1157,Autumn,Mountain,Myotis ricketti
S1158,Autumn,Mountain,Myotis ricketti
S1159,Autumn,Mountain,Myotis ricketti
S1160,Autumn,Mountain,Myotis ricketti
S1161,Autumn,Mountain,Myotis ricketti
S1162,Autumn,Mountain,Myotis ricketti
S1163,Autumn,Mountain,Myotis ricketti
S1164,Autumn,Mountain,Myotis ricketti
S1165,Autumn,Mountain,Myotis ricketti
S1166,Autumn,Mountain,Myotis ricketti
S1167,Autumn,Mountain,Myotis ricketti
S1168,Autumn,Mountain,Myotis ricketti
S1169,Autumn,Mountain,Myotis ricketti
S1170,Autumn,Mountain,Myotis ricketti
S1171,Autumn,Mountain,Myotis ricketti
S1172,Autumn,Mountain,Myotis ricketti
S1173,Autumn,Mountain,Myotis ricketti
S1174,Autumn,Mountain,Myotis ricketti
S1175,Autumn,Mountain,Myotis ricketti
S1176,Autumn,Mountain,Myotis ricketti
S1177,Autumn,Mountain,Myotis ricketti
S1178,Autumn,Mountain,Myotis ricketti
S1179,Autumn,Mountain,Myotis ricketti
S1180,Autumn,Mountain,Myotis ricketti
S1181,Autumn,Mountain,Myotis ricketti
S1182,Autumn,Mountain,Myotis ricketti
S1183,Autumn,Mountain,Myotis ricketti
S1184,Autumn,Mountain,Myotis ricketti
S1185,Autumn,Mountain,Myotis ricketti
S1186,Autumn,Mountain,Myotis ricketti
S1187,Autumn,Mountain,Myotis ricketti
S1188,Autumn,Mesa,Rhinolophus pusillus
S1189,Autumn,Mesa,Rhinolophus pusillus
S1190,Autumn,Mesa,Rhinolophus pusillus
S1191,Autumn,Mesa,Rhinolophus pusillus
S1192,Autumn,Mountain,Rhinolophus pusillus
S1193,Autumn,Mountain,Rhinolophus pusillus
S1194,Autumn,Mountain,Rhinolophus pusillus
S1195,Autumn,Mountain,Rhinolophus pusillus
S1196,Autumn,Mountain,Rhinolophus pusillus
S1197,Autumn,Mountain,Rhinolophus pusillus
S1198,Autumn,Mountain,Rhinolophus pusillus
S1199,Autumn,Mountain,Rhinolophus pusillus
S1200,Autumn,Mountain,Rhinolophus pusillus
S1201,Autumn,Mountain,Rhinolophus pusillus
S1202,Autumn,Mountain,Rhinolophus pusillus
S1203,Autumn,Mountain,Rhinolophus pusillus
S1204,Autumn,Mountain,Rhinolophus pusillus
S1205,Autumn,Mountain,Rhinolophus pusillus
S1206,Autumn,Mountain,Rhinolophus pusillus
S1207,Autumn,Mountain,Rhinolophus pusillus
S1208,Autumn,Mountain,Rhinolophus pusillus
S1209,Autumn,Mountain,Rhinolophus pusillus
S1210,Autumn,Mountain,Rhinolophus pusillus
S1211,Autumn,Mountain,Rhinolophus pusillus
S1212,Autumn,Mountain,Rhinolophus pusillus
S1213,Autumn,Mountain,Rhinolophus pusillus
S1214,Autumn,Mountain,Rhinolophus pusillus
S1215,Autumn,Mountain,Rhinolophus pusillus
S1216,Autumn,Mountain,Rhinolophus pusillus
S1217,Autumn,Mountain,Rhinolophus pusillus
S1218,Autumn,Mountain,Rhinolophus pusillus
S1219,Autumn,Mountain,Rhinolophus pusillus
S1220,Autumn,Mountain,Rhinolophus pusillus
S1221,Autumn,Mountain,Rhinolophus pusillus
S1222,Autumn,Mountain,Rhinolophus pusillus
S1223,Autumn,Mountain,Rhinolophus pusillus
S1224,Autumn,Mountain,Rhinolophus pusillus
S1225,Autumn,Mountain,Rhinolophus pusillus
S1226,Autumn,Hill,Miniopterus pusillus
S1227,Autumn,Hill,Miniopterus pusillus
S1228,Autumn,Hill,Miniopterus pusillus
S1229,Autumn,Hill,Miniopterus pusillus
S1230,Autumn,Hill,Miniopterus pusillus
S1231,Autumn,Plain,Miniopterus pusillus
S1232,Autumn,Plain,Miniopterus pusillus
S1233,Autumn,Plain,Miniopterus pusillus
S1234,Autumn,Plain,Miniopterus pusillus
S1235,Autumn,Plain,Miniopterus pusillus
S1236,Autumn,Plain,Miniopterus pusillus
S1237,Autumn,Plain,Miniopterus pusillus
S1238,Autumn,Mountain,Miniopterus pusillus
S1239,Autumn,Mountain,Miniopterus pusillus
S1240,Autumn,Mountain,Miniopterus pusillus
S1241,Autumn,Mountain,Miniopterus pusillus
S1242,Autumn,Mountain,Miniopterus pusillus
S1243,Autumn,Mountain,Miniopterus pusillus
S1244,Autumn,Mountain,Miniopterus pusillus
S1245,Autumn,Mountain,Miniopterus pusillus
S1246,Autumn,Mountain,Miniopterus pusillus
S1247,Autumn,Mountain,Miniopterus pusillus
S1248,Autumn,Mountain,Miniopterus pusillus
S1249,Autumn,Mountain,Miniopterus pusillus
S1250,Autumn,Mountain,Miniopterus pusillus
S1251,Autumn,Mountain,Miniopterus pusillus
S1252,Autumn,Mountain,Miniopterus pusillus
S1253,Autumn,Mountain,Miniopterus pusillus
S1254,Autumn,Plain,Myotis chinensis
S1255,Autumn,Mesa,Myotis chinensis
S1256,Autumn,Hill,Myotis chinensis
S1257,Autumn,Hill,Myotis chinensis
S1258,Autumn,Plain,Myotis chinensis
S1259,Autumn,Mountain,Myotis chinensis
S1260,Autumn,Mountain,Myotis chinensis
S1261,Autumn,Mountain,Myotis chinensis
S1262,Autumn,Mountain,Myotis chinensis
S1263,Autumn,Plain,Pipistrellus abramus
S1264,Autumn,Plain,Pipistrellus abramus
S1265,Autumn,Plain,Pipistrellus abramus
S1266,Autumn,Plain,Pipistrellus abramus
S1267,Autumn,Plain,Pipistrellus abramus
S1268,Autumn,Plain,Pipistrellus abramus
S1269,Autumn,Plain,Pipistrellus abramus
S1270,Autumn,Plain,Pipistrellus abramus
S1271,Autumn,Mountain,Pipistrellus abramus
S1272,Autumn,Mountain,Pipistrellus abramus
S1273,Autumn,Mountain,Pipistrellus abramus
S1274,Autumn,Mountain,Pipistrellus abramus
S1275,Autumn,Mountain,Pipistrellus abramus
S1276,Autumn,Mountain,Pipistrellus abramus
S1277,Autumn,Mountain,Pipistrellus abramus
S1278,Autumn,Mountain,Pipistrellus abramus
S1279,Autumn,Mountain,Pipistrellus abramus
S1280,Autumn,Mountain,Pipistrellus abramus
S1281,Autumn,Mountain,Pipistrellus abramus
S1282,Autumn,Mountain,Pipistrellus abramus
S1283,Autumn,Mountain,Pipistrellus abramus
S1284,Autumn,Mountain,Pipistrellus abramus
S1285,Autumn,Mountain,Pipistrellus abramus
S1286,Autumn,Mountain,Pipistrellus abramus
S1287,Autumn,Mountain,Pipistrellus abramus
S1288,Autumn,Mountain,Pipistrellus abramus
S1289,Autumn,Mountain,Pipistrellus abramus
S1290,Autumn,Mountain,Pipistrellus abramus
S1291,Autumn,Mountain,Pipistrellus abramus
S1292,Autumn,Mountain,Pipistrellus abramus
S1293,Autumn,Mountain,Pipistrellus abramus
S1294,Autumn,Mountain,Pipistrellus abramus
S1295,Autumn,Mountain,Pipistrellus abramus
S1296,Autumn,Mesa,Rhinolophus pusillus
S1297,Autumn,Mesa,Rhinolophus pusillus
S1298,Autumn,Mesa,Rhinolophus pusillus
S1299,Autumn,Mesa,Rhinolophus pusillus
S1300,Autumn,Mesa,Rhinolophus pusillus
S1301,Autumn,Mesa,Rhinolophus pusillus
S1302,Autumn,Mesa,Rhinolophus pusillus
S1303,Autumn,Mesa,Rhinolophus pusillus
S1304,Autumn,Mesa,Rhinolophus pusillus
S1305,Autumn,Mesa,Rhinolophus pusillus
S1306,Autumn,Mesa,Rhinolophus pusillus
S1307,Autumn,Mesa,Rhinolophus pusillus
S1308,Autumn,Mesa,Rhinolophus pusillus
S1309,Autumn,Mesa,Rhinolophus pusillus
S1310,Autumn,Mesa,Rhinolophus pusillus
S1311,Autumn,Mesa,Rhinolophus pusillus
S1312,Autumn,Mesa,Rhinolophus pusillus
S1313,Autumn,Mesa,Rhinolophus pusillus
S1314,Autumn,Mesa,Rhinolophus pusillus
S1315,Autumn,Mesa,Rhinolophus pusillus
S1316,Autumn,Mesa,Rhinolophus pusillus
S1317,Autumn,Mesa,Rhinolophus pusillus
S1318,Autumn,Mesa,Rhinolophus pusillus
S1319,Autumn,Mesa,Rhinolophus pusillus
S1320,Autumn,Mesa,Rhinolophus pusillus
S1321,Autumn,Plain,Miniopterus pusillus
S1322,Autumn,Plain,Miniopterus pusillus
S1323,Autumn,Mountain,Miniopterus pusillus
S1324,Autumn,Mountain,Miniopterus pusillus
S1325,Autumn,Mountain,Miniopterus pusillus
S1326,Autumn,Mountain,Miniopterus pusillus
S1327,Autumn,Mountain,Miniopterus pusillus
S1328,Autumn,Mountain,Miniopterus pusillus
S1329,Autumn,Mountain,Miniopterus pusillus
S1330,Autumn,Mountain,Miniopterus pusillus
S1331,Autumn,Mountain,Miniopterus pusillus
S1332,Autumn,Mountain,Miniopterus pusillus
S1333,Autumn,Mountain,Miniopterus pusillus
S1334,Autumn,Mountain,Miniopterus pusillus
S1335,Autumn,Mountain,Miniopterus pusillus
S1336,Autumn,Mountain,Miniopterus pusillus
S1337,Autumn,Mountain,Miniopterus pusillus
S1338,Autumn,Mountain,Miniopterus pusillus
S1339,Autumn,Mountain,Miniopterus pusillus
S1340,Autumn,Mountain,Miniopterus pusillus
S1341,Autumn,Mountain,Miniopterus pusillus
S1342,Autumn,Mountain,Miniopterus pusillus
S1343,Autumn,Mountain,Miniopterus pusillus
S1344,Autumn,Mesa,Miniopterus pusillus
S1345,Autumn,Plain,Myotis ricketti
S1346,Autumn,Mesa,Myotis ricketti
S1347,Autumn,Mesa,Myotis spp.
S1348,Autumn,Mountain,Myotis ricketti
S1349,Autumn,Mountain,Myotis ricketti
S1350,Autumn,Mountain,Myotis ricketti
S1351,Autumn,Mountain,Myotis ricketti
S1352,Autumn,Mountain,Myotis ricketti
S1353,Autumn,Mesa,Myotis ricketti
S1354,Autumn,Mesa,Myotis ricketti
S1355,Autumn,Mesa,Myotis ricketti
S1356,Autumn,Mesa,Myotis ricketti
S1357,Autumn,Hill,Myotis ricketti
S1358,Autumn,Plain,Myotis ricketti
S1359,Autumn,Plain,Myotis ricketti
S1360,Autumn,Plain,Myotis ricketti
S1361,Autumn,Plain,Myotis ricketti
S1362,Autumn,Plain,Myotis ricketti
S1363,Autumn,Plain,Myotis ricketti
S1364,Autumn,Mountain,Myotis ricketti
S1365,Autumn,Mountain,Myotis ricketti
S1366,Autumn,Mountain,Myotis ricketti
S1367,Autumn,Mesa,Myotis ricketti
S1368,Autumn,Mesa,Myotis ricketti
S1369,Autumn,Mesa,Myotis ricketti
S1370,Autumn,Mesa,Myotis ricketti
S1371,Autumn,Hill,Myotis ricketti
S1372,Autumn,Plain,Myotis ricketti
S1373,Autumn,Plain,Myotis ricketti
S1374,Autumn,Plain,Myotis ricketti
S1375,Autumn,Plain,Myotis ricketti
S1376,Autumn,Plain,Myotis ricketti
S1377,Spring,Mesa,Hypsugo pulveratus
S1378,Summer,Mesa,Pipistrellus tenuis
S1379,Autumn,Plain,Hypsugo pulveratus
S1380,Autumn,Mesa,Hypsugo pulveratus
S1381,Autumn,Mesa,Hypsugo pulveratus
S1382,Autumn,Mesa,Pipistrellus abramus
S1383,Autumn,Mesa,Pipistrellus abramus
S1384,Autumn,Mesa,Pipistrellus abramus
S1385,Autumn,Mesa,Pipistrellus abramus
S1386,Autumn,Hill,Pipistrellus abramus
S1387,Autumn,Hill,Pipistrellus abramus
S1388,Autumn,Plain,Pipistrellus abramus
S1389,Autumn,Mesa,Eptesicus serotinus
S1390,Autumn,Hill,Eptesicus serotinus
S1391,Autumn,Hill,Eptesicus serotinus
S1392,Autumn,Mesa,Scotophilus heathii
S1393,Autumn,Plain,Murina huttoni
S1394,Winter,Mountain,Rhinolophus macrotis
S1395,Winter,Mountain,Rhinolophus macrotis
S1396,Winter,Mountain,Rhinolophus macrotis
S1397,Winter,Mountain,Rhinolophus macrotis
S1398,Winter,Mountain,Rhinolophus macrotis
S1399,Winter,Plain,Rhinolophus macrotis
S1400,Winter,Plain,Rhinolophus macrotis
S1401,Winter,Mountain,Rhinolophus luctus
S1402,Winter,Mountain,Rhinolophus luctus
S1403,Winter,Mountain,Rhinolophus pusillus
S1404,Winter,Mountain,Rhinolophus pusillus
S1405,Winter,Mountain,Rhinolophus pusillus
S1406,Winter,Mountain,Rhinolophus pusillus
S1407,Winter,Mountain,Rhinolophus pusillus
S1408,Winter,Mountain,Rhinolophus pusillus
S1409,Winter,Mountain,Rhinolophus pusillus
S1410,Winter,Mountain,Rhinolophus pusillus
S1411,Winter,Mountain,Rhinolophus pusillus
S1412,Winter,Mountain,Rhinolophus pusillus
S1413,Winter,Mountain,Rhinolophus pusillus
S1414,Winter,Mountain,Rhinolophus pusillus
S1415,Winter,Mountain,Rhinolophus pusillus
S1416,Winter,Mountain,Rhinolophus pusillus
S1417,Winter,Mountain,Rhinolophus pusillus
S1418,Winter,Mountain,Rhinolophus pusillus
S1419,Winter,Mountain,Rhinolophus pusillus
S1420,Winter,Mountain,Rhinolophus pusillus
S1421,Winter,Mountain,Rhinolophus pusillus
S1422,Winter,Mountain,Rhinolophus pusillus
S1423,Winter,Mountain,Rhinolophus pusillus
S1424,Winter,Mountain,Rhinolophus pusillus
S1425,Winter,Mountain,Rhinolophus pusillus
S1426,Winter,Mountain,Rhinolophus pusillus
S1427,Winter,Mountain,Rhinolophus pusillus
S1428,Winter,Mountain,Rhinolophus pusillus
S1429,Winter,Mountain,Rhinolophus pusillus
S1430,Winter,Mountain,Rhinolophus pusillus
S1431,Winter,Mountain,Rhinolophus pusillus
S1432,Winter,Mountain,Rhinolophus pusillus
S1433,Winter,Mountain,Rhinolophus pusillus
S1434,Winter,Mountain,Rhinolophus pusillus
S1435,Winter,Mountain,Rhinolophus pusillus
S1436,Winter,Mountain,Rhinolophus pusillus
S1437,Winter,Mountain,Rhinolophus pusillus
S1438,Winter,Mountain,Rhinolophus pusillus
S1439,Winter,Mountain,Rhinolophus pusillus
S1440,Winter,Mountain,Rhinolophus pusillus
S1441,Winter,Mountain,Rhinolophus pusillus
S1442,Winter,Mountain,Rhinolophus pusillus
S1443,Winter,Mountain,Rhinolophus pusillus
S1444,Winter,Mountain,Rhinolophus pusillus
S1445,Winter,Mountain,Rhinolophus pusillus
S1446,Winter,Mountain,Rhinolophus pusillus
S1447,Winter,Mountain,Rhinolophus pusillus
S1448,Winter,Mountain,Rhinolophus pusillus
S1449,Winter,Mountain,Rhinolophus pusillus
S1450,Winter,Mountain,Rhinolophus pusillus
S1451,Winter,Mountain,Rhinolophus pusillus
S1452,Winter,Mountain,Rhinolophus pusillus
S1453,Winter,Mountain,Rhinolophus pusillus
S1454,Winter,Mountain,Rhinolophus pusillus
S1455,Winter,Mountain,Rhinolophus pusillus
S1456,Winter,Mountain,Rhinolophus pusillus
S1457,Winter,Mountain,Rhinolophus pusillus
S1458,Winter,Mountain,Rhinolophus pusillus
S1459,Winter,Mountain,Rhinolophus pusillus
S1460,Winter,Mountain,Rhinolophus pusillus
S1461,Winter,Mountain,Rhinolophus pusillus
S1462,Winter,Mountain,Rhinolophus pusillus
S1463,Winter,Mountain,Rhinolophus pusillus
S1464,Winter,Mountain,Rhinolophus pusillus
S1465,Winter,Mountain,Rhinolophus pusillus
S1466,Winter,Mountain,Rhinolophus pusillus
S1467,Winter,Mountain,Rhinolophus pusillus
S1468,Winter,Mountain,Rhinolophus pusillus
S1469,Winter,Mountain,Rhinolophus pusillus
S1470,Winter,Mountain,Rhinolophus pusillus
S1471,Winter,Plain,Rhinolophus pusillus
S1472,Winter,Plain,Rhinolophus pusillus
S1473,Winter,Mountain,Rhinolophus pusillus
S1474,Winter,Hill,Rhinolophus pusillus
S1475,Winter,Hill,Rhinolophus pusillus
S1476,Winter,Hill,Rhinolophus pusillus
S1477,Winter,Hill,Rhinolophus pusillus
S1478,Winter,Mountain,Rhinolophus pusillus
S1479,Winter,Mountain,Rhinolophus pusillus
S1480,Winter,Mountain,Rhinolophus pusillus
S1481,Winter,Mountain,Rhinolophus pusillus
S1482,Winter,Mountain,Rhinolophus paradoxolophus
S1483,Winter,Mountain,Rhinolophus rex
S1484,Winter,Mountain,Rhinolophus rex
S1485,Winter,Mountain,Rhinolophus rex
S1486,Winter,Mountain,Rhinolophus rex
S1487,Winter,Mountain,Rhinolophus rex
S1488,Winter,Mountain,Rhinolophus malayanus
S1489,Winter,Mountain,Rhinolophus malayanus
S1490,Winter,Mountain,Rhinolophus malayanus
S1491,Winter,Mountain,Rhinolophus malayanus
S1492,Winter,Mountain,Rhinolophus malayanus
S1493,Winter,Mountain,Rhinolophus malayanus
S1494,Winter,Mountain,Rhinolophus pearsonii
S1495,Winter,Mountain,Rhinolophus pearsonii
S1496,Winter,Mountain,Rhinolophus pearsonii
S1497,Winter,Mountain,Rhinolophus pearsonii
S1498,Winter,Mountain,Rhinolophus pearsonii
S1499,Winter,Mountain,Rhinolophus pearsonii
S1500,Winter,Mountain,Rhinolophus pearsonii
S1501,Winter,Mountain,Rhinolophus pearsonii
S1502,Winter,Mountain,Rhinolophus pearsonii
S1503,Winter,Mountain,Rhinolophus pearsonii
S1504,Winter,Mountain,Rhinolophus pearsonii
S1505,Winter,Mountain,Rhinolophus pearsonii
S1506,Winter,Mountain,Rhinolophus pearsonii
S1507,Winter,Mountain,Rhinolophus pearsonii
S1508,Winter,Mountain,Rhinolophus pearsonii
S1509,Winter,Mountain,Rhinolophus pearsonii
S1510,Winter,Mountain,Rhinolophus pearsonii
S1511,Winter,Mountain,Rhinolophus pearsonii
S1512,Winter,Mountain,Rhinolophus pearsonii
S1513,Winter,Mountain,Rhinolophus pearsonii
S1514,Winter,Mountain,Rhinolophus pearsonii
S1515,Winter,Mountain,Rhinolophus pearsonii
S1516,Winter,Mountain,Rhinolophus pearsonii
S1517,Winter,Mountain,Rhinolophus pearsonii
S1518,Winter,Mountain,Rhinolophus pearsonii
S1519,Winter,Mountain,Rhinolophus pearsonii
S1520,Winter,Mountain,Rhinolophus pearsonii
S1521,Winter,Mountain,Rhinolophus pearsonii
S1522,Winter,Mountain,Rhinolophus pearsonii
S1523,Winter,Mountain,Rhinolophus pearsonii
S1524,Winter,Mountain,Rhinolophus pearsonii
S1525,Winter,Mountain,Rhinolophus pearsonii
S1526,Winter,Mountain,Rhinolophus pearsonii
S1527,Winter,Mountain,Rhinolophus pearsonii
S1528,Winter,Mountain,Rhinolophus pearsonii
S1529,Winter,Mountain,Rhinolophus pearsonii
S1530,Winter,Mountain,Rhinolophus pearsonii
S1531,Winter,Mountain,Rhinolophus pearsonii
S1532,Winter,Mountain,Rhinolophus pearsonii
S1533,Winter,Mountain,Rhinolophus pearsonii
S1534,Winter,Mountain,Rhinolophus pearsonii
S1535,Winter,Mountain,Rhinolophus pearsonii
S1536,Winter,Hill,Rhinolophus pearsonii
S1537,Winter,Hill,Rhinolophus pearsonii
S1538,Winter,Hill,Rhinolophus pearsonii
S1539,Winter,Hill,Rhinolophus pearsonii
S1540,Winter,Hill,Rhinolophus pearsonii
S1541,Winter,Mountain,Rhinolophus pearsonii
S1542,Winter,Mountain,Rhinolophus pearsonii
S1543,Winter,Mountain,Rhinolophus pearsonii
S1544,Winter,Mountain,Rhinolophus pearsonii
S1545,Winter,Mountain,Rhinolophus pearsonii
S1546,Winter,Mountain,Rhinolophus pearsonii
S1547,Winter,Mountain,Rhinolophus pearsonii
S1548,Winter,Mountain,Rhinolophus pearsonii
S1549,Winter,Mountain,Rhinolophus pearsonii
S1550,Winter,Mountain,Rhinolophus pearsonii
S1551,Winter,Mountain,Rhinolophus pearsonii
S1552,Winter,Mountain,Rhinolophus pearsonii
S1553,Winter,Mountain,Rhinolophus pearsonii
S1554,Winter,Mountain,Rhinolophus siamensis
S1555,Winter,Mountain,Rhinolophus siamensis
S1556,Winter,Mountain,Rhinolophus siamensis
S1557,Winter,Mountain,Rhinolophus siamensis
S1558,Winter,Mountain,Rhinolophus siamensis
S1559,Winter,Mountain,Rhinolophus sinicus
S1560,Winter,Mountain,Rhinolophus sinicus
S1561,Winter,Mountain,Rhinolophus sinicus
S1562,Winter,Mountain,Rhinolophus sinicus
S1563,Winter,Mountain,Rhinolophus sinicus
S1564,Winter,Mountain,Rhinolophus sinicus
S1565,Winter,Mountain,Rhinolophus sinicus
S1566,Winter,Mountain,Rhinolophus sinicus
S1567,Winter,Mountain,Rhinolophus sinicus
S1568,Winter,Mountain,Rhinolophus sinicus
S1569,Winter,Mountain,Rhinolophus sinicus
S1570,Winter,Mountain,Rhinolophus sinicus
S1571,Winter,Mountain,Rhinolophus sinicus
S1572,Winter,Mountain,Rhinolophus sinicus
S1573,Winter,Mountain,Rhinolophus sinicus
S1574,Winter,Mountain,Rhinolophus sinicus
S1575,Winter,Mountain,Rhinolophus sinicus
S1576,Winter,Mountain,Rhinolophus sinicus
S1577,Winter,Mountain,Rhinolophus sinicus
S1578,Winter,Mountain,Rhinolophus sinicus
S1579,Winter,Mountain,Rhinolophus sinicus
S1580,Winter,Mountain,Rhinolophus sinicus
S1581,Winter,Mountain,Rhinolophus sinicus
S1582,Winter,Mountain,Rhinolophus sinicus
S1583,Winter,Mountain,Rhinolophus sinicus
S1584,Winter,Mountain,Rhinolophus sinicus
S1585,Winter,Mountain,Rhinolophus sinicus
S1586,Winter,Mountain,Rhinolophus sinicus
S1587,Winter,Mountain,Rhinolophus sinicus
S1588,Winter,Mountain,Rhinolophus sinicus
S1589,Winter,Mountain,Rhinolophus sinicus
S1590,Winter,Mountain,Rhinolophus sinicus
S1591,Winter,Mountain,Rhinolophus sinicus
S1592,Winter,Mountain,Rhinolophus sinicus
S1593,Winter,Mountain,Rhinolophus sinicus
S1594,Winter,Mountain,Rhinolophus sinicus
S1595,Winter,Mountain,Rhinolophus sinicus
S1596,Winter,Mountain,Rhinolophus sinicus
S1597,Winter,Mountain,Rhinolophus sinicus
S1598,Winter,Mountain,Rhinolophus sinicus
S1599,Winter,Mountain,Rhinolophus sinicus
S1600,Winter,Mountain,Rhinolophus sinicus
S1601,Winter,Mountain,Rhinolophus sinicus
S1602,Winter,Mountain,Rhinolophus sinicus
S1603,Winter,Mountain,Rhinolophus sinicus
S1604,Winter,Mountain,Rhinolophus sinicus
S1605,Winter,Mountain,Rhinolophus sinicus
S1606,Winter,Mountain,Rhinolophus sinicus
S1607,Winter,Mountain,Rhinolophus sinicus
S1608,Winter,Mountain,Rhinolophus sinicus
S1609,Winter,Mountain,Rhinolophus sinicus
S1610,Winter,Mountain,Rhinolophus sinicus
S1611,Winter,Mountain,Rhinolophus sinicus
S1612,Winter,Mountain,Rhinolophus sinicus
S1613,Winter,Mountain,Rhinolophus sinicus
S1614,Winter,Mountain,Rhinolophus sinicus
S1615,Winter,Mountain,Rhinolophus sinicus
S1616,Winter,Mountain,Rhinolophus sinicus
S1617,Winter,Mountain,Rhinolophus sinicus
S1618,Winter,Mountain,Rhinolophus sinicus
S1619,Winter,Mountain,Rhinolophus sinicus
S1620,Winter,Mountain,Rhinolophus sinicus
S1621,Winter,Mountain,Rhinolophus sinicus
S1622,Winter,Mountain,Rhinolophus sinicus
S1623,Winter,Mountain,Rhinolophus sinicus
S1624,Winter,Mountain,Rhinolophus sinicus
S1625,Winter,Mountain,Rhinolophus sinicus
S1626,Winter,Mountain,Rhinolophus sinicus
S1627,Winter,Mountain,Rhinolophus sinicus
S1628,Winter,Mountain,Rhinolophus sinicus
S1629,Winter,Mountain,Rhinolophus sinicus
S1630,Winter,Mountain,Rhinolophus sinicus
S1631,Winter,Mountain,Rhinolophus sinicus
S1632,Winter,Mountain,Rhinolophus sinicus
S1633,Winter,Mountain,Rhinolophus sinicus
S1634,Winter,Mountain,Rhinolophus sinicus
S1635,Winter,Mountain,Rhinolophus sinicus
S1636,Winter,Mountain,Rhinolophus sinicus
S1637,Winter,Mountain,Rhinolophus sinicus
S1638,Winter,Mountain,Rhinolophus sinicus
S1639,Winter,Mountain,Rhinolophus sinicus
S1640,Winter,Mountain,Rhinolophus sinicus
S1641,Winter,Mountain,Rhinolophus sinicus
S1642,Winter,Mountain,Rhinolophus sinicus
S1643,Winter,Mountain,Rhinolophus sinicus
S1644,Winter,Mountain,Rhinolophus sinicus
S1645,Winter,Mountain,Rhinolophus sinicus
S1646,Winter,Mountain,Rhinolophus sinicus
S1647,Winter,Mountain,Rhinolophus sinicus
S1648,Winter,Mountain,Rhinolophus sinicus
S1649,Winter,Mountain,Rhinolophus sinicus
S1650,Winter,Mountain,Rhinolophus sinicus
S1651,Winter,Mountain,Rhinolophus sinicus
S1652,Winter,Mountain,Rhinolophus sinicus
S1653,Winter,Mountain,Rhinolophus sinicus
S1654,Winter,Mountain,Rhinolophus sinicus
S1655,Winter,Mountain,Rhinolophus sinicus
S1656,Winter,Mountain,Rhinolophus sinicus
S1657,Winter,Mountain,Rhinolophus sinicus
S1658,Winter,Mountain,Rhinolophus sinicus
S1659,Winter,Mountain,Rhinolophus sinicus
S1660,Winter,Mountain,Rhinolophus sinicus
S1661,Winter,Mountain,Rhinolophus sinicus
S1662,Winter,Mountain,Rhinolophus sinicus
S1663,Winter,Mountain,Rhinolophus sinicus
S1664,Winter,Mountain,Rhinolophus sinicus
S1665,Winter,Mountain,Rhinolophus sinicus
S1666,Winter,Mountain,Rhinolophus sinicus
S1667,Winter,Mountain,Rhinolophus sinicus
S1668,Winter,Mountain,Rhinolophus sinicus
S1669,Winter,Mountain,Rhinolophus sinicus
S1670,Winter,Mountain,Rhinolophus sinicus
S1671,Winter,Mountain,Rhinolophus sinicus
S1672,Winter,Mountain,Rhinolophus sinicus
S1673,Winter,Mountain,Rhinolophus sinicus
S1674,Winter,Mountain,Rhinolophus sinicus
S1675,Winter,Mountain,Rhinolophus sinicus
S1676,Winter,Mountain,Rhinolophus sinicus
S1677,Winter,Mountain,Rhinolophus sinicus
S1678,Winter,Mountain,Rhinolophus sinicus
S1679,Winter,Mountain,Rhinolophus sinicus
S1680,Winter,Mountain,Rhinolophus sinicus
S1681,Winter,Mountain,Rhinolophus sinicus
S1682,Winter,Mountain,Rhinolophus sinicus
S1683,Winter,Mountain,Rhinolophus sinicus
S1684,Winter,Mountain,Rhinolophus sinicus
S1685,Winter,Mountain,Rhinolophus sinicus
S1686,Winter,Mountain,Rhinolophus sinicus
S1687,Winter,Mountain,Rhinolophus sinicus
S1688,Winter,Mountain,Rhinolophus sinicus
S1689,Winter,Mountain,Rhinolophus sinicus
S1690,Winter,Mountain,Rhinolophus sinicus
S1691,Winter,Mountain,Rhinolophus sinicus
S1692,Winter,Mountain,Rhinolophus sinicus
S1693,Winter,Mountain,Rhinolophus sinicus
S1694,Winter,Mountain,Rhinolophus sinicus
S1695,Winter,Mountain,Rhinolophus sinicus
S1696,Winter,Mountain,Rhinolophus sinicus
S1697,Winter,Mountain,Rhinolophus sinicus
S1698,Winter,Mountain,Rhinolophus sinicus
S1699,Winter,Mountain,Rhinolophus sinicus
S1700,Winter,Mountain,Rhinolophus sinicus
S1701,Winter,Mountain,Rhinolophus sinicus
S1702,Winter,Mountain,Rhinolophus sinicus
S1703,Winter,Mountain,Rhinolophus sinicus
S1704,Winter,Mountain,Rhinolophus sinicus
S1705,Winter,Mountain,Rhinolophus sinicus
S1706,Winter,Mountain,Rhinolophus sinicus
S1707,Winter,Mountain,Rhinolophus sinicus
S1708,Winter,Mountain,Rhinolophus sinicus
S1709,Winter,Mountain,Rhinolophus sinicus
S1710,Winter,Mountain,Rhinolophus sinicus
S1711,Winter,Mountain,Rhinolophus sinicus
S1712,Winter,Mountain,Rhinolophus sinicus
S1713,Winter,Mountain,Rhinolophus sinicus
S1714,Winter,Mountain,Rhinolophus sinicus
S1715,Winter,Mountain,Rhinolophus sinicus
S1716,Winter,Mountain,Rhinolophus sinicus
S1717,Winter,Mountain,Rhinolophus sinicus
S1718,Winter,Mountain,Rhinolophus sinicus
S1719,Winter,Mountain,Rhinolophus sinicus
S1720,Winter,Mountain,Rhinolophus sinicus
S1721,Winter,Mountain,Rhinolophus sinicus
S1722,Winter,Mountain,Rhinolophus sinicus
S1723,Winter,Mountain,Rhinolophus sinicus
S1724,Winter,Mountain,Rhinolophus sinicus
S1725,Winter,Mountain,Rhinolophus sinicus
S1726,Winter,Mountain,Rhinolophus sinicus
S1727,Winter,Mountain,Rhinolophus sinicus
S1728,Winter,Mountain,Rhinolophus sinicus
S1729,Winter,Mountain,Rhinolophus sinicus
S1730,Winter,Mountain,Rhinolophus sinicus
S1731,Winter,Mountain,Rhinolophus affinis
S1732,Winter,Mountain,Rhinolophus affinis
S1733,Winter,Mountain,Rhinolophus affinis
S1734,Winter,Mountain,Rhinolophus affinis
S1735,Winter,Mountain,Rhinolophus affinis
S1736,Winter,Mountain,Rhinolophus affinis
S1737,Winter,Mountain,Rhinolophus affinis
S1738,Winter,Mountain,Rhinolophus affinis
S1739,Winter,Mountain,Rhinolophus affinis
S1740,Winter,Mountain,Rhinolophus affinis
S1741,Winter,Mountain,Rhinolophus affinis
S1742,Winter,Mountain,Rhinolophus affinis
S1743,Winter,Mountain,Rhinolophus affinis
S1744,Winter,Mountain,Rhinolophus affinis
S1745,Winter,Mountain,Rhinolophus affinis
S1746,Winter,Mountain,Rhinolophus affinis
S1747,Winter,Mountain,Rhinolophus affinis
S1748,Winter,Mountain,Rhinolophus affinis
S1749,Winter,Mountain,Rhinolophus affinis
S1750,Winter,Mountain,Rhinolophus affinis
S1751,Winter,Mountain,Rhinolophus affinis
S1752,Winter,Mountain,Rhinolophus affinis
S1753,Winter,Mountain,Rhinolophus affinis
S1754,Winter,Mountain,Rhinolophus affinis
S1755,Winter,Mountain,Rhinolophus affinis
S1756,Winter,Mountain,Rhinolophus affinis
S1757,Winter,Mountain,Rhinolophus affinis
S1758,Winter,Mountain,Rhinolophus affinis
S1759,Winter,Mountain,Rhinolophus affinis
S1760,Winter,Mountain,Rhinolophus affinis
S1761,Winter,Mountain,Rhinolophus affinis
S1762,Winter,Mountain,Rhinolophus affinis
S1763,Winter,Mountain,Rhinolophus affinis
S1764,Winter,Mountain,Rhinolophus affinis
S1765,Winter,Mountain,Rhinolophus affinis
S1766,Winter,Mountain,Rhinolophus affinis
S1767,Winter,Mountain,Rhinolophus affinis
S1768,Winter,Mountain,Rhinolophus affinis
S1769,Winter,Mountain,Rhinolophus affinis
S1770,Winter,Mountain,Rhinolophus affinis
S1771,Winter,Mountain,Aselliscus stoliczkanus
S1772,Winter,Mountain,Hipposideros cineraceus
S1773,Winter,Mountain,Hipposideros cineraceus
S1774,Winter,Mountain,Hipposideros armiger
S1775,Winter,Mountain,Hipposideros armiger
S1776,Winter,Mountain,Hipposideros armiger
S1777,Winter,Mountain,Aselliscus stoliczkanus
S1778,Winter,Mountain,Aselliscus stoliczkanus
S1779,Winter,Mountain,Aselliscus stoliczkanus
S1780,Winter,Mountain,Rhinolophus affinis
S1781,Winter,Mountain,Rhinolophus pusillus
S1782,Winter,Mountain,Rhinolophus pusillus
S1783,Winter,Plain,Rhinolophus pusillus
S1784,Winter,Mountain,Rhinolophus pusillus
S1785,Winter,Mountain,Rhinolophus pusillus
S1786,Winter,Mountain,Rhinolophus pusillus
S1787,Winter,Mountain,Rhinolophus pusillus
S1788,Winter,Mountain,Rhinolophus pusillus
S1789,Winter,Mountain,Rhinolophus pusillus
S1790,Winter,Mountain,Rhinolophus pusillus
S1791,Winter,Mountain,Rhinolophus pusillus
S1792,Winter,Mountain,Rhinolophus pusillus
S1793,Winter,Mountain,Rhinolophus pusillus
S1794,Winter,Mountain,Rhinolophus sinicus
S1795,Winter,Mountain,Rhinolophus sinicus
S1796,Winter,Mountain,Rhinolophus sinicus
S1797,Winter,Mountain,Rhinolophus sinicus
S1798,Winter,Mountain,Rhinolophus sinicus
S1799,Winter,Mountain,Rhinolophus sinicus
S1800,Winter,Mountain,Rhinolophus sinicus
S1801,Winter,Mountain,Rhinolophus sinicus
S1802,Winter,Mountain,Rhinolophus sinicus
S1803,Winter,Mountain,Rhinolophus sinicus
S1804,Winter,Mountain,Rhinolophus sinicus
S1805,Winter,Mountain,Rhinolophus sinicus
S1806,Winter,Mountain,Rhinolophus sinicus
S1807,Winter,Mountain,Rhinolophus sinicus
S1808,Winter,Mountain,Rhinolophus sinicus
S1809,Winter,Mountain,Rhinolophus sinicus
S1810,Winter,Mountain,Rhinolophus sinicus
S1811,Winter,Mountain,Rhinolophus sinicus
S1812,Winter,Mountain,Rhinolophus sinicus
S1813,Winter,Mountain,Rhinolophus sinicus
S1814,Winter,Mountain,Rhinolophus sinicus
S1815,Winter,Mountain,Rhinolophus sinicus
S1816,Winter,Mountain,Rhinolophus sinicus
S1817,Winter,Mountain,Rhinolophus sinicus
S1818,Winter,Mountain,Rhinolophus sinicus
S1819,Winter,Mountain,Rhinolophus sinicus
S1820,Winter,Mountain,Rhinolophus sinicus
S1821,Winter,Mountain,Rhinolophus sinicus
S1822,Winter,Mountain,Rhinolophus sinicus
S1823,Winter,Mountain,Rhinolophus sinicus
S1824,Winter,Mountain,Rhinolophus sinicus
S1825,Winter,Mountain,Rhinolophus sinicus
S1826,Winter,Mountain,Rhinolophus sinicus
S1827,Winter,Mountain,Rhinolophus sinicus
S1828,Winter,Mountain,Rhinolophus sinicus
S1829,Winter,Mountain,Rhinolophus sinicus
S1830,Winter,Mountain,Rhinolophus sinicus
S1831,Winter,Mountain,Rhinolophus sinicus
S1832,Winter,Mountain,Rhinolophus sinicus
S1833,Winter,Mountain,Rhinolophus sinicus
S1834,Winter,Mountain,Rhinolophus sinicus
S1835,Winter,Mountain,Rhinolophus sinicus
S1836,Winter,Mountain,Rhinolophus sinicus
S1837,Winter,Mountain,Rhinolophus sinicus
S1838,Winter,Mountain,Rhinolophus sinicus
S1839,Winter,Mountain,Rhinolophus sinicus
S1840,Winter,Mountain,Rhinolophus sinicus
S1841,Winter,Mountain,Rhinolophus sinicus
S1842,Winter,Mountain,Rhinolophus sinicus
S1843,Winter,Mountain,Rhinolophus sinicus
S1844,Winter,Mountain,Rhinolophus sinicus
S1845,Winter,Mountain,Rhinolophus sinicus
S1846,Winter,Mountain,Rhinolophus sinicus
S1847,Winter,Mountain,Rhinolophus sinicus
S1848,Winter,Mountain,Rhinolophus sinicus
S1849,Winter,Mountain,Rhinolophus sinicus
S1850,Winter,Mountain,Rhinolophus sinicus
S1851,Winter,Mountain,Rhinolophus sinicus
S1852,Winter,Mountain,Rhinolophus sinicus
S1853,Winter,Mountain,Rhinolophus sinicus
S1854,Winter,Mountain,Rhinolophus sinicus
S1855,Winter,Mountain,Rhinolophus sinicus
S1856,Winter,Mountain,Rhinolophus sinicus
S1857,Winter,Mountain,Rhinolophus sinicus
S1858,Winter,Mountain,Rhinolophus sinicus
S1859,Winter,Mountain,Rhinolophus sinicus
S1860,Winter,Mountain,Rhinolophus sinicus
S1861,Winter,Mountain,Rhinolophus sinicus
S1862,Winter,Mountain,Rhinolophus sinicus
S1863,Winter,Mountain,Rhinolophus sinicus
S1864,Winter,Mountain,Rhinolophus affinis
S1865,Winter,Mountain,Rhinolophus affinis
S1866,Winter,Mountain,Rhinolophus affinis
S1867,Winter,Mountain,Rhinolophus affinis
S1868,Winter,Mountain,Rhinolophus affinis
S1869,Winter,Mountain,Rhinolophus affinis
S1870,Winter,Mountain,Rhinolophus affinis
S1871,Winter,Mountain,Rhinolophus affinis
S1872,Winter,Mountain,Rhinolophus affinis
S1873,Winter,Mountain,Rhinolophus affinis
S1874,Winter,Mountain,Rhinolophus affinis
S1875,Winter,Mountain,Rhinolophus affinis
S1876,Winter,Mountain,Rhinolophus affinis
S1877,Winter,Mountain,Rhinolophus affinis
S1878,Winter,Mountain,Rhinolophus affinis
S1879,Winter,Mountain,Rhinolophus affinis
S1880,Winter,Mountain,Rhinolophus affinis
S1881,Winter,Mountain,Rhinolophus affinis
S1882,Winter,Mountain,Rhinolophus affinis
S1883,Winter,Mountain,Rhinolophus affinis
S1884,Winter,Mountain,Rhinolophus affinis
S1885,Winter,Mountain,Rhinolophus affinis
S1886,Winter,Mountain,Rhinolophus affinis
S1887,Winter,Mountain,Rhinolophus affinis
S1888,Winter,Mountain,Rhinolophus affinis
S1889,Winter,Mountain,Rhinolophus affinis
S1890,Winter,Mountain,Rhinolophus affinis
S1891,Winter,Mountain,Rhinolophus affinis
S1892,Winter,Mountain,Rhinolophus affinis
S1893,Winter,Mountain,Rhinolophus affinis
S1894,Winter,Mountain,Rhinolophus affinis
S1895,Winter,Mountain,Rhinolophus affinis
S1896,Winter,Mountain,Rhinolophus affinis
S1897,Winter,Mountain,Rhinolophus affinis
S1898,Winter,Mountain,Rhinolophus affinis
S1899,Winter,Mountain,Rhinolophus affinis
S1900,Winter,Mountain,Rhinolophus affinis
S1901,Winter,Mountain,Rhinolophus affinis
S1902,Winter,Mountain,Rhinolophus affinis
S1903,Winter,Mountain,Rhinolophus affinis
S1904,Winter,Mountain,Rhinolophus affinis
S1905,Winter,Mountain,Rhinolophus affinis
S1906,Winter,Mountain,Rhinolophus affinis
S1907,Winter,Mountain,Rhinolophus affinis
S1908,Winter,Mountain,Rhinolophus affinis
S1909,Winter,Mountain,Rhinolophus affinis
S1910,Winter,Mountain,Rhinolophus affinis
S1911,Winter,Mountain,Rhinolophus affinis
S1912,Winter,Mountain,Rhinolophus pearsonii
S1913,Winter,Mountain,Rhinolophus pearsonii
S1914,Winter,Mountain,Rhinolophus pearsonii
S1915,Winter,Mountain,Rhinolophus pearsonii
S1916,Winter,Mountain,Rhinolophus pearsonii
S1917,Winter,Mountain,Rhinolophus pearsonii
S1918,Winter,Mountain,Rhinolophus pearsonii
S1919,Winter,Mountain,Rhinolophus pearsonii
S1920,Winter,Hill,Rhinolophus pearsonii
S1921,Winter,Hill,Rhinolophus pearsonii
S1922,Winter,Hill,Rhinolophus pearsonii
S1923,Winter,Hill,Rhinolophus pearsonii
S1924,Winter,Mountain,Rhinolophus pearsonii
S1925,Winter,Mountain,Rhinolophus pearsonii
S1926,Winter,Plain,Rhinolophus pearsonii
S1927,Winter,Plain,Rhinolophus pearsonii
S1928,Winter,Mountain,Rhinolophus pearsonii
S1929,Spring,Hill,Rhinolophus pearsonii
S1930,Spring,Hill,Rhinolophus pearsonii
S1931,Winter,Mountain,Rhinolophus pusillus
S1932,Winter,Mountain,Rhinolophus pusillus
S1933,Winter,Mountain,Rhinolophus pusillus
S1934,Winter,Mountain,Rhinolophus pusillus
S1935,Winter,Mountain,Rhinolophus pusillus
S1936,Winter,Mountain,Rhinolophus pusillus
S1937,Winter,Mountain,Rhinolophus pusillus
S1938,Winter,Mountain,Rhinolophus pusillus
S1939,Winter,Mountain,Rhinolophus pusillus
S1940,Winter,Mountain,Rhinolophus pusillus
S1941,Winter,Plain,Rhinolophus pusillus
S1942,Winter,Plain,Rhinolophus pusillus
S1943,Spring,Hill,Rhinolophus pusillus
S1944,Spring,Hill,Rhinolophus pusillus
S1945,Spring,Hill,Rhinolophus pusillus
S1946,Winter,Mountain,Rhinolophus rex
S1947,Winter,Mountain,Rhinolophus rex
S1948,Winter,Plain,Rhinolophus rex
S1949,Winter,Mountain,Rhinolophus siamensis
S1950,Winter,Plain,Rhinolophus siamensis
S1951,Winter,Mountain,Myotis lucifugus
S1952,Summer,Mountain,Rhinolophus pusillus
S1953,Summer,Mountain,Rhinolophus pearsonii
S1954,Summer,Mountain,Rhinolophus pearsonii
S1955,Summer,Mountain,Rhinolophus pearsonii
S1956,Summer,Mountain,Rhinolophus pearsonii
S1957,Summer,Mountain,Rhinolophus pearsonii
S1958,Summer,Mountain,Rhinolophus pearsonii
S1959,Summer,Mountain,Rhinolophus pearsonii
S1960,Summer,Mountain,Rhinolophus pearsonii
S1961,Summer,Mountain,Rhinolophus pearsonii
S1962,Summer,Mountain,Rhinolophus pearsonii
S1963,Summer,Mountain,Rhinolophus pearsonii
S1964,Summer,Mountain,Rhinolophus pearsonii
S1965,Summer,Mountain,Rhinolophus pearsonii
S1966,Summer,Mountain,Rhinolophus pearsonii
S1967,Summer,Mountain,Rhinolophus pearsonii
S1968,Summer,Mountain,Rhinolophus pearsonii
S1969,Summer,Mountain,Rhinolophus pearsonii
S1970,Summer,Mountain,Rhinolophus pearsonii
S1971,Summer,Mountain,Rhinolophus pearsonii
S1972,Summer,Hill,Rhinolophus pearsonii
S1973,Summer,Hill,Rhinolophus pearsonii
S1974,Summer,Hill,Rhinolophus pearsonii
S1975,Summer,Hill,Rhinolophus pearsonii
S1976,Summer,Mountain,Rhinolophus sinicus
S1977,Summer,Mountain,Rhinolophus sinicus
S1978,Summer,Mountain,Rhinolophus sinicus
S1979,Summer,Mountain,Rhinolophus sinicus
S1980,Summer,Mountain,Rhinolophus sinicus
S1981,Summer,Mountain,Rhinolophus sinicus
S1982,Summer,Mountain,Rhinolophus sinicus
S1983,Summer,Mountain,Rhinolophus sinicus
S1984,Summer,Mountain,Rhinolophus sinicus
S1985,Summer,Mountain,Rhinolophus sinicus
S1986,Summer,Mountain,Rhinolophus sinicus
S1987,Summer,Mountain,Rhinolophus sinicus
S1988,Summer,Mountain,Rhinolophus sinicus
S1989,Summer,Mountain,Rhinolophus sinicus
S1990,Summer,Mountain,Rhinolophus sinicus
S1991,Summer,Mountain,Rhinolophus sinicus
S1992,Summer,Mountain,Rhinolophus sinicus
S1993,Summer,Mountain,Rhinolophus sinicus
S1994,Summer,Mountain,Rhinolophus sinicus
S1995,Summer,Mountain,Rhinolophus sinicus
S1996,Summer,Mountain,Rhinolophus sinicus
S1997,Summer,Mountain,Rhinolophus sinicus
S1998,Summer,Mountain,Rhinolophus sinicus
S1999,Summer,Mountain,Rhinolophus sinicus
S2000,Summer,Mountain,Rhinolophus sinicus
S2001,Summer,Mountain,Rhinolophus sinicus
S2002,Summer,Mountain,Rhinolophus sinicus
S2003,Summer,Mountain,Rhinolophus sinicus
S2004,Summer,Mountain,Rhinolophus sinicus
S2005,Summer,Mountain,Rhinolophus sinicus
S2006,Summer,Mountain,Rhinolophus sinicus
S2007,Summer,Mountain,Rhinolophus sinicus
S2008,Summer,Mountain,Rhinolophus sinicus
S2009,Summer,Mountain,Rhinolophus sinicus
S2010,Summer,Mountain,Rhinolophus sinicus
S2011,Summer,Mountain,Rhinolophus sinicus
S2012,Autumn,Mountain,Rhinolophus pusillus
S2013,Autumn,Mountain,Rhinolophus pusillus
S2014,Autumn,Mountain,Rhinolophus pusillus
S2015,Autumn,Mountain,Rhinolophus pusillus
S2016,Autumn,Mountain,Rhinolophus pusillus
S2017,Autumn,Mountain,Rhinolophus pusillus
S2018,Autumn,Mountain,Rhinolophus pusillus
S2019,Autumn,Mountain,Rhinolophus pusillus
S2020,Autumn,Mountain,Rhinolophus pusillus
S2021,Autumn,Mountain,Rhinolophus pusillus
S2022,Autumn,Mountain,Rhinolophus pusillus
S2023,Autumn,Mountain,Rhinolophus pusillus
S2024,Autumn,Mountain,Rhinolophus pusillus
S2025,Autumn,Mountain,Rhinolophus pusillus
S2026,Autumn,Mountain,Rhinolophus pusillus
S2027,Autumn,Mountain,Rhinolophus pusillus
S2028,Autumn,Mountain,Rhinolophus pusillus
S2029,Autumn,Mountain,Rhinolophus pusillus
S2030,Autumn,Mountain,Rhinolophus pusillus
S2031,Autumn,Mountain,Rhinolophus pusillus
S2032,Autumn,Mountain,Rhinolophus pusillus
S2033,Autumn,Mountain,Rhinolophus pusillus
S2034,Autumn,Mountain,Rhinolophus pusillus
S2035,Autumn,Mountain,Rhinolophus pusillus
S2036,Autumn,Mountain,Rhinolophus pusillus
S2037,Autumn,Mountain,Rhinolophus pusillus
S2038,Autumn,Mountain,Rhinolophus pusillus
S2039,Autumn,Mountain,Rhinolophus pusillus
S2040,Autumn,Mountain,Rhinolophus pusillus
S2041,Autumn,Mountain,Rhinolophus pusillus
S2042,Autumn,Mountain,Rhinolophus pusillus
S2043,Autumn,Mountain,Rhinolophus pusillus
S2044,Autumn,Mountain,Rhinolophus pusillus
S2045,Autumn,Mountain,Rhinolophus pusillus
S2046,Autumn,Mountain,Rhinolophus pusillus
S2047,Autumn,Mountain,Rhinolophus pusillus
S2048,Autumn,Mountain,Rhinolophus pusillus
S2049,Autumn,Mountain,Rhinolophus pusillus
S2050,Autumn,Mountain,Rhinolophus pusillus
S2051,Autumn,Mountain,Rhinolophus pusillus
S2052,Autumn,Mountain,Rhinolophus pusillus
S2053,Autumn,Mountain,Rhinolophus pusillus
S2054,Autumn,Mountain,Rhinolophus pusillus
S2055,Autumn,Mountain,Rhinolophus pusillus
S2056,Autumn,Mountain,Rhinolophus pusillus
S2057,Autumn,Mountain,Rhinolophus pusillus
S2058,Autumn,Mountain,Rhinolophus pusillus
S2059,Autumn,Mountain,Rhinolophus pusillus
S2060,Autumn,Mountain,Rhinolophus pusillus
S2061,Autumn,Mountain,Rhinolophus pusillus
S2062,Autumn,Mountain,Rhinolophus pusillus
S2063,Autumn,Mountain,Rhinolophus pusillus
S2064,Autumn,Mountain,Rhinolophus pusillus
S2065,Autumn,Mountain,Rhinolophus pusillus
S2066,Autumn,Mountain,Rhinolophus pusillus
S2067,Autumn,Mountain,Rhinolophus pusillus
S2068,Autumn,Mountain,Rhinolophus pusillus
S2069,Autumn,Mountain,Rhinolophus pusillus
S2070,Autumn,Mountain,Rhinolophus pusillus
S2071,Autumn,Mountain,Rhinolophus pusillus
S2072,Autumn,Mountain,Rhinolophus pusillus
S2073,Autumn,Mountain,Rhinolophus pusillus
S2074,Autumn,Mountain,Rhinolophus pusillus
S2075,Autumn,Mountain,Rhinolophus pusillus
S2076,Autumn,Mountain,Rhinolophus pusillus
S2077,Autumn,Mountain,Rhinolophus pusillus
S2078,Autumn,Mountain,Rhinolophus pusillus
S2079,Autumn,Mountain,Rhinolophus pusillus
S2080,Autumn,Mountain,Rhinolophus pusillus
S2081,Autumn,Mountain,Rhinolophus pusillus
S2082,Autumn,Mountain,Rhinolophus pusillus
S2083,Autumn,Mountain,Rhinolophus pusillus
S2084,Autumn,Mountain,Rhinolophus pusillus
S2085,Autumn,Mountain,Rhinolophus pusillus
S2086,Autumn,Mountain,Rhinolophus pusillus
S2087,Autumn,Mountain,Rhinolophus pusillus
S2088,Autumn,Mountain,Rhinolophus pusillus
S2089,Autumn,Mountain,Rhinolophus pusillus
S2090,Autumn,Mountain,Rhinolophus pusillus
S2091,Autumn,Mountain,Rhinolophus pusillus
S2092,Autumn,Mountain,Rhinolophus pusillus
S2093,Autumn,Mountain,Rhinolophus pusillus
S2094,Autumn,Mountain,Rhinolophus pusillus
S2095,Autumn,Mountain,Rhinolophus pusillus
S2096,Autumn,Mountain,Rhinolophus pusillus
S2097,Autumn,Mountain,Rhinolophus pusillus
S2098,Autumn,Mountain,Rhinolophus pusillus
S2099,Autumn,Mountain,Rhinolophus pusillus
S2100,Autumn,Mountain,Rhinolophus pusillus
S2101,Autumn,Mountain,Rhinolophus pusillus
S2102,Autumn,Mountain,Rhinolophus pusillus
S2103,Autumn,Mountain,Rhinolophus pusillus
S2104,Autumn,Mountain,Rhinolophus pusillus
S2105,Autumn,Mountain,Rhinolophus pusillus
S2106,Autumn,Mountain,Rhinolophus pusillus
S2107,Autumn,Mountain,Rhinolophus pusillus
S2108,Autumn,Mountain,Rhinolophus pusillus
S2109,Autumn,Mountain,Rhinolophus pusillus
S2110,Autumn,Mountain,Rhinolophus pusillus
S2111,Autumn,Mountain,Rhinolophus pusillus
S2112,Autumn,Mountain,Rhinolophus pusillus
S2113,Autumn,Mountain,Rhinolophus pusillus
S2114,Autumn,Mountain,Rhinolophus pusillus
S2115,Autumn,Mountain,Rhinolophus pusillus
S2116,Autumn,Mountain,Rhinolophus pusillus
S2117,Autumn,Mountain,Rhinolophus pusillus
S2118,Autumn,Mountain,Rhinolophus pusillus
S2119,Autumn,Mountain,Rhinolophus pusillus
S2120,Autumn,Mountain,Rhinolophus pusillus
S2121,Autumn,Mountain,Rhinolophus pusillus
S2122,Autumn,Mountain,Rhinolophus pusillus
S2123,Autumn,Mountain,Rhinolophus pusillus
S2124,Autumn,Mountain,Rhinolophus pusillus
S2125,Autumn,Mountain,Rhinolophus pusillus
S2126,Autumn,Mountain,Rhinolophus pusillus
S2127,Autumn,Mountain,Rhinolophus pusillus
S2128,Autumn,Mountain,Rhinolophus pusillus
S2129,Autumn,Mountain,Rhinolophus pusillus
S2130,Autumn,Mountain,Rhinolophus pusillus
S2131,Autumn,Mountain,Rhinolophus pusillus
S2132,Autumn,Mountain,Rhinolophus pusillus
S2133,Autumn,Mountain,Rhinolophus pusillus
S2134,Autumn,Mountain,Rhinolophus pusillus
S2135,Autumn,Mountain,Rhinolophus pusillus
S2136,Autumn,Mountain,Rhinolophus pusillus
S2137,Autumn,Mountain,Rhinolophus pusillus
S2138,Autumn,Mountain,Rhinolophus pusillus
S2139,Autumn,Mountain,Rhinolophus pusillus
S2140,Autumn,Mountain,Rhinolophus pusillus
S2141,Autumn,Mountain,Rhinolophus pusillus
S2142,Autumn,Mountain,Rhinolophus pusillus
S2143,Autumn,Mountain,Rhinolophus pusillus
S2144,Autumn,Mountain,Rhinolophus pusillus
S2145,Autumn,Mountain,Rhinolophus pusillus
S2146,Autumn,Mountain,Rhinolophus pusillus
S2147,Autumn,Mountain,Rhinolophus pusillus
S2148,Autumn,Mountain,Rhinolophus pusillus
S2149,Autumn,Mountain,Rhinolophus pusillus
S2150,Autumn,Mountain,Rhinolophus pusillus
S2151,Autumn,Mountain,Rhinolophus pusillus
S2152,Autumn,Mountain,Rhinolophus pusillus
S2153,Autumn,Mountain,Rhinolophus pusillus
S2154,Autumn,Mountain,Rhinolophus pusillus
S2155,Autumn,Mountain,Rhinolophus pusillus
S2156,Autumn,Mountain,Rhinolophus pusillus
S2157,Autumn,Mountain,Rhinolophus pusillus
S2158,Autumn,Mountain,Rhinolophus pusillus
S2159,Autumn,Mountain,Rhinolophus pusillus
S2160,Autumn,Mountain,Rhinolophus pusillus
S2161,Autumn,Mountain,Rhinolophus pusillus
S2162,Autumn,Plain,Rhinolophus pusillus
S2163,Autumn,Plain,Rhinolophus pusillus
S2164,Autumn,Plain,Rhinolophus pusillus
S2165,Autumn,Plain,Rhinolophus pusillus
S2166,Autumn,Plain,Rhinolophus pusillus
S2167,Autumn,Mountain,Rhinolophus pusillus
S2168,Autumn,Mountain,Rhinolophus pusillus
S2169,Autumn,Mountain,Rhinolophus pusillus
S2170,Autumn,Mountain,Rhinolophus pusillus
S2171,Autumn,Mountain,Rhinolophus pusillus
S2172,Autumn,Mountain,Rhinolophus pusillus
S2173,Autumn,Mountain,Rhinolophus pusillus
S2174,Autumn,Mountain,Rhinolophus pusillus
S2175,Autumn,Mountain,Rhinolophus pusillus
S2176,Autumn,Mountain,Rhinolophus pusillus
S2177,Autumn,Mountain,Rhinolophus pusillus
S2178,Autumn,Mountain,Rhinolophus pusillus
S2179,Autumn,Mountain,Rhinolophus pusillus
S2180,Autumn,Mountain,Rhinolophus pusillus
S2181,Autumn,Mountain,Rhinolophus pusillus
S2182,Autumn,Mountain,Rhinolophus pusillus
S2183,Autumn,Mountain,Rhinolophus pusillus
S2184,Autumn,Mountain,Rhinolophus pusillus
S2185,Autumn,Mountain,Rhinolophus pusillus
S2186,Autumn,Mountain,Rhinolophus pusillus
S2187,Autumn,Mountain,Rhinolophus pusillus
S2188,Autumn,Mountain,Rhinolophus pusillus
S2189,Autumn,Mountain,Rhinolophus pusillus
S2190,Autumn,Mountain,Rhinolophus pusillus
S2191,Autumn,Mountain,Rhinolophus pusillus
S2192,Autumn,Mountain,Rhinolophus pusillus
S2193,Autumn,Mountain,Rhinolophus pusillus
S2194,Autumn,Mountain,Rhinolophus pusillus
S2195,Autumn,Mountain,Rhinolophus pusillus
S2196,Autumn,Mountain,Rhinolophus pusillus
S2197,Autumn,Mountain,Rhinolophus pusillus
S2198,Autumn,Mountain,Rhinolophus pusillus
S2199,Autumn,Mountain,Rhinolophus pusillus
S2200,Autumn,Mountain,Rhinolophus pusillus
S2201,Autumn,Mountain,Rhinolophus pusillus
S2202,Autumn,Mountain,Rhinolophus pusillus
S2203,Autumn,Mountain,Rhinolophus pusillus
S2204,Autumn,Mountain,Rhinolophus pusillus
S2205,Autumn,Mountain,Rhinolophus pusillus
S2206,Autumn,Mountain,Rhinolophus pusillus
S2207,Autumn,Mountain,Rhinolophus pusillus
S2208,Autumn,Mountain,Rhinolophus pusillus
S2209,Autumn,Mountain,Rhinolophus pusillus
S2210,Autumn,Mountain,Rhinolophus pusillus
S2211,Autumn,Mountain,Rhinolophus pusillus
S2212,Autumn,Mountain,Rhinolophus pusillus
S2213,Autumn,Mountain,Rhinolophus pusillus
S2214,Autumn,Mountain,Rhinolophus pusillus
S2215,Autumn,Mountain,Rhinolophus pusillus
S2216,Autumn,Mountain,Rhinolophus pusillus
S2217,Autumn,Mountain,Rhinolophus pusillus
S2218,Autumn,Mountain,Rhinolophus pusillus
S2219,Autumn,Mountain,Rhinolophus pusillus
S2220,Autumn,Mountain,Rhinolophus pusillus
S2221,Autumn,Mountain,Rhinolophus pusillus
S2222,Autumn,Mountain,Rhinolophus pusillus
S2223,Autumn,Mountain,Rhinolophus pusillus
S2224,Autumn,Mountain,Myotis formosus
S2225,Autumn,Mountain,Myotis formosus
S2226,Autumn,Mountain,Myotis formosus
S2227,Autumn,Mountain,Myotis formosus
S2228,Autumn,Mountain,Myotis formosus
S2229,Autumn,Mountain,Myotis formosus
S2230,Autumn,Mountain,Myotis formosus
S2231,Autumn,Mountain,Myotis formosus
S2232,Autumn,Mountain,Rhinolophus ferrumequinum
S2233,Autumn,Mountain,Rhinolophus ferrumequinum
S2234,Autumn,Mountain,Rhinolophus ferrumequinum
S2235,Autumn,Mountain,Rhinolophus ferrumequinum
S2236,Autumn,Mountain,Rhinolophus ferrumequinum
S2237,Autumn,Mountain,Rhinolophus ferrumequinum
S2238,Autumn,Mountain,Rhinolophus ferrumequinum
S2239,Autumn,Mountain,Rhinolophus ferrumequinum
S2240,Autumn,Mountain,Rhinolophus ferrumequinum
S2241,Autumn,Mountain,Rhinolophus ferrumequinum
S2242,Autumn,Mountain,Rhinolophus ferrumequinum
S2243,Autumn,Mountain,Rhinolophus ferrumequinum
S2244,Autumn,Mountain,Rhinolophus ferrumequinum
S2245,Autumn,Mountain,Rhinolophus ferrumequinum
S2246,Autumn,Mountain,Rhinolophus ferrumequinum
S2247,Autumn,Mountain,Rhinolophus ferrumequinum
S2248,Autumn,Mountain,Rhinolophus ferrumequinum
S2249,Autumn,Mountain,Rhinolophus ferrumequinum
S2250,Autumn,Mountain,Rhinolophus ferrumequinum
S2251,Autumn,Mountain,Rhinolophus ferrumequinum
S2252,Autumn,Mountain,Rhinolophus ferrumequinum
S2253,Autumn,Mountain,Rhinolophus ferrumequinum
S2254,Autumn,Mountain,Rhinolophus ferrumequinum
S2255,Autumn,Mountain,Rhinolophus ferrumequinum
S2256,Autumn,Mountain,Rhinolophus ferrumequinum
S2257,Autumn,Mountain,Rhinolophus ferrumequinum
S2258,Autumn,Mountain,Rhinolophus ferrumequinum
S2259,Autumn,Mountain,Rhinolophus ferrumequinum
S2260,Autumn,Mountain,Rhinolophus ferrumequinum
S2261,Autumn,Mountain,Rhinolophus ferrumequinum
S2262,Autumn,Mountain,Rhinolophus ferrumequinum
S2263,Autumn,Mountain,Rhinolophus ferrumequinum
S2264,Autumn,Mountain,Rhinolophus ferrumequinum
S2265,Autumn,Mountain,Rhinolophus ferrumequinum
S2266,Autumn,Mountain,Rhinolophus ferrumequinum
S2267,Autumn,Mountain,Rhinolophus ferrumequinum
S2268,Autumn,Mountain,Rhinolophus ferrumequinum
S2269,Autumn,Mountain,Rhinolophus ferrumequinum
S2270,Autumn,Mountain,Rhinolophus ferrumequinum
S2271,Autumn,Mountain,Rhinolophus ferrumequinum
S2272,Autumn,Mountain,Rhinolophus ferrumequinum
S2273,Autumn,Mountain,Rhinolophus ferrumequinum
S2274,Autumn,Mountain,Rhinolophus ferrumequinum
S2275,Autumn,Mountain,Rhinolophus ferrumequinum
S2276,Autumn,Mountain,Rhinolophus ferrumequinum
S2277,Autumn,Mountain,Rhinolophus ferrumequinum
S2278,Autumn,Mountain,Rhinolophus ferrumequinum
S2279,Autumn,Mountain,Rhinolophus ferrumequinum
S2280,Autumn,Mountain,Rhinolophus ferrumequinum
S2281,Autumn,Mountain,Rhinolophus ferrumequinum
S2282,Autumn,Plain,Rhinolophus ferrumequinum
S2283,Autumn,Plain,Rhinolophus ferrumequinum
S2284,Autumn,Mountain,Rhinolophus ferrumequinum
S2285,Autumn,Mountain,Rhinolophus ferrumequinum
S2286,Autumn,Mountain,Rhinolophus ferrumequinum
S2287,Autumn,Mountain,Rhinolophus ferrumequinum
S2288,Autumn,Mountain,Rhinolophus ferrumequinum
S2289,Autumn,Mountain,Rhinolophus ferrumequinum
S2290,Autumn,Mountain,Rhinolophus ferrumequinum
S2291,Autumn,Mountain,Rhinolophus ferrumequinum
S2292,Autumn,Mountain,Rhinolophus ferrumequinum
S2293,Autumn,Mountain,Rhinolophus ferrumequinum
S2294,Autumn,Mountain,Rhinolophus ferrumequinum
S2295,Autumn,Mountain,Rhinolophus ferrumequinum
S2296,Autumn,Mountain,Rhinolophus ferrumequinum
S2297,Autumn,Mountain,Rhinolophus ferrumequinum
S2298,Autumn,Mountain,Rhinolophus ferrumequinum
S2299,Autumn,Mountain,Rhinolophus ferrumequinum
S2300,Autumn,Mountain,Rhinolophus ferrumequinum
S2301,Autumn,Mountain,Rhinolophus ferrumequinum
S2302,Autumn,Mountain,Rhinolophus ferrumequinum
S2303,Autumn,Mountain,Rhinolophus ferrumequinum
S2304,Autumn,Mountain,Rhinolophus ferrumequinum
S2305,Autumn,Mountain,Rhinolophus ferrumequinum
S2306,Autumn,Mountain,Rhinolophus ferrumequinum
S2307,Autumn,Mountain,Rhinolophus ferrumequinum
S2308,Autumn,Mountain,Rhinolophus ferrumequinum
S2309,Autumn,Mountain,Rhinolophus ferrumequinum
S2310,Autumn,Mountain,Rhinolophus ferrumequinum
S2311,Autumn,Mountain,Rhinolophus ferrumequinum
S2312,Autumn,Mountain,Rhinolophus ferrumequinum
S2313,Autumn,Mountain,Rhinolophus ferrumequinum
S2314,Autumn,Mountain,Rhinolophus ferrumequinum
S2315,Autumn,Mountain,Rhinolophus ferrumequinum
S2316,Autumn,Mountain,Rhinolophus ferrumequinum
S2317,Autumn,Mountain,Rhinolophus ferrumequinum
S2318,Autumn,Mountain,Rhinolophus ferrumequinum
S2319,Autumn,Mountain,Rhinolophus ferrumequinum
S2320,Autumn,Mountain,Rhinolophus ferrumequinum
S2321,Autumn,Mountain,Rhinolophus ferrumequinum
S2322,Autumn,Mountain,Rhinolophus ferrumequinum
S2323,Autumn,Mountain,Rhinolophus ferrumequinum
S2324,Autumn,Mountain,Rhinolophus ferrumequinum
S2325,Autumn,Mountain,Rhinolophus ferrumequinum
S2326,Autumn,Mountain,Rhinolophus ferrumequinum
S2327,Autumn,Mountain,Rhinolophus ferrumequinum
S2328,Autumn,Mountain,Rhinolophus ferrumequinum
S2329,Autumn,Mountain,Rhinolophus ferrumequinum
S2330,Autumn,Mountain,Rhinolophus ferrumequinum
S2331,Autumn,Mountain,Rhinolophus ferrumequinum
S2332,Autumn,Mountain,Rhinolophus ferrumequinum
S2333,Autumn,Mountain,Rhinolophus ferrumequinum
S2334,Autumn,Mountain,Rhinolophus ferrumequinum
S2335,Autumn,Mountain,Rhinolophus ferrumequinum
S2336,Autumn,Mountain,Rhinolophus ferrumequinum
S2337,Autumn,Mountain,Rhinolophus ferrumequinum
S2338,Autumn,Mountain,Rhinolophus ferrumequinum
S2339,Autumn,Mountain,Rhinolophus ferrumequinum
S2340,Autumn,Mountain,Rhinolophus ferrumequinum
S2341,Autumn,Mountain,Rhinolophus ferrumequinum
S2342,Autumn,Mountain,Rhinolophus ferrumequinum
S2343,Autumn,Mountain,Rhinolophus ferrumequinum
S2344,Autumn,Mountain,Rhinolophus ferrumequinum
S2345,Autumn,Mountain,Rhinolophus ferrumequinum
S2346,Autumn,Mountain,Rhinolophus ferrumequinum
S2347,Autumn,Mountain,Rhinolophus ferrumequinum
S2348,Autumn,Mountain,Rhinolophus ferrumequinum
S2349,Autumn,Mountain,Rhinolophus ferrumequinum
S2350,Autumn,Mountain,Rhinolophus ferrumequinum
S2351,Autumn,Mountain,Rhinolophus ferrumequinum
S2352,Autumn,Mountain,Rhinolophus ferrumequinum
S2353,Autumn,Mountain,Rhinolophus ferrumequinum
S2354,Autumn,Mountain,Rhinolophus ferrumequinum
S2355,Autumn,Mountain,Rhinolophus ferrumequinum
S2356,Autumn,Mountain,Rhinolophus ferrumequinum
S2357,Autumn,Mountain,Rhinolophus ferrumequinum
S2358,Autumn,Mountain,Rhinolophus ferrumequinum
S2359,Autumn,Mountain,Rhinolophus ferrumequinum
S2360,Autumn,Mountain,Rhinolophus ferrumequinum
S2361,Autumn,Mountain,Rhinolophus ferrumequinum
S2362,Autumn,Mountain,Rhinolophus ferrumequinum
S2363,Autumn,Mountain,Miniopterus schreibersii
S2364,Spring,Plain,Pipistrellus abramus
S2365,Spring,Plain,Pipistrellus abramus
S2366,Spring,Plain,Pipistrellus abramus
S2367,Spring,Plain,Pipistrellus abramus
S2368,Winter,Plain,Myotis laniger
S2369,Winter,Plain,Myotis laniger
S2370,Winter,Plain,Myotis laniger
S2371,Winter,Plain,Myotis laniger
S2372,Winter,Plain,Myotis laniger
S2373,Winter,Plain,Myotis laniger
S2374,Winter,Plain,Myotis laniger
S2375,Winter,Plain,Myotis laniger
S2376,Winter,Plain,Myotis laniger
S2377,Winter,Plain,Myotis laniger
S2378,Winter,Plain,Myotis laniger
S2379,Winter,Plain,Myotis laniger
S2380,Winter,Plain,Myotis laniger
S2381,Winter,Plain,Myotis laniger
S2382,Winter,Plain,Myotis laniger
S2383,Winter,Plain,Myotis laniger
S2384,Winter,Plain,Myotis laniger
S2385,Winter,Plain,Myotis laniger
S2386,Winter,Plain,Myotis laniger
S2387,Winter,Plain,Myotis laniger
S2388,Winter,Plain,Myotis laniger
S2389,Winter,Plain,Myotis laniger
S2390,Spring,Plain,Rhinolophus marshalli
S2391,Spring,Plain,Rhinolophus marshalli
S2392,Spring,Plain,Rhinolophus marshalli
S2393,Summer,Plain,Tylonycteris fulvida
S2394,Spring,Mountain,Pipistrellus abramus
S2395,Spring,Plain,Pipistrellus abramus
S2396,Spring,Mountain,Myotis fimbriatus
S2397,Autumn,Hill,Pipistrellus abramus
S2398,Autumn,Hill,Pipistrellus abramus
S2399,Autumn,Hill,Pipistrellus abramus
S2400,Autumn,Hill,Pipistrellus abramus
S2401,Autumn,Hill,Myotis horsfieldii
S2402,Autumn,Hill,Myotis horsfieldii
S2403,Summer,Plain,Pipistrellus abramus
S2404,Summer,Plain,Pipistrellus abramus
S2405,Summer,Plain,Pipistrellus abramus
S2406,Summer,Plain,Pipistrellus abramus
S2407,Summer,Plain,Pipistrellus abramus
S2408,Summer,Plain,Pipistrellus abramus
S2409,Summer,Plain,Pipistrellus abramus
S2410,Summer,Mountain,Pipistrellus abramus
S2411,Summer,Plain,Myotis horsfieldii
S2412,Summer,Plain,Myotis horsfieldii
S2413,Summer,Plain,Myotis horsfieldii
S2414,Summer,Plain,Myotis horsfieldii
S2415,Summer,Plain,Myotis horsfieldii
S2416,Summer,Plain,Myotis horsfieldii
S2417,Summer,Plain,Myotis horsfieldii
S2418,Summer,Plain,Myotis horsfieldii
S2419,Summer,Plain,Myotis horsfieldii
S2420,Summer,Plain,Myotis horsfieldii
S2421,Summer,Plain,Myotis horsfieldii
S2422,Summer,Mountain,Myotis horsfieldii
S2423,Summer,Mountain,Myotis horsfieldii
S2424,Summer,Mountain,Nyctalus plancyi
S2425,Summer,Mountain,Pipistrellus abramus
S2426,Summer,Mountain,Pipistrellus abramus
S2427,Summer,Mountain,Pipistrellus abramus
S2428,Summer,Mountain,Pipistrellus abramus
S2429,Summer,Mountain,Pipistrellus abramus
S2430,Summer,Mountain,Pipistrellus abramus
S2431,Summer,Mountain,Pipistrellus abramus
S2432,Summer,Mountain,Pipistrellus abramus
S2433,Summer,Plain,Pipistrellus abramus
S2434,Summer,Plain,Pipistrellus abramus
S2435,Summer,Plain,Pipistrellus abramus
S2436,Summer,Plain,Pipistrellus abramus
S2437,Summer,Plain,Pipistrellus abramus
S2438,Summer,Plain,Pipistrellus abramus
S2439,Summer,Plain,Pipistrellus abramus
S2440,Summer,Plain,Pipistrellus abramus
S2441,Summer,Plain,Hypsugo pulveratus
S2442,Summer,Plain,Hypsugo pulveratus
S2443,Summer,Plain,Hypsugo pulveratus
S2444,Summer,Mountain,Myotis horsfieldii
S2445,Summer,Mountain,Myotis horsfieldii
S2446,Summer,Mountain,Myotis horsfieldii
S2447,Summer,Mountain,Myotis horsfieldii
S2448,Summer,Mountain,Myotis horsfieldii
S2449,Summer,Mountain,Myotis horsfieldii
S2450,Summer,Plain,Myotis horsfieldii
S2451,Summer,Plain,Myotis horsfieldii
S2452,Summer,Plain,Myotis horsfieldii
S2453,Summer,Plain,Myotis horsfieldii
S2454,Summer,Plain,Myotis horsfieldii
S2455,Summer,Plain,Myotis horsfieldii
S2456,Summer,Plain,Myotis horsfieldii
S2457,Summer,Plain,Myotis horsfieldii
S2458,Summer,Plain,Myotis horsfieldii
S2459,Summer,Plain,Myotis horsfieldii
S2460,Summer,Plain,Myotis horsfieldii
S2461,Summer,Plain,Myotis horsfieldii
S2462,Summer,Plain,Myotis horsfieldii
S2463,Summer,Plain,Myotis horsfieldii
S2464,Summer,Plain,Myotis horsfieldii
S2465,Summer,Plain,Myotis horsfieldii
S2466,Summer,Plain,Myotis horsfieldii
S2467,Summer,Mountain,Nyctalus plancyi
S2468,Summer,Mountain,Nyctalus plancyi
S2469,Summer,Mountain,Nyctalus plancyi
S2470,Summer,Mountain,Nyctalus plancyi
S2471,Summer,Mountain,Nyctalus plancyi
S2472,Summer,Mountain,Nyctalus plancyi
S2473,Summer,Mountain,Nyctalus plancyi
S2474,Summer,Mountain,Hipposideros armiger
S2475,Summer,Mountain,Hipposideros armiger
S2476,Summer,Mountain,Hipposideros armiger
S2477,Summer,Mountain,Pipistrellus abramus
S2478,Summer,Mountain,Pipistrellus abramus
S2479,Summer,Mountain,Pipistrellus abramus
S2480,Spring,Mountain,Rhinolophus pusillus
S2481,Spring,Mountain,Rhinolophus pusillus
S2482,Spring,Mountain,Rhinolophus pusillus
S2483,Spring,Mountain,Rhinolophus pusillus
S2484,Spring,Mountain,Rhinolophus pusillus
S2485,Spring,Mountain,Rhinolophus pusillus
S2486,Spring,Mountain,Rhinolophus pusillus
S2487,Summer,Mountain,Hypsugo pulveratus
S2488,Summer,Mountain,Hypsugo pulveratus
S2489,Summer,Mountain,Hypsugo pulveratus
S2490,Summer,Mountain,Hypsugo pulveratus
S2491,Summer,Mountain,Hypsugo pulveratus
S2492,Summer,Mountain,Hypsugo pulveratus
S2493,Summer,Mountain,Hypsugo pulveratus
S2494,Summer,Mountain,Hypsugo pulveratus
S2495,Summer,Mountain,Hypsugo pulveratus
S2496,Spring,Mountain,Rhinolophus sinicus
S2497,Summer,Plain,Rhinolophus sinicus
S2498,Spring,Mountain,Rhinolophus sinicus
S2499,Spring,Mountain,Rhinolophus sinicus
S2500,Spring,Mountain,Rhinolophus sinicus
S2501,Spring,Mountain,Rhinolophus sinicus
S2502,Spring,Mountain,Rhinolophus sinicus
S2503,Spring,Mountain,Rhinolophus sinicus
S2504,Spring,Mountain,Rhinolophus sinicus
S2505,Spring,Mountain,Rhinolophus sinicus
S2506,Spring,Mountain,Rhinolophus sinicus
S2507,Spring,Mountain,Rhinolophus sinicus
S2508,Spring,Mountain,Rhinolophus sinicus
S2509,Spring,Mountain,Rhinolophus sinicus
S2510,Spring,Mountain,Rhinolophus sinicus
S2511,Spring,Mountain,Rhinolophus sinicus
S2512,Spring,Mountain,Rhinolophus sinicus
S2513,Spring,Mountain,Rhinolophus sinicus
S2514,Spring,Mountain,Rhinolophus sinicus
S2515,Spring,Mountain,Rhinolophus sinicus
S2516,Spring,Mountain,Rhinolophus sinicus
S2517,Spring,Mountain,Rhinolophus sinicus
S2518,Spring,Mountain,Rhinolophus sinicus
S2519,Spring,Mountain,Rhinolophus sinicus
S2520,Spring,Mountain,Rhinolophus sinicus
S2521,Spring,Mountain,Rhinolophus sinicus
S2522,Spring,Mountain,Rhinolophus sinicus
S2523,Spring,Mountain,Rhinolophus sinicus
S2524,Spring,Mountain,Rhinolophus sinicus
S2525,Spring,Mountain,Rhinolophus sinicus
S2526,Spring,Mountain,Rhinolophus sinicus
S2527,Spring,Mountain,Rhinolophus sinicus
S2528,Spring,Mountain,Rhinolophus sinicus
S2529,Spring,Mountain,Rhinolophus sinicus
S2530,Spring,Mountain,Rhinolophus sinicus
S2531,Spring,Mountain,Rhinolophus sinicus
S2532,Summer,Mountain,Myotis chinensis
S2533,Summer,Mountain,Myotis chinensis
S2534,Summer,Mountain,Myotis chinensis
S2535,Summer,Mountain,Myotis chinensis
S2536,Summer,Mountain,Myotis chinensis
S2537,Summer,Mountain,Myotis chinensis
S2538,Summer,Mountain,Myotis chinensis
S2539,Summer,Mountain,Myotis chinensis
S2540,Summer,Mountain,Myotis chinensis
S2541,Summer,Mountain,Myotis chinensis
S2542,Summer,Mountain,Myotis chinensis
S2543,Summer,Mountain,Myotis chinensis
S2544,Summer,Mountain,Myotis chinensis
S2545,Summer,Mountain,Myotis chinensis
S2546,Summer,Mountain,Myotis chinensis
S2547,Summer,Mountain,Myotis chinensis
S2548,Summer,Mountain,Myotis chinensis
S2549,Summer,Mountain,Myotis chinensis
S2550,Summer,Mountain,Myotis chinensis
S2551,Summer,Mountain,Myotis chinensis
S2552,Summer,Mountain,Myotis chinensis
S2553,Summer,Mountain,Myotis chinensis
S2554,Summer,Mountain,Myotis chinensis
S2555,Summer,Mountain,Myotis chinensis
S2556,Summer,Mountain,Myotis chinensis
S2557,Summer,Mountain,Myotis chinensis
S2558,Summer,Mountain,Myotis chinensis
S2559,Summer,Mountain,Myotis chinensis
S2560,Summer,Mountain,Myotis chinensis
S2561,Summer,Mountain,Myotis chinensis
S2562,Summer,Mountain,Myotis chinensis
S2563,Summer,Mountain,Myotis chinensis
S2564,Spring,Mountain,Rhinolophus affinis
S2565,Spring,Mountain,Rhinolophus affinis
S2566,Spring,Mountain,Rhinolophus affinis
S2567,Spring,Mountain,Rhinolophus affinis
S2568,Spring,Mountain,Rhinolophus affinis
S2569,Spring,Mountain,Rhinolophus affinis
S2570,Spring,Mountain,Rhinolophus affinis
S2571,Spring,Mountain,Rhinolophus affinis
S2572,Spring,Mountain,Rhinolophus affinis
S2573,Spring,Mountain,Rhinolophus affinis
S2574,Spring,Mountain,Rhinolophus affinis
S2575,Spring,Mountain,Rhinolophus affinis
S2576,Spring,Mountain,Rhinolophus affinis
S2577,Spring,Mountain,Rhinolophus affinis
S2578,Spring,Mountain,Rhinolophus affinis
S2579,Spring,Mountain,Rhinolophus affinis
S2580,Spring,Mountain,Rhinolophus affinis
S2581,Spring,Mountain,Rhinolophus affinis
S2582,Spring,Mountain,Rhinolophus affinis
S2583,Spring,Mountain,Rhinolophus affinis
S2584,Spring,Mountain,Rhinolophus affinis
S2585,Spring,Mountain,Rhinolophus affinis
S2586,Spring,Mountain,Rhinolophus affinis
S2587,Spring,Mountain,Rhinolophus affinis
S2588,Spring,Mountain,Rhinolophus affinis
S2589,Spring,Mountain,Rhinolophus affinis
S2590,Spring,Mountain,Rhinolophus affinis
S2591,Spring,Mountain,Rhinolophus affinis
S2592,Spring,Mountain,Rhinolophus affinis
S2593,Spring,Mountain,Rhinolophus affinis
S2594,Spring,Mountain,Rhinolophus affinis
S2595,Spring,Mountain,Rhinolophus affinis
S2596,Spring,Mountain,Rhinolophus affinis
S2597,Spring,Mountain,Rhinolophus affinis
S2598,Spring,Mountain,Rhinolophus affinis
S2599,Spring,Mountain,Rhinolophus affinis
S2600,Spring,Mountain,Rhinolophus affinis
S2601,Spring,Mountain,Rhinolophus affinis
S2602,Spring,Mountain,Rhinolophus affinis
S2603,Spring,Mountain,Rhinolophus affinis
S2604,Spring,Mountain,Rhinolophus affinis
S2605,Spring,Mountain,Rhinolophus affinis
S2606,Spring,Mountain,Rhinolophus affinis
S2607,Spring,Mountain,Rhinolophus affinis
S2608,Spring,Mountain,Rhinolophus affinis
S2609,Spring,Mountain,Rhinolophus affinis
S2610,Spring,Mountain,Rhinolophus affinis
S2611,Spring,Hill,Tylonycteris pachypus
S2612,Spring,Hill,Tylonycteris pachypus
S2613,Spring,Hill,Tylonycteris pachypus
S2614,Spring,Hill,Tylonycteris pachypus
S2615,Spring,Hill,Tylonycteris pachypus
S2616,Spring,Hill,Tylonycteris pachypus
S2617,Spring,Hill,Tylonycteris pachypus
S2618,Spring,Hill,Tylonycteris pachypus
S2619,Spring,Mountain,Pipistrellus abramus
S2620,Spring,Hill,Pipistrellus abramus
S2621,Spring,Hill,Tylonycteris robustula
S2622,Spring,Hill,Tylonycteris robustula
S2623,Spring,Hill,Tylonycteris robustula
S2624,Spring,Hill,Tylonycteris robustula
S2625,Spring,Hill,Tylonycteris robustula
S2626,Spring,Hill,Tylonycteris robustula
S2627,Spring,Hill,Tylonycteris robustula
S2628,Spring,Hill,Tylonycteris robustula
S2629,Spring,Hill,Tylonycteris robustula
S2630,Spring,Hill,Tylonycteris robustula
S2631,Spring,Hill,Tylonycteris robustula
S2632,Spring,Hill,Tylonycteris robustula
S2633,Spring,Hill,Tylonycteris robustula
S2634,Spring,Mountain,Myotis horsfieldii
S2635,Spring,Mountain,Myotis horsfieldii
S2636,Spring,Mountain,Myotis davidii
S2637,Spring,Mountain,Rhinolophus pusillus
S2638,Spring,Mountain,Rhinolophus pusillus
S2639,Spring,Mountain,Rhinolophus pusillus
S2640,Spring,Mountain,Rhinolophus pusillus
S2641,Spring,Mountain,Rhinolophus pusillus
S2642,Spring,Mountain,Rhinolophus pusillus
S2643,Spring,Mountain,Rhinolophus pusillus
S2644,Spring,Mountain,Rhinolophus pusillus
S2645,Spring,Mountain,Rhinolophus pusillus
S2646,Spring,Mountain,Myotis laniger
S2647,Spring,Mountain,Myotis laniger
S2648,Spring,Mountain,Rhinolophus pearsonii
S2649,Spring,Mountain,Rhinolophus pearsonii
S2650,Spring,Mountain,Rhinolophus sinicus
S2651,Spring,Mountain,Rhinolophus sinicus
S2652,Spring,Mountain,Rhinolophus sinicus
S2653,Spring,Mountain,Rhinolophus sinicus
S2654,Spring,Mountain,Rhinolophus sinicus
S2655,Spring,Mountain,Rhinolophus sinicus
S2656,Spring,Mountain,Rhinolophus sinicus
S2657,Spring,Mountain,Rhinolophus sinicus
S2658,Spring,Mountain,Rhinolophus sinicus
S2659,Spring,Mountain,Rhinolophus sinicus
S2660,Spring,Mountain,Rhinolophus sinicus
S2661,Spring,Mountain,Rhinolophus sinicus
S2662,Spring,Mountain,Rhinolophus sinicus
S2663,Spring,Mountain,Rhinolophus sinicus
S2664,Spring,Mountain,Rhinolophus sinicus
S2665,Spring,Mountain,Rhinolophus sinicus
S2666,Spring,Mountain,Rhinolophus sinicus
S2667,Spring,Mountain,Rhinolophus sinicus
S2668,Spring,Mountain,Rhinolophus sinicus
S2669,Spring,Mountain,Rhinolophus sinicus
S2670,Spring,Mesa,Hipposideros armiger
S2671,Spring,Hill,Hipposideros armiger
S2672,Spring,Hill,Hipposideros armiger
S2673,Spring,Hill,Hipposideros armiger
S2674,Spring,Hill,Hipposideros armiger
S2675,Spring,Mesa,Pipistrellus abramus
S2676,Spring,Mesa,Pipistrellus abramus
S2677,Spring,Mesa,Pipistrellus abramus
S2678,Spring,Mesa,Pipistrellus abramus
S2679,Spring,Mesa,Pipistrellus abramus
S2680,Spring,Mountain,Rhinolophus pusillus
S2681,Spring,Mesa,Myotis laniger
S2682,Spring,Mesa,Myotis laniger
S2683,Spring,Mesa,Myotis laniger
S2684,Spring,Mesa,Myotis laniger
S2685,Spring,Mesa,Myotis laniger
S2686,Spring,Mesa,Myotis laniger
S2687,Spring,Mesa,Myotis laniger
S2688,Spring,Mesa,Myotis laniger
S2689,Spring,Mesa,Myotis laniger
S2690,Spring,Mesa,Myotis laniger
S2691,Spring,Mesa,Myotis laniger
S2692,Spring,Mesa,Myotis laniger
S2693,Spring,Mountain,Myotis laniger
S2694,Spring,Mountain,Myotis laniger
S2695,Spring,Mesa,Myotis horsfieldii
S2696,Spring,Mesa,Myotis horsfieldii
S2697,Spring,Mesa,Myotis horsfieldii
S2698,Spring,Mountain,Rhinolophus pearsonii
S2699,Spring,Mesa,Megaderma lyra
S2700,Spring,Mesa,Megaderma lyra
S2701,Spring,Mesa,Rhinolophus sinicus
S2702,Spring,Hill,Rhinolophus sinicus
S2703,Spring,Mountain,Rhinolophus sinicus
S2704,Spring,Mountain,Rhinolophus sinicus
S2705,Spring,Hill,Nyctalus plancyi
S2706,Spring,Hill,Nyctalus plancyi
S2707,Spring,Hill,Nyctalus plancyi
S2708,Spring,Hill,Nyctalus plancyi
S2709,Spring,Hill,Nyctalus plancyi
S2710,Spring,Hill,Nyctalus plancyi
S2711,Spring,Hill,Nyctalus plancyi
S2712,Spring,Hill,Nyctalus plancyi
S2713,Spring,Hill,Nyctalus plancyi
S2714,Spring,Hill,Nyctalus plancyi
S2715,Spring,Hill,Nyctalus plancyi
S2716,Spring,Hill,Nyctalus plancyi
S2717,Spring,Hill,Nyctalus plancyi
S2718,Spring,Hill,Nyctalus plancyi
S2719,Spring,Hill,Nyctalus plancyi
S2720,Spring,Hill,Nyctalus plancyi
S2721,Spring,Hill,Nyctalus plancyi
S2722,Spring,Hill,Nyctalus plancyi
S2723,Spring,Hill,Nyctalus plancyi
S2724,Spring,Hill,Nyctalus plancyi
S2725,Spring,Hill,Nyctalus plancyi
S2726,Spring,Mesa,Rhinolophus affinis
S2727,Spring,Mesa,Rhinolophus affinis
S2728,Spring,Mesa,Rhinolophus affinis
S2729,Spring,Hill,Rhinolophus affinis
S2730,Spring,Hill,Rhinolophus affinis
S2731,Spring,Mesa,Hipposideros larvatus
S2732,Spring,Mesa,Hipposideros larvatus
S2733,Spring,Mesa,Hipposideros larvatus
S2734,Spring,Mesa,Hipposideros larvatus
S2735,Spring,Mesa,Hipposideros larvatus
S2736,Spring,Mesa,Hipposideros larvatus
S2737,Spring,Mesa,Hipposideros larvatus
S2738,Spring,Mesa,Hipposideros larvatus
S2739,Spring,Mesa,Hipposideros larvatus
S2740,Spring,Mesa,Hipposideros larvatus
S2741,Spring,Mesa,Hipposideros larvatus
S2742,Spring,Mesa,Hipposideros larvatus
S2743,Spring,Mesa,Hipposideros larvatus
S2744,Spring,Mesa,Hipposideros larvatus
S2745,Spring,Mesa,Hipposideros larvatus
S2746,Summer,Mountain,Myotis horsfieldii
S2747,Summer,Mountain,Myotis horsfieldii
S2748,Summer,Mountain,Myotis horsfieldii
S2749,Summer,Mountain,Myotis horsfieldii
S2750,Summer,Mountain,Myotis horsfieldii
S2751,Summer,Mountain,Cynopterus sphinx
S2752,Summer,Mountain,Cynopterus sphinx
S2753,Summer,Mountain,Cynopterus sphinx
S2754,Summer,Mountain,Cynopterus sphinx
S2755,Summer,Mountain,Cynopterus sphinx
S2756,Summer,Mountain,Rhinolophus sinicus
S2757,Summer,Mountain,Rhinolophus sinicus
S2758,Summer,Mountain,Rhinolophus luctus
S2759,Summer,Mountain,Pipistrellus abramus
S2760,Summer,Mountain,Pipistrellus abramus
S2761,Summer,Mountain,Pipistrellus abramus
S2762,Summer,Mountain,Pipistrellus abramus
S2763,Summer,Mountain,Tylonycteris fulvida
S2764,Summer,Mountain,Tylonycteris fulvida
S2765,Summer,Mountain,Tylonycteris fulvida
S2766,Summer,Plain,Myotis horsfieldii
S2767,Summer,Plain,Myotis horsfieldii
S2768,Summer,Plain,Myotis horsfieldii
S2769,Summer,Plain,Myotis horsfieldii
S2770,Summer,Plain,Myotis horsfieldii
S2771,Summer,Plain,Myotis horsfieldii
S2772,Summer,Plain,Myotis horsfieldii
S2773,Summer,Plain,Myotis horsfieldii
S2774,Summer,Plain,Myotis horsfieldii
S2775,Summer,Plain,Myotis horsfieldii
S2776,Summer,Plain,Myotis horsfieldii
S2777,Summer,Plain,Myotis horsfieldii
S2778,Summer,Plain,Myotis horsfieldii
S2779,Summer,Plain,Myotis horsfieldii
S2780,Summer,Plain,Myotis horsfieldii
S2781,Summer,Plain,Myotis horsfieldii
S2782,Summer,Plain,Myotis horsfieldii
S2783,Summer,Plain,Myotis horsfieldii
S2784,Summer,Plain,Myotis horsfieldii
S2785,Summer,Plain,Myotis horsfieldii
S2786,Summer,Mountain,Rhinolophus hipposideros
S2787,Summer,Plain,Rhinolophus hipposideros
S2788,Summer,Mountain,Myotis indochinensis
S2789,Summer,Mountain,Myotis indochinensis
S2790,Summer,Mountain,Hipposideros larvatus
S2791,Summer,Mountain,Pipistrellus abramus
S2792,Summer,Mountain,Pipistrellus abramus
S2793,Summer,Mountain,Pipistrellus abramus
S2794,Summer,Mountain,Pipistrellus abramus
S2795,Summer,Mountain,Pipistrellus abramus
S2796,Summer,Mountain,Hypsugo pulveratus
S2797,Summer,Mountain,Hypsugo pulveratus
S2798,Summer,Mountain,Hypsugo pulveratus
S2799,Summer,Mountain,Hypsugo pulveratus
S2800,Summer,Mountain,Hypsugo pulveratus
S2801,Summer,Mountain,Hypsugo pulveratus
S2802,Summer,Mountain,Hypsugo pulveratus
S2803,Summer,Mountain,Hypsugo pulveratus
S2804,Summer,Mountain,Hypsugo pulveratus
S2805,Summer,Mountain,Hypsugo pulveratus
S2806,Summer,Mountain,Hypsugo pulveratus
S2807,Summer,Mountain,Hypsugo pulveratus
S2808,Summer,Mountain,Hypsugo pulveratus
S2809,Summer,Mountain,Hypsugo pulveratus
S2810,Summer,Mountain,Hypsugo pulveratus
S2811,Summer,Mountain,Hypsugo pulveratus
S2812,Summer,Mountain,Hypsugo pulveratus
S2813,Summer,Mountain,Hypsugo pulveratus
S2814,Summer,Mountain,Hypsugo pulveratus
S2815,Summer,Mountain,Myotis horsfieldii
S2816,Summer,Mountain,Myotis horsfieldii
S2817,Summer,Mountain,Pipistrellus tenuis
S2818,Summer,Mountain,Pipistrellus tenuis
S2819,Summer,Mountain,Pipistrellus tenuis
S2820,Summer,Mountain,Pipistrellus tenuis
S2821,Summer,Mountain,Pipistrellus tenuis
S2822,Summer,Mountain,Pipistrellus tenuis
S2823,Summer,Mountain,Pipistrellus tenuis
S2824,Summer,Mountain,Pipistrellus tenuis
S2825,Summer,Plain,Pipistrellus abramus
S2826,Summer,Plain,Pipistrellus abramus
S2827,Summer,Plain,Pipistrellus abramus
S2828,Summer,Plain,Myotis horsfieldii
S2829,Summer,Plain,Myotis horsfieldii
S2830,Summer,Plain,Myotis horsfieldii
S2831,Summer,Plain,Hipposideros cineraceus
S2832,Summer,Plain,Hipposideros cineraceus
S2833,Summer,Plain,Hipposideros cineraceus
S2834,Summer,Plain,Hipposideros cineraceus
S2835,Summer,Plain,Hipposideros cineraceus
S2836,Summer,Plain,Hipposideros cineraceus
S2837,Summer,Plain,Hipposideros cineraceus
S2838,Summer,Plain,Hipposideros cineraceus
S2839,Summer,Plain,Hipposideros cineraceus
S2840,Summer,Plain,Hipposideros cineraceus
S2841,Summer,Plain,Hipposideros cineraceus
S2842,Summer,Plain,Hipposideros cineraceus
S2843,Summer,Plain,Hipposideros cineraceus
S2844,Summer,Plain,Hipposideros cineraceus
S2845,Summer,Plain,Hipposideros cineraceus
S2846,Summer,Plain,Hipposideros cineraceus
S2847,Summer,Plain,Hipposideros cineraceus
S2848,Summer,Plain,Hipposideros cineraceus
S2849,Summer,Plain,Hipposideros cineraceus
S2850,Summer,Plain,Hipposideros cineraceus
S2851,Summer,Plain,Hipposideros cineraceus
S2852,Summer,Plain,Hipposideros cineraceus
S2853,Summer,Plain,Hipposideros cineraceus
S2854,Summer,Plain,Hipposideros cineraceus
S2855,Summer,Plain,Hipposideros cineraceus
S2856,Summer,Plain,Hipposideros cineraceus
S2857,Summer,Plain,Hipposideros cineraceus
S2858,Summer,Plain,Hipposideros cineraceus
S2859,Summer,Plain,Hipposideros cineraceus
S2860,Summer,Plain,Hipposideros cineraceus
S2861,Summer,Plain,Hipposideros cineraceus
S2862,Spring,Plain,Eptesicus serotinus
S2863,Spring,Plain,Eptesicus serotinus
S2864,Spring,Mesa,Eptesicus serotinus
S2865,Spring,Mesa,Eptesicus serotinus
S2866,Summer,Plain,Eptesicus serotinus
S2867,Summer,Plain,Eptesicus serotinus
S2868,Summer,Plain,Eptesicus serotinus
S2869,Summer,Plain,Eptesicus serotinus
S2870,Summer,Plain,Eptesicus serotinus
S2871,Summer,Plain,Eptesicus serotinus
S2872,Summer,Plain,Eptesicus serotinus
S2873,Spring,Plain,Eptesicus serotinus
S2874,Spring,Plain,Eptesicus serotinus
S2875,Spring,Plain,Eptesicus serotinus
S2876,Spring,Plain,Eptesicus serotinus
S2877,Spring,Plain,Eptesicus serotinus
S2878,Spring,Plain,Eptesicus serotinus
S2879,Spring,Plain,Eptesicus serotinus
S2880,Spring,Plain,Eptesicus serotinus
S2881,Spring,Plain,Eptesicus serotinus
S2882,Spring,Plain,Eptesicus serotinus
S2883,Spring,Plain,Eptesicus serotinus
S2884,Spring,Plain,Eptesicus serotinus
S2885,Spring,Plain,Eptesicus serotinus
S2886,Spring,Plain,Eptesicus serotinus
S2887,Spring,Plain,Eptesicus serotinus
S2888,Spring,Plain,Eptesicus serotinus
S2889,Spring,Plain,Eptesicus serotinus
S2890,Spring,Plain,Eptesicus serotinus
S2891,Spring,Plain,Eptesicus serotinus
S2892,Spring,Plain,Eptesicus serotinus
S2893,Spring,Plain,Eptesicus serotinus
S2894,Spring,Plain,Eptesicus serotinus
S2895,Spring,Plain,Eptesicus serotinus
S2896,Spring,Plain,Eptesicus serotinus
S2897,Spring,Plain,Eptesicus serotinus
S2898,Spring,Plain,Eptesicus serotinus
S2899,Spring,Plain,Eptesicus serotinus
S2900,Spring,Plain,Eptesicus serotinus
S2901,Spring,Plain,Eptesicus serotinus
S2902,Spring,Plain,Eptesicus serotinus
S2903,Spring,Plain,Eptesicus serotinus
S2904,Spring,Plain,Eptesicus serotinus
S2905,Spring,Plain,Eptesicus serotinus
S2906,Spring,Plain,Eptesicus serotinus
S2907,Spring,Plain,Eptesicus serotinus
S2908,Spring,Plain,Eptesicus serotinus
S2909,Spring,Plain,Eptesicus serotinus
S2910,Spring,Plain,Eptesicus serotinus
S2911,Spring,Plain,Eptesicus serotinus
S2912,Spring,Plain,Eptesicus serotinus
S2913,Spring,Plain,Eptesicus serotinus
S2914,Spring,Plain,Eptesicus serotinus
S2915,Spring,Plain,Eptesicus serotinus
S2916,Spring,Plain,Eptesicus serotinus
S2917,Spring,Plain,Eptesicus serotinus
S2918,Spring,Plain,Eptesicus serotinus
S2919,Spring,Plain,Eptesicus serotinus
S2920,Spring,Plain,Eptesicus serotinus
S2921,Spring,Plain,Eptesicus serotinus
S2922,Spring,Plain,Eptesicus serotinus
S2923,Spring,Plain,Eptesicus serotinus
S2924,Spring,Plain,Eptesicus serotinus
S2925,Spring,Plain,Eptesicus serotinus
S2926,Spring,Plain,Eptesicus serotinus
S2927,Spring,Plain,Eptesicus serotinus
S2928,Spring,Plain,Eptesicus serotinus
S2929,Spring,Plain,Eptesicus serotinus
S2930,Spring,Plain,Eptesicus serotinus
S2931,Spring,Plain,Eptesicus serotinus
S2932,Spring,Plain,Eptesicus serotinus
S2933,Spring,Plain,Eptesicus serotinus
S2934,Spring,Plain,Eptesicus serotinus
S2935,Spring,Plain,Eptesicus serotinus
S2936,Spring,Plain,Eptesicus serotinus
S2937,Summer,Plain,Eptesicus serotinus
S2938,Summer,Plain,Eptesicus serotinus
S2939,Summer,Plain,Eptesicus serotinus
S2940,Summer,Plain,Eptesicus serotinus
S2941,Summer,Plain,Eptesicus serotinus
S2942,Summer,Plain,Eptesicus serotinus
S2943,Summer,Plain,Eptesicus serotinus
S2944,Summer,Plain,Eptesicus serotinus
S2945,Summer,Plain,Eptesicus serotinus
S2946,Summer,Plain,Eptesicus serotinus
S2947,Summer,Plain,Eptesicus serotinus
S2948,Summer,Plain,Eptesicus serotinus
S2949,Summer,Plain,Eptesicus serotinus
S2950,Summer,Plain,Eptesicus serotinus
S2951,Summer,Plain,Eptesicus serotinus
S2952,Summer,Plain,Eptesicus serotinus
S2953,Summer,Plain,Eptesicus serotinus
S2954,Summer,Plain,Eptesicus serotinus
S2955,Summer,Plain,Eptesicus serotinus
S2956,Summer,Plain,Eptesicus serotinus
S2957,Summer,Plain,Eptesicus serotinus
S2958,Summer,Plain,Eptesicus serotinus
S2959,Summer,Plain,Eptesicus serotinus
S2960,Summer,Plain,Eptesicus serotinus
S2961,Summer,Plain,Eptesicus serotinus
S2962,Summer,Plain,Eptesicus serotinus
S2963,Summer,Plain,Eptesicus serotinus
S2964,Summer,Plain,Eptesicus serotinus
S2965,Summer,Plain,Eptesicus serotinus
S2966,Summer,Plain,Eptesicus serotinus
S2967,Summer,Plain,Eptesicus serotinus
S2968,Summer,Plain,Eptesicus serotinus
S2969,Summer,Plain,Pipistrellus abramus
S2970,Summer,Plain,Pipistrellus abramus
S2971,Summer,Plain,Pipistrellus abramus
S2972,Summer,Plain,Pipistrellus abramus
S2973,Summer,Plain,Pipistrellus abramus
S2974,Summer,Plain,Pipistrellus abramus
S2975,Summer,Plain,Pipistrellus abramus
S2976,Summer,Plain,Pipistrellus abramus
S2977,Summer,Plain,Pipistrellus abramus
S2978,Summer,Plain,Pipistrellus abramus
S2979,Summer,Plain,Pipistrellus abramus
S2980,Summer,Plain,Pipistrellus abramus
S2981,Summer,Plain,Pipistrellus abramus
S2982,Summer,Plain,Pipistrellus abramus
S2983,Summer,Plain,Pipistrellus abramus
S2984,Summer,Plain,Pipistrellus abramus
S2985,Summer,Plain,Pipistrellus abramus
S2986,Summer,Plain,Pipistrellus abramus
S2987,Summer,Plain,Pipistrellus abramus
S2988,Summer,Plain,Pipistrellus abramus
S2989,Summer,Plain,Pipistrellus abramus
S2990,Summer,Plain,Pipistrellus abramus
S2991,Summer,Plain,Pipistrellus abramus
S2992,Summer,Plain,Pipistrellus abramus
S2993,Summer,Plain,Pipistrellus abramus
S2994,Summer,Plain,Pipistrellus abramus
S2995,Summer,Plain,Pipistrellus abramus
S2996,Summer,Plain,Pipistrellus abramus
S2997,Summer,Plain,Pipistrellus abramus
S2998,Summer,Plain,Pipistrellus abramus
S2999,Summer,Plain,Pipistrellus abramus
S3000,Summer,Plain,Pipistrellus abramus
S3001,Summer,Plain,Pipistrellus abramus
S3002,Summer,Plain,Pipistrellus abramus
S3003,Summer,Plain,Pipistrellus abramus
S3004,Summer,Plain,Pipistrellus abramus
S3005,Summer,Plain,Pipistrellus abramus
S3006,Summer,Plain,Pipistrellus abramus
S3007,Summer,Plain,Pipistrellus abramus
S3008,Summer,Plain,Pipistrellus abramus
S3009,Summer,Plain,Pipistrellus abramus
S3010,Summer,Plain,Pipistrellus abramus
S3011,Summer,Plain,Pipistrellus abramus
S3012,Summer,Plain,Pipistrellus abramus
S3013,Summer,Plain,Pipistrellus abramus
S3014,Summer,Plain,Pipistrellus abramus
S3015,Summer,Plain,Pipistrellus abramus
S3016,Summer,Plain,Pipistrellus abramus
S3017,Summer,Plain,Pipistrellus abramus
S3018,Summer,Plain,Pipistrellus abramus
S3019,Summer,Plain,Pipistrellus abramus
S3020,Summer,Plain,Pipistrellus abramus
S3021,Summer,Plain,Pipistrellus abramus
S3022,Summer,Plain,Pipistrellus abramus
S3023,Summer,Plain,Pipistrellus abramus
S3024,Summer,Plain,Pipistrellus abramus
S3025,Summer,Plain,Pipistrellus abramus
S3026,Summer,Plain,Pipistrellus abramus
S3027,Summer,Plain,Pipistrellus abramus
S3028,Summer,Plain,Pipistrellus abramus
S3029,Summer,Plain,Pipistrellus abramus
S3030,Summer,Plain,Pipistrellus abramus
S3031,Summer,Plain,Pipistrellus abramus
S3032,Summer,Plain,Pipistrellus abramus
S3033,Summer,Plain,Pipistrellus abramus
S3034,Summer,Plain,Pipistrellus abramus
S3035,Summer,Plain,Pipistrellus abramus
S3036,Summer,Plain,Pipistrellus abramus
S3037,Summer,Plain,Pipistrellus abramus
S3038,Summer,Plain,Pipistrellus abramus
S3039,Summer,Plain,Pipistrellus abramus
S3040,Summer,Plain,Pipistrellus abramus
S3041,Summer,Plain,Pipistrellus abramus
S3042,Summer,Plain,Pipistrellus abramus
S3043,Summer,Plain,Pipistrellus abramus
S3044,Summer,Plain,Pipistrellus abramus
S3045,Summer,Plain,Pipistrellus abramus
S3046,Summer,Plain,Pipistrellus abramus
S3047,Summer,Plain,Pipistrellus abramus
S3048,Summer,Plain,Pipistrellus abramus
S3049,Summer,Plain,Pipistrellus abramus
S3050,Summer,Plain,Pipistrellus abramus
S3051,Summer,Plain,Pipistrellus abramus
S3052,Summer,Plain,Pipistrellus abramus
S3053,Summer,Plain,Pipistrellus abramus
S3054,Summer,Plain,Pipistrellus abramus
S3055,Summer,Plain,Pipistrellus abramus
S3056,Summer,Plain,Pipistrellus abramus
S3057,Summer,Plain,Pipistrellus abramus
S3058,Summer,Plain,Pipistrellus abramus
S3059,Summer,Plain,Pipistrellus abramus
S3060,Summer,Plain,Pipistrellus abramus
S3061,Summer,Plain,Pipistrellus abramus
S3062,Summer,Plain,Pipistrellus abramus
S3063,Summer,Plain,Pipistrellus abramus
S3064,Summer,Plain,Pipistrellus abramus
S3065,Summer,Plain,Pipistrellus abramus
S3066,Summer,Plain,Pipistrellus abramus
S3067,Summer,Plain,Pipistrellus abramus
S3068,Summer,Plain,Pipistrellus abramus
S3069,Summer,Plain,Pipistrellus abramus
S3070,Summer,Plain,Pipistrellus abramus
S3071,Summer,Plain,Pipistrellus abramus
S3072,Summer,Plain,Pipistrellus abramus
S3073,Summer,Plain,Pipistrellus abramus
S3074,Summer,Plain,Pipistrellus abramus
S3075,Summer,Plain,Pipistrellus abramus
S3076,Summer,Plain,Pipistrellus abramus
S3077,Summer,Plain,Pipistrellus abramus
S3078,Summer,Plain,Pipistrellus abramus
S3079,Summer,Plain,Pipistrellus abramus
S3080,Summer,Plain,Pipistrellus abramus
S3081,Summer,Plain,Pipistrellus abramus
S3082,Summer,Plain,Pipistrellus abramus
S3083,Summer,Plain,Pipistrellus abramus
S3084,Summer,Plain,Pipistrellus abramus
S3085,Summer,Plain,Pipistrellus abramus
S3086,Summer,Plain,Pipistrellus abramus
S3087,Summer,Plain,Pipistrellus abramus
S3088,Summer,Plain,Pipistrellus abramus
S3089,Summer,Plain,Pipistrellus abramus
S3090,Summer,Plain,Pipistrellus abramus
S3091,Summer,Plain,Pipistrellus abramus
S3092,Summer,Plain,Pipistrellus abramus
S3093,Summer,Plain,Pipistrellus abramus
S3094,Summer,Plain,Pipistrellus abramus
S3095,Summer,Plain,Pipistrellus abramus
S3096,Summer,Plain,Pipistrellus abramus
S3097,Summer,Plain,Pipistrellus abramus
S3098,Summer,Plain,Pipistrellus abramus
S3099,Summer,Plain,Pipistrellus abramus
S3100,Summer,Plain,Pipistrellus abramus
S3101,Summer,Plain,Pipistrellus abramus
S3102,Summer,Plain,Pipistrellus abramus
S3103,Summer,Plain,Pipistrellus abramus
S3104,Summer,Plain,Pipistrellus abramus
S3105,Summer,Plain,Pipistrellus abramus
S3106,Summer,Plain,Pipistrellus abramus
S3107,Summer,Plain,Pipistrellus abramus
S3108,Summer,Plain,Pipistrellus abramus
S3109,Summer,Plain,Pipistrellus abramus
S3110,Summer,Plain,Pipistrellus abramus
S3111,Summer,Plain,Pipistrellus abramus
S3112,Summer,Plain,Pipistrellus abramus
S3113,Summer,Plain,Pipistrellus abramus
S3114,Summer,Plain,Pipistrellus abramus
S3115,Summer,Plain,Pipistrellus abramus
S3116,Summer,Plain,Pipistrellus abramus
S3117,Summer,Plain,Pipistrellus abramus
S3118,Summer,Plain,Pipistrellus abramus
S3119,Summer,Plain,Pipistrellus abramus
S3120,Summer,Plain,Pipistrellus abramus
S3121,Summer,Plain,Pipistrellus abramus
S3122,Summer,Plain,Pipistrellus abramus
S3123,Summer,Plain,Pipistrellus abramus
S3124,Summer,Plain,Pipistrellus abramus
S3125,Summer,Plain,Pipistrellus abramus
S3126,Summer,Plain,Pipistrellus abramus
S3127,Summer,Plain,Pipistrellus abramus
S3128,Summer,Plain,Pipistrellus abramus
S3129,Summer,Plain,Pipistrellus abramus
S3130,Summer,Plain,Pipistrellus abramus
S3131,Summer,Plain,Pipistrellus abramus
S3132,Summer,Plain,Pipistrellus abramus
S3133,Summer,Plain,Pipistrellus abramus
S3134,Summer,Plain,Pipistrellus abramus
S3135,Summer,Plain,Pipistrellus abramus
S3136,Summer,Plain,Pipistrellus abramus
S3137,Summer,Plain,Pipistrellus abramus
S3138,Summer,Plain,Pipistrellus abramus
S3139,Summer,Plain,Pipistrellus abramus
S3140,Summer,Plain,Pipistrellus abramus
S3141,Summer,Plain,Pipistrellus abramus
S3142,Summer,Plain,Pipistrellus abramus
S3143,Summer,Plain,Pipistrellus abramus
S3144,Summer,Plain,Pipistrellus abramus
S3145,Summer,Plain,Pipistrellus abramus
S3146,Summer,Plain,Pipistrellus abramus
S3147,Summer,Plain,Pipistrellus abramus
S3148,Summer,Plain,Pipistrellus abramus
S3149,Summer,Plain,Pipistrellus abramus
S3150,Summer,Plain,Pipistrellus abramus
S3151,Summer,Plain,Pipistrellus abramus
S3152,Summer,Plain,Pipistrellus abramus
S3153,Summer,Plain,Pipistrellus abramus
S3154,Summer,Plain,Pipistrellus abramus
S3155,Summer,Plain,Pipistrellus abramus
S3156,Summer,Plain,Pipistrellus abramus
S3157,Summer,Mesa,Pipistrellus abramus
S3158,Summer,Mesa,Pipistrellus abramus
S3159,Summer,Mesa,Pipistrellus abramus
S3160,Summer,Mesa,Pipistrellus abramus
S3161,Summer,Mesa,Pipistrellus abramus
S3162,Summer,Mesa,Pipistrellus abramus
S3163,Summer,Mesa,Pipistrellus abramus
S3164,Summer,Mesa,Pipistrellus abramus
S3165,Summer,Mesa,Pipistrellus abramus
S3166,Summer,Mesa,Pipistrellus abramus
S3167,Summer,Mesa,Pipistrellus abramus
S3168,Summer,Mesa,Pipistrellus abramus
S3169,Summer,Mesa,Pipistrellus abramus
S3170,Summer,Mesa,Pipistrellus abramus
S3171,Summer,Mesa,Pipistrellus abramus
S3172,Summer,Mesa,Pipistrellus abramus
S3173,Summer,Mesa,Pipistrellus abramus
S3174,Summer,Mesa,Pipistrellus abramus
S3175,Summer,Mesa,Pipistrellus abramus
S3176,Summer,Mesa,Pipistrellus abramus
S3177,Summer,Mesa,Pipistrellus abramus
S3178,Summer,Mesa,Pipistrellus abramus
S3179,Summer,Mesa,Pipistrellus abramus
S3180,Summer,Mesa,Pipistrellus abramus
S3181,Summer,Mesa,Pipistrellus abramus
S3182,Summer,Mesa,Pipistrellus abramus
S3183,Summer,Mesa,Pipistrellus abramus
S3184,Summer,Mesa,Pipistrellus abramus
S3185,Summer,Mesa,Pipistrellus abramus
S3186,Summer,Mesa,Pipistrellus abramus
S3187,Summer,Mesa,Pipistrellus abramus
S3188,Summer,Mesa,Pipistrellus abramus
S3189,Summer,Mesa,Pipistrellus abramus
S3190,Summer,Mesa,Pipistrellus abramus
S3191,Summer,Mesa,Pipistrellus abramus
S3192,Summer,Mesa,Pipistrellus abramus
S3193,Summer,Mesa,Pipistrellus abramus
S3194,Summer,Mesa,Pipistrellus abramus
S3195,Summer,Mesa,Pipistrellus abramus
S3196,Summer,Mesa,Pipistrellus abramus
S3197,Summer,Mesa,Pipistrellus abramus
S3198,Summer,Mesa,Pipistrellus abramus
S3199,Summer,Mesa,Pipistrellus abramus
S3200,Summer,Plain,Pipistrellus abramus
S3201,Summer,Plain,Pipistrellus abramus
S3202,Summer,Plain,Pipistrellus abramus
S3203,Summer,Plain,Pipistrellus abramus
S3204,Summer,Plain,Pipistrellus abramus
S3205,Summer,Plain,Pipistrellus abramus
S3206,Summer,Plain,Pipistrellus abramus
S3207,Summer,Plain,Pipistrellus abramus
S3208,Summer,Plain,Pipistrellus abramus
S3209,Summer,Plain,Pipistrellus abramus
S3210,Summer,Plain,Pipistrellus abramus
S3211,Summer,Plain,Pipistrellus abramus
S3212,Summer,Plain,Pipistrellus abramus
S3213,Summer,Plain,Pipistrellus abramus
S3214,Summer,Plain,Pipistrellus abramus
S3215,Summer,Plain,Pipistrellus abramus
S3216,Summer,Plain,Pipistrellus abramus
S3217,Summer,Plain,Pipistrellus abramus
S3218,Summer,Plain,Pipistrellus abramus
S3219,Summer,Plain,Pipistrellus abramus
S3220,Summer,Plain,Pipistrellus abramus
S3221,Summer,Plain,Pipistrellus abramus
S3222,Summer,Plain,Pipistrellus abramus
S3223,Summer,Plain,Pipistrellus abramus
S3224,Summer,Plain,Pipistrellus abramus
S3225,Summer,Plain,Pipistrellus abramus
S3226,Summer,Plain,Pipistrellus abramus
S3227,Summer,Plain,Pipistrellus abramus
S3228,Summer,Plain,Pipistrellus abramus
S3229,Summer,Plain,Pipistrellus abramus
S3230,Summer,Plain,Pipistrellus abramus
S3231,Summer,Plain,Pipistrellus abramus
S3232,Summer,Plain,Pipistrellus abramus
S3233,Summer,Plain,Pipistrellus abramus
S3234,Summer,Plain,Pipistrellus abramus
S3235,Summer,Plain,Pipistrellus abramus
S3236,Summer,Plain,Pipistrellus abramus
S3237,Summer,Plain,Pipistrellus abramus
S3238,Summer,Plain,Pipistrellus abramus
S3239,Summer,Plain,Pipistrellus abramus
S3240,Summer,Plain,Pipistrellus abramus
S3241,Summer,Plain,Pipistrellus abramus
S3242,Summer,Plain,Pipistrellus abramus
S3243,Summer,Plain,Pipistrellus abramus
S3244,Summer,Plain,Pipistrellus abramus
S3245,Summer,Plain,Pipistrellus abramus
S3246,Summer,Plain,Pipistrellus abramus
S3247,Summer,Plain,Pipistrellus abramus
S3248,Summer,Plain,Pipistrellus abramus
S3249,Summer,Plain,Pipistrellus abramus
S3250,Summer,Plain,Pipistrellus abramus
S3251,Summer,Plain,Pipistrellus abramus
S3252,Summer,Plain,Pipistrellus abramus
S3253,Summer,Plain,Pipistrellus abramus
S3254,Summer,Plain,Pipistrellus abramus
S3255,Summer,Plain,Pipistrellus abramus
S3256,Summer,Plain,Pipistrellus abramus
S3257,Summer,Plain,Pipistrellus abramus
S3258,Summer,Plain,Pipistrellus abramus
S3259,Summer,Plain,Pipistrellus abramus
S3260,Summer,Plain,Pipistrellus abramus
S3261,Summer,Plain,Pipistrellus abramus
S3262,Summer,Plain,Pipistrellus abramus
S3263,Summer,Plain,Pipistrellus abramus
S3264,Summer,Plain,Pipistrellus abramus
S3265,Summer,Plain,Pipistrellus abramus
S3266,Summer,Plain,Pipistrellus abramus
S3267,Summer,Plain,Pipistrellus abramus
S3268,Summer,Plain,Pipistrellus abramus
S3269,Summer,Plain,Pipistrellus abramus
S3270,Summer,Plain,Pipistrellus abramus
S3271,Summer,Plain,Pipistrellus abramus
S3272,Summer,Plain,Pipistrellus abramus
S3273,Summer,Plain,Pipistrellus abramus
S3274,Summer,Plain,Pipistrellus abramus
S3275,Summer,Plain,Pipistrellus abramus
S3276,Summer,Plain,Pipistrellus abramus
S3277,Summer,Plain,Pipistrellus abramus
S3278,Summer,Plain,Pipistrellus abramus
S3279,Summer,Plain,Pipistrellus abramus
S3280,Summer,Plain,Pipistrellus abramus
S3281,Summer,Plain,Pipistrellus abramus
S3282,Summer,Plain,Pipistrellus abramus
S3283,Summer,Plain,Pipistrellus abramus
S3284,Summer,Plain,Pipistrellus abramus
S3285,Summer,Plain,Pipistrellus abramus
S3286,Summer,Plain,Pipistrellus abramus
S3287,Summer,Plain,Pipistrellus abramus
S3288,Summer,Plain,Pipistrellus abramus
S3289,Summer,Plain,Pipistrellus abramus
S3290,Summer,Plain,Pipistrellus abramus
S3291,Summer,Plain,Pipistrellus abramus
S3292,Summer,Plain,Pipistrellus abramus
S3293,Summer,Plain,Pipistrellus abramus
S3294,Summer,Plain,Pipistrellus abramus
S3295,Summer,Plain,Pipistrellus abramus
S3296,Summer,Plain,Pipistrellus abramus
S3297,Summer,Plain,Pipistrellus abramus
S3298,Summer,Plain,Pipistrellus abramus
S3299,Summer,Plain,Pipistrellus abramus
S3300,Summer,Plain,Pipistrellus abramus
S3301,Summer,Plain,Pipistrellus abramus
S3302,Summer,Plain,Pipistrellus abramus
S3303,Summer,Plain,Pipistrellus abramus
S3304,Summer,Plain,Pipistrellus abramus
S3305,Summer,Plain,Pipistrellus abramus
S3306,Summer,Plain,Pipistrellus abramus
S3307,Summer,Plain,Pipistrellus abramus
S3308,Summer,Plain,Pipistrellus abramus
S3309,Summer,Plain,Pipistrellus abramus
S3310,Summer,Plain,Pipistrellus abramus
S3311,Summer,Plain,Pipistrellus abramus
S3312,Summer,Plain,Pipistrellus abramus
S3313,Summer,Plain,Pipistrellus abramus
S3314,Summer,Plain,Pipistrellus abramus
S3315,Summer,Plain,Pipistrellus abramus
S3316,Summer,Plain,Pipistrellus abramus
S3317,Summer,Plain,Pipistrellus abramus
S3318,Summer,Plain,Pipistrellus abramus
S3319,Summer,Plain,Pipistrellus abramus
S3320,Summer,Plain,Pipistrellus abramus
S3321,Summer,Plain,Pipistrellus abramus
S3322,Summer,Plain,Pipistrellus abramus
S3323,Summer,Plain,Pipistrellus abramus
S3324,Summer,Plain,Pipistrellus abramus
S3325,Summer,Plain,Pipistrellus abramus
S3326,Summer,Plain,Pipistrellus abramus
S3327,Summer,Plain,Pipistrellus abramus
S3328,Summer,Plain,Pipistrellus abramus
S3329,Summer,Plain,Pipistrellus abramus
S3330,Summer,Plain,Pipistrellus abramus
S3331,Summer,Plain,Pipistrellus abramus
S3332,Summer,Plain,Pipistrellus abramus
S3333,Summer,Plain,Pipistrellus abramus
S3334,Summer,Plain,Pipistrellus abramus
S3335,Summer,Plain,Pipistrellus abramus
S3336,Summer,Plain,Pipistrellus abramus
S3337,Summer,Plain,Pipistrellus abramus
S3338,Summer,Plain,Pipistrellus abramus
S3339,Summer,Plain,Pipistrellus abramus
S3340,Summer,Plain,Pipistrellus abramus
S3341,Summer,Plain,Pipistrellus abramus
S3342,Summer,Plain,Pipistrellus abramus
S3343,Summer,Plain,Pipistrellus abramus
S3344,Summer,Plain,Pipistrellus abramus
S3345,Summer,Plain,Pipistrellus abramus
S3346,Summer,Plain,Pipistrellus abramus
S3347,Summer,Plain,Pipistrellus abramus
S3348,Summer,Plain,Pipistrellus abramus
S3349,Summer,Plain,Pipistrellus abramus
S3350,Summer,Plain,Pipistrellus abramus
S3351,Summer,Plain,Pipistrellus abramus
S3352,Summer,Plain,Pipistrellus abramus
S3353,Summer,Plain,Pipistrellus abramus
S3354,Summer,Plain,Pipistrellus abramus
S3355,Summer,Plain,Pipistrellus abramus
S3356,Summer,Plain,Pipistrellus abramus
S3357,Summer,Plain,Pipistrellus abramus
S3358,Summer,Plain,Pipistrellus abramus
S3359,Summer,Plain,Pipistrellus abramus
S3360,Summer,Plain,Pipistrellus abramus
S3361,Summer,Plain,Pipistrellus abramus
S3362,Summer,Plain,Pipistrellus abramus
S3363,Summer,Plain,Pipistrellus abramus
S3364,Summer,Plain,Pipistrellus abramus
S3365,Summer,Plain,Pipistrellus abramus
S3366,Summer,Plain,Pipistrellus abramus
S3367,Summer,Plain,Pipistrellus abramus
S3368,Summer,Plain,Pipistrellus abramus
S3369,Summer,Plain,Pipistrellus abramus
S3370,Summer,Plain,Pipistrellus abramus
S3371,Summer,Plain,Pipistrellus abramus
S3372,Summer,Plain,Pipistrellus abramus
S3373,Summer,Plain,Pipistrellus abramus
S3374,Summer,Plain,Pipistrellus abramus
S3375,Summer,Plain,Pipistrellus abramus
S3376,Summer,Plain,Pipistrellus abramus
S3377,Summer,Plain,Pipistrellus abramus
S3378,Summer,Plain,Pipistrellus abramus
S3379,Summer,Plain,Pipistrellus abramus
S3380,Summer,Plain,Pipistrellus abramus
S3381,Summer,Plain,Pipistrellus abramus
S3382,Summer,Plain,Pipistrellus abramus
S3383,Summer,Plain,Pipistrellus abramus
S3384,Summer,Plain,Pipistrellus abramus
S3385,Summer,Plain,Pipistrellus abramus
S3386,Summer,Plain,Pipistrellus abramus
S3387,Summer,Plain,Pipistrellus abramus
S3388,Summer,Plain,Pipistrellus abramus
S3389,Summer,Plain,Pipistrellus abramus
S3390,Summer,Plain,Pipistrellus abramus
S3391,Summer,Plain,Pipistrellus abramus
S3392,Summer,Plain,Pipistrellus abramus
S3393,Summer,Plain,Pipistrellus abramus
S3394,Summer,Plain,Pipistrellus abramus
S3395,Summer,Plain,Pipistrellus abramus
S3396,Summer,Plain,Pipistrellus abramus
S3397,Summer,Plain,Pipistrellus abramus
S3398,Summer,Plain,Pipistrellus abramus
S3399,Summer,Plain,Pipistrellus abramus
S3400,Summer,Plain,Pipistrellus abramus
S3401,Summer,Plain,Pipistrellus abramus
S3402,Summer,Plain,Pipistrellus abramus
S3403,Summer,Plain,Pipistrellus abramus
S3404,Summer,Plain,Pipistrellus abramus
S3405,Summer,Plain,Pipistrellus abramus
S3406,Summer,Plain,Pipistrellus abramus
S3407,Summer,Plain,Pipistrellus abramus
S3408,Summer,Plain,Pipistrellus abramus
S3409,Summer,Plain,Pipistrellus abramus
S3410,Summer,Plain,Pipistrellus abramus
S3411,Summer,Plain,Pipistrellus abramus
S3412,Summer,Plain,Pipistrellus abramus
S3413,Summer,Plain,Pipistrellus abramus
S3414,Summer,Plain,Pipistrellus abramus
S3415,Summer,Plain,Pipistrellus abramus
S3416,Summer,Plain,Pipistrellus abramus
S3417,Summer,Plain,Pipistrellus abramus
S3418,Summer,Plain,Pipistrellus abramus
S3419,Summer,Plain,Pipistrellus abramus
S3420,Summer,Plain,Pipistrellus abramus
S3421,Summer,Plain,Pipistrellus abramus
S3422,Summer,Plain,Pipistrellus abramus
S3423,Summer,Plain,Pipistrellus abramus
S3424,Summer,Plain,Pipistrellus abramus
S3425,Summer,Plain,Pipistrellus abramus
S3426,Summer,Plain,Pipistrellus abramus
S3427,Summer,Plain,Pipistrellus abramus
S3428,Summer,Plain,Pipistrellus abramus
S3429,Summer,Plain,Pipistrellus abramus
S3430,Summer,Plain,Pipistrellus abramus
S3431,Summer,Plain,Pipistrellus abramus
S3432,Summer,Plain,Pipistrellus abramus
S3433,Summer,Plain,Pipistrellus abramus
S3434,Summer,Plain,Pipistrellus abramus
S3435,Summer,Plain,Pipistrellus abramus
S3436,Summer,Plain,Pipistrellus abramus
S3437,Summer,Plain,Pipistrellus abramus
S3438,Summer,Plain,Pipistrellus abramus
S3439,Summer,Plain,Pipistrellus abramus
S3440,Summer,Plain,Pipistrellus abramus
S3441,Summer,Plain,Pipistrellus abramus
S3442,Summer,Plain,Pipistrellus abramus
S3443,Summer,Plain,Pipistrellus abramus
S3444,Summer,Plain,Pipistrellus abramus
S3445,Summer,Plain,Pipistrellus abramus
S3446,Summer,Plain,Pipistrellus abramus
S3447,Summer,Plain,Pipistrellus abramus
S3448,Summer,Plain,Pipistrellus abramus
S3449,Summer,Plain,Pipistrellus abramus
S3450,Summer,Plain,Pipistrellus abramus
S3451,Summer,Plain,Pipistrellus abramus
S3452,Summer,Plain,Pipistrellus abramus
S3453,Summer,Plain,Pipistrellus abramus
S3454,Summer,Plain,Pipistrellus abramus
S3455,Summer,Plain,Pipistrellus abramus
S3456,Summer,Plain,Pipistrellus abramus
S3457,Summer,Plain,Pipistrellus abramus
S3458,Summer,Plain,Pipistrellus abramus
S3459,Summer,Plain,Pipistrellus abramus
S3460,Summer,Plain,Pipistrellus abramus
S3461,Summer,Plain,Pipistrellus abramus
S3462,Summer,Plain,Pipistrellus abramus
S3463,Summer,Plain,Pipistrellus abramus
S3464,Summer,Plain,Pipistrellus abramus
S3465,Summer,Plain,Pipistrellus abramus
S3466,Summer,Plain,Pipistrellus abramus
S3467,Summer,Plain,Pipistrellus abramus
S3468,Summer,Plain,Pipistrellus abramus
S3469,Summer,Plain,Pipistrellus abramus
S3470,Summer,Plain,Pipistrellus abramus
S3471,Summer,Plain,Pipistrellus abramus
S3472,Summer,Plain,Pipistrellus abramus
S3473,Summer,Plain,Pipistrellus abramus
S3474,Summer,Plain,Pipistrellus abramus
S3475,Summer,Plain,Pipistrellus abramus
S3476,Summer,Plain,Pipistrellus abramus
S3477,Summer,Plain,Pipistrellus abramus
S3478,Summer,Plain,Pipistrellus abramus
S3479,Summer,Plain,Pipistrellus abramus
S3480,Summer,Plain,Pipistrellus abramus
S3481,Summer,Plain,Pipistrellus abramus
S3482,Summer,Plain,Pipistrellus abramus
S3483,Summer,Plain,Pipistrellus abramus
S3484,Summer,Plain,Pipistrellus abramus
S3485,Summer,Plain,Pipistrellus abramus
S3486,Summer,Plain,Pipistrellus abramus
S3487,Summer,Plain,Pipistrellus abramus
S3488,Summer,Plain,Pipistrellus abramus
S3489,Summer,Plain,Pipistrellus abramus
S3490,Summer,Plain,Pipistrellus abramus
S3491,Summer,Plain,Pipistrellus abramus
S3492,Summer,Plain,Pipistrellus abramus
S3493,Summer,Plain,Pipistrellus abramus
S3494,Summer,Plain,Pipistrellus abramus
S3495,Summer,Plain,Pipistrellus abramus
S3496,Summer,Plain,Pipistrellus abramus
S3497,Summer,Plain,Pipistrellus abramus
S3498,Summer,Plain,Pipistrellus abramus
S3499,Summer,Plain,Pipistrellus abramus
S3500,Summer,Plain,Pipistrellus abramus
S3501,Summer,Plain,Pipistrellus abramus
S3502,Summer,Plain,Pipistrellus abramus
S3503,Summer,Plain,Pipistrellus abramus
S3504,Summer,Plain,Pipistrellus abramus
S3505,Summer,Plain,Pipistrellus abramus
S3506,Summer,Plain,Pipistrellus abramus
S3507,Summer,Plain,Pipistrellus abramus
S3508,Summer,Plain,Pipistrellus abramus
S3509,Summer,Plain,Pipistrellus abramus
S3510,Summer,Plain,Pipistrellus abramus
S3511,Summer,Plain,Pipistrellus abramus
S3512,Summer,Plain,Pipistrellus abramus
S3513,Summer,Plain,Pipistrellus abramus
S3514,Summer,Plain,Pipistrellus abramus
S3515,Summer,Plain,Pipistrellus abramus
S3516,Summer,Plain,Pipistrellus abramus
S3517,Summer,Plain,Pipistrellus abramus
S3518,Summer,Plain,Pipistrellus abramus
S3519,Summer,Plain,Pipistrellus abramus
S3520,Summer,Plain,Pipistrellus abramus
S3521,Summer,Plain,Pipistrellus abramus
S3522,Summer,Plain,Pipistrellus abramus
S3523,Summer,Plain,Pipistrellus abramus
S3524,Summer,Plain,Pipistrellus abramus
S3525,Summer,Plain,Pipistrellus abramus
S3526,Summer,Plain,Pipistrellus abramus
S3527,Summer,Plain,Pipistrellus abramus
S3528,Summer,Plain,Pipistrellus abramus
S3529,Summer,Plain,Pipistrellus abramus
S3530,Summer,Plain,Pipistrellus abramus
S3531,Summer,Plain,Pipistrellus abramus
S3532,Summer,Plain,Pipistrellus abramus
S3533,Summer,Plain,Pipistrellus abramus
S3534,Summer,Plain,Pipistrellus abramus
S3535,Spring,Plain,Pipistrellus abramus
S3536,Spring,Plain,Pipistrellus abramus
S3537,Spring,Plain,Pipistrellus abramus
S3538,Spring,Plain,Pipistrellus abramus
S3539,Spring,Plain,Pipistrellus abramus
S3540,Spring,Plain,Pipistrellus abramus
S3541,Spring,Plain,Pipistrellus abramus
S3542,Spring,Plain,Pipistrellus abramus
S3543,Spring,Plain,Pipistrellus abramus
S3544,Spring,Plain,Pipistrellus abramus
S3545,Spring,Plain,Pipistrellus abramus
S3546,Spring,Plain,Pipistrellus abramus
S3547,Spring,Plain,Pipistrellus abramus
S3548,Spring,Plain,Pipistrellus abramus
S3549,Spring,Plain,Pipistrellus abramus
S3550,Spring,Plain,Pipistrellus abramus
S3551,Spring,Plain,Pipistrellus abramus
S3552,Spring,Plain,Pipistrellus abramus
S3553,Spring,Plain,Pipistrellus abramus
S3554,Spring,Plain,Pipistrellus abramus
S3555,Spring,Plain,Pipistrellus abramus
S3556,Spring,Plain,Pipistrellus abramus
S3557,Spring,Plain,Pipistrellus abramus
S3558,Spring,Plain,Pipistrellus abramus
S3559,Spring,Plain,Pipistrellus abramus
S3560,Spring,Plain,Pipistrellus abramus
S3561,Spring,Plain,Pipistrellus abramus
S3562,Spring,Plain,Pipistrellus abramus
S3563,Spring,Plain,Pipistrellus abramus
S3564,Spring,Plain,Pipistrellus abramus
S3565,Spring,Plain,Pipistrellus abramus
S3566,Spring,Plain,Pipistrellus abramus
S3567,Spring,Plain,Pipistrellus abramus
S3568,Spring,Plain,Pipistrellus abramus
S3569,Spring,Plain,Pipistrellus abramus
S3570,Spring,Plain,Pipistrellus abramus
S3571,Spring,Plain,Pipistrellus abramus
S3572,Spring,Plain,Pipistrellus abramus
S3573,Spring,Plain,Pipistrellus abramus
S3574,Spring,Plain,Pipistrellus abramus
S3575,Spring,Plain,Pipistrellus abramus
S3576,Spring,Plain,Pipistrellus abramus
S3577,Spring,Plain,Pipistrellus abramus
S3578,Spring,Plain,Pipistrellus abramus
S3579,Spring,Plain,Pipistrellus abramus
S3580,Spring,Plain,Pipistrellus abramus
S3581,Spring,Plain,Pipistrellus abramus
S3582,Spring,Plain,Pipistrellus abramus
S3583,Spring,Plain,Pipistrellus abramus
S3584,Spring,Plain,Pipistrellus abramus
S3585,Spring,Plain,Pipistrellus abramus
S3586,Spring,Plain,Pipistrellus abramus
S3587,Spring,Plain,Pipistrellus abramus
S3588,Spring,Plain,Pipistrellus abramus
S3589,Spring,Plain,Pipistrellus abramus
S3590,Spring,Plain,Pipistrellus abramus
S3591,Spring,Plain,Pipistrellus abramus
S3592,Spring,Plain,Pipistrellus abramus
S3593,Spring,Plain,Pipistrellus abramus
S3594,Spring,Plain,Pipistrellus abramus
S3595,Spring,Plain,Pipistrellus abramus
S3596,Spring,Plain,Pipistrellus abramus
S3597,Spring,Plain,Pipistrellus abramus
S3598,Spring,Plain,Pipistrellus abramus
S3599,Spring,Plain,Pipistrellus abramus
S3600,Spring,Plain,Pipistrellus abramus
S3601,Spring,Plain,Pipistrellus abramus
S3602,Spring,Plain,Pipistrellus abramus
S3603,Spring,Plain,Pipistrellus abramus
S3604,Spring,Plain,Pipistrellus abramus
S3605,Spring,Plain,Pipistrellus abramus
S3606,Spring,Plain,Pipistrellus abramus
S3607,Spring,Plain,Pipistrellus abramus
S3608,Spring,Plain,Pipistrellus abramus
S3609,Spring,Plain,Pipistrellus abramus
S3610,Spring,Plain,Pipistrellus abramus
S3611,Spring,Plain,Pipistrellus abramus
S3612,Spring,Plain,Pipistrellus abramus
S3613,Spring,Plain,Pipistrellus abramus
S3614,Spring,Plain,Pipistrellus abramus
S3615,Spring,Plain,Pipistrellus abramus
S3616,Spring,Plain,Pipistrellus abramus
S3617,Spring,Plain,Pipistrellus abramus
S3618,Spring,Plain,Pipistrellus abramus
S3619,Spring,Plain,Pipistrellus abramus
S3620,Spring,Plain,Pipistrellus abramus
S3621,Spring,Plain,Pipistrellus abramus
S3622,Spring,Plain,Pipistrellus abramus
S3623,Spring,Plain,Pipistrellus abramus
S3624,Spring,Plain,Pipistrellus abramus
S3625,Spring,Plain,Pipistrellus abramus
S3626,Spring,Plain,Pipistrellus abramus
S3627,Spring,Plain,Pipistrellus abramus
S3628,Spring,Plain,Pipistrellus abramus
S3629,Spring,Plain,Pipistrellus abramus
S3630,Spring,Plain,Pipistrellus abramus
S3631,Spring,Plain,Pipistrellus abramus
S3632,Spring,Plain,Pipistrellus abramus
S3633,Spring,Plain,Pipistrellus abramus
S3634,Spring,Plain,Pipistrellus abramus
S3635,Spring,Plain,Pipistrellus abramus
S3636,Spring,Plain,Pipistrellus abramus
S3637,Spring,Plain,Pipistrellus abramus
S3638,Spring,Plain,Pipistrellus abramus
S3639,Spring,Plain,Pipistrellus abramus
S3640,Spring,Plain,Pipistrellus abramus
S3641,Spring,Plain,Pipistrellus abramus
S3642,Spring,Plain,Pipistrellus abramus
S3643,Spring,Plain,Pipistrellus abramus
S3644,Spring,Plain,Pipistrellus abramus
S3645,Spring,Plain,Pipistrellus abramus
S3646,Spring,Plain,Pipistrellus abramus
S3647,Spring,Plain,Pipistrellus abramus
S3648,Spring,Plain,Pipistrellus abramus
S3649,Spring,Plain,Pipistrellus abramus
S3650,Spring,Plain,Pipistrellus abramus
S3651,Spring,Plain,Pipistrellus abramus
S3652,Spring,Plain,Pipistrellus abramus
S3653,Spring,Plain,Pipistrellus abramus
S3654,Spring,Plain,Pipistrellus abramus
S3655,Spring,Plain,Pipistrellus abramus
S3656,Spring,Plain,Pipistrellus abramus
S3657,Spring,Plain,Pipistrellus abramus
S3658,Spring,Plain,Pipistrellus abramus
S3659,Spring,Plain,Pipistrellus abramus
S3660,Spring,Plain,Pipistrellus abramus
S3661,Spring,Plain,Pipistrellus abramus
S3662,Spring,Plain,Pipistrellus abramus
S3663,Spring,Plain,Pipistrellus abramus
S3664,Spring,Plain,Pipistrellus abramus
S3665,Spring,Plain,Pipistrellus abramus
S3666,Spring,Plain,Pipistrellus abramus
S3667,Spring,Plain,Pipistrellus abramus
S3668,Spring,Plain,Pipistrellus abramus
S3669,Spring,Plain,Pipistrellus abramus
S3670,Spring,Plain,Pipistrellus abramus
S3671,Spring,Plain,Pipistrellus abramus
S3672,Spring,Plain,Pipistrellus abramus
S3673,Spring,Plain,Pipistrellus abramus
S3674,Spring,Plain,Pipistrellus abramus
S3675,Spring,Plain,Pipistrellus abramus
S3676,Spring,Plain,Pipistrellus abramus
S3677,Spring,Plain,Pipistrellus abramus
S3678,Spring,Plain,Pipistrellus abramus
S3679,Spring,Plain,Pipistrellus abramus
S3680,Spring,Plain,Pipistrellus abramus
S3681,Spring,Plain,Pipistrellus abramus
S3682,Spring,Plain,Pipistrellus abramus
S3683,Spring,Plain,Pipistrellus abramus
S3684,Spring,Plain,Pipistrellus abramus
S3685,Spring,Plain,Pipistrellus abramus
S3686,Spring,Plain,Pipistrellus abramus
S3687,Spring,Plain,Pipistrellus abramus
S3688,Spring,Plain,Pipistrellus abramus
S3689,Spring,Plain,Pipistrellus abramus
S3690,Spring,Plain,Pipistrellus abramus
S3691,Spring,Plain,Pipistrellus abramus
S3692,Spring,Plain,Pipistrellus abramus
S3693,Spring,Plain,Pipistrellus abramus
S3694,Spring,Plain,Pipistrellus abramus
S3695,Spring,Plain,Pipistrellus abramus
S3696,Spring,Plain,Pipistrellus abramus
S3697,Spring,Plain,Pipistrellus abramus
S3698,Spring,Plain,Pipistrellus abramus
S3699,Spring,Plain,Pipistrellus abramus
S3700,Spring,Plain,Pipistrellus abramus
S3701,Spring,Plain,Pipistrellus abramus
S3702,Spring,Plain,Pipistrellus abramus
S3703,Spring,Plain,Pipistrellus abramus
S3704,Spring,Plain,Pipistrellus abramus
S3705,Spring,Plain,Pipistrellus abramus
S3706,Spring,Plain,Pipistrellus abramus
S3707,Spring,Plain,Pipistrellus abramus
S3708,Spring,Plain,Pipistrellus abramus
S3709,Spring,Plain,Pipistrellus abramus
S3710,Spring,Plain,Pipistrellus abramus
S3711,Spring,Plain,Pipistrellus abramus
S3712,Spring,Plain,Pipistrellus abramus
S3713,Spring,Plain,Pipistrellus abramus
S3714,Spring,Plain,Pipistrellus abramus
S3715,Spring,Plain,Pipistrellus abramus
S3716,Spring,Plain,Pipistrellus abramus
S3717,Spring,Plain,Pipistrellus abramus
S3718,Spring,Plain,Pipistrellus abramus
S3719,Spring,Plain,Pipistrellus abramus
S3720,Spring,Plain,Pipistrellus abramus
S3721,Spring,Plain,Pipistrellus abramus
S3722,Spring,Plain,Pipistrellus abramus
S3723,Spring,Plain,Pipistrellus abramus
S3724,Spring,Plain,Pipistrellus abramus
S3725,Spring,Plain,Pipistrellus abramus
S3726,Spring,Plain,Pipistrellus abramus
S3727,Spring,Plain,Pipistrellus abramus
S3728,Spring,Plain,Pipistrellus abramus
S3729,Spring,Plain,Pipistrellus abramus
S3730,Spring,Plain,Pipistrellus abramus
S3731,Spring,Plain,Pipistrellus abramus
S3732,Spring,Plain,Pipistrellus abramus
S3733,Spring,Plain,Pipistrellus abramus
S3734,Spring,Plain,Pipistrellus abramus
S3735,Spring,Plain,Pipistrellus abramus
S3736,Spring,Plain,Pipistrellus abramus
S3737,Spring,Plain,Pipistrellus abramus
S3738,Spring,Plain,Pipistrellus abramus
S3739,Spring,Plain,Pipistrellus abramus
S3740,Spring,Plain,Pipistrellus abramus
S3741,Spring,Plain,Pipistrellus abramus
S3742,Spring,Plain,Pipistrellus abramus
S3743,Spring,Plain,Pipistrellus abramus
S3744,Spring,Plain,Pipistrellus abramus
S3745,Spring,Plain,Pipistrellus abramus
S3746,Spring,Plain,Pipistrellus abramus
S3747,Spring,Plain,Pipistrellus abramus
S3748,Spring,Plain,Pipistrellus abramus
S3749,Spring,Plain,Pipistrellus abramus
S3750,Spring,Plain,Pipistrellus abramus
S3751,Spring,Plain,Pipistrellus abramus
S3752,Spring,Plain,Pipistrellus abramus
S3753,Spring,Plain,Pipistrellus abramus
S3754,Spring,Plain,Pipistrellus abramus
S3755,Spring,Plain,Pipistrellus abramus
S3756,Spring,Plain,Pipistrellus abramus
S3757,Spring,Plain,Pipistrellus abramus
S3758,Spring,Plain,Pipistrellus abramus
S3759,Spring,Plain,Pipistrellus abramus
S3760,Spring,Plain,Pipistrellus abramus
S3761,Spring,Plain,Pipistrellus abramus
S3762,Spring,Plain,Pipistrellus abramus
S3763,Spring,Plain,Pipistrellus abramus
S3764,Spring,Plain,Pipistrellus abramus
S3765,Spring,Plain,Pipistrellus abramus
S3766,Spring,Plain,Pipistrellus abramus
S3767,Spring,Plain,Pipistrellus abramus
S3768,Spring,Plain,Pipistrellus abramus
S3769,Spring,Plain,Pipistrellus abramus
S3770,Spring,Plain,Pipistrellus abramus
S3771,Spring,Plain,Pipistrellus abramus
S3772,Spring,Plain,Pipistrellus abramus
S3773,Spring,Plain,Pipistrellus abramus
S3774,Spring,Plain,Pipistrellus abramus
S3775,Spring,Plain,Pipistrellus abramus
S3776,Spring,Plain,Pipistrellus abramus
S3777,Spring,Plain,Pipistrellus abramus
S3778,Spring,Plain,Pipistrellus abramus
S3779,Spring,Plain,Pipistrellus abramus
S3780,Spring,Plain,Pipistrellus abramus
S3781,Spring,Plain,Pipistrellus abramus
S3782,Spring,Plain,Pipistrellus abramus
S3783,Spring,Plain,Pipistrellus abramus
S3784,Spring,Plain,Pipistrellus abramus
S3785,Spring,Plain,Pipistrellus abramus
S3786,Spring,Plain,Pipistrellus abramus
S3787,Spring,Plain,Pipistrellus abramus
S3788,Spring,Plain,Pipistrellus abramus
S3789,Spring,Plain,Pipistrellus abramus
S3790,Spring,Plain,Pipistrellus abramus
S3791,Spring,Plain,Pipistrellus abramus
S3792,Spring,Plain,Pipistrellus abramus
S3793,Spring,Plain,Pipistrellus abramus
S3794,Spring,Plain,Pipistrellus abramus
S3795,Spring,Plain,Pipistrellus abramus
S3796,Spring,Plain,Pipistrellus abramus
S3797,Spring,Plain,Pipistrellus abramus
S3798,Spring,Plain,Pipistrellus abramus
S3799,Spring,Plain,Pipistrellus abramus
S3800,Spring,Plain,Pipistrellus abramus
S3801,Spring,Plain,Pipistrellus abramus
S3802,Spring,Plain,Pipistrellus abramus
S3803,Spring,Plain,Pipistrellus abramus
S3804,Spring,Plain,Pipistrellus abramus
S3805,Spring,Plain,Pipistrellus abramus
S3806,Spring,Plain,Pipistrellus abramus
S3807,Spring,Plain,Pipistrellus abramus
S3808,Spring,Plain,Pipistrellus abramus
S3809,Spring,Plain,Pipistrellus abramus
S3810,Spring,Plain,Pipistrellus abramus
S3811,Spring,Plain,Pipistrellus abramus
S3812,Spring,Plain,Pipistrellus abramus
S3813,Spring,Plain,Pipistrellus abramus
S3814,Spring,Plain,Pipistrellus abramus
S3815,Spring,Plain,Pipistrellus abramus
S3816,Spring,Plain,Pipistrellus abramus
S3817,Spring,Plain,Pipistrellus abramus
S3818,Spring,Plain,Pipistrellus abramus
S3819,Spring,Plain,Pipistrellus abramus
S3820,Spring,Plain,Pipistrellus abramus
S3821,Spring,Plain,Pipistrellus abramus
S3822,Spring,Plain,Pipistrellus abramus
S3823,Spring,Plain,Pipistrellus abramus
S3824,Spring,Plain,Pipistrellus abramus
S3825,Spring,Plain,Pipistrellus abramus
S3826,Spring,Plain,Pipistrellus abramus
S3827,Spring,Plain,Pipistrellus abramus
S3828,Summer,Plain,Pipistrellus abramus
S3829,Summer,Plain,Pipistrellus abramus
S3830,Summer,Plain,Pipistrellus abramus
S3831,Summer,Plain,Pipistrellus abramus
S3832,Summer,Plain,Pipistrellus abramus
S3833,Summer,Plain,Pipistrellus abramus
S3834,Summer,Plain,Pipistrellus abramus
S3835,Summer,Plain,Pipistrellus abramus
S3836,Summer,Plain,Pipistrellus abramus
S3837,Summer,Plain,Pipistrellus abramus
S3838,Summer,Plain,Pipistrellus abramus
S3839,Summer,Plain,Pipistrellus abramus
S3840,Summer,Plain,Pipistrellus abramus
S3841,Summer,Plain,Pipistrellus abramus
S3842,Summer,Plain,Pipistrellus abramus
S3843,Summer,Plain,Pipistrellus abramus
S3844,Summer,Plain,Pipistrellus abramus
S3845,Summer,Plain,Pipistrellus abramus
S3846,Summer,Plain,Pipistrellus abramus
S3847,Summer,Plain,Pipistrellus abramus
S3848,Summer,Plain,Pipistrellus abramus
S3849,Summer,Plain,Pipistrellus abramus
S3850,Summer,Plain,Pipistrellus abramus
S3851,Summer,Plain,Pipistrellus abramus
S3852,Summer,Plain,Pipistrellus abramus
S3853,Summer,Plain,Pipistrellus abramus
S3854,Summer,Plain,Pipistrellus abramus
S3855,Summer,Plain,Pipistrellus abramus
S3856,Summer,Plain,Pipistrellus abramus
S3857,Summer,Plain,Pipistrellus abramus
S3858,Summer,Plain,Pipistrellus abramus
S3859,Summer,Plain,Pipistrellus abramus
S3860,Summer,Plain,Pipistrellus abramus
S3861,Summer,Plain,Pipistrellus abramus
S3862,Summer,Plain,Pipistrellus abramus
S3863,Summer,Plain,Pipistrellus abramus
S3864,Summer,Plain,Pipistrellus abramus
S3865,Summer,Plain,Pipistrellus abramus
S3866,Summer,Plain,Pipistrellus abramus
S3867,Summer,Plain,Pipistrellus abramus
S3868,Summer,Plain,Pipistrellus abramus
S3869,Summer,Plain,Pipistrellus abramus
S3870,Summer,Plain,Pipistrellus abramus
S3871,Summer,Plain,Pipistrellus abramus
S3872,Summer,Plain,Pipistrellus abramus
S3873,Summer,Plain,Pipistrellus abramus
S3874,Summer,Plain,Pipistrellus abramus
S3875,Summer,Plain,Pipistrellus abramus
S3876,Summer,Plain,Pipistrellus abramus
S3877,Summer,Plain,Pipistrellus abramus
S3878,Summer,Plain,Pipistrellus abramus
S3879,Summer,Plain,Pipistrellus abramus
S3880,Summer,Plain,Pipistrellus abramus
S3881,Summer,Plain,Pipistrellus abramus
S3882,Summer,Plain,Pipistrellus abramus
S3883,Summer,Plain,Pipistrellus abramus
S3884,Summer,Plain,Pipistrellus abramus
S3885,Summer,Plain,Pipistrellus abramus
S3886,Summer,Plain,Pipistrellus abramus
S3887,Summer,Plain,Pipistrellus abramus
S3888,Summer,Plain,Pipistrellus abramus
S3889,Summer,Plain,Pipistrellus abramus
S3890,Summer,Plain,Pipistrellus abramus
S3891,Summer,Plain,Pipistrellus abramus
S3892,Summer,Plain,Pipistrellus abramus
S3893,Summer,Plain,Pipistrellus abramus
S3894,Summer,Plain,Pipistrellus abramus
S3895,Summer,Plain,Pipistrellus abramus
S3896,Summer,Plain,Pipistrellus abramus
S3897,Summer,Plain,Pipistrellus abramus
S3898,Summer,Plain,Pipistrellus abramus
S3899,Summer,Plain,Pipistrellus abramus
S3900,Summer,Plain,Pipistrellus abramus
S3901,Summer,Plain,Pipistrellus abramus
S3902,Summer,Plain,Pipistrellus abramus
S3903,Summer,Plain,Pipistrellus abramus
S3904,Summer,Plain,Pipistrellus abramus
S3905,Summer,Plain,Pipistrellus abramus
S3906,Summer,Plain,Pipistrellus abramus
S3907,Summer,Plain,Pipistrellus abramus
S3908,Summer,Plain,Pipistrellus abramus
S3909,Summer,Plain,Pipistrellus abramus
S3910,Summer,Plain,Pipistrellus abramus
S3911,Summer,Plain,Pipistrellus abramus
S3912,Summer,Plain,Pipistrellus abramus
S3913,Summer,Plain,Pipistrellus abramus
S3914,Summer,Plain,Pipistrellus abramus
S3915,Summer,Plain,Pipistrellus abramus
S3916,Summer,Plain,Pipistrellus abramus
S3917,Summer,Plain,Pipistrellus abramus
S3918,Summer,Plain,Pipistrellus abramus
S3919,Summer,Plain,Pipistrellus abramus
S3920,Summer,Plain,Pipistrellus abramus
S3921,Summer,Plain,Pipistrellus abramus
S3922,Summer,Plain,Pipistrellus abramus
S3923,Summer,Plain,Pipistrellus abramus
S3924,Summer,Plain,Pipistrellus abramus
S3925,Summer,Plain,Pipistrellus abramus
S3926,Summer,Mesa,Pipistrellus abramus
S3927,Summer,Mesa,Pipistrellus abramus
S3928,Summer,Mesa,Pipistrellus abramus
S3929,Summer,Mesa,Pipistrellus abramus
S3930,Summer,Mesa,Pipistrellus abramus
S3931,Summer,Mesa,Pipistrellus abramus
S3932,Summer,Mesa,Pipistrellus abramus
S3933,Summer,Mesa,Pipistrellus abramus
S3934,Summer,Mesa,Pipistrellus abramus
S3935,Summer,Mesa,Pipistrellus abramus
S3936,Summer,Mesa,Pipistrellus abramus
S3937,Summer,Mesa,Pipistrellus abramus
S3938,Summer,Mesa,Pipistrellus abramus
S3939,Summer,Mesa,Pipistrellus abramus
S3940,Summer,Mesa,Pipistrellus abramus
S3941,Summer,Mesa,Pipistrellus abramus
S3942,Summer,Mesa,Pipistrellus abramus
S3943,Summer,Mesa,Pipistrellus abramus
S3944,Summer,Mesa,Pipistrellus abramus
S3945,Summer,Mesa,Pipistrellus abramus
S3946,Summer,Mesa,Pipistrellus abramus
S3947,Summer,Mesa,Pipistrellus abramus
S3948,Summer,Mesa,Pipistrellus abramus
S3949,Summer,Mesa,Pipistrellus abramus
S3950,Summer,Mesa,Pipistrellus abramus
S3951,Summer,Mesa,Pipistrellus abramus
S3952,Summer,Plain,Pipistrellus abramus
S3953,Summer,Plain,Pipistrellus abramus
S3954,Summer,Mesa,Pipistrellus abramus
S3955,Summer,Mesa,Pipistrellus abramus
S3956,Summer,Mesa,Pipistrellus abramus
S3957,Summer,Mesa,Pipistrellus abramus
S3958,Summer,Mesa,Pipistrellus abramus
S3959,Summer,Mesa,Pipistrellus abramus
S3960,Summer,Mesa,Pipistrellus abramus
S3961,Summer,Mesa,Pipistrellus abramus
S3962,Summer,Mesa,Pipistrellus abramus
S3963,Summer,Mesa,Pipistrellus abramus
S3964,Summer,Mesa,Pipistrellus abramus
S3965,Summer,Mesa,Pipistrellus abramus
S3966,Summer,Mesa,Pipistrellus abramus
S3967,Summer,Mesa,Pipistrellus abramus
S3968,Summer,Mesa,Pipistrellus abramus
S3969,Summer,Mesa,Pipistrellus abramus
S3970,Summer,Mesa,Pipistrellus abramus
S3971,Summer,Plain,Pipistrellus abramus
S3972,Summer,Plain,Pipistrellus abramus
S3973,Summer,Plain,Pipistrellus abramus
S3974,Summer,Plain,Pipistrellus abramus
S3975,Summer,Plain,Pipistrellus abramus
S3976,Summer,Plain,Pipistrellus abramus
S3977,Summer,Plain,Pipistrellus abramus
S3978,Summer,Plain,Pipistrellus abramus
S3979,Summer,Plain,Pipistrellus abramus
S3980,Summer,Plain,Pipistrellus abramus
S3981,Summer,Plain,Pipistrellus abramus
S3982,Summer,Plain,Pipistrellus abramus
S3983,Summer,Plain,Pipistrellus abramus
S3984,Summer,Plain,Pipistrellus abramus
S3985,Summer,Plain,Pipistrellus abramus
S3986,Summer,Plain,Pipistrellus abramus
S3987,Summer,Plain,Pipistrellus abramus
S3988,Summer,Plain,Pipistrellus abramus
S3989,Summer,Plain,Pipistrellus abramus
S3990,Summer,Plain,Pipistrellus abramus
S3991,Summer,Plain,Pipistrellus abramus
S3992,Summer,Plain,Pipistrellus abramus
S3993,Summer,Plain,Pipistrellus abramus
S3994,Summer,Plain,Pipistrellus abramus
S3995,Summer,Plain,Pipistrellus abramus
S3996,Summer,Plain,Pipistrellus abramus
S3997,Summer,Plain,Pipistrellus abramus
S3998,Summer,Plain,Pipistrellus abramus
S3999,Summer,Plain,Pipistrellus abramus
S4000,Summer,Plain,Pipistrellus abramus
S4001,Summer,Plain,Pipistrellus abramus
S4002,Summer,Plain,Pipistrellus abramus
S4003,Summer,Plain,Pipistrellus abramus
S4004,Summer,Plain,Pipistrellus abramus
S4005,Summer,Plain,Pipistrellus abramus
S4006,Summer,Plain,Pipistrellus abramus
S4007,Summer,Plain,Pipistrellus abramus
S4008,Summer,Plain,Pipistrellus abramus
S4009,Summer,Plain,Pipistrellus abramus
S4010,Summer,Plain,Pipistrellus abramus
S4011,Summer,Plain,Pipistrellus abramus
S4012,Summer,Plain,Pipistrellus abramus
S4013,Summer,Plain,Pipistrellus abramus
S4014,Summer,Plain,Pipistrellus abramus
S4015,Summer,Plain,Pipistrellus abramus
S4016,Summer,Plain,Pipistrellus abramus
S4017,Summer,Plain,Pipistrellus abramus
S4018,Summer,Plain,Pipistrellus abramus
S4019,Summer,Plain,Pipistrellus abramus
S4020,Summer,Plain,Pipistrellus abramus
S4021,Summer,Plain,Pipistrellus abramus
S4022,Summer,Plain,Pipistrellus abramus
S4023,Summer,Plain,Pipistrellus abramus
S4024,Summer,Plain,Pipistrellus abramus
S4025,Summer,Plain,Pipistrellus abramus
S4026,Summer,Plain,Pipistrellus abramus
S4027,Summer,Plain,Pipistrellus abramus
S4028,Summer,Plain,Pipistrellus abramus
S4029,Summer,Plain,Pipistrellus abramus
S4030,Summer,Plain,Pipistrellus abramus
S4031,Summer,Plain,Pipistrellus abramus
S4032,Summer,Plain,Pipistrellus abramus
S4033,Summer,Plain,Pipistrellus abramus
S4034,Summer,Plain,Pipistrellus abramus
S4035,Summer,Plain,Pipistrellus abramus
S4036,Summer,Plain,Pipistrellus abramus
S4037,Summer,Plain,Pipistrellus abramus
S4038,Summer,Plain,Pipistrellus abramus
S4039,Summer,Plain,Pipistrellus abramus
S4040,Summer,Plain,Pipistrellus abramus
S4041,Summer,Plain,Pipistrellus abramus
S4042,Summer,Plain,Pipistrellus abramus
S4043,Summer,Plain,Pipistrellus abramus
S4044,Summer,Plain,Pipistrellus abramus
S4045,Summer,Plain,Pipistrellus abramus
S4046,Summer,Plain,Pipistrellus abramus
S4047,Summer,Plain,Pipistrellus abramus
S4048,Summer,Plain,Pipistrellus abramus
S4049,Summer,Plain,Pipistrellus abramus
S4050,Summer,Plain,Pipistrellus abramus
S4051,Summer,Plain,Pipistrellus abramus
S4052,Summer,Plain,Pipistrellus abramus
S4053,Summer,Plain,Pipistrellus abramus
S4054,Summer,Plain,Pipistrellus abramus
S4055,Summer,Plain,Pipistrellus abramus
S4056,Summer,Plain,Pipistrellus abramus
S4057,Summer,Plain,Pipistrellus abramus
S4058,Summer,Plain,Pipistrellus abramus
S4059,Summer,Plain,Pipistrellus abramus
S4060,Summer,Plain,Pipistrellus abramus
S4061,Summer,Plain,Pipistrellus abramus
S4062,Summer,Plain,Pipistrellus abramus
S4063,Summer,Plain,Pipistrellus abramus
S4064,Summer,Plain,Pipistrellus abramus
S4065,Summer,Plain,Pipistrellus abramus
S4066,Summer,Plain,Pipistrellus abramus
S4067,Summer,Plain,Pipistrellus abramus
S4068,Summer,Plain,Pipistrellus abramus
S4069,Summer,Plain,Pipistrellus abramus
S4070,Summer,Plain,Pipistrellus abramus
S4071,Summer,Plain,Pipistrellus abramus
S4072,Summer,Plain,Pipistrellus abramus
S4073,Summer,Plain,Pipistrellus abramus
S4074,Summer,Plain,Pipistrellus abramus
S4075,Summer,Plain,Pipistrellus abramus
S4076,Summer,Plain,Pipistrellus abramus
S4077,Summer,Plain,Pipistrellus abramus
S4078,Summer,Plain,Pipistrellus abramus
S4079,Summer,Plain,Pipistrellus abramus
S4080,Summer,Plain,Pipistrellus abramus
S4081,Summer,Plain,Pipistrellus abramus
S4082,Summer,Plain,Pipistrellus abramus
S4083,Summer,Plain,Pipistrellus abramus
S4084,Summer,Plain,Pipistrellus abramus
S4085,Summer,Plain,Pipistrellus abramus
S4086,Summer,Plain,Pipistrellus abramus
S4087,Summer,Plain,Pipistrellus abramus
S4088,Summer,Plain,Pipistrellus abramus
S4089,Summer,Plain,Pipistrellus abramus
S4090,Summer,Plain,Pipistrellus abramus
S4091,Summer,Plain,Pipistrellus abramus
S4092,Summer,Plain,Pipistrellus abramus
S4093,Summer,Plain,Pipistrellus abramus
S4094,Summer,Plain,Pipistrellus abramus
S4095,Summer,Plain,Pipistrellus abramus
S4096,Summer,Plain,Pipistrellus abramus
S4097,Summer,Plain,Pipistrellus abramus
S4098,Summer,Plain,Pipistrellus abramus
S4099,Summer,Plain,Pipistrellus abramus
S4100,Summer,Plain,Pipistrellus abramus
S4101,Summer,Plain,Pipistrellus abramus
S4102,Summer,Plain,Pipistrellus abramus
S4103,Summer,Plain,Pipistrellus abramus
S4104,Summer,Plain,Pipistrellus abramus
S4105,Summer,Plain,Pipistrellus abramus
S4106,Summer,Plain,Pipistrellus abramus
S4107,Summer,Plain,Pipistrellus abramus
S4108,Summer,Plain,Pipistrellus abramus
S4109,Summer,Plain,Pipistrellus abramus
S4110,Summer,Plain,Pipistrellus abramus
S4111,Summer,Plain,Pipistrellus abramus
S4112,Summer,Plain,Pipistrellus abramus
S4113,Summer,Plain,Pipistrellus abramus
S4114,Summer,Plain,Pipistrellus abramus
S4115,Summer,Plain,Pipistrellus abramus
S4116,Summer,Plain,Pipistrellus abramus
S4117,Summer,Plain,Pipistrellus abramus
S4118,Summer,Plain,Pipistrellus abramus
S4119,Summer,Plain,Pipistrellus abramus
S4120,Summer,Plain,Pipistrellus abramus
S4121,Summer,Plain,Pipistrellus abramus
S4122,Summer,Plain,Pipistrellus abramus
S4123,Summer,Plain,Pipistrellus abramus
S4124,Summer,Plain,Pipistrellus abramus
S4125,Summer,Plain,Pipistrellus abramus
S4126,Summer,Plain,Pipistrellus abramus
S4127,Summer,Plain,Pipistrellus abramus
S4128,Summer,Plain,Pipistrellus abramus
S4129,Summer,Plain,Pipistrellus abramus
S4130,Summer,Plain,Pipistrellus abramus
S4131,Summer,Plain,Pipistrellus abramus
S4132,Summer,Plain,Pipistrellus abramus
S4133,Summer,Plain,Pipistrellus abramus
S4134,Summer,Plain,Pipistrellus abramus
S4135,Summer,Plain,Pipistrellus abramus
S4136,Summer,Plain,Pipistrellus abramus
S4137,Summer,Plain,Pipistrellus abramus
S4138,Summer,Plain,Pipistrellus abramus
S4139,Summer,Plain,Pipistrellus abramus
S4140,Summer,Plain,Pipistrellus abramus
S4141,Summer,Plain,Pipistrellus abramus
S4142,Summer,Plain,Pipistrellus abramus
S4143,Summer,Plain,Pipistrellus abramus
S4144,Summer,Plain,Pipistrellus abramus
S4145,Summer,Plain,Pipistrellus abramus
S4146,Summer,Plain,Pipistrellus abramus
S4147,Summer,Plain,Pipistrellus abramus
S4148,Summer,Plain,Pipistrellus abramus
S4149,Summer,Plain,Pipistrellus abramus
S4150,Summer,Plain,Pipistrellus abramus
S4151,Summer,Plain,Pipistrellus abramus
S4152,Summer,Plain,Pipistrellus abramus
S4153,Summer,Plain,Pipistrellus abramus
S4154,Summer,Plain,Pipistrellus abramus
S4155,Summer,Plain,Pipistrellus abramus
S4156,Summer,Plain,Pipistrellus abramus
S4157,Summer,Plain,Pipistrellus abramus
S4158,Summer,Plain,Pipistrellus abramus
S4159,Summer,Plain,Pipistrellus abramus
S4160,Summer,Plain,Pipistrellus abramus
S4161,Summer,Plain,Pipistrellus abramus
S4162,Spring,Plain,Pipistrellus abramus
S4163,Spring,Plain,Pipistrellus abramus
S4164,Spring,Plain,Pipistrellus abramus
S4165,Spring,Plain,Pipistrellus abramus
S4166,Spring,Plain,Pipistrellus abramus
S4167,Spring,Plain,Pipistrellus abramus
S4168,Spring,Plain,Pipistrellus abramus
S4169,Spring,Plain,Pipistrellus abramus
S4170,Spring,Plain,Pipistrellus abramus
S4171,Spring,Plain,Pipistrellus abramus
S4172,Spring,Plain,Pipistrellus abramus
S4173,Summer,Plain,Pipistrellus abramus
S4174,Summer,Plain,Pipistrellus abramus
S4175,Summer,Plain,Pipistrellus abramus
S4176,Summer,Plain,Pipistrellus abramus
S4177,Summer,Plain,Pipistrellus abramus
S4178,Summer,Plain,Pipistrellus abramus
S4179,Summer,Plain,Pipistrellus abramus
S4180,Summer,Plain,Pipistrellus abramus
S4181,Summer,Plain,Pipistrellus abramus
S4182,Summer,Plain,Pipistrellus abramus
S4183,Summer,Plain,Pipistrellus abramus
S4184,Summer,Plain,Pipistrellus abramus
S4185,Summer,Plain,Pipistrellus abramus
S4186,Summer,Plain,Pipistrellus abramus
S4187,Summer,Plain,Pipistrellus abramus
S4188,Summer,Plain,Pipistrellus abramus
S4189,Summer,Plain,Pipistrellus abramus
S4190,Summer,Plain,Pipistrellus abramus
S4191,Summer,Plain,Pipistrellus abramus
S4192,Summer,Plain,Pipistrellus abramus
S4193,Summer,Plain,Pipistrellus abramus
S4194,Summer,Plain,Pipistrellus abramus
S4195,Summer,Plain,Pipistrellus abramus
S4196,Summer,Plain,Pipistrellus abramus
S4197,Summer,Plain,Pipistrellus abramus
S4198,Summer,Plain,Pipistrellus abramus
S4199,Summer,Plain,Pipistrellus abramus
S4200,Summer,Plain,Pipistrellus abramus
S4201,Summer,Plain,Pipistrellus abramus
S4202,Summer,Plain,Pipistrellus abramus
S4203,Summer,Plain,Pipistrellus abramus
S4204,Summer,Plain,Pipistrellus abramus
S4205,Summer,Plain,Pipistrellus abramus
S4206,Summer,Plain,Pipistrellus abramus
S4207,Summer,Plain,Pipistrellus abramus
S4208,Summer,Plain,Pipistrellus abramus
S4209,Summer,Plain,Pipistrellus abramus
S4210,Summer,Plain,Pipistrellus abramus
S4211,Summer,Plain,Pipistrellus abramus
S4212,Summer,Plain,Pipistrellus abramus
S4213,Summer,Plain,Pipistrellus abramus
S4214,Summer,Plain,Pipistrellus abramus
S4215,Summer,Plain,Pipistrellus abramus
S4216,Summer,Plain,Pipistrellus abramus
S4217,Summer,Plain,Pipistrellus abramus
S4218,Summer,Plain,Pipistrellus abramus
S4219,Summer,Plain,Pipistrellus abramus
S4220,Summer,Plain,Pipistrellus abramus
S4221,Summer,Plain,Pipistrellus abramus
S4222,Summer,Plain,Pipistrellus abramus
S4223,Summer,Plain,Pipistrellus abramus
S4224,Summer,Plain,Pipistrellus abramus
S4225,Summer,Plain,Pipistrellus abramus
S4226,Summer,Plain,Pipistrellus abramus
S4227,Summer,Plain,Pipistrellus abramus
S4228,Summer,Plain,Pipistrellus abramus
S4229,Summer,Plain,Pipistrellus abramus
S4230,Summer,Plain,Pipistrellus abramus
S4231,Summer,Plain,Pipistrellus abramus
S4232,Summer,Plain,Pipistrellus abramus
S4233,Summer,Plain,Pipistrellus abramus
S4234,Summer,Plain,Pipistrellus abramus
S4235,Summer,Plain,Pipistrellus abramus
S4236,Summer,Plain,Pipistrellus abramus
S4237,Summer,Plain,Pipistrellus abramus
S4238,Summer,Plain,Pipistrellus abramus
S4239,Summer,Plain,Pipistrellus abramus
S4240,Summer,Plain,Pipistrellus abramus
S4241,Summer,Plain,Pipistrellus abramus
S4242,Summer,Plain,Pipistrellus abramus
S4243,Summer,Plain,Pipistrellus abramus
S4244,Summer,Plain,Pipistrellus abramus
S4245,Summer,Plain,Pipistrellus abramus
S4246,Summer,Plain,Pipistrellus abramus
S4247,Summer,Plain,Pipistrellus abramus
S4248,Summer,Plain,Pipistrellus abramus
S4249,Summer,Plain,Pipistrellus abramus
S4250,Summer,Plain,Pipistrellus abramus
S4251,Summer,Plain,Pipistrellus abramus
S4252,Summer,Plain,Pipistrellus abramus
S4253,Summer,Plain,Pipistrellus abramus
S4254,Summer,Plain,Pipistrellus abramus
S4255,Summer,Plain,Pipistrellus abramus
S4256,Summer,Plain,Pipistrellus abramus
S4257,Summer,Plain,Pipistrellus abramus
S4258,Summer,Plain,Pipistrellus abramus
S4259,Summer,Plain,Pipistrellus abramus
S4260,Summer,Plain,Pipistrellus abramus
S4261,Summer,Plain,Pipistrellus abramus
S4262,Summer,Plain,Pipistrellus abramus
S4263,Summer,Plain,Pipistrellus abramus
S4264,Summer,Plain,Pipistrellus abramus
S4265,Summer,Plain,Pipistrellus abramus
S4266,Summer,Plain,Pipistrellus abramus
S4267,Summer,Plain,Pipistrellus abramus
S4268,Summer,Plain,Pipistrellus abramus
S4269,Summer,Plain,Pipistrellus abramus
S4270,Summer,Plain,Pipistrellus abramus
S4271,Summer,Plain,Pipistrellus abramus
S4272,Summer,Plain,Pipistrellus abramus
S4273,Summer,Plain,Pipistrellus abramus
S4274,Summer,Plain,Pipistrellus abramus
S4275,Summer,Plain,Pipistrellus abramus
S4276,Summer,Plain,Pipistrellus abramus
S4277,Summer,Plain,Pipistrellus abramus
S4278,Summer,Plain,Pipistrellus abramus
S4279,Summer,Plain,Pipistrellus abramus
S4280,Summer,Plain,Pipistrellus abramus
S4281,Summer,Plain,Pipistrellus abramus
S4282,Summer,Plain,Pipistrellus abramus
S4283,Summer,Plain,Pipistrellus abramus
S4284,Summer,Plain,Pipistrellus abramus
S4285,Summer,Plain,Pipistrellus abramus
S4286,Summer,Plain,Pipistrellus abramus
S4287,Summer,Plain,Pipistrellus abramus
S4288,Summer,Plain,Pipistrellus abramus
S4289,Summer,Plain,Pipistrellus abramus
S4290,Summer,Plain,Pipistrellus abramus
S4291,Summer,Plain,Pipistrellus abramus
S4292,Summer,Plain,Pipistrellus abramus
S4293,Summer,Plain,Pipistrellus abramus
S4294,Summer,Plain,Pipistrellus abramus
S4295,Summer,Plain,Pipistrellus abramus
S4296,Summer,Plain,Pipistrellus abramus
S4297,Summer,Plain,Pipistrellus abramus
S4298,Summer,Plain,Pipistrellus abramus
S4299,Summer,Plain,Pipistrellus abramus
S4300,Summer,Plain,Pipistrellus abramus
S4301,Spring,Plain,Pipistrellus abramus
S4302,Spring,Plain,Pipistrellus abramus
S4303,Spring,Plain,Pipistrellus abramus
S4304,Spring,Plain,Pipistrellus abramus
S4305,Spring,Plain,Pipistrellus abramus
S4306,Spring,Plain,Pipistrellus abramus
S4307,Spring,Plain,Pipistrellus abramus
S4308,Spring,Plain,Pipistrellus abramus
S4309,Spring,Plain,Pipistrellus abramus
S4310,Spring,Plain,Pipistrellus abramus
S4311,Spring,Mesa,Pipistrellus abramus
S4312,Spring,Mesa,Pipistrellus abramus
S4313,Summer,Plain,Pipistrellus abramus
S4314,Summer,Plain,Pipistrellus abramus
S4315,Summer,Plain,Pipistrellus abramus
S4316,Summer,Plain,Pipistrellus abramus
S4317,Summer,Plain,Pipistrellus abramus
S4318,Summer,Plain,Pipistrellus abramus
S4319,Summer,Plain,Pipistrellus abramus
S4320,Summer,Plain,Pipistrellus abramus
S4321,Summer,Plain,Pipistrellus abramus
S4322,Summer,Plain,Pipistrellus abramus
S4323,Summer,Plain,Pipistrellus abramus
S4324,Summer,Plain,Pipistrellus abramus
S4325,Summer,Plain,Pipistrellus abramus
S4326,Summer,Plain,Pipistrellus abramus
S4327,Summer,Plain,Pipistrellus abramus
S4328,Summer,Plain,Pipistrellus abramus
S4329,Summer,Plain,Pipistrellus abramus
S4330,Summer,Plain,Pipistrellus abramus
S4331,Summer,Plain,Pipistrellus abramus
S4332,Summer,Plain,Pipistrellus abramus
S4333,Summer,Plain,Pipistrellus abramus
S4334,Summer,Plain,Pipistrellus abramus
S4335,Summer,Plain,Pipistrellus abramus
S4336,Summer,Plain,Pipistrellus abramus
S4337,Summer,Plain,Pipistrellus abramus
S4338,Summer,Plain,Pipistrellus abramus
S4339,Summer,Plain,Pipistrellus abramus
S4340,Summer,Plain,Pipistrellus abramus
S4341,Summer,Plain,Pipistrellus abramus
S4342,Summer,Plain,Pipistrellus abramus
S4343,Summer,Plain,Pipistrellus abramus
S4344,Summer,Plain,Pipistrellus abramus
S4345,Summer,Plain,Pipistrellus abramus
S4346,Summer,Plain,Pipistrellus abramus
S4347,Summer,Plain,Pipistrellus abramus
S4348,Summer,Plain,Pipistrellus abramus
S4349,Summer,Plain,Pipistrellus abramus
S4350,Summer,Plain,Pipistrellus abramus
S4351,Summer,Plain,Pipistrellus abramus
S4352,Summer,Plain,Pipistrellus abramus
S4353,Summer,Plain,Pipistrellus abramus
S4354,Summer,Plain,Pipistrellus abramus
S4355,Summer,Plain,Pipistrellus abramus
S4356,Summer,Plain,Pipistrellus abramus
S4357,Summer,Plain,Pipistrellus abramus
S4358,Summer,Plain,Pipistrellus abramus
S4359,Summer,Plain,Pipistrellus abramus
S4360,Summer,Plain,Pipistrellus abramus
S4361,Summer,Plain,Pipistrellus abramus
S4362,Summer,Plain,Pipistrellus abramus
S4363,Summer,Plain,Pipistrellus abramus
S4364,Summer,Plain,Pipistrellus abramus
S4365,Summer,Plain,Pipistrellus abramus
S4366,Summer,Plain,Pipistrellus abramus
S4367,Summer,Plain,Pipistrellus abramus
S4368,Summer,Plain,Pipistrellus abramus
S4369,Summer,Plain,Pipistrellus abramus
S4370,Summer,Plain,Pipistrellus abramus
S4371,Summer,Plain,Pipistrellus abramus
S4372,Summer,Plain,Pipistrellus abramus
S4373,Summer,Plain,Pipistrellus abramus
S4374,Summer,Plain,Pipistrellus abramus
S4375,Summer,Plain,Pipistrellus abramus
S4376,Spring,Plain,Myotis fimbriatus
S4377,Spring,Plain,Myotis fimbriatus
S4378,Spring,Plain,Myotis fimbriatus
S4379,Spring,Plain,Myotis fimbriatus
S4380,Spring,Plain,Myotis fimbriatus
S4381,Spring,Plain,Myotis fimbriatus
S4382,Spring,Plain,Myotis fimbriatus
S4383,Spring,Plain,Myotis fimbriatus
S4384,Spring,Plain,Myotis fimbriatus
S4385,Spring,Plain,Myotis fimbriatus
S4386,Spring,Plain,Myotis fimbriatus
S4387,Spring,Plain,Myotis fimbriatus
S4388,Spring,Plain,Myotis fimbriatus
S4389,Spring,Plain,Myotis fimbriatus
S4390,Spring,Plain,Myotis fimbriatus
S4391,Spring,Plain,Myotis fimbriatus
S4392,Spring,Plain,Myotis fimbriatus
S4393,Spring,Plain,Myotis fimbriatus
S4394,Spring,Plain,Myotis fimbriatus
S4395,Spring,Plain,Myotis fimbriatus
S4396,Spring,Plain,Myotis fimbriatus
S4397,Spring,Plain,Myotis fimbriatus
S4398,Summer,Plain,Myotis fimbriatus
S4399,Summer,Plain,Myotis fimbriatus
S4400,Summer,Mesa,Myotis fimbriatus
S4401,Summer,Mesa,Myotis fimbriatus
S4402,Summer,Mesa,Myotis fimbriatus
S4403,Summer,Plain,Myotis fimbriatus
S4404,Summer,Plain,Myotis fimbriatus
S4405,Summer,Plain,Myotis fimbriatus
S4406,Spring,Plain,Myotis fimbriatus
S4407,Spring,Plain,Myotis fimbriatus
S4408,Spring,Plain,Myotis fimbriatus
S4409,Spring,Plain,Myotis fimbriatus
S4410,Spring,Plain,Myotis fimbriatus
S4411,Spring,Plain,Myotis fimbriatus
S4412,Spring,Plain,Myotis fimbriatus
S4413,Spring,Plain,Myotis fimbriatus
S4414,Spring,Plain,Myotis fimbriatus
S4415,Spring,Plain,Myotis fimbriatus
S4416,Spring,Plain,Myotis fimbriatus
S4417,Spring,Plain,Myotis fimbriatus
S4418,Spring,Plain,Myotis fimbriatus
S4419,Spring,Plain,Myotis fimbriatus
S4420,Spring,Plain,Myotis fimbriatus
S4421,Spring,Plain,Myotis fimbriatus
S4422,Spring,Plain,Myotis fimbriatus
S4423,Spring,Plain,Myotis fimbriatus
S4424,Spring,Plain,Myotis fimbriatus
S4425,Spring,Plain,Myotis fimbriatus
S4426,Spring,Plain,Myotis fimbriatus
S4427,Spring,Plain,Myotis fimbriatus
S4428,Spring,Plain,Myotis fimbriatus
S4429,Spring,Plain,Myotis fimbriatus
S4430,Spring,Plain,Myotis fimbriatus
S4431,Spring,Plain,Myotis fimbriatus
S4432,Spring,Plain,Myotis fimbriatus
S4433,Spring,Plain,Myotis fimbriatus
S4434,Spring,Plain,Myotis fimbriatus
S4435,Spring,Plain,Myotis fimbriatus
S4436,Spring,Plain,Myotis fimbriatus
S4437,Spring,Plain,Myotis fimbriatus
S4438,Spring,Plain,Myotis fimbriatus
S4439,Spring,Plain,Myotis fimbriatus
S4440,Spring,Plain,Myotis fimbriatus
S4441,Spring,Plain,Myotis fimbriatus
S4442,Spring,Plain,Myotis fimbriatus
S4443,Spring,Plain,Myotis fimbriatus
S4444,Spring,Plain,Myotis fimbriatus
S4445,Spring,Plain,Myotis fimbriatus
S4446,Spring,Plain,Myotis fimbriatus
S4447,Spring,Plain,Myotis fimbriatus
S4448,Spring,Plain,Myotis fimbriatus
S4449,Spring,Plain,Myotis fimbriatus
S4450,Spring,Plain,Myotis fimbriatus
S4451,Spring,Plain,Myotis fimbriatus
S4452,Spring,Plain,Myotis fimbriatus
S4453,Spring,Plain,Myotis fimbriatus
S4454,Spring,Plain,Myotis fimbriatus
S4455,Spring,Plain,Myotis fimbriatus
S4456,Spring,Plain,Myotis fimbriatus
S4457,Spring,Plain,Myotis fimbriatus
S4458,Spring,Plain,Myotis fimbriatus
S4459,Spring,Plain,Myotis fimbriatus
S4460,Spring,Plain,Myotis fimbriatus
S4461,Spring,Plain,Myotis fimbriatus
S4462,Spring,Plain,Myotis fimbriatus
S4463,Spring,Plain,Myotis fimbriatus
S4464,Spring,Plain,Myotis fimbriatus
S4465,Spring,Plain,Myotis fimbriatus
S4466,Spring,Plain,Myotis fimbriatus
S4467,Spring,Plain,Myotis fimbriatus
S4468,Spring,Plain,Myotis fimbriatus
S4469,Spring,Plain,Myotis fimbriatus
S4470,Spring,Plain,Myotis fimbriatus
S4471,Spring,Plain,Myotis fimbriatus
S4472,Spring,Plain,Myotis fimbriatus
S4473,Spring,Plain,Myotis fimbriatus
S4474,Spring,Plain,Myotis fimbriatus
S4475,Spring,Plain,Myotis fimbriatus
S4476,Spring,Plain,Myotis fimbriatus
S4477,Spring,Plain,Myotis fimbriatus
S4478,Spring,Plain,Myotis fimbriatus
S4479,Spring,Plain,Myotis fimbriatus
S4480,Spring,Plain,Myotis fimbriatus
S4481,Spring,Plain,Myotis fimbriatus
S4482,Spring,Plain,Myotis fimbriatus
S4483,Spring,Plain,Myotis fimbriatus
S4484,Spring,Plain,Myotis fimbriatus
S4485,Spring,Plain,Myotis fimbriatus
S4486,Spring,Plain,Myotis fimbriatus
S4487,Spring,Plain,Myotis fimbriatus
S4488,Spring,Plain,Myotis fimbriatus
S4489,Spring,Plain,Myotis fimbriatus
S4490,Spring,Plain,Myotis fimbriatus
S4491,Spring,Plain,Myotis fimbriatus
S4492,Spring,Plain,Myotis fimbriatus
S4493,Spring,Plain,Myotis fimbriatus
S4494,Spring,Plain,Myotis fimbriatus
S4495,Spring,Plain,Myotis fimbriatus
S4496,Spring,Plain,Myotis fimbriatus
S4497,Spring,Plain,Myotis fimbriatus
S4498,Summer,Plain,Myotis fimbriatus
S4499,Summer,Plain,Myotis fimbriatus
S4500,Summer,Plain,Myotis fimbriatus
S4501,Summer,Plain,Myotis fimbriatus
S4502,Summer,Plain,Myotis fimbriatus
S4503,Summer,Plain,Myotis fimbriatus
S4504,Summer,Plain,Myotis fimbriatus
S4505,Summer,Plain,Myotis fimbriatus
S4506,Summer,Plain,Myotis fimbriatus
S4507,Summer,Plain,Myotis fimbriatus
S4508,Summer,Plain,Myotis fimbriatus
S4509,Summer,Plain,Myotis fimbriatus
S4510,Summer,Plain,Myotis fimbriatus
S4511,Summer,Plain,Myotis fimbriatus
S4512,Summer,Plain,Myotis fimbriatus
S4513,Summer,Plain,Myotis fimbriatus
S4514,Summer,Plain,Myotis fimbriatus
S4515,Summer,Plain,Myotis fimbriatus
S4516,Summer,Plain,Myotis fimbriatus
S4517,Summer,Plain,Myotis fimbriatus
S4518,Summer,Plain,Myotis fimbriatus
S4519,Summer,Plain,Myotis fimbriatus
S4520,Summer,Plain,Myotis fimbriatus
S4521,Summer,Plain,Myotis fimbriatus
S4522,Summer,Plain,Myotis fimbriatus
S4523,Summer,Plain,Myotis fimbriatus
S4524,Summer,Plain,Myotis fimbriatus
S4525,Summer,Plain,Myotis fimbriatus
S4526,Summer,Plain,Myotis fimbriatus
S4527,Summer,Plain,Myotis fimbriatus
S4528,Summer,Plain,Myotis fimbriatus
S4529,Summer,Plain,Myotis fimbriatus
S4530,Summer,Plain,Myotis fimbriatus
S4531,Summer,Plain,Myotis fimbriatus
S4532,Summer,Plain,Myotis fimbriatus
S4533,Summer,Plain,Myotis fimbriatus
S4534,Summer,Plain,Myotis fimbriatus
S4535,Summer,Plain,Myotis fimbriatus
S4536,Summer,Plain,Myotis fimbriatus
S4537,Summer,Plain,Myotis fimbriatus
S4538,Summer,Plain,Myotis fimbriatus
S4539,Summer,Plain,Myotis fimbriatus
S4540,Summer,Plain,Myotis fimbriatus
S4541,Summer,Plain,Myotis fimbriatus
S4542,Summer,Plain,Myotis fimbriatus
S4543,Summer,Plain,Myotis fimbriatus
S4544,Summer,Plain,Myotis fimbriatus
S4545,Summer,Plain,Myotis fimbriatus
S4546,Summer,Plain,Myotis fimbriatus
S4547,Summer,Plain,Myotis fimbriatus
S4548,Summer,Plain,Myotis fimbriatus
S4549,Summer,Plain,Myotis fimbriatus
S4550,Summer,Plain,Myotis fimbriatus
S4551,Summer,Plain,Myotis fimbriatus
S4552,Summer,Plain,Myotis fimbriatus
S4553,Summer,Plain,Myotis fimbriatus
S4554,Summer,Plain,Myotis fimbriatus
S4555,Summer,Plain,Myotis fimbriatus
S4556,Summer,Plain,Myotis fimbriatus
S4557,Summer,Plain,Myotis fimbriatus
S4558,Summer,Plain,Myotis fimbriatus
S4559,Summer,Plain,Myotis fimbriatus
S4560,Summer,Plain,Myotis fimbriatus
S4561,Summer,Plain,Myotis fimbriatus
S4562,Summer,Plain,Myotis fimbriatus
S4563,Summer,Plain,Myotis fimbriatus
S4564,Summer,Plain,Myotis fimbriatus
S4565,Summer,Plain,Myotis fimbriatus
S4566,Summer,Plain,Myotis fimbriatus
S4567,Summer,Plain,Myotis fimbriatus
S4568,Summer,Plain,Myotis fimbriatus
S4569,Summer,Plain,Myotis fimbriatus
S4570,Summer,Plain,Myotis fimbriatus
S4571,Summer,Plain,Myotis fimbriatus
S4572,Summer,Plain,Myotis fimbriatus
S4573,Summer,Plain,Myotis fimbriatus
S4574,Summer,Plain,Myotis fimbriatus
S4575,Summer,Plain,Myotis fimbriatus
S4576,Summer,Plain,Myotis fimbriatus
S4577,Summer,Plain,Myotis fimbriatus
S4578,Summer,Plain,Myotis fimbriatus
S4579,Summer,Plain,Myotis fimbriatus
S4580,Summer,Plain,Myotis fimbriatus
S4581,Summer,Plain,Myotis fimbriatus
S4582,Summer,Plain,Myotis fimbriatus
S4583,Summer,Plain,Myotis fimbriatus
S4584,Summer,Plain,Myotis fimbriatus
S4585,Summer,Plain,Myotis fimbriatus
S4586,Summer,Plain,Myotis fimbriatus
S4587,Summer,Plain,Myotis fimbriatus
S4588,Summer,Plain,Myotis fimbriatus
S4589,Summer,Plain,Myotis fimbriatus
S4590,Summer,Plain,Myotis fimbriatus
S4591,Summer,Plain,Myotis fimbriatus
S4592,Summer,Plain,Myotis fimbriatus
S4593,Summer,Plain,Myotis fimbriatus
S4594,Summer,Plain,Myotis fimbriatus
S4595,Summer,Plain,Myotis fimbriatus
S4596,Summer,Plain,Myotis fimbriatus
S4597,Summer,Plain,Myotis fimbriatus
S4598,Summer,Plain,Myotis fimbriatus
S4599,Summer,Plain,Myotis fimbriatus
S4600,Summer,Plain,Myotis fimbriatus
S4601,Summer,Plain,Myotis fimbriatus
S4602,Summer,Plain,Myotis fimbriatus
S4603,Summer,Plain,Myotis fimbriatus
S4604,Summer,Plain,Myotis fimbriatus
S4605,Summer,Plain,Myotis fimbriatus
S4606,Summer,Plain,Myotis fimbriatus
S4607,Summer,Plain,Myotis fimbriatus
S4608,Summer,Plain,Myotis fimbriatus
S4609,Summer,Plain,Myotis fimbriatus
S4610,Summer,Plain,Myotis fimbriatus
S4611,Summer,Plain,Myotis fimbriatus
S4612,Summer,Plain,Myotis fimbriatus
S4613,Summer,Plain,Myotis fimbriatus
S4614,Summer,Plain,Myotis fimbriatus
S4615,Summer,Plain,Myotis fimbriatus
S4616,Summer,Plain,Myotis fimbriatus
S4617,Summer,Plain,Myotis fimbriatus
S4618,Summer,Plain,Myotis fimbriatus
S4619,Summer,Plain,Myotis fimbriatus
S4620,Summer,Plain,Myotis fimbriatus
S4621,Summer,Plain,Myotis fimbriatus
S4622,Summer,Plain,Myotis fimbriatus
S4623,Summer,Plain,Myotis fimbriatus
S4624,Summer,Plain,Myotis fimbriatus
S4625,Summer,Plain,Myotis fimbriatus
S4626,Summer,Plain,Myotis fimbriatus
S4627,Summer,Plain,Myotis fimbriatus
S4628,Summer,Plain,Myotis fimbriatus
S4629,Summer,Plain,Myotis fimbriatus
S4630,Summer,Plain,Myotis fimbriatus
S4631,Summer,Plain,Myotis fimbriatus
S4632,Summer,Plain,Myotis fimbriatus
S4633,Summer,Plain,Myotis fimbriatus
S4634,Summer,Plain,Myotis fimbriatus
S4635,Summer,Plain,Myotis fimbriatus
S4636,Summer,Plain,Myotis fimbriatus
S4637,Summer,Plain,Myotis fimbriatus
S4638,Summer,Plain,Myotis fimbriatus
S4639,Summer,Plain,Myotis fimbriatus
S4640,Summer,Plain,Myotis fimbriatus
S4641,Summer,Plain,Myotis fimbriatus
S4642,Summer,Plain,Myotis fimbriatus
S4643,Summer,Plain,Myotis fimbriatus
S4644,Summer,Plain,Myotis fimbriatus
S4645,Summer,Plain,Myotis fimbriatus
S4646,Summer,Plain,Myotis fimbriatus
S4647,Summer,Plain,Myotis fimbriatus
S4648,Summer,Plain,Myotis fimbriatus
S4649,Summer,Plain,Myotis fimbriatus
S4650,Summer,Plain,Myotis fimbriatus
S4651,Summer,Plain,Myotis fimbriatus
S4652,Summer,Plain,Myotis fimbriatus
S4653,Summer,Plain,Myotis fimbriatus
S4654,Summer,Plain,Myotis fimbriatus
S4655,Summer,Plain,Myotis fimbriatus
S4656,Summer,Plain,Myotis fimbriatus
S4657,Summer,Plain,Myotis fimbriatus
S4658,Summer,Plain,Myotis fimbriatus
S4659,Summer,Plain,Myotis fimbriatus
S4660,Summer,Plain,Myotis fimbriatus
S4661,Summer,Plain,Myotis fimbriatus
S4662,Summer,Plain,Myotis fimbriatus
S4663,Summer,Plain,Myotis fimbriatus
S4664,Summer,Plain,Myotis fimbriatus
S4665,Summer,Plain,Myotis fimbriatus
S4666,Summer,Plain,Myotis fimbriatus
S4667,Summer,Plain,Myotis fimbriatus
S4668,Summer,Plain,Myotis fimbriatus
S4669,Summer,Plain,Myotis fimbriatus
S4670,Summer,Plain,Myotis fimbriatus
S4671,Summer,Plain,Myotis fimbriatus
S4672,Summer,Plain,Myotis fimbriatus
S4673,Summer,Plain,Myotis fimbriatus
S4674,Summer,Plain,Myotis fimbriatus
S4675,Summer,Plain,Myotis fimbriatus
S4676,Summer,Plain,Myotis fimbriatus
S4677,Summer,Plain,Myotis fimbriatus
S4678,Summer,Plain,Myotis fimbriatus
S4679,Summer,Plain,Myotis fimbriatus
S4680,Summer,Plain,Myotis fimbriatus
S4681,Summer,Plain,Myotis fimbriatus
S4682,Summer,Plain,Myotis fimbriatus
S4683,Summer,Plain,Myotis fimbriatus
S4684,Summer,Plain,Myotis fimbriatus
S4685,Summer,Plain,Myotis fimbriatus
S4686,Summer,Plain,Myotis fimbriatus
S4687,Summer,Plain,Nyctalus plancyi
S4688,Summer,Plain,Nyctalus plancyi
S4689,Summer,Plain,Nyctalus plancyi
S4690,Summer,Plain,Nyctalus plancyi
S4691,Summer,Plain,Nyctalus plancyi
S4692,Summer,Plain,Nyctalus plancyi
S4693,Summer,Plain,Nyctalus plancyi
S4694,Summer,Plain,Nyctalus plancyi
S4695,Summer,Plain,Nyctalus plancyi
S4696,Summer,Plain,Nyctalus plancyi
S4697,Summer,Plain,Nyctalus plancyi
S4698,Summer,Plain,Nyctalus plancyi
S4699,Summer,Plain,Nyctalus plancyi
S4700,Summer,Plain,Nyctalus plancyi
S4701,Summer,Plain,Nyctalus plancyi
S4702,Summer,Plain,Nyctalus plancyi
S4703,Summer,Plain,Nyctalus plancyi
S4704,Summer,Plain,Nyctalus plancyi
S4705,Summer,Plain,Nyctalus plancyi
S4706,Summer,Plain,Nyctalus plancyi
S4707,Summer,Plain,Nyctalus plancyi
S4708,Summer,Plain,Nyctalus plancyi
S4709,Summer,Plain,Nyctalus plancyi
S4710,Summer,Plain,Nyctalus plancyi
S4711,Summer,Plain,Nyctalus plancyi
S4712,Summer,Plain,Nyctalus plancyi
S4713,Summer,Plain,Nyctalus plancyi
S4714,Summer,Plain,Nyctalus plancyi
S4715,Summer,Plain,Nyctalus plancyi
S4716,Summer,Plain,Nyctalus plancyi
S4717,Summer,Plain,Nyctalus plancyi
S4718,Summer,Plain,Nyctalus plancyi
S4719,Summer,Plain,Nyctalus plancyi
S4720,Summer,Plain,Nyctalus plancyi
S4721,Summer,Plain,Nyctalus plancyi
S4722,Summer,Plain,Nyctalus plancyi
S4723,Summer,Plain,Nyctalus plancyi
S4724,Summer,Plain,Nyctalus plancyi
S4725,Summer,Plain,Nyctalus plancyi
S4726,Summer,Plain,Nyctalus plancyi
S4727,Summer,Plain,Nyctalus plancyi
S4728,Summer,Plain,Nyctalus plancyi
S4729,Summer,Plain,Nyctalus plancyi
S4730,Summer,Plain,Nyctalus plancyi
S4731,Summer,Plain,Nyctalus plancyi
S4732,Summer,Plain,Nyctalus plancyi
S4733,Summer,Plain,Nyctalus plancyi
S4734,Summer,Plain,Nyctalus plancyi
S4735,Summer,Plain,Nyctalus plancyi
S4736,Summer,Plain,Nyctalus plancyi
S4737,Summer,Plain,Nyctalus plancyi
S4738,Summer,Plain,Nyctalus plancyi
S4739,Summer,Plain,Nyctalus plancyi
S4740,Summer,Plain,Nyctalus plancyi
S4741,Spring,Plain,Nyctalus plancyi
S4742,Spring,Plain,Nyctalus plancyi
S4743,Spring,Plain,Nyctalus plancyi
S4744,Spring,Plain,Nyctalus plancyi
S4745,Spring,Plain,Nyctalus plancyi
S4746,Spring,Plain,Nyctalus plancyi
S4747,Spring,Plain,Nyctalus plancyi
S4748,Spring,Plain,Nyctalus plancyi
S4749,Spring,Plain,Nyctalus plancyi
S4750,Spring,Plain,Nyctalus plancyi
S4751,Spring,Plain,Nyctalus plancyi
S4752,Spring,Plain,Nyctalus plancyi
S4753,Spring,Plain,Nyctalus plancyi
S4754,Spring,Plain,Nyctalus plancyi
S4755,Spring,Plain,Nyctalus plancyi
S4756,Spring,Plain,Nyctalus plancyi
S4757,Spring,Plain,Nyctalus plancyi
S4758,Spring,Plain,Nyctalus plancyi
S4759,Spring,Plain,Nyctalus plancyi
S4760,Spring,Plain,Nyctalus plancyi
S4761,Spring,Plain,Nyctalus plancyi
S4762,Spring,Plain,Nyctalus plancyi
S4763,Spring,Plain,Nyctalus plancyi
S4764,Spring,Plain,Nyctalus plancyi
S4765,Spring,Plain,Nyctalus plancyi
S4766,Spring,Plain,Nyctalus plancyi
S4767,Spring,Plain,Nyctalus plancyi
S4768,Spring,Plain,Nyctalus plancyi
S4769,Spring,Plain,Nyctalus plancyi
S4770,Spring,Plain,Nyctalus plancyi
S4771,Spring,Plain,Nyctalus plancyi
S4772,Spring,Plain,Nyctalus plancyi
S4773,Spring,Plain,Nyctalus plancyi
S4774,Spring,Plain,Nyctalus plancyi
S4775,Spring,Plain,Nyctalus plancyi
S4776,Spring,Plain,Nyctalus plancyi
S4777,Spring,Plain,Nyctalus plancyi
S4778,Spring,Plain,Nyctalus plancyi
S4779,Spring,Plain,Nyctalus plancyi
S4780,Spring,Plain,Nyctalus plancyi
S4781,Spring,Plain,Nyctalus plancyi
S4782,Spring,Plain,Nyctalus plancyi
S4783,Spring,Plain,Nyctalus plancyi
S4784,Spring,Plain,Nyctalus plancyi
S4785,Spring,Plain,Nyctalus plancyi
S4786,Spring,Plain,Nyctalus plancyi
S4787,Spring,Plain,Nyctalus plancyi
S4788,Spring,Plain,Nyctalus plancyi
S4789,Spring,Plain,Nyctalus plancyi
S4790,Spring,Plain,Nyctalus plancyi
S4791,Spring,Plain,Nyctalus plancyi
S4792,Spring,Plain,Nyctalus plancyi
S4793,Spring,Plain,Nyctalus plancyi
S4794,Spring,Plain,Nyctalus plancyi
S4795,Spring,Plain,Nyctalus plancyi
S4796,Spring,Plain,Nyctalus plancyi
S4797,Spring,Plain,Nyctalus plancyi
S4798,Spring,Plain,Nyctalus plancyi
S4799,Spring,Plain,Nyctalus plancyi
S4800,Spring,Plain,Nyctalus plancyi
S4801,Spring,Plain,Nyctalus plancyi
S4802,Spring,Plain,Nyctalus plancyi
S4803,Spring,Plain,Nyctalus plancyi
S4804,Spring,Plain,Nyctalus plancyi
S4805,Spring,Plain,Nyctalus plancyi
S4806,Spring,Plain,Nyctalus plancyi
S4807,Spring,Plain,Nyctalus plancyi
S4808,Spring,Plain,Nyctalus plancyi
S4809,Spring,Plain,Nyctalus plancyi
S4810,Spring,Plain,Nyctalus plancyi
S4811,Spring,Plain,Nyctalus plancyi
S4812,Spring,Plain,Nyctalus plancyi
S4813,Spring,Plain,Nyctalus plancyi
S4814,Spring,Plain,Nyctalus plancyi
S4815,Spring,Plain,Nyctalus plancyi
S4816,Spring,Plain,Nyctalus plancyi
S4817,Spring,Plain,Nyctalus plancyi
S4818,Spring,Plain,Nyctalus plancyi
S4819,Spring,Plain,Nyctalus plancyi
S4820,Spring,Plain,Nyctalus plancyi
S4821,Spring,Plain,Nyctalus plancyi
S4822,Spring,Plain,Nyctalus plancyi
S4823,Spring,Plain,Nyctalus plancyi
S4824,Spring,Plain,Nyctalus plancyi
S4825,Spring,Plain,Nyctalus plancyi
S4826,Spring,Plain,Nyctalus plancyi
S4827,Spring,Plain,Nyctalus plancyi
S4828,Spring,Plain,Nyctalus plancyi
S4829,Spring,Plain,Nyctalus plancyi
S4830,Spring,Plain,Nyctalus plancyi
S4831,Spring,Plain,Nyctalus plancyi
S4832,Summer,Plain,Nyctalus plancyi
S4833,Summer,Plain,Nyctalus plancyi
S4834,Summer,Plain,Nyctalus plancyi
S4835,Summer,Plain,Nyctalus plancyi
S4836,Summer,Plain,Nyctalus plancyi
S4837,Summer,Plain,Nyctalus plancyi
S4838,Summer,Plain,Nyctalus plancyi
S4839,Summer,Plain,Nyctalus plancyi
S4840,Summer,Plain,Nyctalus plancyi
S4841,Summer,Plain,Nyctalus plancyi
S4842,Summer,Plain,Nyctalus plancyi
S4843,Summer,Plain,Nyctalus plancyi
S4844,Summer,Plain,Nyctalus plancyi
S4845,Summer,Plain,Nyctalus plancyi
S4846,Summer,Plain,Nyctalus plancyi
S4847,Summer,Plain,Nyctalus plancyi
S4848,Summer,Plain,Nyctalus plancyi
S4849,Summer,Plain,Nyctalus plancyi
S4850,Summer,Plain,Nyctalus plancyi
S4851,Spring,Plain,Nyctalus plancyi
S4852,Spring,Plain,Nyctalus plancyi
S4853,Spring,Plain,Nyctalus plancyi
S4854,Spring,Plain,Nyctalus plancyi
S4855,Spring,Plain,Nyctalus plancyi
S4856,Spring,Plain,Nyctalus plancyi
S4857,Spring,Plain,Nyctalus plancyi
S4858,Spring,Plain,Nyctalus plancyi
S4859,Spring,Plain,Nyctalus plancyi
S4860,Spring,Plain,Nyctalus plancyi
S4861,Spring,Plain,Nyctalus plancyi
S4862,Summer,Plain,Nyctalus plancyi
S4863,Summer,Plain,Nyctalus plancyi
S4864,Summer,Plain,Nyctalus plancyi
S4865,Summer,Plain,Nyctalus plancyi
S4866,Summer,Plain,Nyctalus plancyi
S4867,Summer,Plain,Nyctalus plancyi
S4868,Summer,Plain,Nyctalus plancyi
S4869,Summer,Plain,Nyctalus plancyi
S4870,Summer,Plain,Nyctalus plancyi
S4871,Summer,Plain,Eptesicus serotinus
S4872,Summer,Plain,Eptesicus serotinus
S4873,Summer,Plain,Eptesicus serotinus
S4874,Summer,Plain,Eptesicus serotinus
S4875,Summer,Plain,Eptesicus serotinus
S4876,Summer,Plain,Eptesicus serotinus
S4877,Summer,Plain,Eptesicus serotinus
S4878,Summer,Plain,Eptesicus serotinus
S4879,Summer,Plain,Eptesicus serotinus
S4880,Summer,Plain,Eptesicus serotinus
S4881,Summer,Plain,Eptesicus serotinus
S4882,Summer,Plain,Eptesicus serotinus
S4883,Summer,Plain,Eptesicus serotinus
S4884,Summer,Plain,Eptesicus serotinus
S4885,Summer,Plain,Eptesicus serotinus
S4886,Summer,Plain,Eptesicus serotinus
S4887,Summer,Plain,Eptesicus serotinus
S4888,Summer,Plain,Eptesicus serotinus
S4889,Summer,Plain,Eptesicus serotinus
S4890,Summer,Plain,Eptesicus serotinus
S4891,Summer,Plain,Eptesicus serotinus
S4892,Summer,Plain,Eptesicus serotinus
S4893,Summer,Plain,Eptesicus serotinus
S4894,Summer,Plain,Eptesicus serotinus
S4895,Summer,Plain,Eptesicus serotinus
S4896,Summer,Plain,Eptesicus serotinus
S4897,Summer,Plain,Eptesicus serotinus
S4898,Summer,Plain,Eptesicus serotinus
S4899,Summer,Plain,Eptesicus serotinus
S4900,Summer,Plain,Eptesicus serotinus
S4901,Summer,Plain,Eptesicus serotinus
S4902,Summer,Plain,Eptesicus serotinus
S4903,Summer,Plain,Eptesicus serotinus
S4904,Summer,Mesa,Pipistrellus abramus
S4905,Summer,Mesa,Pipistrellus abramus
S4906,Summer,Mesa,Pipistrellus abramus
S4907,Summer,Mesa,Pipistrellus abramus
S4908,Summer,Mesa,Pipistrellus abramus
S4909,Summer,Plain,Pipistrellus abramus
S4910,Summer,Plain,Pipistrellus abramus
S4911,Summer,Plain,Pipistrellus abramus
S4912,Summer,Plain,Pipistrellus abramus
S4913,Summer,Plain,Pipistrellus abramus
S4914,Summer,Plain,Pipistrellus abramus
S4915,Summer,Plain,Pipistrellus abramus
S4916,Summer,Plain,Pipistrellus abramus
S4917,Summer,Plain,Pipistrellus abramus
S4918,Summer,Plain,Pipistrellus abramus
S4919,Summer,Plain,Pipistrellus abramus
S4920,Summer,Plain,Pipistrellus abramus
S4921,Summer,Mesa,Pipistrellus abramus
S4922,Summer,Mesa,Pipistrellus abramus
S4923,Summer,Mesa,Pipistrellus abramus
S4924,Summer,Mesa,Pipistrellus abramus
S4925,Summer,Mesa,Pipistrellus abramus
S4926,Summer,Mesa,Pipistrellus abramus
S4927,Summer,Mesa,Pipistrellus abramus
S4928,Summer,Mesa,Pipistrellus abramus
S4929,Summer,Mesa,Pipistrellus abramus
S4930,Summer,Mesa,Pipistrellus abramus
S4931,Summer,Mesa,Pipistrellus abramus
S4932,Summer,Mesa,Pipistrellus abramus
S4933,Summer,Mesa,Pipistrellus abramus
S4934,Summer,Mesa,Pipistrellus abramus
S4935,Summer,Mesa,Pipistrellus abramus
S4936,Summer,Mesa,Pipistrellus abramus
S4937,Summer,Mesa,Pipistrellus abramus
S4938,Summer,Plain,Myotis fimbriatus
S4939,Summer,Plain,Myotis fimbriatus
S4940,Summer,Plain,Myotis fimbriatus
S4941,Summer,Plain,Myotis fimbriatus
S4942,Summer,Mesa,Nyctalus plancyi
S4943,Summer,Mesa,Nyctalus plancyi
S4944,Summer,Mesa,Nyctalus plancyi
S4945,Winter,Mountain,Rhinolophus macrotis
S4946,Winter,Mountain,Rhinolophus pusillus
S4947,Winter,Mountain,Rhinolophus pusillus
S4948,Winter,Mountain,Rhinolophus pusillus
S4949,Winter,Mountain,Rhinolophus pusillus
S4950,Winter,Mountain,Rhinolophus pusillus
S4951,Winter,Mountain,Rhinolophus pusillus
S4952,Winter,Mountain,Rhinolophus pusillus
S4953,Winter,Mountain,Rhinolophus pusillus
S4954,Winter,Mountain,Rhinolophus pusillus
S4955,Winter,Mountain,Rhinolophus pusillus
S4956,Winter,Mountain,Rhinolophus pusillus
S4957,Winter,Mountain,Rhinolophus pusillus
S4958,Winter,Mountain,Rhinolophus pusillus
S4959,Winter,Mountain,Rhinolophus pusillus
S4960,Winter,Mountain,Rhinolophus pusillus
S4961,Winter,Mountain,Rhinolophus pusillus
S4962,Winter,Mountain,Rhinolophus pusillus
S4963,Winter,Mountain,Rhinolophus pusillus
S4964,Winter,Mountain,Rhinolophus pusillus
S4965,Winter,Mountain,Rhinolophus pusillus
S4966,Winter,Mountain,Rhinolophus pusillus
S4967,Winter,Mountain,Rhinolophus pusillus
S4968,Winter,Mountain,Rhinolophus pusillus
S4969,Winter,Mountain,Rhinolophus pusillus
S4970,Winter,Mountain,Rhinolophus pusillus
S4971,Winter,Mountain,Rhinolophus pusillus
S4972,Winter,Mountain,Rhinolophus pusillus
S4973,Winter,Mountain,Rhinolophus pusillus
S4974,Winter,Mountain,Rhinolophus pusillus
S4975,Winter,Mountain,Rhinolophus pusillus
S4976,Winter,Mountain,Rhinolophus pusillus
S4977,Winter,Mountain,Rhinolophus pusillus
S4978,Winter,Mountain,Rhinolophus pusillus
S4979,Winter,Mountain,Rhinolophus pusillus
S4980,Winter,Mountain,Rhinolophus pusillus
S4981,Winter,Mountain,Rhinolophus pusillus
S4982,Winter,Mountain,Rhinolophus pusillus
S4983,Winter,Mountain,Rhinolophus pusillus
S4984,Winter,Mountain,Rhinolophus pusillus
S4985,Winter,Mountain,Rhinolophus pusillus
S4986,Winter,Mountain,Rhinolophus pusillus
S4987,Winter,Mountain,Rhinolophus pusillus
S4988,Winter,Mountain,Rhinolophus pusillus
S4989,Winter,Mountain,Rhinolophus pusillus
S4990,Winter,Mountain,Rhinolophus pusillus
S4991,Winter,Mountain,Rhinolophus pusillus
S4992,Winter,Mountain,Rhinolophus pusillus
S4993,Winter,Mountain,Rhinolophus pusillus
S4994,Winter,Mountain,Rhinolophus pusillus
S4995,Winter,Mountain,Rhinolophus pusillus
S4996,Winter,Mountain,Rhinolophus pusillus
S4997,Winter,Plain,Rhinolophus pusillus
S4998,Winter,Hill,Rhinolophus pusillus
S4999,Winter,Mountain,Rhinolophus pusillus
S5000,Winter,Mountain,Rhinolophus pusillus
S5001,Winter,Mountain,Rhinolophus pusillus
S5002,Winter,Mountain,Rhinolophus pusillus
S5003,Winter,Mountain,Rhinolophus pusillus
S5004,Winter,Mountain,Rhinolophus pusillus
S5005,Winter,Hill,Rhinolophus pusillus
S5006,Winter,Hill,Rhinolophus pusillus
S5007,Winter,Mountain,Rhinolophus pusillus
S5008,Winter,Mountain,Rhinolophus rex
S5009,Winter,Mountain,Rhinolophus rex
S5010,Winter,Mountain,Rhinolophus rex
S5011,Winter,Mountain,Rhinolophus rex
S5012,Winter,Mountain,Hipposideros pomona
S5013,Winter,Mountain,Hipposideros pomona
S5014,Winter,Mountain,Hipposideros pomona
S5015,Winter,Mountain,Hipposideros pomona
S5016,Winter,Mountain,Hipposideros pomona
S5017,Winter,Mountain,Hipposideros pomona
S5018,Winter,Mountain,Hipposideros pomona
S5019,Winter,Mountain,Hipposideros pomona
S5020,Winter,Mountain,Hipposideros pomona
S5021,Winter,Mountain,Hipposideros pomona
S5022,Winter,Mountain,Hipposideros pomona
S5023,Winter,Mountain,Hipposideros pomona
S5024,Winter,Mountain,Hipposideros pomona
S5025,Winter,Mountain,Hipposideros pomona
S5026,Winter,Mountain,Hipposideros pomona
S5027,Winter,Mountain,Hipposideros pomona
S5028,Winter,Mountain,Hipposideros pomona
S5029,Winter,Mountain,Hipposideros pomona
S5030,Winter,Mountain,Hipposideros pomona
S5031,Winter,Mountain,Hipposideros pomona
S5032,Winter,Mountain,Hipposideros pomona
S5033,Winter,Mountain,Hipposideros pomona
S5034,Winter,Mountain,Hipposideros pomona
S5035,Winter,Mountain,Hipposideros pomona
S5036,Winter,Mountain,Hipposideros pomona
S5037,Winter,Mountain,Hipposideros pomona
S5038,Winter,Mountain,Rhinolophus pearsonii
S5039,Winter,Mountain,Rhinolophus pearsonii
S5040,Winter,Mountain,Rhinolophus pearsonii
S5041,Winter,Mountain,Rhinolophus pearsonii
S5042,Winter,Mountain,Rhinolophus pearsonii
S5043,Winter,Mountain,Rhinolophus pearsonii
S5044,Winter,Mountain,Rhinolophus pearsonii
S5045,Winter,Mountain,Rhinolophus pearsonii
S5046,Winter,Mountain,Rhinolophus pearsonii
S5047,Winter,Mountain,Rhinolophus pearsonii
S5048,Winter,Mountain,Rhinolophus pearsonii
S5049,Winter,Mountain,Rhinolophus pearsonii
S5050,Winter,Mountain,Rhinolophus pearsonii
S5051,Winter,Mountain,Rhinolophus pearsonii
S5052,Winter,Mountain,Rhinolophus pearsonii
S5053,Winter,Mountain,Rhinolophus pearsonii
S5054,Winter,Mountain,Rhinolophus pearsonii
S5055,Winter,Mountain,Rhinolophus pearsonii
S5056,Winter,Mountain,Rhinolophus pearsonii
S5057,Winter,Mountain,Rhinolophus pearsonii
S5058,Winter,Mountain,Rhinolophus pearsonii
S5059,Winter,Mountain,Rhinolophus pearsonii
S5060,Winter,Mountain,Rhinolophus pearsonii
S5061,Winter,Mountain,Rhinolophus pearsonii
S5062,Winter,Mountain,Rhinolophus pearsonii
S5063,Winter,Mountain,Rhinolophus pearsonii
S5064,Winter,Mountain,Rhinolophus pearsonii
S5065,Winter,Mountain,Rhinolophus pearsonii
S5066,Winter,Mountain,Rhinolophus pearsonii
S5067,Winter,Mountain,Rhinolophus pearsonii
S5068,Winter,Mountain,Rhinolophus pearsonii
S5069,Winter,Mountain,Rhinolophus pearsonii
S5070,Winter,Mountain,Rhinolophus pearsonii
S5071,Winter,Mountain,Rhinolophus pearsonii
S5072,Winter,Mountain,Rhinolophus pearsonii
S5073,Winter,Mountain,Rhinolophus pearsonii
S5074,Winter,Mountain,Rhinolophus pearsonii
S5075,Winter,Mountain,Rhinolophus pearsonii
S5076,Winter,Mountain,Rhinolophus pearsonii
S5077,Winter,Mountain,Rhinolophus pearsonii
S5078,Winter,Mountain,Rhinolophus pearsonii
S5079,Winter,Mountain,Rhinolophus pearsonii
S5080,Winter,Mountain,Rhinolophus pearsonii
S5081,Winter,Mountain,Rhinolophus pearsonii
S5082,Winter,Mountain,Rhinolophus pearsonii
S5083,Winter,Mountain,Rhinolophus pearsonii
S5084,Winter,Mountain,Rhinolophus pearsonii
S5085,Winter,Mountain,Rhinolophus pearsonii
S5086,Winter,Mountain,Rhinolophus pearsonii
S5087,Winter,Mountain,Rhinolophus pearsonii
S5088,Winter,Mountain,Rhinolophus pearsonii
S5089,Winter,Mountain,Rhinolophus pearsonii
S5090,Winter,Mountain,Rhinolophus pearsonii
S5091,Winter,Mountain,Rhinolophus pearsonii
S5092,Winter,Mountain,Rhinolophus pearsonii
S5093,Winter,Mountain,Rhinolophus pearsonii
S5094,Winter,Mountain,Rhinolophus pearsonii
S5095,Winter,Mountain,Rhinolophus pearsonii
S5096,Winter,Mountain,Rhinolophus pearsonii
S5097,Winter,Mountain,Rhinolophus pearsonii
S5098,Winter,Mountain,Rhinolophus pearsonii
S5099,Winter,Mountain,Rhinolophus pearsonii
S5100,Winter,Hill,Rhinolophus pearsonii
S5101,Winter,Hill,Rhinolophus pearsonii
S5102,Winter,Hill,Rhinolophus pearsonii
S5103,Winter,Mountain,Rhinolophus pearsonii
S5104,Winter,Mountain,Aselliscus stoliczkanus
S5105,Winter,Mountain,Aselliscus stoliczkanus
S5106,Winter,Mountain,Aselliscus stoliczkanus
S5107,Winter,Mountain,Aselliscus stoliczkanus
S5108,Winter,Mountain,Aselliscus stoliczkanus
S5109,Winter,Mountain,Aselliscus stoliczkanus
S5110,Winter,Mountain,Aselliscus stoliczkanus
S5111,Winter,Mountain,Aselliscus stoliczkanus
S5112,Winter,Mountain,Aselliscus stoliczkanus
S5113,Winter,Mountain,Aselliscus stoliczkanus
S5114,Winter,Mountain,Aselliscus stoliczkanus
S5115,Winter,Mountain,Aselliscus stoliczkanus
S5116,Winter,Mountain,Aselliscus stoliczkanus
S5117,Winter,Mountain,Aselliscus stoliczkanus
S5118,Winter,Mountain,Aselliscus stoliczkanus
S5119,Winter,Mountain,Aselliscus stoliczkanus
S5120,Winter,Mountain,Aselliscus stoliczkanus
S5121,Winter,Mountain,Aselliscus stoliczkanus
S5122,Winter,Mountain,Aselliscus stoliczkanus
S5123,Winter,Mountain,Aselliscus stoliczkanus
S5124,Winter,Mountain,Aselliscus stoliczkanus
S5125,Winter,Mountain,Aselliscus stoliczkanus
S5126,Winter,Mountain,Rhinolophus siamensis
S5127,Winter,Mountain,Rhinolophus siamensis
S5128,Winter,Mountain,Miniopterus schreibersii
S5129,Winter,Mountain,Rhinolophus sinicus
S5130,Winter,Mountain,Rhinolophus sinicus
S5131,Winter,Mountain,Rhinolophus sinicus
S5132,Winter,Mountain,Rhinolophus sinicus
S5133,Winter,Mountain,Rhinolophus sinicus
S5134,Winter,Mountain,Rhinolophus sinicus
S5135,Winter,Mountain,Rhinolophus sinicus
S5136,Winter,Mountain,Rhinolophus sinicus
S5137,Winter,Mountain,Rhinolophus sinicus
S5138,Winter,Mountain,Rhinolophus sinicus
S5139,Winter,Mountain,Rhinolophus sinicus
S5140,Winter,Mountain,Rhinolophus sinicus
S5141,Winter,Mountain,Rhinolophus sinicus
S5142,Winter,Mountain,Rhinolophus sinicus
S5143,Winter,Mountain,Rhinolophus sinicus
S5144,Winter,Mountain,Rhinolophus sinicus
S5145,Winter,Mountain,Rhinolophus sinicus
S5146,Winter,Mountain,Rhinolophus sinicus
S5147,Winter,Mountain,Rhinolophus sinicus
S5148,Winter,Mountain,Rhinolophus sinicus
S5149,Winter,Mountain,Rhinolophus sinicus
S5150,Winter,Mountain,Rhinolophus sinicus
S5151,Winter,Mountain,Rhinolophus sinicus
S5152,Winter,Mountain,Rhinolophus sinicus
S5153,Winter,Mountain,Rhinolophus sinicus
S5154,Winter,Mountain,Rhinolophus sinicus
S5155,Winter,Mountain,Rhinolophus sinicus
S5156,Winter,Mountain,Rhinolophus sinicus
S5157,Winter,Mountain,Rhinolophus sinicus
S5158,Winter,Mountain,Rhinolophus sinicus
S5159,Winter,Mountain,Rhinolophus sinicus
S5160,Winter,Mountain,Rhinolophus sinicus
S5161,Winter,Mountain,Rhinolophus sinicus
S5162,Winter,Mountain,Rhinolophus sinicus
S5163,Winter,Mountain,Rhinolophus sinicus
S5164,Winter,Mountain,Rhinolophus sinicus
S5165,Winter,Mountain,Rhinolophus sinicus
S5166,Winter,Mountain,Rhinolophus sinicus
S5167,Winter,Mountain,Rhinolophus sinicus
S5168,Winter,Mountain,Rhinolophus sinicus
S5169,Winter,Mountain,Rhinolophus sinicus
S5170,Winter,Mountain,Rhinolophus sinicus
S5171,Winter,Mountain,Rhinolophus sinicus
S5172,Winter,Mountain,Rhinolophus sinicus
S5173,Winter,Mountain,Rhinolophus sinicus
S5174,Winter,Mountain,Rhinolophus sinicus
S5175,Winter,Mountain,Rhinolophus sinicus
S5176,Winter,Mountain,Rhinolophus sinicus
S5177,Winter,Mountain,Rhinolophus sinicus
S5178,Winter,Mountain,Rhinolophus sinicus
S5179,Winter,Mountain,Rhinolophus sinicus
S5180,Winter,Mountain,Rhinolophus sinicus
S5181,Winter,Mountain,Rhinolophus sinicus
S5182,Winter,Mountain,Rhinolophus sinicus
S5183,Winter,Mountain,Rhinolophus sinicus
S5184,Winter,Mountain,Rhinolophus sinicus
S5185,Winter,Mountain,Rhinolophus sinicus
S5186,Winter,Mountain,Rhinolophus sinicus
S5187,Winter,Mountain,Rhinolophus sinicus
S5188,Winter,Mountain,Rhinolophus sinicus
S5189,Winter,Mountain,Rhinolophus sinicus
S5190,Winter,Mountain,Rhinolophus sinicus
S5191,Winter,Mountain,Rhinolophus sinicus
S5192,Winter,Mountain,Rhinolophus sinicus
S5193,Winter,Mountain,Rhinolophus sinicus
S5194,Winter,Mountain,Rhinolophus sinicus
S5195,Winter,Mountain,Rhinolophus sinicus
S5196,Winter,Mountain,Rhinolophus sinicus
S5197,Winter,Mountain,Rhinolophus sinicus
S5198,Winter,Mountain,Rhinolophus sinicus
S5199,Winter,Mountain,Rhinolophus sinicus
S5200,Winter,Mountain,Rhinolophus sinicus
S5201,Winter,Mountain,Rhinolophus sinicus
S5202,Winter,Mountain,Rhinolophus sinicus
S5203,Winter,Mountain,Rhinolophus sinicus
S5204,Winter,Mountain,Rhinolophus sinicus
S5205,Winter,Mountain,Rhinolophus sinicus
S5206,Winter,Mountain,Rhinolophus sinicus
S5207,Winter,Mountain,Rhinolophus sinicus
S5208,Winter,Mountain,Rhinolophus sinicus
S5209,Winter,Mountain,Rhinolophus sinicus
S5210,Winter,Mountain,Rhinolophus sinicus
S5211,Winter,Mountain,Rhinolophus sinicus
S5212,Winter,Mountain,Rhinolophus sinicus
S5213,Winter,Mountain,Rhinolophus sinicus
S5214,Winter,Mountain,Rhinolophus sinicus
S5215,Winter,Mountain,Rhinolophus sinicus
S5216,Winter,Mountain,Rhinolophus sinicus
S5217,Winter,Mountain,Rhinolophus sinicus
S5218,Winter,Mountain,Rhinolophus sinicus
S5219,Winter,Mountain,Rhinolophus sinicus
S5220,Winter,Mountain,Rhinolophus sinicus
S5221,Winter,Mountain,Rhinolophus sinicus
S5222,Winter,Mountain,Rhinolophus sinicus
S5223,Winter,Mountain,Rhinolophus sinicus
S5224,Winter,Mountain,Rhinolophus sinicus
S5225,Winter,Hill,Rhinolophus sinicus
S5226,Winter,Mountain,Rhinolophus sinicus
S5227,Winter,Mountain,Rhinolophus affinis
S5228,Winter,Mountain,Rhinolophus affinis
S5229,Winter,Mountain,Rhinolophus affinis
S5230,Winter,Mountain,Rhinolophus affinis
S5231,Winter,Mountain,Rhinolophus affinis
S5232,Winter,Mountain,Rhinolophus affinis
S5233,Winter,Mountain,Rhinolophus affinis
S5234,Winter,Mountain,Rhinolophus affinis
S5235,Winter,Mountain,Rhinolophus affinis
S5236,Winter,Mountain,Rhinolophus affinis
S5237,Winter,Mountain,Rhinolophus affinis
S5238,Winter,Mountain,Rhinolophus affinis
S5239,Winter,Mountain,Rhinolophus affinis
S5240,Winter,Mountain,Rhinolophus affinis
S5241,Winter,Mountain,Rhinolophus affinis
S5242,Winter,Mountain,Rhinolophus affinis
S5243,Winter,Mountain,Rhinolophus affinis
S5244,Winter,Mountain,Rhinolophus affinis
S5245,Winter,Mountain,Rhinolophus affinis
S5246,Winter,Mountain,Rhinolophus affinis
S5247,Winter,Mountain,Rhinolophus affinis
S5248,Winter,Mountain,Rhinolophus affinis
S5249,Winter,Mountain,Rhinolophus affinis
S5250,Winter,Mountain,Rhinolophus affinis
S5251,Winter,Mountain,Rhinolophus affinis
S5252,Winter,Mountain,Rhinolophus affinis
S5253,Winter,Mountain,Rhinolophus affinis
S5254,Winter,Mountain,Rhinolophus affinis
S5255,Winter,Mountain,Rhinolophus affinis
S5256,Winter,Mountain,Rhinolophus affinis
S5257,Winter,Mountain,Rhinolophus affinis
S5258,Winter,Mountain,Rhinolophus affinis
S5259,Winter,Mountain,Rhinolophus affinis
S5260,Winter,Mountain,Rhinolophus affinis
S5261,Winter,Mountain,Rhinolophus affinis
S5262,Winter,Mountain,Rhinolophus affinis
S5263,Winter,Mountain,Rhinolophus affinis
S5264,Winter,Mountain,Rhinolophus affinis
S5265,Winter,Mountain,Rhinolophus affinis
S5266,Winter,Mountain,Rhinolophus affinis
S5267,Winter,Mountain,Rhinolophus affinis
S5268,Winter,Mountain,Rhinolophus affinis
S5269,Winter,Mountain,Rhinolophus affinis
S5270,Winter,Mountain,Rhinolophus affinis
S5271,Winter,Mountain,Rhinolophus affinis
S5272,Winter,Mountain,Rhinolophus affinis
S5273,Winter,Mountain,Rhinolophus affinis
S5274,Winter,Mountain,Rhinolophus affinis
S5275,Winter,Mountain,Rhinolophus affinis
S5276,Winter,Mountain,Rhinolophus affinis
S5277,Winter,Mountain,Rhinolophus affinis
S5278,Winter,Mountain,Rhinolophus affinis
S5279,Winter,Mountain,Rhinolophus affinis
S5280,Winter,Mountain,Rhinolophus affinis
S5281,Winter,Mountain,Rhinolophus affinis
S5282,Winter,Mountain,Rhinolophus affinis
S5283,Winter,Mountain,Rhinolophus affinis
S5284,Winter,Mountain,Rhinolophus affinis
S5285,Winter,Mountain,Rhinolophus affinis
S5286,Winter,Mountain,Rhinolophus affinis
S5287,Winter,Mountain,Rhinolophus affinis
S5288,Winter,Mountain,Rhinolophus affinis
S5289,Winter,Mountain,Rhinolophus affinis
S5290,Winter,Mountain,Rhinolophus affinis
S5291,Winter,Mountain,Rhinolophus affinis
S5292,Winter,Mountain,Rhinolophus affinis
S5293,Winter,Mountain,Rhinolophus affinis
S5294,Winter,Mountain,Rhinolophus affinis
S5295,Winter,Mountain,Rhinolophus affinis
S5296,Winter,Mountain,Rhinolophus affinis
S5297,Winter,Mountain,Rhinolophus affinis
S5298,Winter,Mountain,Rhinolophus affinis
S5299,Winter,Mountain,Rhinolophus affinis
S5300,Winter,Mountain,Rhinolophus affinis
S5301,Winter,Mountain,Rhinolophus affinis
S5302,Winter,Mountain,Rhinolophus affinis
S5303,Winter,Mountain,Rhinolophus affinis
S5304,Winter,Mountain,Rhinolophus affinis
S5305,Winter,Mountain,Rhinolophus affinis
S5306,Winter,Mountain,Rhinolophus affinis
S5307,Winter,Mountain,Rhinolophus affinis
S5308,Winter,Mountain,Rhinolophus affinis
S5309,Winter,Mountain,Rhinolophus affinis
S5310,Winter,Mountain,Rhinolophus affinis
S5311,Winter,Mountain,Rhinolophus affinis
S5312,Winter,Mountain,Rhinolophus affinis
S5313,Winter,Mountain,Rhinolophus affinis
S5314,Summer,Mountain,Murina leucogaster
S5315,Summer,Mountain,Hipposideros armiger
S5316,Summer,Mountain,Hipposideros armiger
S5317,Summer,Mountain,Hipposideros armiger
S5318,Summer,Mountain,Rhinolophus pusillus
S5319,Summer,Mountain,Rhinolophus pusillus
S5320,Summer,Mountain,Rhinolophus pusillus
S5321,Summer,Mountain,Rhinolophus pusillus
S5322,Summer,Mountain,Rhinolophus pusillus
S5323,Summer,Mountain,Rhinolophus pusillus
S5324,Summer,Mountain,Rhinolophus pusillus
S5325,Summer,Mountain,Rhinolophus pusillus
S5326,Summer,Mountain,Rhinolophus pusillus
S5327,Summer,Mountain,Rhinolophus pusillus
S5328,Summer,Mountain,Rhinolophus pusillus
S5329,Summer,Mountain,Rhinolophus pusillus
S5330,Summer,Mountain,Rhinolophus pusillus
S5331,Summer,Mountain,Rhinolophus pusillus
S5332,Summer,Mountain,Rhinolophus pusillus
S5333,Summer,Mountain,Rhinolophus pusillus
S5334,Summer,Mountain,Rhinolophus pusillus
S5335,Summer,Mountain,Rhinolophus pusillus
S5336,Summer,Mountain,Rhinolophus pusillus
S5337,Summer,Mountain,Rhinolophus pusillus
S5338,Summer,Mountain,Rhinolophus pusillus
S5339,Summer,Mountain,Rhinolophus pusillus
S5340,Summer,Mountain,Rhinolophus pusillus
S5341,Summer,Mountain,Rhinolophus pusillus
S5342,Summer,Mountain,Rhinolophus pusillus
S5343,Summer,Mountain,Rhinolophus pusillus
S5344,Summer,Mountain,Rhinolophus pusillus
S5345,Summer,Mountain,Rhinolophus pearsonii
S5346,Summer,Mountain,Rhinolophus pearsonii
S5347,Summer,Mountain,Rhinolophus pearsonii
S5348,Summer,Mountain,Rhinolophus pearsonii
S5349,Summer,Mountain,Rhinolophus pearsonii
S5350,Summer,Mountain,Rhinolophus pearsonii
S5351,Summer,Mountain,Rhinolophus pearsonii
S5352,Summer,Mountain,Rhinolophus pearsonii
S5353,Summer,Mountain,Hipposideros pratti
S5354,Summer,Mountain,Hipposideros pratti
S5355,Summer,Mountain,Hipposideros pratti
S5356,Summer,Mountain,Miniopterus schreibersii
S5357,Summer,Mountain,Aselliscus stoliczkanus
S5358,Summer,Mountain,Myotis spp.
S5359,Summer,Mountain,Myotis daubentonii
S5360,Summer,Mountain,Myotis daubentonii
S5361,Summer,Mountain,Myotis daubentonii
S5362,Summer,Mountain,Myotis daubentonii
S5363,Summer,Mountain,Myotis daubentonii
S5364,Summer,Mountain,Myotis daubentonii
S5365,Summer,Mountain,Myotis daubentonii
S5366,Summer,Mountain,Myotis daubentonii
S5367,Summer,Mountain,Myotis daubentonii
S5368,Summer,Mountain,Myotis daubentonii
S5369,Summer,Mountain,Myotis daubentonii
S5370,Summer,Mountain,Myotis daubentonii
S5371,Summer,Mountain,Myotis daubentonii
S5372,Summer,Mountain,Myotis daubentonii
S5373,Summer,Mountain,Rhinolophus siamensis
S5374,Summer,Mountain,Rhinolophus siamensis
S5375,Summer,Hill,Rhinolophus sinicus
S5376,Summer,Mountain,Rhinolophus sinicus
S5377,Summer,Mountain,Rhinolophus sinicus
S5378,Summer,Mountain,Rhinolophus sinicus
S5379,Summer,Mountain,Rhinolophus sinicus
S5380,Summer,Mountain,Rhinolophus sinicus
S5381,Summer,Mountain,Rhinolophus sinicus
S5382,Summer,Mountain,Rhinolophus sinicus
S5383,Summer,Mountain,Rhinolophus sinicus
S5384,Summer,Mountain,Rhinolophus sinicus
S5385,Summer,Mountain,Rhinolophus sinicus
S5386,Summer,Mountain,Rhinolophus sinicus
S5387,Summer,Mountain,Rhinolophus sinicus
S5388,Summer,Mountain,Rhinolophus sinicus
S5389,Summer,Mountain,Rhinolophus sinicus
S5390,Summer,Mountain,Rhinolophus sinicus
S5391,Summer,Mountain,Rhinolophus sinicus
S5392,Summer,Mountain,Rhinolophus sinicus
S5393,Summer,Mountain,Rhinolophus sinicus
S5394,Summer,Mountain,Rhinolophus sinicus
S5395,Summer,Mountain,Rhinolophus sinicus
S5396,Summer,Mountain,Rhinolophus sinicus
S5397,Summer,Mountain,Rhinolophus sinicus
S5398,Summer,Mountain,Rhinolophus sinicus
S5399,Summer,Mountain,Rhinolophus sinicus
S5400,Summer,Mountain,Rhinolophus sinicus
S5401,Summer,Mountain,Rhinolophus sinicus
S5402,Summer,Mountain,Rhinolophus sinicus
S5403,Summer,Mountain,Rhinolophus sinicus
S5404,Summer,Mountain,Rhinolophus sinicus
S5405,Summer,Mountain,Rhinolophus sinicus
S5406,Summer,Mountain,Rhinolophus sinicus
S5407,Summer,Mountain,Rhinolophus sinicus
S5408,Summer,Mountain,Rhinolophus sinicus
S5409,Summer,Mountain,Rhinolophus sinicus
S5410,Summer,Mountain,Rhinolophus sinicus
S5411,Summer,Mountain,Rhinolophus sinicus
S5412,Summer,Mountain,Rhinolophus sinicus
S5413,Summer,Mountain,Rhinolophus sinicus
S5414,Summer,Mountain,Rhinolophus sinicus
S5415,Summer,Mountain,Rhinolophus sinicus
S5416,Summer,Mountain,Rhinolophus sinicus
S5417,Summer,Mountain,Rhinolophus sinicus
S5418,Summer,Mountain,Rhinolophus sinicus
S5419,Summer,Mountain,Rhinolophus sinicus
S5420,Summer,Mountain,Rhinolophus sinicus
S5421,Summer,Mountain,Rhinolophus sinicus
S5422,Summer,Mountain,Rhinolophus sinicus
S5423,Summer,Mountain,Rhinolophus sinicus
S5424,Summer,Mountain,Rhinolophus sinicus
S5425,Summer,Mountain,Rhinolophus sinicus
S5426,Summer,Mountain,Rhinolophus sinicus
S5427,Summer,Mountain,Rhinolophus sinicus
S5428,Summer,Mountain,Rhinolophus sinicus
S5429,Summer,Mountain,Rhinolophus sinicus
S5430,Summer,Mountain,Rhinolophus sinicus
S5431,Summer,Mountain,Rhinolophus sinicus
S5432,Summer,Mountain,Rhinolophus sinicus
S5433,Summer,Mountain,Rhinolophus sinicus
S5434,Summer,Mountain,Rhinolophus sinicus
S5435,Summer,Mountain,Rhinolophus sinicus
S5436,Summer,Mountain,Rhinolophus sinicus
S5437,Summer,Mountain,Rhinolophus sinicus
S5438,Summer,Mountain,Rhinolophus sinicus
S5439,Summer,Mountain,Rhinolophus sinicus
S5440,Summer,Mountain,Rhinolophus sinicus
S5441,Summer,Mountain,Rhinolophus sinicus
S5442,Summer,Mountain,Rhinolophus sinicus
S5443,Summer,Mountain,Rhinolophus sinicus
S5444,Summer,Mountain,Rhinolophus sinicus
S5445,Summer,Mountain,Rhinolophus sinicus
S5446,Summer,Mountain,Rhinolophus sinicus
S5447,Summer,Mountain,Rhinolophus sinicus
S5448,Summer,Mountain,Rhinolophus sinicus
S5449,Summer,Mountain,Rhinolophus sinicus
S5450,Summer,Mountain,Rhinolophus sinicus
S5451,Summer,Mountain,Rhinolophus sinicus
S5452,Summer,Mountain,Rhinolophus sinicus
S5453,Summer,Mountain,Rhinolophus sinicus
S5454,Summer,Mountain,Rhinolophus sinicus
S5455,Summer,Mountain,Rhinolophus sinicus
S5456,Summer,Mountain,Rhinolophus sinicus
S5457,Summer,Mountain,Rhinolophus sinicus
S5458,Summer,Mountain,Rhinolophus sinicus
S5459,Summer,Mountain,Rhinolophus sinicus
S5460,Summer,Mountain,Rhinolophus sinicus
S5461,Summer,Mountain,Rhinolophus sinicus
S5462,Summer,Mountain,Rhinolophus sinicus
S5463,Summer,Mountain,Rhinolophus sinicus
S5464,Summer,Mountain,Rhinolophus sinicus
S5465,Summer,Mountain,Rhinolophus sinicus
S5466,Summer,Mountain,Rhinolophus sinicus
S5467,Summer,Mountain,Rhinolophus sinicus
S5468,Summer,Mountain,Rhinolophus sinicus
S5469,Summer,Mountain,Rhinolophus sinicus
S5470,Summer,Mountain,Rhinolophus sinicus
S5471,Summer,Mountain,Rhinolophus sinicus
S5472,Summer,Mountain,Rhinolophus sinicus
S5473,Summer,Mountain,Rhinolophus sinicus
S5474,Summer,Mountain,Rhinolophus sinicus
S5475,Summer,Mountain,Rhinolophus sinicus
S5476,Summer,Mountain,Rhinolophus sinicus
S5477,Summer,Mountain,Rhinolophus sinicus
S5478,Summer,Mountain,Rhinolophus sinicus
S5479,Summer,Mountain,Rhinolophus sinicus
S5480,Summer,Mountain,Rhinolophus sinicus
S5481,Summer,Mountain,Rhinolophus sinicus
S5482,Summer,Mountain,Rhinolophus sinicus
S5483,Summer,Mountain,Rhinolophus sinicus
S5484,Summer,Mountain,Rhinolophus sinicus
S5485,Summer,Mountain,Rhinolophus sinicus
S5486,Summer,Mountain,Rhinolophus sinicus
S5487,Summer,Mountain,Rhinolophus sinicus
S5488,Summer,Mountain,Rhinolophus sinicus
S5489,Summer,Mountain,Rhinolophus sinicus
S5490,Summer,Mountain,Rhinolophus sinicus
S5491,Summer,Mountain,Rhinolophus sinicus
S5492,Summer,Mountain,Rhinolophus sinicus
S5493,Summer,Mountain,Rhinolophus sinicus
S5494,Summer,Mountain,Rhinolophus sinicus
S5495,Summer,Mountain,Rhinolophus sinicus
S5496,Summer,Mountain,Rhinolophus sinicus
S5497,Summer,Mountain,Rhinolophus sinicus
S5498,Summer,Mountain,Rhinolophus sinicus
