gbifID,Province_standard,Species,Genus,Family,decimalLongitude,decimalLatitude,Province_assignment_method,basisOfRecord,coordinateUncertaintyInMeters
865741148,Guangdong,Pipistrellus abramus,Pipistrellus,Vespertilionidae,,,stateProvince,PRESERVED_SPECIMEN,1000.0
865740863,Guangdong,Pipistrellus abramus,Pipistrellus,Vespertilionidae,,,stateProvince,PRESERVED_SPECIMEN,1000.0
865740850,Fujian,Pipistrellus abramus,Pipistrellus,Vespertilionidae,,,stateProvince,PRESERVED_SPECIMEN,100000.0
865735773,Guizhou,Myotis alticraniatus,Myotis,Vespertilionidae,,,stateProvince,PRESERVED_SPECIMEN,100000.0
865735758,Yunnan,Myotis fimbriatus,Myotis,Vespertilionidae,,,stateProvince,PRESERVED_SPECIMEN,10000.0
865735757,Yunnan,Myotis laniger,Myotis,Vespertilionidae,,,stateProvince,PRESERVED_SPECIMEN,10000.0
865727312,Fujian,Hipposideros bicolor,Hipposideros,Hipposideridae,,,stateProvince,PRESERVED_SPECIMEN,10000.0
865723941,Guangdong,Cynopterus sphinx,Cynopterus,Pteropodidae,,,stateProvince,PRESERVED_SPECIMEN,1000.0
865723899,Guangdong,Cynopterus sphinx,Cynopterus,Pteropodidae,,,stateProvince,PRESERVED_SPECIMEN,1000.0
859515072,Fujian,Hypsugo pulveratus,Hypsugo,Vespertilionidae,,,stateProvince,PRESERVED_SPECIMEN,
859506616,Fujian,Hipposideros bicolor,Hipposideros,Hipposideridae,,,stateProvince,PRESERVED_SPECIMEN,
859506606,Fujian,Hipposideros bicolor,Hipposideros,Hipposideridae,,,stateProvince,PRESERVED_SPECIMEN,
859506602,Fujian,Hipposideros bicolor,Hipposideros,Hipposideridae,,,stateProvince,PRESERVED_SPECIMEN,
859506598,Fujian,Hipposideros bicolor,Hipposideros,Hipposideridae,,,stateProvince,PRESERVED_SPECIMEN,
859506594,Fujian,Hipposideros bicolor,Hipposideros,Hipposideridae,,,stateProvince,PRESERVED_SPECIMEN,
859506590,Fujian,Hipposideros bicolor,Hipposideros,Hipposideridae,,,stateProvince,PRESERVED_SPECIMEN,
859506587,Fujian,Hipposideros bicolor,Hipposideros,Hipposideridae,,,stateProvince,PRESERVED_SPECIMEN,
859506584,Fujian,Hipposideros bicolor,Hipposideros,Hipposideridae,,,stateProvince,PRESERVED_SPECIMEN,
859506581,Fujian,Hipposideros bicolor,Hipposideros,Hipposideridae,,,stateProvince,PRESERVED_SPECIMEN,
859506578,Fujian,Hipposideros bicolor,Hipposideros,Hipposideridae,,,stateProvince,PRESERVED_SPECIMEN,
859506574,Fujian,Hipposideros bicolor,Hipposideros,Hipposideridae,,,stateProvince,PRESERVED_SPECIMEN,
859506570,Yunnan,Hipposideros bicolor,Hipposideros,Hipposideridae,,,stateProvince,PRESERVED_SPECIMEN,
859506566,Yunnan,Hipposideros bicolor,Hipposideros,Hipposideridae,,,stateProvince,PRESERVED_SPECIMEN,
859506560,Fujian,Hipposideros bicolor,Hipposideros,Hipposideridae,,,stateProvince,PRESERVED_SPECIMEN,
859506557,Fujian,Hipposideros bicolor,Hipposideros,Hipposideridae,,,stateProvince,PRESERVED_SPECIMEN,
859506552,Fujian,Hipposideros bicolor,Hipposideros,Hipposideridae,,,stateProvince,PRESERVED_SPECIMEN,
859506547,Fujian,Hipposideros bicolor,Hipposideros,Hipposideridae,,,stateProvince,PRESERVED_SPECIMEN,
859506542,Fujian,Hipposideros bicolor,Hipposideros,Hipposideridae,,,stateProvince,PRESERVED_SPECIMEN,
859506538,Fujian,Hipposideros bicolor,Hipposideros,Hipposideridae,,,stateProvince,PRESERVED_SPECIMEN,
859506534,Fujian,Hipposideros bicolor,Hipposideros,Hipposideridae,,,stateProvince,PRESERVED_SPECIMEN,
859506530,Fujian,Hipposideros bicolor,Hipposideros,Hipposideridae,,,stateProvince,PRESERVED_SPECIMEN,
859506527,Fujian,Hipposideros bicolor,Hipposideros,Hipposideridae,,,stateProvince,PRESERVED_SPECIMEN,
859506524,Guangxi,Hipposideros bicolor,Hipposideros,Hipposideridae,,,stateProvince,PRESERVED_SPECIMEN,
859504455,Yunnan,Rhinolophus sinicus,Rhinolophus,Rhinolophidae,,,stateProvince,PRESERVED_SPECIMEN,
859504450,Yunnan,Rhinolophus sinicus,Rhinolophus,Rhinolophidae,,,stateProvince,PRESERVED_SPECIMEN,
859504182,Yunnan,Rhinolophus sinicus,Rhinolophus,Rhinolophidae,,,stateProvince,PRESERVED_SPECIMEN,
859504177,Yunnan,Rhinolophus sinicus,Rhinolophus,Rhinolophidae,,,stateProvince,PRESERVED_SPECIMEN,
859504157,Yunnan,Rhinolophus sinicus,Rhinolophus,Rhinolophidae,,,stateProvince,PRESERVED_SPECIMEN,
859504152,Yunnan,Rhinolophus sinicus,Rhinolophus,Rhinolophidae,,,stateProvince,PRESERVED_SPECIMEN,
859504146,Yunnan,Rhinolophus sinicus,Rhinolophus,Rhinolophidae,,,stateProvince,PRESERVED_SPECIMEN,
859504141,Yunnan,Rhinolophus sinicus,Rhinolophus,Rhinolophidae,,,stateProvince,PRESERVED_SPECIMEN,
859504136,Yunnan,Rhinolophus sinicus,Rhinolophus,Rhinolophidae,,,stateProvince,PRESERVED_SPECIMEN,
859504131,Yunnan,Rhinolophus sinicus,Rhinolophus,Rhinolophidae,,,stateProvince,PRESERVED_SPECIMEN,
859504126,Yunnan,Rhinolophus sinicus,Rhinolophus,Rhinolophidae,,,stateProvince,PRESERVED_SPECIMEN,
859504121,Sichuan,Rhinolophus sinicus,Rhinolophus,Rhinolophidae,,,stateProvince,PRESERVED_SPECIMEN,
859504106,Fujian,Rhinolophus sinicus,Rhinolophus,Rhinolophidae,,,stateProvince,PRESERVED_SPECIMEN,
859504101,Fujian,Rhinolophus sinicus,Rhinolophus,Rhinolophidae,,,stateProvince,PRESERVED_SPECIMEN,
859504096,Fujian,Rhinolophus sinicus,Rhinolophus,Rhinolophidae,,,stateProvince,PRESERVED_SPECIMEN,
859504091,Fujian,Rhinolophus sinicus,Rhinolophus,Rhinolophidae,,,stateProvince,PRESERVED_SPECIMEN,
859504086,Fujian,Rhinolophus sinicus,Rhinolophus,Rhinolophidae,,,stateProvince,PRESERVED_SPECIMEN,
859504081,Fujian,Rhinolophus sinicus,Rhinolophus,Rhinolophidae,,,stateProvince,PRESERVED_SPECIMEN,
859504076,Fujian,Rhinolophus sinicus,Rhinolophus,Rhinolophidae,,,stateProvince,PRESERVED_SPECIMEN,
859504071,Fujian,Rhinolophus sinicus,Rhinolophus,Rhinolophidae,,,stateProvince,PRESERVED_SPECIMEN,
859504066,Fujian,Rhinolophus sinicus,Rhinolophus,Rhinolophidae,,,stateProvince,PRESERVED_SPECIMEN,
859504061,Fujian,Rhinolophus sinicus,Rhinolophus,Rhinolophidae,,,stateProvince,PRESERVED_SPECIMEN,
859504057,Fujian,Hipposideros armiger,Hipposideros,Hipposideridae,,,stateProvince,PRESERVED_SPECIMEN,
859504056,Fujian,Rhinolophus sinicus,Rhinolophus,Rhinolophidae,,,stateProvince,PRESERVED_SPECIMEN,
859504052,Fujian,Hipposideros armiger,Hipposideros,Hipposideridae,,,stateProvince,PRESERVED_SPECIMEN,
859504051,Fujian,Rhinolophus sinicus,Rhinolophus,Rhinolophidae,,,stateProvince,PRESERVED_SPECIMEN,
859504048,Fujian,Hipposideros armiger,Hipposideros,Hipposideridae,,,stateProvince,PRESERVED_SPECIMEN,
859504046,Fujian,Rhinolophus sinicus,Rhinolophus,Rhinolophidae,,,stateProvince,PRESERVED_SPECIMEN,
859504043,Fujian,Hipposideros armiger,Hipposideros,Hipposideridae,,,stateProvince,PRESERVED_SPECIMEN,
859504042,Fujian,Hipposideros armiger,Hipposideros,Hipposideridae,,,stateProvince,PRESERVED_SPECIMEN,
859504041,Fujian,Rhinolophus sinicus,Rhinolophus,Rhinolophidae,,,stateProvince,PRESERVED_SPECIMEN,
859504036,Yunnan,Rhinolophus sinicus,Rhinolophus,Rhinolophidae,,,stateProvince,PRESERVED_SPECIMEN,
859504031,Yunnan,Rhinolophus sinicus,Rhinolophus,Rhinolophidae,,,stateProvince,PRESERVED_SPECIMEN,
859504026,Yunnan,Rhinolophus sinicus,Rhinolophus,Rhinolophidae,,,stateProvince,PRESERVED_SPECIMEN,
859504021,Yunnan,Rhinolophus sinicus,Rhinolophus,Rhinolophidae,,,stateProvince,PRESERVED_SPECIMEN,
859504016,Yunnan,Rhinolophus sinicus,Rhinolophus,Rhinolophidae,,,stateProvince,PRESERVED_SPECIMEN,
859504015,Yunnan,Rhinolophus sinicus,Rhinolophus,Rhinolophidae,,,stateProvince,PRESERVED_SPECIMEN,
859504011,Yunnan,Rhinolophus sinicus,Rhinolophus,Rhinolophidae,,,stateProvince,PRESERVED_SPECIMEN,
859504006,Yunnan,Rhinolophus sinicus,Rhinolophus,Rhinolophidae,,,stateProvince,PRESERVED_SPECIMEN,
859504002,Yunnan,Rhinolophus sinicus,Rhinolophus,Rhinolophidae,,,stateProvince,PRESERVED_SPECIMEN,
859503997,Yunnan,Rhinolophus sinicus,Rhinolophus,Rhinolophidae,,,stateProvince,PRESERVED_SPECIMEN,
859503738,Yunnan,Rhinolophus sinicus,Rhinolophus,Rhinolophidae,,,stateProvince,PRESERVED_SPECIMEN,
859503650,Yunnan,Rhinolophus sinicus,Rhinolophus,Rhinolophidae,,,stateProvince,PRESERVED_SPECIMEN,
859503645,Yunnan,Rhinolophus sinicus,Rhinolophus,Rhinolophidae,,,stateProvince,PRESERVED_SPECIMEN,
859503640,Yunnan,Rhinolophus sinicus,Rhinolophus,Rhinolophidae,,,stateProvince,PRESERVED_SPECIMEN,
859499170,Sichuan,Hypsugo pulveratus,Hypsugo,Vespertilionidae,,,stateProvince,PRESERVED_SPECIMEN,
859490166,Sichuan,Vespertilio sinensis,Vespertilio,Vespertilionidae,,,stateProvince,PRESERVED_SPECIMEN,
859487804,Yunnan,Taphozous melanopogon,Taphozous,Emballonuridae,,,stateProvince,PRESERVED_SPECIMEN,
859485028,Yunnan,Hipposideros armiger,Hipposideros,Hipposideridae,,,stateProvince,PRESERVED_SPECIMEN,
859482970,Sichuan,Myotis myotis,Myotis,Vespertilionidae,,,stateProvince,PRESERVED_SPECIMEN,
859482966,Sichuan,Myotis myotis,Myotis,Vespertilionidae,,,stateProvince,PRESERVED_SPECIMEN,
859482963,Sichuan,Myotis chinensis,Myotis,Vespertilionidae,,,stateProvince,PRESERVED_SPECIMEN,
859482959,Sichuan,Scotomanes ornatus,Scotomanes,Vespertilionidae,,,stateProvince,PRESERVED_SPECIMEN,
859482956,Sichuan,Hipposideros armiger,Hipposideros,Hipposideridae,,,stateProvince,PRESERVED_SPECIMEN,
859482953,Sichuan,Hipposideros armiger,Hipposideros,Hipposideridae,,,stateProvince,PRESERVED_SPECIMEN,
859482947,Sichuan,Rhinolophus affinis,Rhinolophus,Rhinolophidae,,,stateProvince,PRESERVED_SPECIMEN,
859482944,Sichuan,Rhinolophus episcopus,Rhinolophus,Rhinolophidae,,,stateProvince,PRESERVED_SPECIMEN,
859482942,Sichuan,Rhinolophus episcopus,Rhinolophus,Rhinolophidae,,,stateProvince,PRESERVED_SPECIMEN,
859482941,Sichuan,Rhinolophus affinis,Rhinolophus,Rhinolophidae,,,stateProvince,PRESERVED_SPECIMEN,
859482939,Sichuan,Rhinolophus rex,Rhinolophus,Rhinolophidae,,,stateProvince,PRESERVED_SPECIMEN,
859482935,Sichuan,Myotis myotis,Myotis,Vespertilionidae,,,stateProvince,PRESERVED_SPECIMEN,
859482934,Sichuan,Rhinolophus episcopus,Rhinolophus,Rhinolophidae,,,stateProvince,PRESERVED_SPECIMEN,
859482929,Sichuan,Hipposideros armiger,Hipposideros,Hipposideridae,,,stateProvince,PRESERVED_SPECIMEN,
859482924,Sichuan,Rhinolophus cornutus,Rhinolophus,Rhinolophidae,,,stateProvince,PRESERVED_SPECIMEN,
859482920,Sichuan,Rhinolophus cornutus,Rhinolophus,Rhinolophidae,,,stateProvince,PRESERVED_SPECIMEN,
859482916,Sichuan,Rhinolophus cornutus,Rhinolophus,Rhinolophidae,,,stateProvince,PRESERVED_SPECIMEN,
859482913,Sichuan,Rhinolophus cornutus,Rhinolophus,Rhinolophidae,,,stateProvince,PRESERVED_SPECIMEN,
859482909,Sichuan,Pipistrellus abramus,Pipistrellus,Vespertilionidae,,,stateProvince,PRESERVED_SPECIMEN,
859482904,Sichuan,Rhinolophus rex,Rhinolophus,Rhinolophidae,,,stateProvince,PRESERVED_SPECIMEN,
859482900,Sichuan,Rhinolophus cornutus,Rhinolophus,Rhinolophidae,,,stateProvince,PRESERVED_SPECIMEN,
859482896,Sichuan,Rhinolophus episcopus,Rhinolophus,Rhinolophidae,,,stateProvince,PRESERVED_SPECIMEN,
859482893,Sichuan,Rhinolophus episcopus,Rhinolophus,Rhinolophidae,,,stateProvince,PRESERVED_SPECIMEN,
859482890,Sichuan,Rhinolophus episcopus,Rhinolophus,Rhinolophidae,,,stateProvince,PRESERVED_SPECIMEN,
859482830,Sichuan,Rhinolophus sinicus,Rhinolophus,Rhinolophidae,,,stateProvince,PRESERVED_SPECIMEN,
859482827,Sichuan,Pipistrellus abramus,Pipistrellus,Vespertilionidae,,,stateProvince,PRESERVED_SPECIMEN,
859482826,Sichuan,Rhinolophus sinicus,Rhinolophus,Rhinolophidae,,,stateProvince,PRESERVED_SPECIMEN,
859482822,Sichuan,Rhinolophus sinicus,Rhinolophus,Rhinolophidae,,,stateProvince,PRESERVED_SPECIMEN,
859482818,Sichuan,Rhinolophus affinis,Rhinolophus,Rhinolophidae,,,stateProvince,PRESERVED_SPECIMEN,
859482814,Sichuan,Rhinolophus affinis,Rhinolophus,Rhinolophidae,,,stateProvince,PRESERVED_SPECIMEN,
859482810,Sichuan,Rhinolophus affinis,Rhinolophus,Rhinolophidae,,,stateProvince,PRESERVED_SPECIMEN,
859482807,Sichuan,Myotis myotis,Myotis,Vespertilionidae,,,stateProvince,PRESERVED_SPECIMEN,
859482805,Sichuan,Rhinolophus affinis,Rhinolophus,Rhinolophidae,,,stateProvince,PRESERVED_SPECIMEN,
859482800,Sichuan,Rhinolophus episcopus,Rhinolophus,Rhinolophidae,,,stateProvince,PRESERVED_SPECIMEN,
859482797,Sichuan,Rhinolophus sinicus,Rhinolophus,Rhinolophidae,,,stateProvince,PRESERVED_SPECIMEN,
859482795,Sichuan,Rhinolophus episcopus,Rhinolophus,Rhinolophidae,,,stateProvince,PRESERVED_SPECIMEN,
859482791,Sichuan,Rhinolophus affinis,Rhinolophus,Rhinolophidae,,,stateProvince,PRESERVED_SPECIMEN,
859482790,Sichuan,Rhinolophus episcopus,Rhinolophus,Rhinolophidae,,,stateProvince,PRESERVED_SPECIMEN,
859482786,Sichuan,Rhinolophus episcopus,Rhinolophus,Rhinolophidae,,,stateProvince,PRESERVED_SPECIMEN,
859482785,Sichuan,Rhinolophus rex,Rhinolophus,Rhinolophidae,,,stateProvince,PRESERVED_SPECIMEN,
859482782,Sichuan,Rhinolophus rex,Rhinolophus,Rhinolophidae,,,stateProvince,PRESERVED_SPECIMEN,
859482780,Sichuan,Rhinolophus rex,Rhinolophus,Rhinolophidae,,,stateProvince,PRESERVED_SPECIMEN,
859482776,Sichuan,Hipposideros armiger,Hipposideros,Hipposideridae,,,stateProvince,PRESERVED_SPECIMEN,
859482775,Sichuan,Hipposideros armiger,Hipposideros,Hipposideridae,,,stateProvince,PRESERVED_SPECIMEN,
859482771,Sichuan,Pipistrellus abramus,Pipistrellus,Vespertilionidae,,,stateProvince,PRESERVED_SPECIMEN,
859482770,Sichuan,Hipposideros armiger,Hipposideros,Hipposideridae,,,stateProvince,PRESERVED_SPECIMEN,
859482766,Sichuan,Hipposideros armiger,Hipposideros,Hipposideridae,,,stateProvince,PRESERVED_SPECIMEN,
859482762,Sichuan,Hipposideros armiger,Hipposideros,Hipposideridae,,,stateProvince,PRESERVED_SPECIMEN,
859482759,Sichuan,Ia io,Ia,Vespertilionidae,,,stateProvince,PRESERVED_SPECIMEN,
859482751,Sichuan,Myotis chinensis,Myotis,Vespertilionidae,,,stateProvince,PRESERVED_SPECIMEN,
859482746,Sichuan,Myotis chinensis,Myotis,Vespertilionidae,,,stateProvince,PRESERVED_SPECIMEN,
859482741,Sichuan,Myotis chinensis,Myotis,Vespertilionidae,,,stateProvince,PRESERVED_SPECIMEN,
859482736,Sichuan,Myotis chinensis,Myotis,Vespertilionidae,,,stateProvince,PRESERVED_SPECIMEN,
859482727,Sichuan,Rhinolophus pusillus,Rhinolophus,Rhinolophidae,,,stateProvince,PRESERVED_SPECIMEN,
859482722,Sichuan,Rhinolophus pusillus,Rhinolophus,Rhinolophidae,,,stateProvince,PRESERVED_SPECIMEN,
859482717,Sichuan,Rhinolophus pusillus,Rhinolophus,Rhinolophidae,,,stateProvince,PRESERVED_SPECIMEN,
859482712,Sichuan,Rhinolophus pusillus,Rhinolophus,Rhinolophidae,,,stateProvince,PRESERVED_SPECIMEN,
859482695,Sichuan,Rhinolophus sinicus,Rhinolophus,Rhinolophidae,,,stateProvince,PRESERVED_SPECIMEN,
859482644,Sichuan,Rhinolophus affinis,Rhinolophus,Rhinolophidae,,,stateProvince,PRESERVED_SPECIMEN,
859482640,Sichuan,Hipposideros armiger,Hipposideros,Hipposideridae,,,stateProvince,PRESERVED_SPECIMEN,
859482636,Sichuan,Hipposideros armiger,Hipposideros,Hipposideridae,,,stateProvince,PRESERVED_SPECIMEN,
859482631,Sichuan,Rhinolophus pusillus,Rhinolophus,Rhinolophidae,,,stateProvince,PRESERVED_SPECIMEN,
859482626,Sichuan,Rhinolophus cornutus,Rhinolophus,Rhinolophidae,,,stateProvince,PRESERVED_SPECIMEN,
859482620,Sichuan,Rhinolophus pusillus,Rhinolophus,Rhinolophidae,,,stateProvince,PRESERVED_SPECIMEN,
859482615,Sichuan,Rhinolophus pusillus,Rhinolophus,Rhinolophidae,,,stateProvince,PRESERVED_SPECIMEN,
859482610,Sichuan,Rhinolophus cornutus,Rhinolophus,Rhinolophidae,,,stateProvince,PRESERVED_SPECIMEN,
859482605,Sichuan,Rhinolophus cornutus,Rhinolophus,Rhinolophidae,,,stateProvince,PRESERVED_SPECIMEN,
859482601,Sichuan,Rhinolophus pusillus,Rhinolophus,Rhinolophidae,,,stateProvince,PRESERVED_SPECIMEN,
859482597,Sichuan,Rhinolophus cornutus,Rhinolophus,Rhinolophidae,,,stateProvince,PRESERVED_SPECIMEN,
859482594,Sichuan,Rhinolophus pusillus,Rhinolophus,Rhinolophidae,,,stateProvince,PRESERVED_SPECIMEN,
859482437,Sichuan,Hipposideros armiger,Hipposideros,Hipposideridae,,,stateProvince,PRESERVED_SPECIMEN,
859482432,Sichuan,Hipposideros armiger,Hipposideros,Hipposideridae,,,stateProvince,PRESERVED_SPECIMEN,
859482427,Sichuan,Hipposideros armiger,Hipposideros,Hipposideridae,,,stateProvince,PRESERVED_SPECIMEN,
859482422,Sichuan,Hipposideros armiger,Hipposideros,Hipposideridae,,,stateProvince,PRESERVED_SPECIMEN,
859482418,Sichuan,Hipposideros armiger,Hipposideros,Hipposideridae,,,stateProvince,PRESERVED_SPECIMEN,
859482414,Sichuan,Hipposideros armiger,Hipposideros,Hipposideridae,,,stateProvince,PRESERVED_SPECIMEN,
859482410,Sichuan,Hipposideros armiger,Hipposideros,Hipposideridae,,,stateProvince,PRESERVED_SPECIMEN,
859482406,Sichuan,Hipposideros armiger,Hipposideros,Hipposideridae,,,stateProvince,PRESERVED_SPECIMEN,
859482076,Sichuan,Nyctalus plancyi,Nyctalus,Vespertilionidae,,,stateProvince,PRESERVED_SPECIMEN,
859479644,Yunnan,Pipistrellus javanicus,Pipistrellus,Vespertilionidae,,,stateProvince,PRESERVED_SPECIMEN,
859478338,Sichuan,Rhinolophus pusillus,Rhinolophus,Rhinolophidae,,,stateProvince,PRESERVED_SPECIMEN,
859478333,Sichuan,Rhinolophus pusillus,Rhinolophus,Rhinolophidae,,,stateProvince,PRESERVED_SPECIMEN,
859478328,Sichuan,Rhinolophus pusillus,Rhinolophus,Rhinolophidae,,,stateProvince,PRESERVED_SPECIMEN,
859478323,Sichuan,Pipistrellus abramus,Pipistrellus,Vespertilionidae,,,stateProvince,PRESERVED_SPECIMEN,
859478318,Sichuan,Pipistrellus abramus,Pipistrellus,Vespertilionidae,,,stateProvince,PRESERVED_SPECIMEN,
859478313,Sichuan,Rhinolophus pusillus,Rhinolophus,Rhinolophidae,,,stateProvince,PRESERVED_SPECIMEN,
859478308,Sichuan,Rhinolophus pusillus,Rhinolophus,Rhinolophidae,,,stateProvince,PRESERVED_SPECIMEN,
859478304,Sichuan,Rhinolophus cornutus,Rhinolophus,Rhinolophidae,,,stateProvince,PRESERVED_SPECIMEN,
859478303,Sichuan,Rhinolophus pusillus,Rhinolophus,Rhinolophidae,,,stateProvince,PRESERVED_SPECIMEN,
859478299,Sichuan,Rhinolophus cornutus,Rhinolophus,Rhinolophidae,,,stateProvince,PRESERVED_SPECIMEN,
859478298,Sichuan,Rhinolophus pusillus,Rhinolophus,Rhinolophidae,,,stateProvince,PRESERVED_SPECIMEN,
859478294,Sichuan,Pipistrellus javanicus,Pipistrellus,Vespertilionidae,,,stateProvince,PRESERVED_SPECIMEN,
859478293,Sichuan,Rhinolophus cornutus,Rhinolophus,Rhinolophidae,,,stateProvince,PRESERVED_SPECIMEN,
859478288,Sichuan,Rhinolophus pusillus,Rhinolophus,Rhinolophidae,,,stateProvince,PRESERVED_SPECIMEN,
859478284,Sichuan,Rhinolophus pusillus,Rhinolophus,Rhinolophidae,,,stateProvince,PRESERVED_SPECIMEN,
859478283,Sichuan,Rhinolophus pusillus,Rhinolophus,Rhinolophidae,,,stateProvince,PRESERVED_SPECIMEN,
859478279,Sichuan,Rhinolophus cornutus,Rhinolophus,Rhinolophidae,,,stateProvince,PRESERVED_SPECIMEN,
859478278,Sichuan,Rhinolophus pearsonii,Rhinolophus,Rhinolophidae,,,stateProvince,PRESERVED_SPECIMEN,
859478274,Sichuan,Rhinolophus cornutus,Rhinolophus,Rhinolophidae,,,stateProvince,PRESERVED_SPECIMEN,
859478269,Sichuan,Rhinolophus pusillus,Rhinolophus,Rhinolophidae,,,stateProvince,PRESERVED_SPECIMEN,
859470076,Fujian,Rhinolophus episcopus,Rhinolophus,Rhinolophidae,,,stateProvince,PRESERVED_SPECIMEN,
859470064,Fujian,Rhinolophus pusillus,Rhinolophus,Rhinolophidae,,,stateProvince,PRESERVED_SPECIMEN,
859470055,Fujian,Rhinolophus affinis,Rhinolophus,Rhinolophidae,,,stateProvince,PRESERVED_SPECIMEN,
859469400,Yunnan,Hipposideros armiger,Hipposideros,Hipposideridae,,,stateProvince,PRESERVED_SPECIMEN,
859469395,Yunnan,Hipposideros armiger,Hipposideros,Hipposideridae,,,stateProvince,PRESERVED_SPECIMEN,
859469389,Yunnan,Hipposideros armiger,Hipposideros,Hipposideridae,,,stateProvince,PRESERVED_SPECIMEN,
859469371,Yunnan,Rhinolophus affinis,Rhinolophus,Rhinolophidae,,,stateProvince,PRESERVED_SPECIMEN,
859469366,Yunnan,Rhinolophus affinis,Rhinolophus,Rhinolophidae,,,stateProvince,PRESERVED_SPECIMEN,
859469361,Yunnan,Rhinolophus affinis,Rhinolophus,Rhinolophidae,,,stateProvince,PRESERVED_SPECIMEN,
859469355,Yunnan,Rhinolophus nippon,Rhinolophus,Rhinolophidae,,,stateProvince,PRESERVED_SPECIMEN,
859469350,Yunnan,Rhinolophus affinis,Rhinolophus,Rhinolophidae,,,stateProvince,PRESERVED_SPECIMEN,
859469346,Yunnan,Rhinolophus affinis,Rhinolophus,Rhinolophidae,,,stateProvince,PRESERVED_SPECIMEN,
859469341,Yunnan,Rhinolophus affinis,Rhinolophus,Rhinolophidae,,,stateProvince,PRESERVED_SPECIMEN,
859469336,Yunnan,Rhinolophus affinis,Rhinolophus,Rhinolophidae,,,stateProvince,PRESERVED_SPECIMEN,
859469331,Yunnan,Rhinolophus affinis,Rhinolophus,Rhinolophidae,,,stateProvince,PRESERVED_SPECIMEN,
859469326,Yunnan,Rhinolophus nippon,Rhinolophus,Rhinolophidae,,,stateProvince,PRESERVED_SPECIMEN,
859469321,Yunnan,Hipposideros armiger,Hipposideros,Hipposideridae,,,stateProvince,PRESERVED_SPECIMEN,
859469316,Yunnan,Hipposideros armiger,Hipposideros,Hipposideridae,,,stateProvince,PRESERVED_SPECIMEN,
859469311,Yunnan,Hipposideros armiger,Hipposideros,Hipposideridae,,,stateProvince,PRESERVED_SPECIMEN,
859469306,Yunnan,Hipposideros armiger,Hipposideros,Hipposideridae,,,stateProvince,PRESERVED_SPECIMEN,
859469301,Yunnan,Hipposideros armiger,Hipposideros,Hipposideridae,,,stateProvince,PRESERVED_SPECIMEN,
859469259,Yunnan,Hipposideros armiger,Hipposideros,Hipposideridae,,,stateProvince,PRESERVED_SPECIMEN,
859469254,Yunnan,Hipposideros armiger,Hipposideros,Hipposideridae,,,stateProvince,PRESERVED_SPECIMEN,
859469248,Yunnan,Hipposideros armiger,Hipposideros,Hipposideridae,,,stateProvince,PRESERVED_SPECIMEN,
859469243,Yunnan,Hipposideros armiger,Hipposideros,Hipposideridae,,,stateProvince,PRESERVED_SPECIMEN,
859469238,Yunnan,Hipposideros armiger,Hipposideros,Hipposideridae,,,stateProvince,PRESERVED_SPECIMEN,
859469233,Yunnan,Myotis alticraniatus,Myotis,Vespertilionidae,,,stateProvince,PRESERVED_SPECIMEN,
859469228,Yunnan,Hipposideros armiger,Hipposideros,Hipposideridae,,,stateProvince,PRESERVED_SPECIMEN,
859469223,Yunnan,Hipposideros armiger,Hipposideros,Hipposideridae,,,stateProvince,PRESERVED_SPECIMEN,
859469218,Yunnan,Hipposideros armiger,Hipposideros,Hipposideridae,,,stateProvince,PRESERVED_SPECIMEN,
859469213,Yunnan,Hipposideros armiger,Hipposideros,Hipposideridae,,,stateProvince,PRESERVED_SPECIMEN,
859469208,Yunnan,Hipposideros armiger,Hipposideros,Hipposideridae,,,stateProvince,PRESERVED_SPECIMEN,
859468881,Yunnan,Hipposideros armiger,Hipposideros,Hipposideridae,,,stateProvince,PRESERVED_SPECIMEN,
859468878,Yunnan,Hipposideros armiger,Hipposideros,Hipposideridae,,,stateProvince,PRESERVED_SPECIMEN,
859468875,Yunnan,Hipposideros armiger,Hipposideros,Hipposideridae,,,stateProvince,PRESERVED_SPECIMEN,
859468872,Yunnan,Hipposideros armiger,Hipposideros,Hipposideridae,,,stateProvince,PRESERVED_SPECIMEN,
859463919,Yunnan,Taphozous melanopogon,Taphozous,Emballonuridae,,,stateProvince,PRESERVED_SPECIMEN,
859462989,Sichuan,Lyroderma lyra,Lyroderma,Megadermatidae,,,stateProvince,PRESERVED_SPECIMEN,
859462984,Sichuan,Lyroderma lyra,Lyroderma,Megadermatidae,,,stateProvince,PRESERVED_SPECIMEN,
859457096,Yunnan,Taphozous melanopogon,Taphozous,Emballonuridae,,,stateProvince,PRESERVED_SPECIMEN,
859457092,Yunnan,Taphozous melanopogon,Taphozous,Emballonuridae,,,stateProvince,PRESERVED_SPECIMEN,
859457087,Yunnan,Taphozous melanopogon,Taphozous,Emballonuridae,,,stateProvince,PRESERVED_SPECIMEN,
859457082,Yunnan,Taphozous melanopogon,Taphozous,Emballonuridae,,,stateProvince,PRESERVED_SPECIMEN,
859457077,Yunnan,Taphozous melanopogon,Taphozous,Emballonuridae,,,stateProvince,PRESERVED_SPECIMEN,
859455237,Fujian,Lyroderma lyra,Lyroderma,Megadermatidae,,,stateProvince,PRESERVED_SPECIMEN,
859454104,Fujian,Eptesicus pachyomus,Eptesicus,Vespertilionidae,,,stateProvince,PRESERVED_SPECIMEN,
859454099,Fujian,Eptesicus pachyomus,Eptesicus,Vespertilionidae,,,stateProvince,PRESERVED_SPECIMEN,
859454095,Fujian,Rhinolophus perniger,Rhinolophus,Rhinolophidae,,,stateProvince,PRESERVED_SPECIMEN,
859454085,Fujian,Hipposideros armiger,Hipposideros,Hipposideridae,,,stateProvince,PRESERVED_SPECIMEN,
859454034,Fujian,Myotis sowerbyi,Myotis,Vespertilionidae,,,stateProvince,PRESERVED_SPECIMEN,
859454029,Fujian,Myotis sowerbyi,Myotis,Vespertilionidae,,,stateProvince,PRESERVED_SPECIMEN,
859454024,Fujian,Myotis sowerbyi,Myotis,Vespertilionidae,,,stateProvince,PRESERVED_SPECIMEN,
859454019,Fujian,Myotis sowerbyi,Myotis,Vespertilionidae,,,stateProvince,PRESERVED_SPECIMEN,
859454016,Fujian,Hipposideros armiger,Hipposideros,Hipposideridae,,,stateProvince,PRESERVED_SPECIMEN,
859454011,Fujian,Hipposideros armiger,Hipposideros,Hipposideridae,,,stateProvince,PRESERVED_SPECIMEN,
859454004,Fujian,Miniopterus fuliginosus,Miniopterus,Vespertilionidae,,,stateProvince,PRESERVED_SPECIMEN,
859453999,Fujian,Miniopterus fuliginosus,Miniopterus,Vespertilionidae,,,stateProvince,PRESERVED_SPECIMEN,
859453994,Fujian,Hipposideros pratti,Hipposideros,Hipposideridae,,,stateProvince,PRESERVED_SPECIMEN,
859453991,Fujian,Hipposideros pratti,Hipposideros,Hipposideridae,,,stateProvince,PRESERVED_SPECIMEN,
859453988,Fujian,Hipposideros pratti,Hipposideros,Hipposideridae,,,stateProvince,PRESERVED_SPECIMEN,
859453985,Fujian,Hipposideros pratti,Hipposideros,Hipposideridae,,,stateProvince,PRESERVED_SPECIMEN,
859453981,Fujian,Hipposideros pratti,Hipposideros,Hipposideridae,,,stateProvince,PRESERVED_SPECIMEN,
859453977,Fujian,Hipposideros armiger,Hipposideros,Hipposideridae,,,stateProvince,PRESERVED_SPECIMEN,
859453972,Fujian,Hipposideros armiger,Hipposideros,Hipposideridae,,,stateProvince,PRESERVED_SPECIMEN,
859453951,Fujian,Rhinolophus cornutus,Rhinolophus,Rhinolophidae,,,stateProvince,PRESERVED_SPECIMEN,
859453949,Fujian,Hipposideros gentilis,Hipposideros,Hipposideridae,,,stateProvince,PRESERVED_SPECIMEN,
859453947,Fujian,Miniopterus fuliginosus,Miniopterus,Vespertilionidae,,,stateProvince,PRESERVED_SPECIMEN,
859453945,Fujian,Hipposideros gentilis,Hipposideros,Hipposideridae,,,stateProvince,PRESERVED_SPECIMEN,
859453943,Fujian,Scotomanes ornatus,Scotomanes,Vespertilionidae,,,stateProvince,PRESERVED_SPECIMEN,
859453939,Fujian,Hipposideros gentilis,Hipposideros,Hipposideridae,,,stateProvince,PRESERVED_SPECIMEN,
859453936,Fujian,Rhinolophus affinis,Rhinolophus,Rhinolophidae,,,stateProvince,PRESERVED_SPECIMEN,
859453933,Fujian,Rhinolophus affinis,Rhinolophus,Rhinolophidae,,,stateProvince,PRESERVED_SPECIMEN,
859453929,Fujian,Rhinolophus affinis,Rhinolophus,Rhinolophidae,,,stateProvince,PRESERVED_SPECIMEN,
859453923,Fujian,Rhinolophus affinis,Rhinolophus,Rhinolophidae,,,stateProvince,PRESERVED_SPECIMEN,
859453918,Fujian,Rhinolophus sinicus,Rhinolophus,Rhinolophidae,,,stateProvince,PRESERVED_SPECIMEN,
859453913,Fujian,Rhinolophus sinicus,Rhinolophus,Rhinolophidae,,,stateProvince,PRESERVED_SPECIMEN,
859453903,Fujian,Rhinolophus sinicus,Rhinolophus,Rhinolophidae,,,stateProvince,PRESERVED_SPECIMEN,
859453898,Fujian,Rhinolophus cornutus,Rhinolophus,Rhinolophidae,,,stateProvince,PRESERVED_SPECIMEN,
859453893,Fujian,Rhinolophus pusillus,Rhinolophus,Rhinolophidae,,,stateProvince,PRESERVED_SPECIMEN,
859453891,Fujian,Rhinolophus pusillus,Rhinolophus,Rhinolophidae,,,stateProvince,PRESERVED_SPECIMEN,
859453888,Fujian,Rhinolophus cornutus,Rhinolophus,Rhinolophidae,,,stateProvince,PRESERVED_SPECIMEN,
859453884,Fujian,Rhinolophus pusillus,Rhinolophus,Rhinolophidae,,,stateProvince,PRESERVED_SPECIMEN,
859453861,Fujian,Rhinolophus cornutus,Rhinolophus,Rhinolophidae,,,stateProvince,PRESERVED_SPECIMEN,
859453856,Fujian,Rhinolophus pusillus,Rhinolophus,Rhinolophidae,,,stateProvince,PRESERVED_SPECIMEN,
859453846,Fujian,Rhinolophus pusillus,Rhinolophus,Rhinolophidae,,,stateProvince,PRESERVED_SPECIMEN,
859453841,Fujian,Rhinolophus sinicus,Rhinolophus,Rhinolophidae,,,stateProvince,PRESERVED_SPECIMEN,
859453836,Fujian,Myotis sowerbyi,Myotis,Vespertilionidae,,,stateProvince,PRESERVED_SPECIMEN,
859453831,Fujian,Myotis sowerbyi,Myotis,Vespertilionidae,,,stateProvince,PRESERVED_SPECIMEN,
859453827,Fujian,Hipposideros gentilis,Hipposideros,Hipposideridae,,,stateProvince,PRESERVED_SPECIMEN,
859453823,Fujian,Hipposideros gentilis,Hipposideros,Hipposideridae,,,stateProvince,PRESERVED_SPECIMEN,
859450794,Sichuan,Rhinolophus nippon,Rhinolophus,Rhinolophidae,,,stateProvince,PRESERVED_SPECIMEN,
859450789,Sichuan,Rhinolophus ferrumequinum,Rhinolophus,Rhinolophidae,,,stateProvince,PRESERVED_SPECIMEN,
859450784,Sichuan,Rhinolophus nippon,Rhinolophus,Rhinolophidae,,,stateProvince,PRESERVED_SPECIMEN,
859450772,Sichuan,Rhinolophus nippon,Rhinolophus,Rhinolophidae,,,stateProvince,PRESERVED_SPECIMEN,
859450769,Sichuan,Rhinolophus ferrumequinum,Rhinolophus,Rhinolophidae,,,stateProvince,PRESERVED_SPECIMEN,
859450764,Sichuan,Rhinolophus nippon,Rhinolophus,Rhinolophidae,,,stateProvince,PRESERVED_SPECIMEN,
859450759,Sichuan,Rhinolophus nippon,Rhinolophus,Rhinolophidae,,,stateProvince,PRESERVED_SPECIMEN,
859450754,Sichuan,Rhinolophus nippon,Rhinolophus,Rhinolophidae,,,stateProvince,PRESERVED_SPECIMEN,
859450749,Sichuan,Rhinolophus nippon,Rhinolophus,Rhinolophidae,,,stateProvince,PRESERVED_SPECIMEN,
859450744,Sichuan,Rhinolophus nippon,Rhinolophus,Rhinolophidae,,,stateProvince,PRESERVED_SPECIMEN,
859450739,Sichuan,Rhinolophus nippon,Rhinolophus,Rhinolophidae,,,stateProvince,PRESERVED_SPECIMEN,
859450733,Sichuan,Rhinolophus nippon,Rhinolophus,Rhinolophidae,,,stateProvince,PRESERVED_SPECIMEN,
859450728,Sichuan,Rhinolophus ferrumequinum,Rhinolophus,Rhinolophidae,,,stateProvince,PRESERVED_SPECIMEN,
859450647,Sichuan,Plecotus wardi,Plecotus,Vespertilionidae,,,stateProvince,PRESERVED_SPECIMEN,
859450642,Sichuan,Rhinolophus nippon,Rhinolophus,Rhinolophidae,,,stateProvince,PRESERVED_SPECIMEN,
859450637,Sichuan,Rhinolophus nippon,Rhinolophus,Rhinolophidae,,,stateProvince,PRESERVED_SPECIMEN,
859450633,Sichuan,Rhinolophus nippon,Rhinolophus,Rhinolophidae,,,stateProvince,PRESERVED_SPECIMEN,
859450628,Sichuan,Rhinolophus nippon,Rhinolophus,Rhinolophidae,,,stateProvince,PRESERVED_SPECIMEN,
859450623,Sichuan,Rhinolophus nippon,Rhinolophus,Rhinolophidae,,,stateProvince,PRESERVED_SPECIMEN,
859450618,Sichuan,Rhinolophus ferrumequinum,Rhinolophus,Rhinolophidae,,,stateProvince,PRESERVED_SPECIMEN,
859450612,Sichuan,Rhinolophus nippon,Rhinolophus,Rhinolophidae,,,stateProvince,PRESERVED_SPECIMEN,
859446712,Yunnan,Tylonycteris fulvida,Tylonycteris,Vespertilionidae,,,stateProvince,PRESERVED_SPECIMEN,
859446707,Yunnan,Tylonycteris robustula,Tylonycteris,Vespertilionidae,,,stateProvince,PRESERVED_SPECIMEN,
859446702,Yunnan,Tylonycteris robustula,Tylonycteris,Vespertilionidae,,,stateProvince,PRESERVED_SPECIMEN,
859446697,Yunnan,Tylonycteris fulvida,Tylonycteris,Vespertilionidae,,,stateProvince,PRESERVED_SPECIMEN,
859446567,Yunnan,Tylonycteris fulvida,Tylonycteris,Vespertilionidae,,,stateProvince,PRESERVED_SPECIMEN,
859443208,Fujian,Nyctalus noctula,Nyctalus,Vespertilionidae,,,stateProvince,PRESERVED_SPECIMEN,
859443203,Fujian,Rhinolophus perniger,Rhinolophus,Rhinolophidae,,,stateProvince,PRESERVED_SPECIMEN,
859443198,Fujian,Nyctalus noctula,Nyctalus,Vespertilionidae,,,stateProvince,PRESERVED_SPECIMEN,
859443193,Fujian,Rhinolophus perniger,Rhinolophus,Rhinolophidae,,,stateProvince,PRESERVED_SPECIMEN,
859443188,Fujian,Submyotodon moupinensis,Submyotodon,Vespertilionidae,,,stateProvince,PRESERVED_SPECIMEN,
859443183,Fujian,Pipistrellus abramus,Pipistrellus,Vespertilionidae,,,stateProvince,PRESERVED_SPECIMEN,
859443178,Fujian,Nyctalus noctula,Nyctalus,Vespertilionidae,,,stateProvince,PRESERVED_SPECIMEN,
859443172,Fujian,Nyctalus noctula,Nyctalus,Vespertilionidae,,,stateProvince,PRESERVED_SPECIMEN,
859443167,Fujian,Nyctalus noctula,Nyctalus,Vespertilionidae,,,stateProvince,PRESERVED_SPECIMEN,
859443162,Fujian,Nyctalus noctula,Nyctalus,Vespertilionidae,,,stateProvince,PRESERVED_SPECIMEN,
859440006,Yunnan,Hipposideros armiger,Hipposideros,Hipposideridae,,,stateProvince,PRESERVED_SPECIMEN,
859440002,Yunnan,Hipposideros armiger,Hipposideros,Hipposideridae,,,stateProvince,PRESERVED_SPECIMEN,
859440000,Yunnan,Hipposideros armiger,Hipposideros,Hipposideridae,,,stateProvince,PRESERVED_SPECIMEN,
859439998,Yunnan,Hipposideros armiger,Hipposideros,Hipposideridae,,,stateProvince,PRESERVED_SPECIMEN,
859439996,Yunnan,Hipposideros armiger,Hipposideros,Hipposideridae,,,stateProvince,PRESERVED_SPECIMEN,
859439994,Yunnan,Hipposideros armiger,Hipposideros,Hipposideridae,,,stateProvince,PRESERVED_SPECIMEN,
859439992,Yunnan,Hipposideros armiger,Hipposideros,Hipposideridae,,,stateProvince,PRESERVED_SPECIMEN,
859439990,Yunnan,Hipposideros armiger,Hipposideros,Hipposideridae,,,stateProvince,PRESERVED_SPECIMEN,
859439988,Yunnan,Hipposideros armiger,Hipposideros,Hipposideridae,,,stateProvince,PRESERVED_SPECIMEN,
859439986,Yunnan,Hipposideros armiger,Hipposideros,Hipposideridae,,,stateProvince,PRESERVED_SPECIMEN,
859439984,Sichuan,Rhinolophus affinis,Rhinolophus,Rhinolophidae,,,stateProvince,PRESERVED_SPECIMEN,
859439983,Yunnan,Hipposideros armiger,Hipposideros,Hipposideridae,,,stateProvince,PRESERVED_SPECIMEN,
859439981,Yunnan,Hipposideros armiger,Hipposideros,Hipposideridae,,,stateProvince,PRESERVED_SPECIMEN,
859439979,Sichuan,Rhinolophus affinis,Rhinolophus,Rhinolophidae,,,stateProvince,PRESERVED_SPECIMEN,
859439978,Yunnan,Hipposideros armiger,Hipposideros,Hipposideridae,,,stateProvince,PRESERVED_SPECIMEN,
859439976,Yunnan,Hipposideros armiger,Hipposideros,Hipposideridae,,,stateProvince,PRESERVED_SPECIMEN,
859439975,Sichuan,Rhinolophus affinis,Rhinolophus,Rhinolophidae,,,stateProvince,PRESERVED_SPECIMEN,
859439973,Yunnan,Hipposideros armiger,Hipposideros,Hipposideridae,,,stateProvince,PRESERVED_SPECIMEN,
859439971,Yunnan,Hipposideros armiger,Hipposideros,Hipposideridae,,,stateProvince,PRESERVED_SPECIMEN,
859439970,Sichuan,Rhinolophus cornutus,Rhinolophus,Rhinolophidae,,,stateProvince,PRESERVED_SPECIMEN,
859439967,Yunnan,Hipposideros armiger,Hipposideros,Hipposideridae,,,stateProvince,PRESERVED_SPECIMEN,
859439966,Yunnan,Hipposideros armiger,Hipposideros,Hipposideridae,,,stateProvince,PRESERVED_SPECIMEN,
859439965,Sichuan,Rhinolophus affinis,Rhinolophus,Rhinolophidae,,,stateProvince,PRESERVED_SPECIMEN,
859439962,Yunnan,Hipposideros armiger,Hipposideros,Hipposideridae,,,stateProvince,PRESERVED_SPECIMEN,
859439961,Yunnan,Hipposideros armiger,Hipposideros,Hipposideridae,,,stateProvince,PRESERVED_SPECIMEN,
859439960,Sichuan,Rhinolophus affinis,Rhinolophus,Rhinolophidae,,,stateProvince,PRESERVED_SPECIMEN,
859439957,Sichuan,Rhinolophus affinis,Rhinolophus,Rhinolophidae,,,stateProvince,PRESERVED_SPECIMEN,
859439956,Yunnan,Hipposideros armiger,Hipposideros,Hipposideridae,,,stateProvince,PRESERVED_SPECIMEN,
859439955,Sichuan,Rhinolophus cornutus,Rhinolophus,Rhinolophidae,,,stateProvince,PRESERVED_SPECIMEN,
859439951,Yunnan,Hipposideros armiger,Hipposideros,Hipposideridae,,,stateProvince,PRESERVED_SPECIMEN,
859439950,Sichuan,Rhinolophus affinis,Rhinolophus,Rhinolophidae,,,stateProvince,PRESERVED_SPECIMEN,
859439947,Yunnan,Hipposideros armiger,Hipposideros,Hipposideridae,,,stateProvince,PRESERVED_SPECIMEN,
859439946,Sichuan,Rhinolophus affinis,Rhinolophus,Rhinolophidae,,,stateProvince,PRESERVED_SPECIMEN,
859439944,Yunnan,Hipposideros armiger,Hipposideros,Hipposideridae,,,stateProvince,PRESERVED_SPECIMEN,
859439943,Sichuan,Rhinolophus affinis,Rhinolophus,Rhinolophidae,,,stateProvince,PRESERVED_SPECIMEN,
859439941,Yunnan,Hipposideros armiger,Hipposideros,Hipposideridae,,,stateProvince,PRESERVED_SPECIMEN,
859439940,Sichuan,Rhinolophus cornutus,Rhinolophus,Rhinolophidae,,,stateProvince,PRESERVED_SPECIMEN,
859439938,Yunnan,Hipposideros armiger,Hipposideros,Hipposideridae,,,stateProvince,PRESERVED_SPECIMEN,
859439937,Sichuan,Rhinolophus affinis,Rhinolophus,Rhinolophidae,,,stateProvince,PRESERVED_SPECIMEN,
859439935,Yunnan,Hipposideros armiger,Hipposideros,Hipposideridae,,,stateProvince,PRESERVED_SPECIMEN,
859439934,Sichuan,Rhinolophus affinis,Rhinolophus,Rhinolophidae,,,stateProvince,PRESERVED_SPECIMEN,
859439931,Sichuan,Rhinolophus affinis,Rhinolophus,Rhinolophidae,,,stateProvince,PRESERVED_SPECIMEN,
859439927,Sichuan,Rhinolophus cornutus,Rhinolophus,Rhinolophidae,,,stateProvince,PRESERVED_SPECIMEN,
859439922,Sichuan,Rhinolophus affinis,Rhinolophus,Rhinolophidae,,,stateProvince,PRESERVED_SPECIMEN,
859439917,Sichuan,Rhinolophus affinis,Rhinolophus,Rhinolophidae,,,stateProvince,PRESERVED_SPECIMEN,
859439912,Sichuan,Rhinolophus affinis,Rhinolophus,Rhinolophidae,,,stateProvince,PRESERVED_SPECIMEN,
859439907,Sichuan,Rhinolophus affinis,Rhinolophus,Rhinolophidae,,,stateProvince,PRESERVED_SPECIMEN,
859439902,Sichuan,Rhinolophus affinis,Rhinolophus,Rhinolophidae,,,stateProvince,PRESERVED_SPECIMEN,
859439898,Sichuan,Rhinolophus affinis,Rhinolophus,Rhinolophidae,,,stateProvince,PRESERVED_SPECIMEN,
859439894,Sichuan,Rhinolophus affinis,Rhinolophus,Rhinolophidae,,,stateProvince,PRESERVED_SPECIMEN,
859439890,Sichuan,Rhinolophus affinis,Rhinolophus,Rhinolophidae,,,stateProvince,PRESERVED_SPECIMEN,
859439886,Sichuan,Rhinolophus affinis,Rhinolophus,Rhinolophidae,,,stateProvince,PRESERVED_SPECIMEN,
859439882,Sichuan,Rhinolophus affinis,Rhinolophus,Rhinolophidae,,,stateProvince,PRESERVED_SPECIMEN,
859439877,Sichuan,Rhinolophus affinis,Rhinolophus,Rhinolophidae,,,stateProvince,PRESERVED_SPECIMEN,
859439876,Sichuan,Rhinolophus affinis,Rhinolophus,Rhinolophidae,,,stateProvince,PRESERVED_SPECIMEN,
859439872,Sichuan,Rhinolophus affinis,Rhinolophus,Rhinolophidae,,,stateProvince,PRESERVED_SPECIMEN,
859439871,Sichuan,Rhinolophus affinis,Rhinolophus,Rhinolophidae,,,stateProvince,PRESERVED_SPECIMEN,
859439867,Sichuan,Rhinolophus affinis,Rhinolophus,Rhinolophidae,,,stateProvince,PRESERVED_SPECIMEN,
859439862,Sichuan,Rhinolophus cornutus,Rhinolophus,Rhinolophidae,,,stateProvince,PRESERVED_SPECIMEN,
859439857,Sichuan,Rhinolophus affinis,Rhinolophus,Rhinolophidae,,,stateProvince,PRESERVED_SPECIMEN,
859439852,Sichuan,Rhinolophus affinis,Rhinolophus,Rhinolophidae,,,stateProvince,PRESERVED_SPECIMEN,
859439847,Sichuan,Rhinolophus affinis,Rhinolophus,Rhinolophidae,,,stateProvince,PRESERVED_SPECIMEN,
859439842,Sichuan,Rhinolophus affinis,Rhinolophus,Rhinolophidae,,,stateProvince,PRESERVED_SPECIMEN,
859439837,Sichuan,Rhinolophus affinis,Rhinolophus,Rhinolophidae,,,stateProvince,PRESERVED_SPECIMEN,
859439832,Sichuan,Rhinolophus affinis,Rhinolophus,Rhinolophidae,,,stateProvince,PRESERVED_SPECIMEN,
859439830,Sichuan,Rhinolophus affinis,Rhinolophus,Rhinolophidae,,,stateProvince,PRESERVED_SPECIMEN,
859439827,Sichuan,Rhinolophus cornutus,Rhinolophus,Rhinolophidae,,,stateProvince,PRESERVED_SPECIMEN,
859439825,Sichuan,Rhinolophus affinis,Rhinolophus,Rhinolophidae,,,stateProvince,PRESERVED_SPECIMEN,
859439822,Sichuan,Rhinolophus cornutus,Rhinolophus,Rhinolophidae,,,stateProvince,PRESERVED_SPECIMEN,
859439820,Sichuan,Rhinolophus affinis,Rhinolophus,Rhinolophidae,,,stateProvince,PRESERVED_SPECIMEN,
859439817,Sichuan,Rhinolophus affinis,Rhinolophus,Rhinolophidae,,,stateProvince,PRESERVED_SPECIMEN,
859439815,Sichuan,Rhinolophus affinis,Rhinolophus,Rhinolophidae,,,stateProvince,PRESERVED_SPECIMEN,
859439812,Sichuan,Rhinolophus affinis,Rhinolophus,Rhinolophidae,,,stateProvince,PRESERVED_SPECIMEN,
859439808,Sichuan,Rhinolophus affinis,Rhinolophus,Rhinolophidae,,,stateProvince,PRESERVED_SPECIMEN,
859439804,Sichuan,Rhinolophus affinis,Rhinolophus,Rhinolophidae,,,stateProvince,PRESERVED_SPECIMEN,
859439800,Sichuan,Rhinolophus affinis,Rhinolophus,Rhinolophidae,,,stateProvince,PRESERVED_SPECIMEN,
859439796,Sichuan,Rhinolophus affinis,Rhinolophus,Rhinolophidae,,,stateProvince,PRESERVED_SPECIMEN,
859439795,Sichuan,Rhinolophus affinis,Rhinolophus,Rhinolophidae,,,stateProvince,PRESERVED_SPECIMEN,
859439791,Sichuan,Rhinolophus affinis,Rhinolophus,Rhinolophidae,,,stateProvince,PRESERVED_SPECIMEN,
859439790,Sichuan,Rhinolophus affinis,Rhinolophus,Rhinolophidae,,,stateProvince,PRESERVED_SPECIMEN,
859439786,Sichuan,Rhinolophus affinis,Rhinolophus,Rhinolophidae,,,stateProvince,PRESERVED_SPECIMEN,
859439784,Sichuan,Rhinolophus affinis,Rhinolophus,Rhinolophidae,,,stateProvince,PRESERVED_SPECIMEN,
859439780,Sichuan,Rhinolophus affinis,Rhinolophus,Rhinolophidae,,,stateProvince,PRESERVED_SPECIMEN,
859439779,Sichuan,Rhinolophus affinis,Rhinolophus,Rhinolophidae,,,stateProvince,PRESERVED_SPECIMEN,
859439775,Sichuan,Rhinolophus affinis,Rhinolophus,Rhinolophidae,,,stateProvince,PRESERVED_SPECIMEN,
859439774,Sichuan,Rhinolophus affinis,Rhinolophus,Rhinolophidae,,,stateProvince,PRESERVED_SPECIMEN,
859439770,Sichuan,Rhinolophus affinis,Rhinolophus,Rhinolophidae,,,stateProvince,PRESERVED_SPECIMEN,
859439766,Sichuan,Rhinolophus affinis,Rhinolophus,Rhinolophidae,,,stateProvince,PRESERVED_SPECIMEN,
859439765,Sichuan,Rhinolophus affinis,Rhinolophus,Rhinolophidae,,,stateProvince,PRESERVED_SPECIMEN,
859439761,Sichuan,Rhinolophus affinis,Rhinolophus,Rhinolophidae,,,stateProvince,PRESERVED_SPECIMEN,
859439756,Sichuan,Rhinolophus affinis,Rhinolophus,Rhinolophidae,,,stateProvince,PRESERVED_SPECIMEN,
859439751,Sichuan,Rhinolophus affinis,Rhinolophus,Rhinolophidae,,,stateProvince,PRESERVED_SPECIMEN,
859439739,Sichuan,Rhinolophus affinis,Rhinolophus,Rhinolophidae,,,stateProvince,PRESERVED_SPECIMEN,
859439734,Sichuan,Rhinolophus affinis,Rhinolophus,Rhinolophidae,,,stateProvince,PRESERVED_SPECIMEN,
859439729,Sichuan,Rhinolophus affinis,Rhinolophus,Rhinolophidae,,,stateProvince,PRESERVED_SPECIMEN,
859439724,Sichuan,Rhinolophus affinis,Rhinolophus,Rhinolophidae,,,stateProvince,PRESERVED_SPECIMEN,
859439718,Sichuan,Rhinolophus affinis,Rhinolophus,Rhinolophidae,,,stateProvince,PRESERVED_SPECIMEN,
859439713,Sichuan,Rhinolophus cornutus,Rhinolophus,Rhinolophidae,,,stateProvince,PRESERVED_SPECIMEN,
859439708,Sichuan,Rhinolophus affinis,Rhinolophus,Rhinolophidae,,,stateProvince,PRESERVED_SPECIMEN,
859439703,Sichuan,Rhinolophus affinis,Rhinolophus,Rhinolophidae,,,stateProvince,PRESERVED_SPECIMEN,
859439545,Sichuan,Rhinolophus affinis,Rhinolophus,Rhinolophidae,,,stateProvince,PRESERVED_SPECIMEN,
859439540,Sichuan,Rhinolophus affinis,Rhinolophus,Rhinolophidae,,,stateProvince,PRESERVED_SPECIMEN,
859436697,Fujian,Hipposideros armiger,Hipposideros,Hipposideridae,,,stateProvince,PRESERVED_SPECIMEN,
859436602,Fujian,Pipistrellus abramus,Pipistrellus,Vespertilionidae,,,stateProvince,PRESERVED_SPECIMEN,
859436597,Fujian,Pipistrellus tenuis,Pipistrellus,Vespertilionidae,,,stateProvince,PRESERVED_SPECIMEN,
859436531,Fujian,Hipposideros pratti,Hipposideros,Hipposideridae,,,stateProvince,PRESERVED_SPECIMEN,
859433994,Fujian,Myotis sowerbyi,Myotis,Vespertilionidae,,,stateProvince,PRESERVED_SPECIMEN,
859433989,Fujian,Myotis sowerbyi,Myotis,Vespertilionidae,,,stateProvince,PRESERVED_SPECIMEN,
859433985,Fujian,Myotis frater,Myotis,Vespertilionidae,,,stateProvince,PRESERVED_SPECIMEN,
859433984,Fujian,Miniopterus fuliginosus,Miniopterus,Vespertilionidae,,,stateProvince,PRESERVED_SPECIMEN,
859433981,Fujian,Myotis sowerbyi,Myotis,Vespertilionidae,,,stateProvince,PRESERVED_SPECIMEN,
859433980,Fujian,Rhinolophus cornutus,Rhinolophus,Rhinolophidae,,,stateProvince,PRESERVED_SPECIMEN,
859433979,Fujian,Rhinolophus perniger,Rhinolophus,Rhinolophidae,,,stateProvince,PRESERVED_SPECIMEN,
859433976,Fujian,Rhinolophus affinis,Rhinolophus,Rhinolophidae,,,stateProvince,PRESERVED_SPECIMEN,
859433975,Fujian,Pipistrellus abramus,Pipistrellus,Vespertilionidae,,,stateProvince,PRESERVED_SPECIMEN,
859433974,Fujian,Hipposideros pratti,Hipposideros,Hipposideridae,,,stateProvince,PRESERVED_SPECIMEN,
859433971,Fujian,Rhinolophus sinicus,Rhinolophus,Rhinolophidae,,,stateProvince,PRESERVED_SPECIMEN,
859433970,Fujian,Myotis frater,Myotis,Vespertilionidae,,,stateProvince,PRESERVED_SPECIMEN,
859433969,Fujian,Hipposideros armiger,Hipposideros,Hipposideridae,,,stateProvince,PRESERVED_SPECIMEN,
859433966,Fujian,Rhinolophus cornutus,Rhinolophus,Rhinolophidae,,,stateProvince,PRESERVED_SPECIMEN,
859433965,Fujian,Myotis mystacinus,Myotis,Vespertilionidae,,,stateProvince,PRESERVED_SPECIMEN,
859433964,Fujian,Hipposideros pratti,Hipposideros,Hipposideridae,,,stateProvince,PRESERVED_SPECIMEN,
859433961,Fujian,Myotis sowerbyi,Myotis,Vespertilionidae,,,stateProvince,PRESERVED_SPECIMEN,
859433960,Fujian,Myotis sowerbyi,Myotis,Vespertilionidae,,,stateProvince,PRESERVED_SPECIMEN,
859433959,Fujian,Hipposideros pratti,Hipposideros,Hipposideridae,,,stateProvince,PRESERVED_SPECIMEN,
859433956,Fujian,Myotis sowerbyi,Myotis,Vespertilionidae,,,stateProvince,PRESERVED_SPECIMEN,
859433950,Fujian,Rhinolophus sinicus,Rhinolophus,Rhinolophidae,,,stateProvince,PRESERVED_SPECIMEN,
859433945,Fujian,Myotis sowerbyi,Myotis,Vespertilionidae,,,stateProvince,PRESERVED_SPECIMEN,
859433940,Fujian,Myotis sowerbyi,Myotis,Vespertilionidae,,,stateProvince,PRESERVED_SPECIMEN,
859433935,Fujian,Myotis sowerbyi,Myotis,Vespertilionidae,,,stateProvince,PRESERVED_SPECIMEN,
859433929,Fujian,Rhinolophus sinicus,Rhinolophus,Rhinolophidae,,,stateProvince,PRESERVED_SPECIMEN,
859433925,Fujian,Myotis sowerbyi,Myotis,Vespertilionidae,,,stateProvince,PRESERVED_SPECIMEN,
859433923,Fujian,Hipposideros pratti,Hipposideros,Hipposideridae,,,stateProvince,PRESERVED_SPECIMEN,
859433920,Fujian,Myotis sowerbyi,Myotis,Vespertilionidae,,,stateProvince,PRESERVED_SPECIMEN,
859433855,Fujian,Hipposideros pratti,Hipposideros,Hipposideridae,,,stateProvince,PRESERVED_SPECIMEN,
859433791,Fujian,Hipposideros armiger,Hipposideros,Hipposideridae,,,stateProvince,PRESERVED_SPECIMEN,
859433788,Fujian,Hipposideros armiger,Hipposideros,Hipposideridae,,,stateProvince,PRESERVED_SPECIMEN,
859433786,Fujian,Hipposideros armiger,Hipposideros,Hipposideridae,,,stateProvince,PRESERVED_SPECIMEN,
859433785,Fujian,Hipposideros pratti,Hipposideros,Hipposideridae,,,stateProvince,PRESERVED_SPECIMEN,
859433783,Fujian,Hipposideros pratti,Hipposideros,Hipposideridae,,,stateProvince,PRESERVED_SPECIMEN,
859433782,Fujian,Hipposideros armiger,Hipposideros,Hipposideridae,,,stateProvince,PRESERVED_SPECIMEN,
859433781,Fujian,Hipposideros pratti,Hipposideros,Hipposideridae,,,stateProvince,PRESERVED_SPECIMEN,
859433779,Fujian,Hipposideros armiger,Hipposideros,Hipposideridae,,,stateProvince,PRESERVED_SPECIMEN,
859433774,Fujian,Hipposideros pratti,Hipposideros,Hipposideridae,,,stateProvince,PRESERVED_SPECIMEN,
859429116,Fujian,Rhinolophus pusillus,Rhinolophus,Rhinolophidae,,,stateProvince,PRESERVED_SPECIMEN,
859429111,Fujian,Rhinolophus pusillus,Rhinolophus,Rhinolophidae,,,stateProvince,PRESERVED_SPECIMEN,
859423654,Sichuan,Ia io,Ia,Vespertilionidae,,,stateProvince,PRESERVED_SPECIMEN,
859423649,Sichuan,Ia io,Ia,Vespertilionidae,,,stateProvince,PRESERVED_SPECIMEN,
859423628,Sichuan,Rhinolophus affinis,Rhinolophus,Rhinolophidae,,,stateProvince,PRESERVED_SPECIMEN,
859422001,Sichuan,Nyctalus noctula,Nyctalus,Vespertilionidae,,,stateProvince,PRESERVED_SPECIMEN,
859420046,Fujian,Rhinolophus cornutus,Rhinolophus,Rhinolophidae,,,stateProvince,PRESERVED_SPECIMEN,
859420041,Fujian,Nyctalus plancyi,Nyctalus,Vespertilionidae,,,stateProvince,PRESERVED_SPECIMEN,
859420036,Fujian,Nyctalus plancyi,Nyctalus,Vespertilionidae,,,stateProvince,PRESERVED_SPECIMEN,
859416472,Fujian,Scotomanes ornatus,Scotomanes,Vespertilionidae,,,stateProvince,PRESERVED_SPECIMEN,
859416467,Fujian,Rhinolophus affinis,Rhinolophus,Rhinolophidae,,,stateProvince,PRESERVED_SPECIMEN,
859416462,Fujian,Rhinolophus affinis,Rhinolophus,Rhinolophidae,,,stateProvince,PRESERVED_SPECIMEN,
859416457,Fujian,Rhinolophus affinis,Rhinolophus,Rhinolophidae,,,stateProvince,PRESERVED_SPECIMEN,
859416452,Fujian,Rhinolophus affinis,Rhinolophus,Rhinolophidae,,,stateProvince,PRESERVED_SPECIMEN,
859416447,Fujian,Rhinolophus pearsonii,Rhinolophus,Rhinolophidae,,,stateProvince,PRESERVED_SPECIMEN,
859416442,Fujian,Rhinolophus affinis,Rhinolophus,Rhinolophidae,,,stateProvince,PRESERVED_SPECIMEN,
859416437,Fujian,Rhinolophus sinicus,Rhinolophus,Rhinolophidae,,,stateProvince,PRESERVED_SPECIMEN,
859416314,Fujian,Rhinolophus sinicus,Rhinolophus,Rhinolophidae,,,stateProvince,PRESERVED_SPECIMEN,
859416231,Fujian,Rhinolophus affinis,Rhinolophus,Rhinolophidae,,,stateProvince,PRESERVED_SPECIMEN,
859415972,Fujian,Rhinolophus sinicus,Rhinolophus,Rhinolophidae,,,stateProvince,PRESERVED_SPECIMEN,
859415967,Fujian,Rhinolophus sinicus,Rhinolophus,Rhinolophidae,,,stateProvince,PRESERVED_SPECIMEN,
859415962,Fujian,Rhinolophus sinicus,Rhinolophus,Rhinolophidae,,,stateProvince,PRESERVED_SPECIMEN,
859415957,Fujian,Rhinolophus sinicus,Rhinolophus,Rhinolophidae,,,stateProvince,PRESERVED_SPECIMEN,
859415891,Fujian,Rhinolophus sinicus,Rhinolophus,Rhinolophidae,,,stateProvince,PRESERVED_SPECIMEN,
859415886,Fujian,Rhinolophus sinicus,Rhinolophus,Rhinolophidae,,,stateProvince,PRESERVED_SPECIMEN,
859415881,Fujian,Rhinolophus sinicus,Rhinolophus,Rhinolophidae,,,stateProvince,PRESERVED_SPECIMEN,
859415877,Fujian,Rhinolophus sinicus,Rhinolophus,Rhinolophidae,,,stateProvince,PRESERVED_SPECIMEN,
859415872,Fujian,Rhinolophus sinicus,Rhinolophus,Rhinolophidae,,,stateProvince,PRESERVED_SPECIMEN,
859415867,Fujian,Rhinolophus sinicus,Rhinolophus,Rhinolophidae,,,stateProvince,PRESERVED_SPECIMEN,
859415863,Fujian,Rhinolophus sinicus,Rhinolophus,Rhinolophidae,,,stateProvince,PRESERVED_SPECIMEN,
859415859,Fujian,Myotis daubentonii,Myotis,Vespertilionidae,,,stateProvince,PRESERVED_SPECIMEN,
859415805,Fujian,Myotis sowerbyi,Myotis,Vespertilionidae,,,stateProvince,PRESERVED_SPECIMEN,
859415800,Fujian,Hypsugo pulveratus,Hypsugo,Vespertilionidae,,,stateProvince,PRESERVED_SPECIMEN,
859415795,Fujian,Pipistrellus abramus,Pipistrellus,Vespertilionidae,,,stateProvince,PRESERVED_SPECIMEN,
859415790,Fujian,Myotis daubentonii,Myotis,Vespertilionidae,,,stateProvince,PRESERVED_SPECIMEN,
859415787,Fujian,Myotis sowerbyi,Myotis,Vespertilionidae,,,stateProvince,PRESERVED_SPECIMEN,
859415786,Fujian,Myotis daubentonii,Myotis,Vespertilionidae,,,stateProvince,PRESERVED_SPECIMEN,
859415783,Fujian,Kerivoula hardwickii,Kerivoula,Vespertilionidae,,,stateProvince,PRESERVED_SPECIMEN,
859415782,Fujian,Myotis sowerbyi,Myotis,Vespertilionidae,,,stateProvince,PRESERVED_SPECIMEN,
859415779,Fujian,Kerivoula hardwickii,Kerivoula,Vespertilionidae,,,stateProvince,PRESERVED_SPECIMEN,
859415778,Fujian,Myotis daubentonii,Myotis,Vespertilionidae,,,stateProvince,PRESERVED_SPECIMEN,
859415775,Fujian,Kerivoula hardwickii,Kerivoula,Vespertilionidae,,,stateProvince,PRESERVED_SPECIMEN,
859409825,Yunnan,Hipposideros armiger,Hipposideros,Hipposideridae,,,stateProvince,PRESERVED_SPECIMEN,
859408237,Sichuan,Pipistrellus javanicus,Pipistrellus,Vespertilionidae,,,stateProvince,PRESERVED_SPECIMEN,
859408235,Sichuan,Rhinolophus rex,Rhinolophus,Rhinolophidae,,,stateProvince,PRESERVED_SPECIMEN,
859404386,Fujian,Lyroderma lyra,Lyroderma,Megadermatidae,,,stateProvince,PRESERVED_SPECIMEN,
859404383,Fujian,Lyroderma lyra,Lyroderma,Megadermatidae,,,stateProvince,PRESERVED_SPECIMEN,
859404381,Fujian,Lyroderma lyra,Lyroderma,Megadermatidae,,,stateProvince,PRESERVED_SPECIMEN,
859404380,Fujian,Lyroderma lyra,Lyroderma,Megadermatidae,,,stateProvince,PRESERVED_SPECIMEN,
859404379,Fujian,Lyroderma lyra,Lyroderma,Megadermatidae,,,stateProvince,PRESERVED_SPECIMEN,
859404378,Fujian,Lyroderma lyra,Lyroderma,Megadermatidae,,,stateProvince,PRESERVED_SPECIMEN,
859404377,Fujian,Lyroderma lyra,Lyroderma,Megadermatidae,,,stateProvince,PRESERVED_SPECIMEN,
859404375,Fujian,Lyroderma lyra,Lyroderma,Megadermatidae,,,stateProvince,PRESERVED_SPECIMEN,
859404373,Fujian,Lyroderma lyra,Lyroderma,Megadermatidae,,,stateProvince,PRESERVED_SPECIMEN,
859404372,Fujian,Lyroderma lyra,Lyroderma,Megadermatidae,,,stateProvince,PRESERVED_SPECIMEN,
859404367,Fujian,Lyroderma lyra,Lyroderma,Megadermatidae,,,stateProvince,PRESERVED_SPECIMEN,
859403770,Sichuan,Rhinolophus pusillus,Rhinolophus,Rhinolophidae,,,stateProvince,PRESERVED_SPECIMEN,
859403763,Sichuan,Rhinolophus shortridgei,Rhinolophus,Rhinolophidae,,,stateProvince,PRESERVED_SPECIMEN,
859403750,Fujian,Pipistrellus abramus,Pipistrellus,Vespertilionidae,,,stateProvince,PRESERVED_SPECIMEN,
859403743,Fujian,Rhinolophus perniger,Rhinolophus,Rhinolophidae,,,stateProvince,PRESERVED_SPECIMEN,
859403677,Fujian,Myotis sowerbyi,Myotis,Vespertilionidae,,,stateProvince,PRESERVED_SPECIMEN,
859403674,Fujian,Kerivoula hardwickii,Kerivoula,Vespertilionidae,,,stateProvince,PRESERVED_SPECIMEN,
859403672,Fujian,Rhinolophus perniger,Rhinolophus,Rhinolophidae,,,stateProvince,PRESERVED_SPECIMEN,
859403667,Fujian,Kerivoula hardwickii,Kerivoula,Vespertilionidae,,,stateProvince,PRESERVED_SPECIMEN,
859403632,Fujian,Rhinolophus perniger,Rhinolophus,Rhinolophidae,,,stateProvince,PRESERVED_SPECIMEN,
859403629,Fujian,Pipistrellus abramus,Pipistrellus,Vespertilionidae,,,stateProvince,PRESERVED_SPECIMEN,
859403627,Fujian,Miniopterus fuliginosus,Miniopterus,Vespertilionidae,,,stateProvince,PRESERVED_SPECIMEN,
859403626,Fujian,Kerivoula hardwickii,Kerivoula,Vespertilionidae,,,stateProvince,PRESERVED_SPECIMEN,
859402526,Sichuan,Scotomanes ornatus,Scotomanes,Vespertilionidae,,,stateProvince,PRESERVED_SPECIMEN,
859400873,Fujian,Rhinolophus pusillus,Rhinolophus,Rhinolophidae,,,stateProvince,PRESERVED_SPECIMEN,
859400872,Fujian,Rhinolophus pusillus,Rhinolophus,Rhinolophidae,,,stateProvince,PRESERVED_SPECIMEN,
859400870,Fujian,Rhinolophus pusillus,Rhinolophus,Rhinolophidae,,,stateProvince,PRESERVED_SPECIMEN,
859399784,Fujian,Rhinolophus cornutus,Rhinolophus,Rhinolophidae,,,stateProvince,PRESERVED_SPECIMEN,
859397798,Sichuan,Coelops frithii,Coelops,Hipposideridae,,,stateProvince,PRESERVED_SPECIMEN,
859397701,Sichuan,Rhinolophus episcopus,Rhinolophus,Rhinolophidae,,,stateProvince,PRESERVED_SPECIMEN,
859397700,Sichuan,Rhinolophus episcopus,Rhinolophus,Rhinolophidae,,,stateProvince,PRESERVED_SPECIMEN,
859397699,Sichuan,Rhinolophus shortridgei,Rhinolophus,Rhinolophidae,,,stateProvince,PRESERVED_SPECIMEN,
859397600,Sichuan,Rhinolophus cornutus,Rhinolophus,Rhinolophidae,,,stateProvince,PRESERVED_SPECIMEN,
859397599,Sichuan,Rhinolophus rex,Rhinolophus,Rhinolophidae,,,stateProvince,PRESERVED_SPECIMEN,
859397097,Sichuan,Rhinolophus affinis,Rhinolophus,Rhinolophidae,,,stateProvince,PRESERVED_SPECIMEN,
859397096,Sichuan,Rhinolophus pusillus,Rhinolophus,Rhinolophidae,,,stateProvince,PRESERVED_SPECIMEN,
859397094,Sichuan,Rhinolophus episcopus,Rhinolophus,Rhinolophidae,,,stateProvince,PRESERVED_SPECIMEN,
859397093,Sichuan,Rhinolophus affinis,Rhinolophus,Rhinolophidae,,,stateProvince,PRESERVED_SPECIMEN,
859397092,Sichuan,Hipposideros armiger,Hipposideros,Hipposideridae,,,stateProvince,PRESERVED_SPECIMEN,
859397091,Sichuan,Hipposideros armiger,Hipposideros,Hipposideridae,,,stateProvince,PRESERVED_SPECIMEN,
859397090,Sichuan,Hipposideros armiger,Hipposideros,Hipposideridae,,,stateProvince,PRESERVED_SPECIMEN,
859397089,Sichuan,Hipposideros armiger,Hipposideros,Hipposideridae,,,stateProvince,PRESERVED_SPECIMEN,
859397088,Sichuan,Hipposideros armiger,Hipposideros,Hipposideridae,,,stateProvince,PRESERVED_SPECIMEN,
859397087,Sichuan,Hipposideros armiger,Hipposideros,Hipposideridae,,,stateProvince,PRESERVED_SPECIMEN,
859397086,Sichuan,Hipposideros armiger,Hipposideros,Hipposideridae,,,stateProvince,PRESERVED_SPECIMEN,
859397085,Sichuan,Hipposideros armiger,Hipposideros,Hipposideridae,,,stateProvince,PRESERVED_SPECIMEN,
859397084,Sichuan,Hipposideros armiger,Hipposideros,Hipposideridae,,,stateProvince,PRESERVED_SPECIMEN,
859397083,Sichuan,Hipposideros armiger,Hipposideros,Hipposideridae,,,stateProvince,PRESERVED_SPECIMEN,
859397082,Sichuan,Hipposideros armiger,Hipposideros,Hipposideridae,,,stateProvince,PRESERVED_SPECIMEN,
859397081,Sichuan,Hipposideros armiger,Hipposideros,Hipposideridae,,,stateProvince,PRESERVED_SPECIMEN,
859397080,Sichuan,Hipposideros armiger,Hipposideros,Hipposideridae,,,stateProvince,PRESERVED_SPECIMEN,
859397079,Sichuan,Hipposideros armiger,Hipposideros,Hipposideridae,,,stateProvince,PRESERVED_SPECIMEN,
859397078,Sichuan,Hipposideros armiger,Hipposideros,Hipposideridae,,,stateProvince,PRESERVED_SPECIMEN,
859397074,Sichuan,Hipposideros armiger,Hipposideros,Hipposideridae,,,stateProvince,PRESERVED_SPECIMEN,
859396906,Sichuan,Hipposideros armiger,Hipposideros,Hipposideridae,,,stateProvince,PRESERVED_SPECIMEN,
859396905,Sichuan,Hipposideros armiger,Hipposideros,Hipposideridae,,,stateProvince,PRESERVED_SPECIMEN,
859396902,Sichuan,Hipposideros armiger,Hipposideros,Hipposideridae,,,stateProvince,PRESERVED_SPECIMEN,
859396901,Sichuan,Hipposideros armiger,Hipposideros,Hipposideridae,,,stateProvince,PRESERVED_SPECIMEN,
859396900,Sichuan,Hipposideros armiger,Hipposideros,Hipposideridae,,,stateProvince,PRESERVED_SPECIMEN,
859396899,Sichuan,Hipposideros armiger,Hipposideros,Hipposideridae,,,stateProvince,PRESERVED_SPECIMEN,
859396898,Sichuan,Hipposideros armiger,Hipposideros,Hipposideridae,,,stateProvince,PRESERVED_SPECIMEN,
859396897,Sichuan,Hipposideros armiger,Hipposideros,Hipposideridae,,,stateProvince,PRESERVED_SPECIMEN,
859396896,Sichuan,Hipposideros armiger,Hipposideros,Hipposideridae,,,stateProvince,PRESERVED_SPECIMEN,
859396894,Sichuan,Hipposideros armiger,Hipposideros,Hipposideridae,,,stateProvince,PRESERVED_SPECIMEN,
859396893,Sichuan,Hipposideros armiger,Hipposideros,Hipposideridae,,,stateProvince,PRESERVED_SPECIMEN,
859396889,Sichuan,Hipposideros armiger,Hipposideros,Hipposideridae,,,stateProvince,PRESERVED_SPECIMEN,
859394634,Fujian,Rhinolophus sinicus,Rhinolophus,Rhinolophidae,,,stateProvince,PRESERVED_SPECIMEN,
859390310,Fujian,Hipposideros gentilis,Hipposideros,Hipposideridae,,,stateProvince,PRESERVED_SPECIMEN,
859390302,Fujian,Hipposideros gentilis,Hipposideros,Hipposideridae,,,stateProvince,PRESERVED_SPECIMEN,
859390301,Fujian,Hipposideros gentilis,Hipposideros,Hipposideridae,,,stateProvince,PRESERVED_SPECIMEN,
859390300,Fujian,Hipposideros gentilis,Hipposideros,Hipposideridae,,,stateProvince,PRESERVED_SPECIMEN,
859390299,Fujian,Hipposideros gentilis,Hipposideros,Hipposideridae,,,stateProvince,PRESERVED_SPECIMEN,
859390298,Fujian,Myotis rufoniger,Myotis,Vespertilionidae,,,stateProvince,PRESERVED_SPECIMEN,
859390297,Fujian,Hipposideros gentilis,Hipposideros,Hipposideridae,,,stateProvince,PRESERVED_SPECIMEN,
859390296,Fujian,Hipposideros gentilis,Hipposideros,Hipposideridae,,,stateProvince,PRESERVED_SPECIMEN,
859390294,Fujian,Hipposideros gentilis,Hipposideros,Hipposideridae,,,stateProvince,PRESERVED_SPECIMEN,
859390293,Fujian,Hipposideros gentilis,Hipposideros,Hipposideridae,,,stateProvince,PRESERVED_SPECIMEN,
859387225,Yunnan,Hipposideros armiger,Hipposideros,Hipposideridae,,,stateProvince,PRESERVED_SPECIMEN,
859387021,Yunnan,Pipistrellus tenuis,Pipistrellus,Vespertilionidae,,,stateProvince,PRESERVED_SPECIMEN,
859387018,Yunnan,Pipistrellus tenuis,Pipistrellus,Vespertilionidae,,,stateProvince,PRESERVED_SPECIMEN,
859387009,Yunnan,Pipistrellus tenuis,Pipistrellus,Vespertilionidae,,,stateProvince,PRESERVED_SPECIMEN,
859386572,Yunnan,Pipistrellus javanicus,Pipistrellus,Vespertilionidae,,,stateProvince,PRESERVED_SPECIMEN,
859386566,Yunnan,Pipistrellus javanicus,Pipistrellus,Vespertilionidae,,,stateProvince,PRESERVED_SPECIMEN,
859380606,Yunnan,Rhinolophus osgoodi,Rhinolophus,Rhinolophidae,,,stateProvince,PRESERVED_SPECIMEN,
859380600,Yunnan,Rhinolophus osgoodi,Rhinolophus,Rhinolophidae,,,stateProvince,PRESERVED_SPECIMEN,
859380595,Yunnan,Rhinolophus sinicus,Rhinolophus,Rhinolophidae,,,stateProvince,PRESERVED_SPECIMEN,
859380590,Yunnan,Rhinolophus osgoodi,Rhinolophus,Rhinolophidae,,,stateProvince,PRESERVED_SPECIMEN,
859380587,Yunnan,Rhinolophus sinicus,Rhinolophus,Rhinolophidae,,,stateProvince,PRESERVED_SPECIMEN,
859380582,Yunnan,Rhinolophus osgoodi,Rhinolophus,Rhinolophidae,,,stateProvince,PRESERVED_SPECIMEN,
859380577,Yunnan,Rhinolophus osgoodi,Rhinolophus,Rhinolophidae,,,stateProvince,PRESERVED_SPECIMEN,
859380572,Yunnan,Rhinolophus osgoodi,Rhinolophus,Rhinolophidae,,,stateProvince,PRESERVED_SPECIMEN,
859380567,Yunnan,Rhinolophus osgoodi,Rhinolophus,Rhinolophidae,,,stateProvince,PRESERVED_SPECIMEN,
859380562,Yunnan,Rhinolophus osgoodi,Rhinolophus,Rhinolophidae,,,stateProvince,PRESERVED_SPECIMEN,
859380557,Yunnan,Rhinolophus osgoodi,Rhinolophus,Rhinolophidae,,,stateProvince,PRESERVED_SPECIMEN,
859380553,Yunnan,Rhinolophus osgoodi,Rhinolophus,Rhinolophidae,,,stateProvince,PRESERVED_SPECIMEN,
859380549,Yunnan,Rhinolophus osgoodi,Rhinolophus,Rhinolophidae,,,stateProvince,PRESERVED_SPECIMEN,
859380544,Yunnan,Rhinolophus osgoodi,Rhinolophus,Rhinolophidae,,,stateProvince,PRESERVED_SPECIMEN,
859380540,Yunnan,Rhinolophus osgoodi,Rhinolophus,Rhinolophidae,,,stateProvince,PRESERVED_SPECIMEN,
859380535,Yunnan,Rhinolophus sinicus,Rhinolophus,Rhinolophidae,,,stateProvince,PRESERVED_SPECIMEN,
859380530,Yunnan,Rhinolophus osgoodi,Rhinolophus,Rhinolophidae,,,stateProvince,PRESERVED_SPECIMEN,
859380525,Yunnan,Rhinolophus osgoodi,Rhinolophus,Rhinolophidae,,,stateProvince,PRESERVED_SPECIMEN,
859380520,Yunnan,Rhinolophus sinicus,Rhinolophus,Rhinolophidae,,,stateProvince,PRESERVED_SPECIMEN,
859380515,Yunnan,Rhinolophus osgoodi,Rhinolophus,Rhinolophidae,,,stateProvince,PRESERVED_SPECIMEN,
859380510,Yunnan,Rhinolophus osgoodi,Rhinolophus,Rhinolophidae,,,stateProvince,PRESERVED_SPECIMEN,
859380506,Yunnan,Rhinolophus osgoodi,Rhinolophus,Rhinolophidae,,,stateProvince,PRESERVED_SPECIMEN,
859380501,Yunnan,Rhinolophus osgoodi,Rhinolophus,Rhinolophidae,,,stateProvince,PRESERVED_SPECIMEN,
859380496,Yunnan,Rhinolophus osgoodi,Rhinolophus,Rhinolophidae,,,stateProvince,PRESERVED_SPECIMEN,
859380491,Yunnan,Rhinolophus osgoodi,Rhinolophus,Rhinolophidae,,,stateProvince,PRESERVED_SPECIMEN,
859380487,Yunnan,Rhinolophus osgoodi,Rhinolophus,Rhinolophidae,,,stateProvince,PRESERVED_SPECIMEN,
859380483,Yunnan,Rhinolophus sinicus,Rhinolophus,Rhinolophidae,,,stateProvince,PRESERVED_SPECIMEN,
859380480,Yunnan,Rhinolophus osgoodi,Rhinolophus,Rhinolophidae,,,stateProvince,PRESERVED_SPECIMEN,
859380475,Yunnan,Rhinolophus osgoodi,Rhinolophus,Rhinolophidae,,,stateProvince,PRESERVED_SPECIMEN,
859380470,Yunnan,Rhinolophus osgoodi,Rhinolophus,Rhinolophidae,,,stateProvince,PRESERVED_SPECIMEN,
859380465,Yunnan,Rhinolophus osgoodi,Rhinolophus,Rhinolophidae,,,stateProvince,PRESERVED_SPECIMEN,
859380460,Yunnan,Rhinolophus osgoodi,Rhinolophus,Rhinolophidae,,,stateProvince,PRESERVED_SPECIMEN,
859380455,Yunnan,Rhinolophus osgoodi,Rhinolophus,Rhinolophidae,,,stateProvince,PRESERVED_SPECIMEN,
859380449,Yunnan,Rhinolophus osgoodi,Rhinolophus,Rhinolophidae,,,stateProvince,PRESERVED_SPECIMEN,
859380444,Yunnan,Rhinolophus sinicus,Rhinolophus,Rhinolophidae,,,stateProvince,PRESERVED_SPECIMEN,
859380441,Yunnan,Rhinolophus osgoodi,Rhinolophus,Rhinolophidae,,,stateProvince,PRESERVED_SPECIMEN,
859380440,Yunnan,Rhinolophus osgoodi,Rhinolophus,Rhinolophidae,,,stateProvince,PRESERVED_SPECIMEN,
859380437,Yunnan,Rhinolophus osgoodi,Rhinolophus,Rhinolophidae,,,stateProvince,PRESERVED_SPECIMEN,
859380436,Yunnan,Rhinolophus osgoodi,Rhinolophus,Rhinolophidae,,,stateProvince,PRESERVED_SPECIMEN,
859380433,Yunnan,Rhinolophus nippon,Rhinolophus,Rhinolophidae,,,stateProvince,PRESERVED_SPECIMEN,
859380432,Yunnan,Rhinolophus sinicus,Rhinolophus,Rhinolophidae,,,stateProvince,PRESERVED_SPECIMEN,
859380429,Yunnan,Rhinolophus affinis,Rhinolophus,Rhinolophidae,,,stateProvince,PRESERVED_SPECIMEN,
859380425,Yunnan,Rhinolophus osgoodi,Rhinolophus,Rhinolophidae,,,stateProvince,PRESERVED_SPECIMEN,
859380368,Yunnan,Myotis fimbriatus,Myotis,Vespertilionidae,,,stateProvince,PRESERVED_SPECIMEN,
859380362,Yunnan,Hypsugo pulveratus,Hypsugo,Vespertilionidae,,,stateProvince,PRESERVED_SPECIMEN,
859380352,Yunnan,Submyotodon moupinensis,Submyotodon,Vespertilionidae,,,stateProvince,PRESERVED_SPECIMEN,
859380346,Yunnan,Barbastella darjelingensis,Barbastella,Vespertilionidae,,,stateProvince,PRESERVED_SPECIMEN,
859380341,Yunnan,Rhinolophus affinis,Rhinolophus,Rhinolophidae,,,stateProvince,PRESERVED_SPECIMEN,
859373753,Yunnan,Hypsugo pulveratus,Hypsugo,Vespertilionidae,,,stateProvince,PRESERVED_SPECIMEN,
859370899,Fujian,Pipistrellus abramus,Pipistrellus,Vespertilionidae,,,stateProvince,PRESERVED_SPECIMEN,
859370894,Fujian,Pipistrellus abramus,Pipistrellus,Vespertilionidae,,,stateProvince,PRESERVED_SPECIMEN,
859370890,Fujian,Pipistrellus abramus,Pipistrellus,Vespertilionidae,,,stateProvince,PRESERVED_SPECIMEN,
859370885,Fujian,Pipistrellus abramus,Pipistrellus,Vespertilionidae,,,stateProvince,PRESERVED_SPECIMEN,
859370880,Fujian,Pipistrellus abramus,Pipistrellus,Vespertilionidae,,,stateProvince,PRESERVED_SPECIMEN,
859370876,Fujian,Pipistrellus abramus,Pipistrellus,Vespertilionidae,,,stateProvince,PRESERVED_SPECIMEN,
859370872,Fujian,Pipistrellus abramus,Pipistrellus,Vespertilionidae,,,stateProvince,PRESERVED_SPECIMEN,
859370868,Fujian,Pipistrellus abramus,Pipistrellus,Vespertilionidae,,,stateProvince,PRESERVED_SPECIMEN,
859370795,Fujian,Nyctalus noctula,Nyctalus,Vespertilionidae,,,stateProvince,PRESERVED_SPECIMEN,
859370744,Fujian,Pipistrellus abramus,Pipistrellus,Vespertilionidae,,,stateProvince,PRESERVED_SPECIMEN,
859370739,Fujian,Pipistrellus abramus,Pipistrellus,Vespertilionidae,,,stateProvince,PRESERVED_SPECIMEN,
859370734,Fujian,Eptesicus pachyomus,Eptesicus,Vespertilionidae,,,stateProvince,PRESERVED_SPECIMEN,
859370729,Fujian,Nyctalus noctula,Nyctalus,Vespertilionidae,,,stateProvince,PRESERVED_SPECIMEN,
859370724,Fujian,Nyctalus noctula,Nyctalus,Vespertilionidae,,,stateProvince,PRESERVED_SPECIMEN,
859368912,Yunnan,Rhinolophus nippon,Rhinolophus,Rhinolophidae,,,stateProvince,PRESERVED_SPECIMEN,
859368908,Yunnan,Rhinolophus nippon,Rhinolophus,Rhinolophidae,,,stateProvince,PRESERVED_SPECIMEN,
859365183,Yunnan,Hipposideros gentilis,Hipposideros,Hipposideridae,,,stateProvince,PRESERVED_SPECIMEN,
859365180,Yunnan,Hipposideros gentilis,Hipposideros,Hipposideridae,,,stateProvince,PRESERVED_SPECIMEN,
859365171,Yunnan,Myotis chinensis,Myotis,Vespertilionidae,,,stateProvince,PRESERVED_SPECIMEN,
859363778,Fujian,Pipistrellus abramus,Pipistrellus,Vespertilionidae,,,stateProvince,PRESERVED_SPECIMEN,
859363773,Fujian,Myotis pilosus,Myotis,Vespertilionidae,,,stateProvince,PRESERVED_SPECIMEN,
859363428,Yunnan,Pipistrellus tenuis,Pipistrellus,Vespertilionidae,,,stateProvince,PRESERVED_SPECIMEN,
859363422,Yunnan,Pipistrellus tenuis,Pipistrellus,Vespertilionidae,,,stateProvince,PRESERVED_SPECIMEN,
859363417,Yunnan,Scotophilus heathii,Scotophilus,Vespertilionidae,,,stateProvince,PRESERVED_SPECIMEN,
859362315,Yunnan,Scotophilus heathii,Scotophilus,Vespertilionidae,,,stateProvince,PRESERVED_SPECIMEN,
859360909,Fujian,Eptesicus pachyomus,Eptesicus,Vespertilionidae,,,stateProvince,PRESERVED_SPECIMEN,
859360904,Fujian,Pipistrellus abramus,Pipistrellus,Vespertilionidae,,,stateProvince,PRESERVED_SPECIMEN,
859360899,Fujian,Nyctalus noctula,Nyctalus,Vespertilionidae,,,stateProvince,PRESERVED_SPECIMEN,
859360790,Fujian,Nyctalus noctula,Nyctalus,Vespertilionidae,,,stateProvince,PRESERVED_SPECIMEN,
859360785,Fujian,Eptesicus pachyomus,Eptesicus,Vespertilionidae,,,stateProvince,PRESERVED_SPECIMEN,
859360780,Fujian,Pipistrellus abramus,Pipistrellus,Vespertilionidae,,,stateProvince,PRESERVED_SPECIMEN,
859360775,Fujian,Nyctalus noctula,Nyctalus,Vespertilionidae,,,stateProvince,PRESERVED_SPECIMEN,
859360771,Fujian,Eptesicus pachyomus,Eptesicus,Vespertilionidae,,,stateProvince,PRESERVED_SPECIMEN,
859360767,Fujian,Eptesicus pachyomus,Eptesicus,Vespertilionidae,,,stateProvince,PRESERVED_SPECIMEN,
859360763,Fujian,Hypsugo pulveratus,Hypsugo,Vespertilionidae,,,stateProvince,PRESERVED_SPECIMEN,
859360759,Fujian,Eptesicus pachyomus,Eptesicus,Vespertilionidae,,,stateProvince,PRESERVED_SPECIMEN,
859360736,Fujian,Nyctalus noctula,Nyctalus,Vespertilionidae,,,stateProvince,PRESERVED_SPECIMEN,
859360731,Fujian,Eptesicus pachyomus,Eptesicus,Vespertilionidae,,,stateProvince,PRESERVED_SPECIMEN,
859360726,Fujian,Hypsugo pulveratus,Hypsugo,Vespertilionidae,,,stateProvince,PRESERVED_SPECIMEN,
859360721,Fujian,Hypsugo pulveratus,Hypsugo,Vespertilionidae,,,stateProvince,PRESERVED_SPECIMEN,
859360716,Fujian,Eptesicus pachyomus,Eptesicus,Vespertilionidae,,,stateProvince,PRESERVED_SPECIMEN,
859360711,Fujian,Eptesicus pachyomus,Eptesicus,Vespertilionidae,,,stateProvince,PRESERVED_SPECIMEN,
859360706,Fujian,Nyctalus noctula,Nyctalus,Vespertilionidae,,,stateProvince,PRESERVED_SPECIMEN,
859360434,Fujian,Eptesicus pachyomus,Eptesicus,Vespertilionidae,,,stateProvince,PRESERVED_SPECIMEN,
859360424,Fujian,Eptesicus pachyomus,Eptesicus,Vespertilionidae,,,stateProvince,PRESERVED_SPECIMEN,
859360317,Fujian,Pipistrellus abramus,Pipistrellus,Vespertilionidae,,,stateProvince,PRESERVED_SPECIMEN,
859360313,Fujian,Eptesicus pachyomus,Eptesicus,Vespertilionidae,,,stateProvince,PRESERVED_SPECIMEN,
859360308,Fujian,Eptesicus pachyomus,Eptesicus,Vespertilionidae,,,stateProvince,PRESERVED_SPECIMEN,
859360304,Fujian,Pipistrellus abramus,Pipistrellus,Vespertilionidae,,,stateProvince,PRESERVED_SPECIMEN,
859360296,Fujian,Pipistrellus abramus,Pipistrellus,Vespertilionidae,,,stateProvince,PRESERVED_SPECIMEN,
859360288,Fujian,Hypsugo pulveratus,Hypsugo,Vespertilionidae,,,stateProvince,PRESERVED_SPECIMEN,
859360284,Fujian,Nyctalus plancyi,Nyctalus,Vespertilionidae,,,stateProvince,PRESERVED_SPECIMEN,
859360269,Fujian,Eptesicus pachyomus,Eptesicus,Vespertilionidae,,,stateProvince,PRESERVED_SPECIMEN,
859360264,Fujian,Eptesicus pachyomus,Eptesicus,Vespertilionidae,,,stateProvince,PRESERVED_SPECIMEN,
859360259,Fujian,Eptesicus pachyomus,Eptesicus,Vespertilionidae,,,stateProvince,PRESERVED_SPECIMEN,
859360254,Fujian,Eptesicus pachyomus,Eptesicus,Vespertilionidae,,,stateProvince,PRESERVED_SPECIMEN,
859360249,Fujian,Eptesicus pachyomus,Eptesicus,Vespertilionidae,,,stateProvince,PRESERVED_SPECIMEN,
859360244,Fujian,Eptesicus pachyomus,Eptesicus,Vespertilionidae,,,stateProvince,PRESERVED_SPECIMEN,
859360240,Fujian,Eptesicus pachyomus,Eptesicus,Vespertilionidae,,,stateProvince,PRESERVED_SPECIMEN,
859358878,Fujian,Rhinolophus affinis,Rhinolophus,Rhinolophidae,,,stateProvince,PRESERVED_SPECIMEN,
859358875,Fujian,Miniopterus fuliginosus,Miniopterus,Vespertilionidae,,,stateProvince,PRESERVED_SPECIMEN,
859358830,Fujian,Rhinolophus affinis,Rhinolophus,Rhinolophidae,,,stateProvince,PRESERVED_SPECIMEN,
859358826,Fujian,Rhinolophus affinis,Rhinolophus,Rhinolophidae,,,stateProvince,PRESERVED_SPECIMEN,
859358822,Fujian,Miniopterus fuliginosus,Miniopterus,Vespertilionidae,,,stateProvince,PRESERVED_SPECIMEN,
859358819,Fujian,Rhinolophus affinis,Rhinolophus,Rhinolophidae,,,stateProvince,PRESERVED_SPECIMEN,
859358800,Fujian,Myotis chinensis,Myotis,Vespertilionidae,,,stateProvince,PRESERVED_SPECIMEN,
675753506,Anhui,Myotis mystacinus,Myotis,Vespertilionidae,,,stateProvince,PRESERVED_SPECIMEN,
675753503,Anhui,Eptesicus pachyomus,Eptesicus,Vespertilionidae,,,stateProvince,PRESERVED_SPECIMEN,
665926370,Sichuan,Nyctalus plancyi,Nyctalus,Vespertilionidae,,,stateProvince,PRESERVED_SPECIMEN,4.44
665926369,Sichuan,Nyctalus plancyi,Nyctalus,Vespertilionidae,,,stateProvince,PRESERVED_SPECIMEN,
665926368,Sichuan,Nyctalus plancyi,Nyctalus,Vespertilionidae,,,stateProvince,PRESERVED_SPECIMEN,
665926367,Sichuan,Nyctalus plancyi,Nyctalus,Vespertilionidae,,,stateProvince,PRESERVED_SPECIMEN,
665926366,Sichuan,Nyctalus plancyi,Nyctalus,Vespertilionidae,,,stateProvince,PRESERVED_SPECIMEN,
665926365,Sichuan,Nyctalus plancyi,Nyctalus,Vespertilionidae,,,stateProvince,PRESERVED_SPECIMEN,
665926364,Sichuan,Nyctalus plancyi,Nyctalus,Vespertilionidae,,,stateProvince,PRESERVED_SPECIMEN,
665926363,Sichuan,Nyctalus plancyi,Nyctalus,Vespertilionidae,,,stateProvince,PRESERVED_SPECIMEN,
665847906,Fujian,Myotis sowerbyi,Myotis,Vespertilionidae,,,stateProvince,PRESERVED_SPECIMEN,
665847905,Fujian,Myotis sowerbyi,Myotis,Vespertilionidae,,,stateProvince,PRESERVED_SPECIMEN,
665847904,Fujian,Myotis sowerbyi,Myotis,Vespertilionidae,,,stateProvince,PRESERVED_SPECIMEN,
665846577,Fujian,Miniopterus fuliginosus,Miniopterus,Vespertilionidae,,,stateProvince,PRESERVED_SPECIMEN,
665846576,Fujian,Miniopterus fuliginosus,Miniopterus,Vespertilionidae,,,stateProvince,PRESERVED_SPECIMEN,
665846569,Fujian,Myotis sowerbyi,Myotis,Vespertilionidae,,,stateProvince,PRESERVED_SPECIMEN,
665846568,Fujian,Myotis sowerbyi,Myotis,Vespertilionidae,,,stateProvince,PRESERVED_SPECIMEN,
665846567,Fujian,Myotis macrodactylus,Myotis,Vespertilionidae,,,stateProvince,PRESERVED_SPECIMEN,
665846566,Fujian,Myotis macrodactylus,Myotis,Vespertilionidae,,,stateProvince,PRESERVED_SPECIMEN,
665813625,Guangxi,Pipistrellus javanicus,Pipistrellus,Vespertilionidae,,,stateProvince,PRESERVED_SPECIMEN,
665813624,Guangxi,Pipistrellus javanicus,Pipistrellus,Vespertilionidae,,,stateProvince,PRESERVED_SPECIMEN,
665813623,Guangxi,Hipposideros armiger,Hipposideros,Hipposideridae,,,stateProvince,PRESERVED_SPECIMEN,
665813622,Guangxi,Hipposideros armiger,Hipposideros,Hipposideridae,,,stateProvince,PRESERVED_SPECIMEN,
665813621,Guizhou,Ia io,Ia,Vespertilionidae,,,stateProvince,PRESERVED_SPECIMEN,
665813620,Guizhou,Ia io,Ia,Vespertilionidae,,,stateProvince,PRESERVED_SPECIMEN,
665813619,Guizhou,Ia io,Ia,Vespertilionidae,,,stateProvince,PRESERVED_SPECIMEN,
665813618,Guizhou,Ia io,Ia,Vespertilionidae,,,stateProvince,PRESERVED_SPECIMEN,
665812535,Fujian,Lyroderma lyra,Lyroderma,Megadermatidae,,,stateProvince,PRESERVED_SPECIMEN,5.49
665812534,Fujian,Lyroderma lyra,Lyroderma,Megadermatidae,,,stateProvince,PRESERVED_SPECIMEN,5.49
665811892,Sichuan,Rhinolophus pusillus,Rhinolophus,Rhinolophidae,,,stateProvince,PRESERVED_SPECIMEN,
665811891,Sichuan,Rhinolophus pusillus,Rhinolophus,Rhinolophidae,,,stateProvince,PRESERVED_SPECIMEN,
665811890,Sichuan,Rhinolophus pusillus,Rhinolophus,Rhinolophidae,,,stateProvince,PRESERVED_SPECIMEN,
665811889,Sichuan,Rhinolophus pusillus,Rhinolophus,Rhinolophidae,,,stateProvince,PRESERVED_SPECIMEN,
665811888,Sichuan,Rhinolophus pusillus,Rhinolophus,Rhinolophidae,,,stateProvince,PRESERVED_SPECIMEN,
665811887,Sichuan,Rhinolophus pusillus,Rhinolophus,Rhinolophidae,,,stateProvince,PRESERVED_SPECIMEN,
665811886,Sichuan,Rhinolophus pusillus,Rhinolophus,Rhinolophidae,,,stateProvince,PRESERVED_SPECIMEN,
665811885,Sichuan,Rhinolophus pusillus,Rhinolophus,Rhinolophidae,,,stateProvince,PRESERVED_SPECIMEN,
665811884,Sichuan,Rhinolophus pusillus,Rhinolophus,Rhinolophidae,,,stateProvince,PRESERVED_SPECIMEN,
665811840,Guizhou,Aselliscus stoliczkanus,Aselliscus,Hipposideridae,,,stateProvince,PRESERVED_SPECIMEN,
665811839,Guizhou,Aselliscus stoliczkanus,Aselliscus,Hipposideridae,,,stateProvince,PRESERVED_SPECIMEN,
665811838,Guizhou,Aselliscus stoliczkanus,Aselliscus,Hipposideridae,,,stateProvince,PRESERVED_SPECIMEN,
665811837,Sichuan,Lyroderma lyra,Lyroderma,Megadermatidae,,,stateProvince,PRESERVED_SPECIMEN,13.86
665811836,Sichuan,Lyroderma lyra,Lyroderma,Megadermatidae,,,stateProvince,PRESERVED_SPECIMEN,13.86
665811835,Sichuan,Lyroderma lyra,Lyroderma,Megadermatidae,,,stateProvince,PRESERVED_SPECIMEN,13.86
665811834,Sichuan,Lyroderma lyra,Lyroderma,Megadermatidae,,,stateProvince,PRESERVED_SPECIMEN,13.86
665811832,Sichuan,Lyroderma lyra,Lyroderma,Megadermatidae,,,stateProvince,PRESERVED_SPECIMEN,13.86
665811831,Sichuan,Lyroderma lyra,Lyroderma,Megadermatidae,,,stateProvince,PRESERVED_SPECIMEN,13.86
665811830,Sichuan,Lyroderma lyra,Lyroderma,Megadermatidae,,,stateProvince,PRESERVED_SPECIMEN,13.86
665811829,Sichuan,Lyroderma lyra,Lyroderma,Megadermatidae,,,stateProvince,PRESERVED_SPECIMEN,13.86
665811828,Sichuan,Lyroderma lyra,Lyroderma,Megadermatidae,,,stateProvince,PRESERVED_SPECIMEN,13.86
665811827,Sichuan,Lyroderma lyra,Lyroderma,Megadermatidae,,,stateProvince,PRESERVED_SPECIMEN,13.86
665811826,Sichuan,Lyroderma lyra,Lyroderma,Megadermatidae,,,stateProvince,PRESERVED_SPECIMEN,13.86
665811825,Sichuan,Lyroderma lyra,Lyroderma,Megadermatidae,,,stateProvince,PRESERVED_SPECIMEN,13.86
665811824,Sichuan,Lyroderma lyra,Lyroderma,Megadermatidae,,,stateProvince,PRESERVED_SPECIMEN,13.86
665811823,Sichuan,Lyroderma lyra,Lyroderma,Megadermatidae,,,stateProvince,PRESERVED_SPECIMEN,13.86
665811822,Sichuan,Lyroderma lyra,Lyroderma,Megadermatidae,,,stateProvince,PRESERVED_SPECIMEN,13.86
665811821,Sichuan,Lyroderma lyra,Lyroderma,Megadermatidae,,,stateProvince,PRESERVED_SPECIMEN,13.86
665811820,Sichuan,Lyroderma lyra,Lyroderma,Megadermatidae,,,stateProvince,PRESERVED_SPECIMEN,13.86
665811819,Sichuan,Lyroderma lyra,Lyroderma,Megadermatidae,,,stateProvince,PRESERVED_SPECIMEN,13.86
665811818,Sichuan,Lyroderma lyra,Lyroderma,Megadermatidae,,,stateProvince,PRESERVED_SPECIMEN,13.86
665811817,Sichuan,Lyroderma lyra,Lyroderma,Megadermatidae,,,stateProvince,PRESERVED_SPECIMEN,13.86
665811816,Sichuan,Lyroderma lyra,Lyroderma,Megadermatidae,,,stateProvince,PRESERVED_SPECIMEN,13.86
665811815,Sichuan,Lyroderma lyra,Lyroderma,Megadermatidae,,,stateProvince,PRESERVED_SPECIMEN,13.86
665811814,Sichuan,Lyroderma lyra,Lyroderma,Megadermatidae,,,stateProvince,PRESERVED_SPECIMEN,13.86
665811813,Sichuan,Lyroderma lyra,Lyroderma,Megadermatidae,,,stateProvince,PRESERVED_SPECIMEN,13.86
665811812,Sichuan,Lyroderma lyra,Lyroderma,Megadermatidae,,,stateProvince,PRESERVED_SPECIMEN,13.86
665811811,Sichuan,Lyroderma lyra,Lyroderma,Megadermatidae,,,stateProvince,PRESERVED_SPECIMEN,13.86
665811810,Sichuan,Lyroderma lyra,Lyroderma,Megadermatidae,,,stateProvince,PRESERVED_SPECIMEN,13.86
665811809,Sichuan,Lyroderma lyra,Lyroderma,Megadermatidae,,,stateProvince,PRESERVED_SPECIMEN,13.86
665811808,Sichuan,Lyroderma lyra,Lyroderma,Megadermatidae,,,stateProvince,PRESERVED_SPECIMEN,13.86
665811807,Sichuan,Lyroderma lyra,Lyroderma,Megadermatidae,,,stateProvince,PRESERVED_SPECIMEN,13.86
665811806,Sichuan,Lyroderma lyra,Lyroderma,Megadermatidae,,,stateProvince,PRESERVED_SPECIMEN,13.86
665811805,Sichuan,Lyroderma lyra,Lyroderma,Megadermatidae,,,stateProvince,PRESERVED_SPECIMEN,13.86
665811804,Sichuan,Lyroderma lyra,Lyroderma,Megadermatidae,,,stateProvince,PRESERVED_SPECIMEN,13.86
665811803,Sichuan,Lyroderma lyra,Lyroderma,Megadermatidae,,,stateProvince,PRESERVED_SPECIMEN,13.86
665811802,Sichuan,Lyroderma lyra,Lyroderma,Megadermatidae,,,stateProvince,PRESERVED_SPECIMEN,13.86
665811801,Sichuan,Hypsugo pulveratus,Hypsugo,Vespertilionidae,,,stateProvince,PRESERVED_SPECIMEN,
665811800,Sichuan,Myotis sowerbyi,Myotis,Vespertilionidae,,,stateProvince,PRESERVED_SPECIMEN,
665811799,Sichuan,Myotis sowerbyi,Myotis,Vespertilionidae,,,stateProvince,PRESERVED_SPECIMEN,
665811798,Sichuan,Myotis sowerbyi,Myotis,Vespertilionidae,,,stateProvince,PRESERVED_SPECIMEN,
665811797,Sichuan,Myotis sowerbyi,Myotis,Vespertilionidae,,,stateProvince,PRESERVED_SPECIMEN,
665811796,Sichuan,Hypsugo pulveratus,Hypsugo,Vespertilionidae,,,stateProvince,PRESERVED_SPECIMEN,
665811795,Sichuan,Kerivoula hardwickii,Kerivoula,Vespertilionidae,,,stateProvince,PRESERVED_SPECIMEN,
665811794,Sichuan,Rhinolophus episcopus,Rhinolophus,Rhinolophidae,,,stateProvince,PRESERVED_SPECIMEN,
665811793,Sichuan,Hipposideros armiger,Hipposideros,Hipposideridae,,,stateProvince,PRESERVED_SPECIMEN,
665811792,Sichuan,Rhinolophus pusillus,Rhinolophus,Rhinolophidae,,,stateProvince,PRESERVED_SPECIMEN,
665811791,Sichuan,Rhinolophus sinicus,Rhinolophus,Rhinolophidae,,,stateProvince,PRESERVED_SPECIMEN,
665811790,Sichuan,Rhinolophus sinicus,Rhinolophus,Rhinolophidae,,,stateProvince,PRESERVED_SPECIMEN,
665811789,Sichuan,Rhinolophus sinicus,Rhinolophus,Rhinolophidae,,,stateProvince,PRESERVED_SPECIMEN,
665811788,Sichuan,Rhinolophus sinicus,Rhinolophus,Rhinolophidae,,,stateProvince,PRESERVED_SPECIMEN,
665811787,Sichuan,Rhinolophus sinicus,Rhinolophus,Rhinolophidae,,,stateProvince,PRESERVED_SPECIMEN,
665811786,Sichuan,Rhinolophus sinicus,Rhinolophus,Rhinolophidae,,,stateProvince,PRESERVED_SPECIMEN,
665811785,Sichuan,Rhinolophus sinicus,Rhinolophus,Rhinolophidae,,,stateProvince,PRESERVED_SPECIMEN,
665811784,Sichuan,Rhinolophus sinicus,Rhinolophus,Rhinolophidae,,,stateProvince,PRESERVED_SPECIMEN,
665811783,Sichuan,Rhinolophus sinicus,Rhinolophus,Rhinolophidae,,,stateProvince,PRESERVED_SPECIMEN,
665811782,Sichuan,Rhinolophus sinicus,Rhinolophus,Rhinolophidae,,,stateProvince,PRESERVED_SPECIMEN,
665811781,Sichuan,Rhinolophus sinicus,Rhinolophus,Rhinolophidae,,,stateProvince,PRESERVED_SPECIMEN,
665811780,Sichuan,Rhinolophus sinicus,Rhinolophus,Rhinolophidae,,,stateProvince,PRESERVED_SPECIMEN,
665811779,Sichuan,Hipposideros armiger,Hipposideros,Hipposideridae,,,stateProvince,PRESERVED_SPECIMEN,
665811778,Sichuan,Hipposideros armiger,Hipposideros,Hipposideridae,,,stateProvince,PRESERVED_SPECIMEN,
665811777,Sichuan,Hipposideros armiger,Hipposideros,Hipposideridae,,,stateProvince,PRESERVED_SPECIMEN,
665811776,Sichuan,Hipposideros armiger,Hipposideros,Hipposideridae,,,stateProvince,PRESERVED_SPECIMEN,
665811775,Sichuan,Rhinolophus pusillus,Rhinolophus,Rhinolophidae,,,stateProvince,PRESERVED_SPECIMEN,
665811774,Guizhou,Rhinolophus rex,Rhinolophus,Rhinolophidae,,,stateProvince,PRESERVED_SPECIMEN,
665811773,Guizhou,Ia io,Ia,Vespertilionidae,,,stateProvince,PRESERVED_SPECIMEN,
665811772,Guizhou,Hipposideros armiger,Hipposideros,Hipposideridae,,,stateProvince,PRESERVED_SPECIMEN,
665811771,Guizhou,Hipposideros armiger,Hipposideros,Hipposideridae,,,stateProvince,PRESERVED_SPECIMEN,
665811770,Guizhou,Hipposideros armiger,Hipposideros,Hipposideridae,,,stateProvince,PRESERVED_SPECIMEN,
665811769,Guizhou,Hipposideros armiger,Hipposideros,Hipposideridae,,,stateProvince,PRESERVED_SPECIMEN,
665811768,Guizhou,Hipposideros armiger,Hipposideros,Hipposideridae,,,stateProvince,PRESERVED_SPECIMEN,
665811767,Guizhou,Hipposideros armiger,Hipposideros,Hipposideridae,,,stateProvince,PRESERVED_SPECIMEN,
665811766,Guizhou,Hipposideros armiger,Hipposideros,Hipposideridae,,,stateProvince,PRESERVED_SPECIMEN,
665811765,Guizhou,Hipposideros armiger,Hipposideros,Hipposideridae,,,stateProvince,PRESERVED_SPECIMEN,
665811763,Guizhou,Hipposideros armiger,Hipposideros,Hipposideridae,,,stateProvince,PRESERVED_SPECIMEN,
665811761,Guizhou,Hipposideros armiger,Hipposideros,Hipposideridae,,,stateProvince,PRESERVED_SPECIMEN,
665811759,Guizhou,Hipposideros armiger,Hipposideros,Hipposideridae,,,stateProvince,PRESERVED_SPECIMEN,
665811757,Guizhou,Hipposideros armiger,Hipposideros,Hipposideridae,,,stateProvince,PRESERVED_SPECIMEN,
665811755,Guizhou,Hipposideros armiger,Hipposideros,Hipposideridae,,,stateProvince,PRESERVED_SPECIMEN,
665811753,Guizhou,Hipposideros armiger,Hipposideros,Hipposideridae,,,stateProvince,PRESERVED_SPECIMEN,
665808250,Sichuan,Rhinolophus pusillus,Rhinolophus,Rhinolophidae,,,stateProvince,PRESERVED_SPECIMEN,
665808249,Sichuan,Rhinolophus pusillus,Rhinolophus,Rhinolophidae,,,stateProvince,PRESERVED_SPECIMEN,
665808247,Sichuan,Rhinolophus pusillus,Rhinolophus,Rhinolophidae,,,stateProvince,PRESERVED_SPECIMEN,
665808244,Sichuan,Rhinolophus pusillus,Rhinolophus,Rhinolophidae,,,stateProvince,PRESERVED_SPECIMEN,
665808242,Sichuan,Rhinolophus pusillus,Rhinolophus,Rhinolophidae,,,stateProvince,PRESERVED_SPECIMEN,
665808240,Sichuan,Rhinolophus pusillus,Rhinolophus,Rhinolophidae,,,stateProvince,PRESERVED_SPECIMEN,
665808238,Sichuan,Rhinolophus pusillus,Rhinolophus,Rhinolophidae,,,stateProvince,PRESERVED_SPECIMEN,
665808236,Sichuan,Rhinolophus pusillus,Rhinolophus,Rhinolophidae,,,stateProvince,PRESERVED_SPECIMEN,
665808235,Sichuan,Rhinolophus pusillus,Rhinolophus,Rhinolophidae,,,stateProvince,PRESERVED_SPECIMEN,
665807240,Sichuan,Rhinolophus pusillus,Rhinolophus,Rhinolophidae,,,stateProvince,PRESERVED_SPECIMEN,
665807237,Sichuan,Rhinolophus pusillus,Rhinolophus,Rhinolophidae,,,stateProvince,PRESERVED_SPECIMEN,
665807235,Sichuan,Rhinolophus pusillus,Rhinolophus,Rhinolophidae,,,stateProvince,PRESERVED_SPECIMEN,
665807233,Sichuan,Murina aurata,Murina,Vespertilionidae,,,stateProvince,PRESERVED_SPECIMEN,
665805667,Sichuan,Submyotodon moupinensis,Submyotodon,Vespertilionidae,,,stateProvince,PRESERVED_SPECIMEN,
665805666,Sichuan,Hipposideros armiger,Hipposideros,Hipposideridae,,,stateProvince,PRESERVED_SPECIMEN,
665805664,Sichuan,Hipposideros armiger,Hipposideros,Hipposideridae,,,stateProvince,PRESERVED_SPECIMEN,
665805662,Sichuan,Hipposideros armiger,Hipposideros,Hipposideridae,,,stateProvince,PRESERVED_SPECIMEN,
665805659,Sichuan,Hipposideros armiger,Hipposideros,Hipposideridae,,,stateProvince,PRESERVED_SPECIMEN,
665805655,Sichuan,Hipposideros armiger,Hipposideros,Hipposideridae,,,stateProvince,PRESERVED_SPECIMEN,
665805653,Sichuan,Hipposideros armiger,Hipposideros,Hipposideridae,,,stateProvince,PRESERVED_SPECIMEN,
665805651,Sichuan,Hipposideros armiger,Hipposideros,Hipposideridae,,,stateProvince,PRESERVED_SPECIMEN,
665805649,Sichuan,Hipposideros armiger,Hipposideros,Hipposideridae,,,stateProvince,PRESERVED_SPECIMEN,
665805645,Sichuan,Hipposideros armiger,Hipposideros,Hipposideridae,,,stateProvince,PRESERVED_SPECIMEN,
665805642,Sichuan,Hipposideros armiger,Hipposideros,Hipposideridae,,,stateProvince,PRESERVED_SPECIMEN,
665805640,Sichuan,Hipposideros armiger,Hipposideros,Hipposideridae,,,stateProvince,PRESERVED_SPECIMEN,
665805637,Sichuan,Hipposideros armiger,Hipposideros,Hipposideridae,,,stateProvince,PRESERVED_SPECIMEN,
665805636,Sichuan,Rhinolophus pusillus,Rhinolophus,Rhinolophidae,,,stateProvince,PRESERVED_SPECIMEN,
665805634,Sichuan,Rhinolophus pusillus,Rhinolophus,Rhinolophidae,,,stateProvince,PRESERVED_SPECIMEN,
665805631,Sichuan,Rhinolophus pusillus,Rhinolophus,Rhinolophidae,,,stateProvince,PRESERVED_SPECIMEN,
665805629,Sichuan,Rhinolophus pusillus,Rhinolophus,Rhinolophidae,,,stateProvince,PRESERVED_SPECIMEN,
665805626,Sichuan,Rhinolophus pusillus,Rhinolophus,Rhinolophidae,,,stateProvince,PRESERVED_SPECIMEN,
665803235,Fujian,Eptesicus pachyomus,Eptesicus,Vespertilionidae,,,stateProvince,PRESERVED_SPECIMEN,
665803232,Fujian,Eptesicus pachyomus,Eptesicus,Vespertilionidae,,,stateProvince,PRESERVED_SPECIMEN,5.49
665803230,Fujian,Eptesicus pachyomus,Eptesicus,Vespertilionidae,,,stateProvince,PRESERVED_SPECIMEN,5.49
665803228,Fujian,Eptesicus pachyomus,Eptesicus,Vespertilionidae,,,stateProvince,PRESERVED_SPECIMEN,5.49
665803227,Sichuan,Myotis chinensis,Myotis,Vespertilionidae,,,stateProvince,PRESERVED_SPECIMEN,
665803226,Sichuan,Myotis chinensis,Myotis,Vespertilionidae,,,stateProvince,PRESERVED_SPECIMEN,
665803225,Sichuan,Rhinolophus affinis,Rhinolophus,Rhinolophidae,,,stateProvince,PRESERVED_SPECIMEN,
665803224,Fujian,Rhinolophus affinis,Rhinolophus,Rhinolophidae,,,stateProvince,PRESERVED_SPECIMEN,
665803223,Fujian,Rhinolophus affinis,Rhinolophus,Rhinolophidae,,,stateProvince,PRESERVED_SPECIMEN,
665803222,Fujian,Rhinolophus affinis,Rhinolophus,Rhinolophidae,,,stateProvince,PRESERVED_SPECIMEN,5.49
665803221,Sichuan,Rhinolophus rex,Rhinolophus,Rhinolophidae,,,stateProvince,PRESERVED_SPECIMEN,
665803220,Sichuan,Hipposideros armiger,Hipposideros,Hipposideridae,,,stateProvince,PRESERVED_SPECIMEN,
665803219,Sichuan,Hipposideros armiger,Hipposideros,Hipposideridae,,,stateProvince,PRESERVED_SPECIMEN,
665803218,Sichuan,Hipposideros armiger,Hipposideros,Hipposideridae,,,stateProvince,PRESERVED_SPECIMEN,
665803217,Sichuan,Hipposideros armiger,Hipposideros,Hipposideridae,,,stateProvince,PRESERVED_SPECIMEN,
665803216,Yunnan,Hipposideros armiger,Hipposideros,Hipposideridae,,,stateProvince,PRESERVED_SPECIMEN,42.5
665803215,Yunnan,Hipposideros armiger,Hipposideros,Hipposideridae,,,stateProvince,PRESERVED_SPECIMEN,42.5
665803214,Yunnan,Hipposideros armiger,Hipposideros,Hipposideridae,,,stateProvince,PRESERVED_SPECIMEN,42.5
665803213,Yunnan,Hipposideros armiger,Hipposideros,Hipposideridae,,,stateProvince,PRESERVED_SPECIMEN,
665803212,Fujian,Hipposideros armiger,Hipposideros,Hipposideridae,,,stateProvince,PRESERVED_SPECIMEN,
665803211,Fujian,Hipposideros armiger,Hipposideros,Hipposideridae,,,stateProvince,PRESERVED_SPECIMEN,
665803210,Fujian,Hipposideros armiger,Hipposideros,Hipposideridae,,,stateProvince,PRESERVED_SPECIMEN,
665803209,Fujian,Hipposideros armiger,Hipposideros,Hipposideridae,,,stateProvince,PRESERVED_SPECIMEN,
665803208,Fujian,Hipposideros bicolor,Hipposideros,Hipposideridae,,,stateProvince,PRESERVED_SPECIMEN,
665803206,Fujian,Hipposideros bicolor,Hipposideros,Hipposideridae,,,stateProvince,PRESERVED_SPECIMEN,
665803197,Sichuan,Rhinolophus sinicus,Rhinolophus,Rhinolophidae,,,stateProvince,PRESERVED_SPECIMEN,
665803195,Fujian,Rhinolophus sinicus,Rhinolophus,Rhinolophidae,,,stateProvince,PRESERVED_SPECIMEN,
665803194,Fujian,Rhinolophus sinicus,Rhinolophus,Rhinolophidae,,,stateProvince,PRESERVED_SPECIMEN,
665803193,Fujian,Rhinolophus pusillus,Rhinolophus,Rhinolophidae,,,stateProvince,PRESERVED_SPECIMEN,
665803192,Fujian,Rhinolophus pusillus,Rhinolophus,Rhinolophidae,,,stateProvince,PRESERVED_SPECIMEN,
665803191,Fujian,Rhinolophus pusillus,Rhinolophus,Rhinolophidae,,,stateProvince,PRESERVED_SPECIMEN,
665803190,Sichuan,Rhinolophus episcopus,Rhinolophus,Rhinolophidae,,,stateProvince,PRESERVED_SPECIMEN,
665803189,Fujian,Hipposideros pratti,Hipposideros,Hipposideridae,,,stateProvince,PRESERVED_SPECIMEN,
665803188,Fujian,Hipposideros pratti,Hipposideros,Hipposideridae,,,stateProvince,PRESERVED_SPECIMEN,
665803187,Fujian,Hipposideros pratti,Hipposideros,Hipposideridae,,,stateProvince,PRESERVED_SPECIMEN,
665803186,Fujian,Hipposideros pratti,Hipposideros,Hipposideridae,,,stateProvince,PRESERVED_SPECIMEN,
665803185,Fujian,Hipposideros pratti,Hipposideros,Hipposideridae,,,stateProvince,PRESERVED_SPECIMEN,
665803184,Fujian,Hipposideros pratti,Hipposideros,Hipposideridae,,,stateProvince,PRESERVED_SPECIMEN,
665803183,Fujian,Hipposideros pratti,Hipposideros,Hipposideridae,,,stateProvince,PRESERVED_SPECIMEN,
665803182,Fujian,Hipposideros bicolor,Hipposideros,Hipposideridae,,,stateProvince,PRESERVED_SPECIMEN,
665803181,Fujian,Hipposideros bicolor,Hipposideros,Hipposideridae,,,stateProvince,PRESERVED_SPECIMEN,
665803180,Fujian,Hipposideros bicolor,Hipposideros,Hipposideridae,,,stateProvince,PRESERVED_SPECIMEN,
665803179,Fujian,Hipposideros bicolor,Hipposideros,Hipposideridae,,,stateProvince,PRESERVED_SPECIMEN,
665803178,Fujian,Hipposideros bicolor,Hipposideros,Hipposideridae,,,stateProvince,PRESERVED_SPECIMEN,
665803177,Fujian,Hipposideros bicolor,Hipposideros,Hipposideridae,,,stateProvince,PRESERVED_SPECIMEN,
665803176,Fujian,Hipposideros bicolor,Hipposideros,Hipposideridae,,,stateProvince,PRESERVED_SPECIMEN,
665803175,Guangdong,Cynopterus sphinx,Cynopterus,Pteropodidae,,,stateProvince,PRESERVED_SPECIMEN,
665803174,Guangdong,Myotis sowerbyi,Myotis,Vespertilionidae,,,stateProvince,PRESERVED_SPECIMEN,
665803173,Guangdong,Cynopterus sphinx,Cynopterus,Pteropodidae,,,stateProvince,PRESERVED_SPECIMEN,
665803172,Guangdong,Cynopterus sphinx,Cynopterus,Pteropodidae,,,stateProvince,PRESERVED_SPECIMEN,
665803171,Guangdong,Scotophilus kuhlii,Scotophilus,Vespertilionidae,,,stateProvince,PRESERVED_SPECIMEN,
665803170,Guangdong,Scotophilus kuhlii,Scotophilus,Vespertilionidae,,,stateProvince,PRESERVED_SPECIMEN,
665803169,Guangdong,Scotophilus kuhlii,Scotophilus,Vespertilionidae,,,stateProvince,PRESERVED_SPECIMEN,
665803168,Guangdong,Scotophilus kuhlii,Scotophilus,Vespertilionidae,,,stateProvince,PRESERVED_SPECIMEN,
665803167,Guangdong,Scotophilus kuhlii,Scotophilus,Vespertilionidae,,,stateProvince,PRESERVED_SPECIMEN,
665803166,Guangdong,Scotophilus kuhlii,Scotophilus,Vespertilionidae,,,stateProvince,PRESERVED_SPECIMEN,
665803165,Guangdong,Scotophilus kuhlii,Scotophilus,Vespertilionidae,,,stateProvince,PRESERVED_SPECIMEN,
665803163,Guangdong,Scotophilus kuhlii,Scotophilus,Vespertilionidae,,,stateProvince,PRESERVED_SPECIMEN,
665803161,Hubei,Pipistrellus javanicus,Pipistrellus,Vespertilionidae,,,stateProvince,PRESERVED_SPECIMEN,
665803160,Hubei,Pipistrellus javanicus,Pipistrellus,Vespertilionidae,,,stateProvince,PRESERVED_SPECIMEN,
665803159,Hubei,Pipistrellus javanicus,Pipistrellus,Vespertilionidae,,,stateProvince,PRESERVED_SPECIMEN,
665803158,Yunnan,Taphozous melanopogon,Taphozous,Emballonuridae,,,stateProvince,PRESERVED_SPECIMEN,
665803157,Fujian,Myotis sowerbyi,Myotis,Vespertilionidae,,,stateProvince,PRESERVED_SPECIMEN,
665803156,Fujian,Myotis sowerbyi,Myotis,Vespertilionidae,,,stateProvince,PRESERVED_SPECIMEN,
665803155,Fujian,Myotis sowerbyi,Myotis,Vespertilionidae,,,stateProvince,PRESERVED_SPECIMEN,
665803154,Guangdong,Pipistrellus javanicus,Pipistrellus,Vespertilionidae,,,stateProvince,PRESERVED_SPECIMEN,
665803153,Guangdong,Pipistrellus javanicus,Pipistrellus,Vespertilionidae,,,stateProvince,PRESERVED_SPECIMEN,
665803152,Guangdong,Pipistrellus javanicus,Pipistrellus,Vespertilionidae,,,stateProvince,PRESERVED_SPECIMEN,
665803151,Guangdong,Pipistrellus javanicus,Pipistrellus,Vespertilionidae,,,stateProvince,PRESERVED_SPECIMEN,
665803149,Guangdong,Pipistrellus javanicus,Pipistrellus,Vespertilionidae,,,stateProvince,PRESERVED_SPECIMEN,
665803147,Guangdong,Pipistrellus javanicus,Pipistrellus,Vespertilionidae,,,stateProvince,PRESERVED_SPECIMEN,
665803146,Guangdong,Pipistrellus javanicus,Pipistrellus,Vespertilionidae,,,stateProvince,PRESERVED_SPECIMEN,
665803145,Guangdong,Pipistrellus javanicus,Pipistrellus,Vespertilionidae,,,stateProvince,PRESERVED_SPECIMEN,
665803144,Guangdong,Pipistrellus javanicus,Pipistrellus,Vespertilionidae,,,stateProvince,PRESERVED_SPECIMEN,
665803143,Guangdong,Pipistrellus javanicus,Pipistrellus,Vespertilionidae,,,stateProvince,PRESERVED_SPECIMEN,
665803142,Guangdong,Pipistrellus javanicus,Pipistrellus,Vespertilionidae,,,stateProvince,PRESERVED_SPECIMEN,
665803141,Guangdong,Pipistrellus javanicus,Pipistrellus,Vespertilionidae,,,stateProvince,PRESERVED_SPECIMEN,
665803140,Guangdong,Pipistrellus javanicus,Pipistrellus,Vespertilionidae,,,stateProvince,PRESERVED_SPECIMEN,
665803139,Guangdong,Pipistrellus javanicus,Pipistrellus,Vespertilionidae,,,stateProvince,PRESERVED_SPECIMEN,
665803138,Guangdong,Pipistrellus javanicus,Pipistrellus,Vespertilionidae,,,stateProvince,PRESERVED_SPECIMEN,
665803137,Guangdong,Pipistrellus javanicus,Pipistrellus,Vespertilionidae,,,stateProvince,PRESERVED_SPECIMEN,
665803136,Fujian,Rhinolophus pearsonii,Rhinolophus,Rhinolophidae,,,stateProvince,PRESERVED_SPECIMEN,
665803135,Fujian,Rhinolophus pearsonii,Rhinolophus,Rhinolophidae,,,stateProvince,PRESERVED_SPECIMEN,
665803134,Sichuan,Rhinolophus pusillus,Rhinolophus,Rhinolophidae,,,stateProvince,PRESERVED_SPECIMEN,
665803133,Sichuan,Rhinolophus pusillus,Rhinolophus,Rhinolophidae,,,stateProvince,PRESERVED_SPECIMEN,
665803132,Sichuan,Rhinolophus pusillus,Rhinolophus,Rhinolophidae,,,stateProvince,PRESERVED_SPECIMEN,
665803131,Sichuan,Rhinolophus pusillus,Rhinolophus,Rhinolophidae,,,stateProvince,PRESERVED_SPECIMEN,
665803130,Sichuan,Rhinolophus pusillus,Rhinolophus,Rhinolophidae,,,stateProvince,PRESERVED_SPECIMEN,
665803129,Sichuan,Rhinolophus pusillus,Rhinolophus,Rhinolophidae,,,stateProvince,PRESERVED_SPECIMEN,
665803128,Sichuan,Rhinolophus pusillus,Rhinolophus,Rhinolophidae,,,stateProvince,PRESERVED_SPECIMEN,
665803127,Guangdong,Rhinolophus pusillus,Rhinolophus,Rhinolophidae,,,stateProvince,PRESERVED_SPECIMEN,
665803126,Guangdong,Rhinolophus pusillus,Rhinolophus,Rhinolophidae,,,stateProvince,PRESERVED_SPECIMEN,
665803125,Guangdong,Rhinolophus pusillus,Rhinolophus,Rhinolophidae,,,stateProvince,PRESERVED_SPECIMEN,
665803124,Guangdong,Rhinolophus pusillus,Rhinolophus,Rhinolophidae,,,stateProvince,PRESERVED_SPECIMEN,
665803123,Guangdong,Rhinolophus pusillus,Rhinolophus,Rhinolophidae,,,stateProvince,PRESERVED_SPECIMEN,
665803122,Sichuan,Rhinolophus sinicus,Rhinolophus,Rhinolophidae,,,stateProvince,PRESERVED_SPECIMEN,
665803121,Fujian,Rhinolophus sinicus,Rhinolophus,Rhinolophidae,,,stateProvince,PRESERVED_SPECIMEN,
665803120,Fujian,Rhinolophus sinicus,Rhinolophus,Rhinolophidae,,,stateProvince,PRESERVED_SPECIMEN,
665803119,Fujian,Rhinolophus sinicus,Rhinolophus,Rhinolophidae,,,stateProvince,PRESERVED_SPECIMEN,
665803118,Fujian,Rhinolophus sinicus,Rhinolophus,Rhinolophidae,,,stateProvince,PRESERVED_SPECIMEN,
665803117,Fujian,Rhinolophus sinicus,Rhinolophus,Rhinolophidae,,,stateProvince,PRESERVED_SPECIMEN,
665803116,Guangdong,Rhinolophus sinicus,Rhinolophus,Rhinolophidae,,,stateProvince,PRESERVED_SPECIMEN,
665803115,Guangdong,Rhinolophus affinis,Rhinolophus,Rhinolophidae,,,stateProvince,PRESERVED_SPECIMEN,
665803114,Guangdong,Rhinolophus affinis,Rhinolophus,Rhinolophidae,,,stateProvince,PRESERVED_SPECIMEN,
665803113,Guangdong,Rhinolophus affinis,Rhinolophus,Rhinolophidae,,,stateProvince,PRESERVED_SPECIMEN,
665803112,Guangdong,Rhinolophus affinis,Rhinolophus,Rhinolophidae,,,stateProvince,PRESERVED_SPECIMEN,
665803111,Guangdong,Rhinolophus affinis,Rhinolophus,Rhinolophidae,,,stateProvince,PRESERVED_SPECIMEN,
665803110,Guangdong,Rhinolophus affinis,Rhinolophus,Rhinolophidae,,,stateProvince,PRESERVED_SPECIMEN,
665803109,Guangdong,Rhinolophus affinis,Rhinolophus,Rhinolophidae,,,stateProvince,PRESERVED_SPECIMEN,
665803108,Guangdong,Miniopterus fuliginosus,Miniopterus,Vespertilionidae,,,stateProvince,PRESERVED_SPECIMEN,
665803107,Guangdong,Miniopterus fuliginosus,Miniopterus,Vespertilionidae,,,stateProvince,PRESERVED_SPECIMEN,
665803106,Guangdong,Miniopterus fuliginosus,Miniopterus,Vespertilionidae,,,stateProvince,PRESERVED_SPECIMEN,
665803105,Guangdong,Miniopterus fuliginosus,Miniopterus,Vespertilionidae,,,stateProvince,PRESERVED_SPECIMEN,
665803104,Guangdong,Miniopterus fuliginosus,Miniopterus,Vespertilionidae,,,stateProvince,PRESERVED_SPECIMEN,
665803103,Guangdong,Miniopterus fuliginosus,Miniopterus,Vespertilionidae,,,stateProvince,PRESERVED_SPECIMEN,
665803102,Guangdong,Miniopterus fuliginosus,Miniopterus,Vespertilionidae,,,stateProvince,PRESERVED_SPECIMEN,
665803101,Guangdong,Miniopterus fuliginosus,Miniopterus,Vespertilionidae,,,stateProvince,PRESERVED_SPECIMEN,
665803100,Guangdong,Miniopterus fuliginosus,Miniopterus,Vespertilionidae,,,stateProvince,PRESERVED_SPECIMEN,
665803099,Guangdong,Miniopterus fuliginosus,Miniopterus,Vespertilionidae,,,stateProvince,PRESERVED_SPECIMEN,
665803098,Guangdong,Miniopterus fuliginosus,Miniopterus,Vespertilionidae,,,stateProvince,PRESERVED_SPECIMEN,
665802984,Yunnan,Rhinolophus osgoodi,Rhinolophus,Rhinolophidae,,,stateProvince,PRESERVED_SPECIMEN,
665802983,Yunnan,Rhinolophus sinicus,Rhinolophus,Rhinolophidae,,,stateProvince,PRESERVED_SPECIMEN,
665802981,Yunnan,Rhinolophus osgoodi,Rhinolophus,Rhinolophidae,,,stateProvince,PRESERVED_SPECIMEN,
665802979,Yunnan,Rhinolophus osgoodi,Rhinolophus,Rhinolophidae,,,stateProvince,PRESERVED_SPECIMEN,
665802978,Yunnan,Rhinolophus osgoodi,Rhinolophus,Rhinolophidae,,,stateProvince,PRESERVED_SPECIMEN,
665802977,Yunnan,Rhinolophus sinicus,Rhinolophus,Rhinolophidae,,,stateProvince,PRESERVED_SPECIMEN,
665802975,Yunnan,Rhinolophus osgoodi,Rhinolophus,Rhinolophidae,,,stateProvince,PRESERVED_SPECIMEN,
665802974,Yunnan,Rhinolophus sinicus,Rhinolophus,Rhinolophidae,,,stateProvince,PRESERVED_SPECIMEN,
665802973,Yunnan,Rhinolophus sinicus,Rhinolophus,Rhinolophidae,,,stateProvince,PRESERVED_SPECIMEN,
665802972,Yunnan,Rhinolophus sinicus,Rhinolophus,Rhinolophidae,,,stateProvince,PRESERVED_SPECIMEN,
665802971,Yunnan,Rhinolophus sinicus,Rhinolophus,Rhinolophidae,,,stateProvince,PRESERVED_SPECIMEN,
665802970,Yunnan,Rhinolophus sinicus,Rhinolophus,Rhinolophidae,,,stateProvince,PRESERVED_SPECIMEN,
665802969,Yunnan,Rhinolophus sinicus,Rhinolophus,Rhinolophidae,,,stateProvince,PRESERVED_SPECIMEN,
665802968,Yunnan,Rhinolophus sinicus,Rhinolophus,Rhinolophidae,,,stateProvince,PRESERVED_SPECIMEN,
665802967,Yunnan,Rhinolophus sinicus,Rhinolophus,Rhinolophidae,,,stateProvince,PRESERVED_SPECIMEN,
665802966,Yunnan,Rhinolophus sinicus,Rhinolophus,Rhinolophidae,,,stateProvince,PRESERVED_SPECIMEN,
665802965,Yunnan,Rhinolophus osgoodi,Rhinolophus,Rhinolophidae,,,stateProvince,PRESERVED_SPECIMEN,
665802964,Yunnan,Rhinolophus sinicus,Rhinolophus,Rhinolophidae,,,stateProvince,PRESERVED_SPECIMEN,
665802963,Yunnan,Rhinolophus osgoodi,Rhinolophus,Rhinolophidae,,,stateProvince,PRESERVED_SPECIMEN,
665802962,Yunnan,Rhinolophus sinicus,Rhinolophus,Rhinolophidae,,,stateProvince,PRESERVED_SPECIMEN,
665802961,Yunnan,Rhinolophus sinicus,Rhinolophus,Rhinolophidae,,,stateProvince,PRESERVED_SPECIMEN,
665802960,Yunnan,Rhinolophus sinicus,Rhinolophus,Rhinolophidae,,,stateProvince,PRESERVED_SPECIMEN,
665802959,Yunnan,Rhinolophus sinicus,Rhinolophus,Rhinolophidae,,,stateProvince,PRESERVED_SPECIMEN,
665802958,Yunnan,Rhinolophus sinicus,Rhinolophus,Rhinolophidae,,,stateProvince,PRESERVED_SPECIMEN,
665802957,Yunnan,Rhinolophus sinicus,Rhinolophus,Rhinolophidae,,,stateProvince,PRESERVED_SPECIMEN,
665802956,Yunnan,Rhinolophus osgoodi,Rhinolophus,Rhinolophidae,,,stateProvince,PRESERVED_SPECIMEN,
665802587,Yunnan,Rhinolophus osgoodi,Rhinolophus,Rhinolophidae,,,stateProvince,PRESERVED_SPECIMEN,
665802586,Yunnan,Rhinolophus osgoodi,Rhinolophus,Rhinolophidae,,,stateProvince,PRESERVED_SPECIMEN,
665802585,Yunnan,Rhinolophus osgoodi,Rhinolophus,Rhinolophidae,,,stateProvince,PRESERVED_SPECIMEN,
665802584,Yunnan,Rhinolophus sinicus,Rhinolophus,Rhinolophidae,,,stateProvince,PRESERVED_SPECIMEN,
665802583,Yunnan,Rhinolophus sinicus,Rhinolophus,Rhinolophidae,,,stateProvince,PRESERVED_SPECIMEN,
665802582,Yunnan,Rhinolophus sinicus,Rhinolophus,Rhinolophidae,,,stateProvince,PRESERVED_SPECIMEN,
665802581,Yunnan,Rhinolophus sinicus,Rhinolophus,Rhinolophidae,,,stateProvince,PRESERVED_SPECIMEN,
665802580,Yunnan,Rhinolophus sinicus,Rhinolophus,Rhinolophidae,,,stateProvince,PRESERVED_SPECIMEN,
665802579,Yunnan,Rhinolophus sinicus,Rhinolophus,Rhinolophidae,,,stateProvince,PRESERVED_SPECIMEN,
665802578,Yunnan,Rhinolophus sinicus,Rhinolophus,Rhinolophidae,,,stateProvince,PRESERVED_SPECIMEN,
665802577,Yunnan,Rhinolophus sinicus,Rhinolophus,Rhinolophidae,,,stateProvince,PRESERVED_SPECIMEN,
665802576,Yunnan,Rhinolophus sinicus,Rhinolophus,Rhinolophidae,,,stateProvince,PRESERVED_SPECIMEN,
665802575,Yunnan,Rhinolophus sinicus,Rhinolophus,Rhinolophidae,,,stateProvince,PRESERVED_SPECIMEN,
665716196,Guangdong,Cynopterus sphinx,Cynopterus,Pteropodidae,,,stateProvince,PRESERVED_SPECIMEN,
665716195,Guangdong,Cynopterus sphinx,Cynopterus,Pteropodidae,,,stateProvince,PRESERVED_SPECIMEN,
6274770442,Yunnan,Mirostrellus joffrei,Mirostrellus,Vespertilionidae,103.0,22.99,coordinate_spatial_join_from_blank_stateProvince,PRESERVED_SPECIMEN,
6274189694,Yunnan,Hipposideros lankadiva,Hipposideros,Hipposideridae,,,stateProvince,HUMAN_OBSERVATION,24417.0
6274162729,Yunnan,Cynopterus sphinx,Cynopterus,Pteropodidae,,,stateProvince,HUMAN_OBSERVATION,
6274027650,Zhejiang,Hipposideros armiger,Hipposideros,Hipposideridae,,,stateProvince,HUMAN_OBSERVATION,29558.0
6274001382,Guangxi,Hipposideros armiger,Hipposideros,Hipposideridae,,,stateProvince,HUMAN_OBSERVATION,
6273987779,Zhejiang,Hipposideros armiger,Hipposideros,Hipposideridae,,,stateProvince,HUMAN_OBSERVATION,29558.0
6273962870,Guangxi,Hipposideros armiger,Hipposideros,Hipposideridae,,,stateProvince,HUMAN_OBSERVATION,
6273892739,Zhejiang,Hipposideros armiger,Hipposideros,Hipposideridae,,,stateProvince,HUMAN_OBSERVATION,29558.0
6273794444,Guangxi,Rhinolophus pearsonii,Rhinolophus,Rhinolophidae,,,stateProvince,HUMAN_OBSERVATION,
6273724922,Zhejiang,Hipposideros armiger,Hipposideros,Hipposideridae,,,stateProvince,HUMAN_OBSERVATION,29558.0
6273546620,Zhejiang,Hipposideros armiger,Hipposideros,Hipposideridae,,,stateProvince,HUMAN_OBSERVATION,29558.0
6273159425,Zhejiang,Hipposideros armiger,Hipposideros,Hipposideridae,,,stateProvince,HUMAN_OBSERVATION,29582.0
6253287074,Yunnan,Rhinolophus macrotis,Rhinolophus,Rhinolophidae,,,stateProvince,HUMAN_OBSERVATION,
6252994174,Yunnan,Hipposideros larvatus,Hipposideros,Hipposideridae,,,stateProvince,HUMAN_OBSERVATION,
6252987706,Yunnan,Hipposideros gentilis,Hipposideros,Hipposideridae,,,stateProvince,HUMAN_OBSERVATION,
6252818802,Yunnan,Rhinolophus sinicus,Rhinolophus,Rhinolophidae,,,stateProvince,HUMAN_OBSERVATION,
6252251110,Yunnan,Aselliscus stoliczkanus,Aselliscus,Hipposideridae,,,stateProvince,HUMAN_OBSERVATION,
6251661165,Yunnan,Rhinolophus siamensis,Rhinolophus,Rhinolophidae,,,stateProvince,HUMAN_OBSERVATION,
6251539911,Yunnan,Hipposideros armiger,Hipposideros,Hipposideridae,,,stateProvince,HUMAN_OBSERVATION,
6235655939,Guangdong,Hipposideros gentilis,Hipposideros,Hipposideridae,,,stateProvince,HUMAN_OBSERVATION,977.0
6235595309,Guangdong,Rhinolophus sinicus,Rhinolophus,Rhinolophidae,,,stateProvince,HUMAN_OBSERVATION,977.0
6195579207,Fujian,Scotophilus kuhlii,Scotophilus,Vespertilionidae,,,stateProvince,HUMAN_OBSERVATION,9473.0
6195571555,Fujian,Scotophilus kuhlii,Scotophilus,Vespertilionidae,,,stateProvince,HUMAN_OBSERVATION,448.0
6191571202,Yunnan,Tadarida insignis,Tadarida,Molossidae,102.29,24.48,coordinate_spatial_join_from_blank_stateProvince,PRESERVED_SPECIMEN,
6191435691,Yunnan,Tadarida insignis,Tadarida,Molossidae,102.29,24.48,coordinate_spatial_join_from_blank_stateProvince,PRESERVED_SPECIMEN,
6191425650,Guizhou,Ia io,Ia,Vespertilionidae,107.88,25.48,coordinate_spatial_join_from_blank_stateProvince,MATERIAL_SAMPLE,
6190840307,Yunnan,Murina huttonii,Murina,Vespertilionidae,103.0,22.99,coordinate_spatial_join_from_blank_stateProvince,PRESERVED_SPECIMEN,
6190763236,Yunnan,Murina huttonii,Murina,Vespertilionidae,102.95,23.03,coordinate_spatial_join_from_blank_stateProvince,PRESERVED_SPECIMEN,
6190682179,Guangxi,Hipposideros larvatus,Hipposideros,Hipposideridae,110.34,25.18,coordinate_spatial_join_from_blank_stateProvince,MATERIAL_SAMPLE,
6190678365,Yunnan,Murina huttonii,Murina,Vespertilionidae,103.0,22.99,coordinate_spatial_join_from_blank_stateProvince,PRESERVED_SPECIMEN,
6190674339,Yunnan,Murina huttonii,Murina,Vespertilionidae,102.99,22.99,coordinate_spatial_join_from_blank_stateProvince,PRESERVED_SPECIMEN,
6190617029,Yunnan,Murina huttonii,Murina,Vespertilionidae,102.95,23.03,coordinate_spatial_join_from_blank_stateProvince,PRESERVED_SPECIMEN,
6190525500,Yunnan,Murina huttonii,Murina,Vespertilionidae,102.99,22.99,coordinate_spatial_join_from_blank_stateProvince,PRESERVED_SPECIMEN,
6188250254,Guangxi,Hipposideros armiger,Hipposideros,Hipposideridae,,,stateProvince,HUMAN_OBSERVATION,
6188007883,Zhejiang,Hypsugo pulveratus,Hypsugo,Vespertilionidae,,,stateProvince,HUMAN_OBSERVATION,8000.0
6186076670,Zhejiang,Pipistrellus abramus,Pipistrellus,Vespertilionidae,,,stateProvince,HUMAN_OBSERVATION,29533.0
6185120387,Fujian,Hipposideros armiger,Hipposideros,Hipposideridae,,,stateProvince,HUMAN_OBSERVATION,41.0
6185049421,Zhejiang,Rhinolophus pearsonii,Rhinolophus,Rhinolophidae,,,stateProvince,HUMAN_OBSERVATION,55860.0
6185024066,Zhejiang,Rhinolophus sinicus,Rhinolophus,Rhinolophidae,,,stateProvince,HUMAN_OBSERVATION,55860.0
6184948932,Guangdong,Cynopterus sphinx,Cynopterus,Pteropodidae,,,stateProvince,HUMAN_OBSERVATION,30217.0
6184840234,Zhejiang,Myotis chinensis,Myotis,Vespertilionidae,,,stateProvince,HUMAN_OBSERVATION,55860.0
6184839569,Zhejiang,Rhinolophus pearsonii,Rhinolophus,Rhinolophidae,,,stateProvince,HUMAN_OBSERVATION,55860.0
6184721657,Guangdong,Cynopterus sphinx,Cynopterus,Pteropodidae,,,stateProvince,HUMAN_OBSERVATION,30217.0
6179211762,Guangdong,Cynopterus sphinx,Cynopterus,Pteropodidae,,,stateProvince,HUMAN_OBSERVATION,20.0
6179084747,Guangdong,Cynopterus sphinx,Cynopterus,Pteropodidae,,,stateProvince,HUMAN_OBSERVATION,30278.0
6170858340,Guangdong,Hipposideros armiger,Hipposideros,Hipposideridae,,,stateProvince,HUMAN_OBSERVATION,488.0
6163355758,Fujian,Hypsugo pulveratus,Hypsugo,Vespertilionidae,,,stateProvince,HUMAN_OBSERVATION,
6159686523,Yunnan,Sphaerias blanfordi,Sphaerias,Pteropodidae,,,stateProvince,HUMAN_OBSERVATION,202.0
6159627924,Guangdong,Rhinolophus sinicus,Rhinolophus,Rhinolophidae,,,stateProvince,HUMAN_OBSERVATION,488.0
6159590477,Guangdong,Pipistrellus abramus,Pipistrellus,Vespertilionidae,,,stateProvince,HUMAN_OBSERVATION,1953.0
6159417031,Zhejiang,Rhinolophus perniger,Rhinolophus,Rhinolophidae,,,stateProvince,HUMAN_OBSERVATION,29508.0
6159246783,Guangdong,Rhinolophus perniger,Rhinolophus,Rhinolophidae,,,stateProvince,HUMAN_OBSERVATION,31.0
6133310414,Sichuan,Rhinolophus nippon,Rhinolophus,Rhinolophidae,,,stateProvince,HUMAN_OBSERVATION,8.0
6133227310,Sichuan,Plecotus wardi,Plecotus,Vespertilionidae,,,stateProvince,HUMAN_OBSERVATION,207.0
6131607369,Guangdong,Cynopterus sphinx,Cynopterus,Pteropodidae,,,stateProvince,HUMAN_OBSERVATION,8.0
6130243000,Guangdong,Cynopterus sphinx,Cynopterus,Pteropodidae,,,stateProvince,HUMAN_OBSERVATION,8.0
6130167502,Sichuan,Murina leucogaster,Murina,Vespertilionidae,,,stateProvince,HUMAN_OBSERVATION,198.0
6129999536,Yunnan,Rhinolophus sinicus,Rhinolophus,Rhinolophidae,,,stateProvince,HUMAN_OBSERVATION,10.0
5995582537,Zhejiang,Rhinolophus pearsonii,Rhinolophus,Rhinolophidae,119.13,29.56,coordinate_spatial_join_from_blank_stateProvince,HUMAN_OBSERVATION,
5938428356,Guangdong,Hypsugo pulveratus,Hypsugo,Vespertilionidae,,,stateProvince,HUMAN_OBSERVATION,565.0
5936341735,Guangdong,Cynopterus sphinx,Cynopterus,Pteropodidae,,,stateProvince,HUMAN_OBSERVATION,178.0
5936302046,Guangdong,Cynopterus sphinx,Cynopterus,Pteropodidae,,,stateProvince,HUMAN_OBSERVATION,30278.0
5936213570,Guangdong,Cynopterus sphinx,Cynopterus,Pteropodidae,,,stateProvince,HUMAN_OBSERVATION,488.0
5935706883,Guangdong,Cynopterus sphinx,Cynopterus,Pteropodidae,,,stateProvince,HUMAN_OBSERVATION,1.0
5932677303,Guangdong,Cynopterus sphinx,Cynopterus,Pteropodidae,,,stateProvince,HUMAN_OBSERVATION,11819.0
5932230039,Guangdong,Cynopterus sphinx,Cynopterus,Pteropodidae,,,stateProvince,HUMAN_OBSERVATION,203.0
5920247730,Zhejiang,Hipposideros armiger,Hipposideros,Hipposideridae,,,stateProvince,HUMAN_OBSERVATION,199.0
5920145752,Zhejiang,Hipposideros armiger,Hipposideros,Hipposideridae,,,stateProvince,HUMAN_OBSERVATION,199.0
5908992144,Zhejiang,Hipposideros armiger,Hipposideros,Hipposideridae,,,stateProvince,HUMAN_OBSERVATION,9.0
5908981533,Guangdong,Cynopterus sphinx,Cynopterus,Pteropodidae,,,stateProvince,HUMAN_OBSERVATION,75.0
5908771746,Fujian,Hipposideros armiger,Hipposideros,Hipposideridae,,,stateProvince,HUMAN_OBSERVATION,1066.0
5903973816,Fujian,Hipposideros armiger,Hipposideros,Hipposideridae,,,stateProvince,HUMAN_OBSERVATION,1.0
5903818899,Guangdong,Cynopterus sphinx,Cynopterus,Pteropodidae,,,stateProvince,HUMAN_OBSERVATION,1513.0
5897754526,Guangdong,Cynopterus sphinx,Cynopterus,Pteropodidae,,,stateProvince,HUMAN_OBSERVATION,8.0
5897692096,Guangxi,Hipposideros larvatus,Hipposideros,Hipposideridae,,,stateProvince,HUMAN_OBSERVATION,5.0
5897648677,Fujian,Miniopterus fuliginosus,Miniopterus,Vespertilionidae,,,stateProvince,HUMAN_OBSERVATION,
5897333635,Guangdong,Hypsugo cadornae,Hypsugo,Vespertilionidae,,,stateProvince,HUMAN_OBSERVATION,41.0
5897253796,Guangdong,Cynopterus sphinx,Cynopterus,Pteropodidae,,,stateProvince,HUMAN_OBSERVATION,203.0
5893014212,Guangdong,Hipposideros armiger,Hipposideros,Hipposideridae,,,stateProvince,HUMAN_OBSERVATION,
5892767774,Guangdong,Cynopterus sphinx,Cynopterus,Pteropodidae,,,stateProvince,HUMAN_OBSERVATION,13.0
5892416760,Zhejiang,Hipposideros armiger,Hipposideros,Hipposideridae,,,stateProvince,HUMAN_OBSERVATION,1384.0
5889691577,Fujian,Rhinolophus sinicus,Rhinolophus,Rhinolophidae,,,stateProvince,HUMAN_OBSERVATION,29868.0
5889554073,Guangdong,Hipposideros gentilis,Hipposideros,Hipposideridae,,,stateProvince,HUMAN_OBSERVATION,1953.0
5889418364,Guangdong,Cynopterus sphinx,Cynopterus,Pteropodidae,,,stateProvince,HUMAN_OBSERVATION,7.0
5868209358,Guangdong,Hypsugo pulveratus,Hypsugo,Vespertilionidae,,,stateProvince,HUMAN_OBSERVATION,34041.0
5867721514,Guangdong,Hypsugo pulveratus,Hypsugo,Vespertilionidae,,,stateProvince,HUMAN_OBSERVATION,378.0
5864827715,Yunnan,Rhinolophus malayanus,Rhinolophus,Rhinolophidae,101.28,21.91,coordinate_spatial_join_from_blank_stateProvince,MATERIAL_SAMPLE,
5864717670,Yunnan,Rhinolophus malayanus,Rhinolophus,Rhinolophidae,101.27,21.92,coordinate_spatial_join_from_blank_stateProvince,MATERIAL_SAMPLE,
5864610083,Yunnan,Rhinolophus malayanus,Rhinolophus,Rhinolophidae,101.28,21.91,coordinate_spatial_join_from_blank_stateProvince,MATERIAL_SAMPLE,
5864607959,Yunnan,Rhinolophus malayanus,Rhinolophus,Rhinolophidae,101.27,21.92,coordinate_spatial_join_from_blank_stateProvince,MATERIAL_SAMPLE,
5864455322,Yunnan,Rhinolophus malayanus,Rhinolophus,Rhinolophidae,101.28,21.91,coordinate_spatial_join_from_blank_stateProvince,MATERIAL_SAMPLE,
5864343355,Yunnan,Rhinolophus malayanus,Rhinolophus,Rhinolophidae,101.28,21.91,coordinate_spatial_join_from_blank_stateProvince,MATERIAL_SAMPLE,
5864120548,Yunnan,Rhinolophus malayanus,Rhinolophus,Rhinolophidae,101.28,21.91,coordinate_spatial_join_from_blank_stateProvince,MATERIAL_SAMPLE,
5863975002,Yunnan,Rhinolophus stheno,Rhinolophus,Rhinolophidae,101.28,21.91,coordinate_spatial_join_from_blank_stateProvince,MATERIAL_SAMPLE,
5863719657,Yunnan,Rhinolophus malayanus,Rhinolophus,Rhinolophidae,101.27,21.92,coordinate_spatial_join_from_blank_stateProvince,MATERIAL_SAMPLE,
5863612415,Yunnan,Rhinolophus malayanus,Rhinolophus,Rhinolophidae,101.28,21.91,coordinate_spatial_join_from_blank_stateProvince,MATERIAL_SAMPLE,
5863524810,Yunnan,Rhinolophus malayanus,Rhinolophus,Rhinolophidae,101.28,21.91,coordinate_spatial_join_from_blank_stateProvince,MATERIAL_SAMPLE,
5863484037,Yunnan,Kerivoula titania,Kerivoula,Vespertilionidae,101.3,21.3,coordinate_spatial_join_from_blank_stateProvince,MATERIAL_SAMPLE,
5863483187,Yunnan,Rhinolophus malayanus,Rhinolophus,Rhinolophidae,101.27,21.92,coordinate_spatial_join_from_blank_stateProvince,MATERIAL_SAMPLE,
5863415762,Yunnan,Rhinolophus malayanus,Rhinolophus,Rhinolophidae,101.28,21.91,coordinate_spatial_join_from_blank_stateProvince,MATERIAL_SAMPLE,
5863373401,Yunnan,Aselliscus stoliczkanus,Aselliscus,Hipposideridae,103.99,24.88,coordinate_spatial_join_from_blank_stateProvince,MATERIAL_SAMPLE,
5863373372,Yunnan,Hipposideros armiger,Hipposideros,Hipposideridae,101.38,21.81,coordinate_spatial_join_from_blank_stateProvince,MATERIAL_SAMPLE,
5863373319,Yunnan,Rhinolophus malayanus,Rhinolophus,Rhinolophidae,101.28,21.91,coordinate_spatial_join_from_blank_stateProvince,MATERIAL_SAMPLE,
5863316983,Yunnan,Rhinolophus malayanus,Rhinolophus,Rhinolophidae,101.28,21.91,coordinate_spatial_join_from_blank_stateProvince,MATERIAL_SAMPLE,
5863316950,Yunnan,Rhinolophus pearsonii,Rhinolophus,Rhinolophidae,101.28,21.91,coordinate_spatial_join_from_blank_stateProvince,MATERIAL_SAMPLE,
5863248299,Yunnan,Rhinolophus stheno,Rhinolophus,Rhinolophidae,101.27,21.92,coordinate_spatial_join_from_blank_stateProvince,MATERIAL_SAMPLE,
5863238870,Yunnan,Rhinolophus stheno,Rhinolophus,Rhinolophidae,101.27,21.92,coordinate_spatial_join_from_blank_stateProvince,MATERIAL_SAMPLE,
5863233600,Yunnan,Rhinolophus pearsonii,Rhinolophus,Rhinolophidae,101.28,21.91,coordinate_spatial_join_from_blank_stateProvince,MATERIAL_SAMPLE,
5863057587,Yunnan,Rhinolophus malayanus,Rhinolophus,Rhinolophidae,101.28,21.91,coordinate_spatial_join_from_blank_stateProvince,MATERIAL_SAMPLE,
5862975238,Yunnan,Kerivoula titania,Kerivoula,Vespertilionidae,101.3,21.3,coordinate_spatial_join_from_blank_stateProvince,MATERIAL_SAMPLE,
5862966572,Yunnan,Aselliscus stoliczkanus,Aselliscus,Hipposideridae,103.99,24.88,coordinate_spatial_join_from_blank_stateProvince,MATERIAL_SAMPLE,
5862966542,Yunnan,Hipposideros armiger,Hipposideros,Hipposideridae,101.38,21.81,coordinate_spatial_join_from_blank_stateProvince,MATERIAL_SAMPLE,
5862966488,Yunnan,Rhinolophus malayanus,Rhinolophus,Rhinolophidae,101.28,21.91,coordinate_spatial_join_from_blank_stateProvince,MATERIAL_SAMPLE,
5862751255,Yunnan,Rhinolophus stheno,Rhinolophus,Rhinolophidae,101.27,21.92,coordinate_spatial_join_from_blank_stateProvince,MATERIAL_SAMPLE,
5862675896,Yunnan,Rhinolophus malayanus,Rhinolophus,Rhinolophidae,101.27,21.92,coordinate_spatial_join_from_blank_stateProvince,MATERIAL_SAMPLE,
5862673904,Yunnan,Rhinolophus malayanus,Rhinolophus,Rhinolophidae,101.28,21.91,coordinate_spatial_join_from_blank_stateProvince,MATERIAL_SAMPLE,
5862585013,Yunnan,Rhinolophus luctus,Rhinolophus,Rhinolophidae,101.27,21.92,coordinate_spatial_join_from_blank_stateProvince,MATERIAL_SAMPLE,
5862481692,Yunnan,Rhinolophus stheno,Rhinolophus,Rhinolophidae,101.27,21.92,coordinate_spatial_join_from_blank_stateProvince,MATERIAL_SAMPLE,
5862469807,Yunnan,Rhinolophus malayanus,Rhinolophus,Rhinolophidae,101.28,21.91,coordinate_spatial_join_from_blank_stateProvince,MATERIAL_SAMPLE,
5862392929,Yunnan,Rhinolophus malayanus,Rhinolophus,Rhinolophidae,101.28,21.91,coordinate_spatial_join_from_blank_stateProvince,MATERIAL_SAMPLE,
5862257379,Yunnan,Rhinolophus pearsonii,Rhinolophus,Rhinolophidae,101.28,21.91,coordinate_spatial_join_from_blank_stateProvince,MATERIAL_SAMPLE,
5862091782,Yunnan,Rhinolophus malayanus,Rhinolophus,Rhinolophidae,101.28,21.91,coordinate_spatial_join_from_blank_stateProvince,MATERIAL_SAMPLE,
5861996336,Yunnan,Rhinolophus malayanus,Rhinolophus,Rhinolophidae,101.28,21.91,coordinate_spatial_join_from_blank_stateProvince,MATERIAL_SAMPLE,
5861917483,Yunnan,Rhinolophus stheno,Rhinolophus,Rhinolophidae,101.27,21.92,coordinate_spatial_join_from_blank_stateProvince,MATERIAL_SAMPLE,
5861892189,Yunnan,Rhinolophus stheno,Rhinolophus,Rhinolophidae,101.28,21.91,coordinate_spatial_join_from_blank_stateProvince,MATERIAL_SAMPLE,
5861881877,Yunnan,Rhinolophus stheno,Rhinolophus,Rhinolophidae,101.27,21.92,coordinate_spatial_join_from_blank_stateProvince,MATERIAL_SAMPLE,
5861875430,Yunnan,Rhinolophus stheno,Rhinolophus,Rhinolophidae,101.27,21.92,coordinate_spatial_join_from_blank_stateProvince,MATERIAL_SAMPLE,
5861856671,Yunnan,Rhinolophus malayanus,Rhinolophus,Rhinolophidae,101.28,21.91,coordinate_spatial_join_from_blank_stateProvince,MATERIAL_SAMPLE,
5861780751,Yunnan,Rhinolophus malayanus,Rhinolophus,Rhinolophidae,101.27,21.92,coordinate_spatial_join_from_blank_stateProvince,MATERIAL_SAMPLE,
5861674910,Yunnan,Rhinolophus stheno,Rhinolophus,Rhinolophidae,101.28,21.91,coordinate_spatial_join_from_blank_stateProvince,MATERIAL_SAMPLE,
5861653182,Yunnan,Kerivoula titania,Kerivoula,Vespertilionidae,101.29,21.32,coordinate_spatial_join_from_blank_stateProvince,MATERIAL_SAMPLE,
5861616640,Yunnan,Rhinolophus malayanus,Rhinolophus,Rhinolophidae,101.28,21.91,coordinate_spatial_join_from_blank_stateProvince,MATERIAL_SAMPLE,
5861554884,Guizhou,Murina shuipuensis,Murina,Vespertilionidae,107.88,25.48,coordinate_spatial_join_from_blank_stateProvince,MATERIAL_SAMPLE,
5861529153,Yunnan,Rhinolophus stheno,Rhinolophus,Rhinolophidae,101.28,21.91,coordinate_spatial_join_from_blank_stateProvince,MATERIAL_SAMPLE,
5861463897,Yunnan,Rhinolophus stheno,Rhinolophus,Rhinolophidae,101.28,21.91,coordinate_spatial_join_from_blank_stateProvince,MATERIAL_SAMPLE,
5861428657,Yunnan,Rhinolophus malayanus,Rhinolophus,Rhinolophidae,101.27,21.92,coordinate_spatial_join_from_blank_stateProvince,MATERIAL_SAMPLE,
5861251911,Yunnan,Kerivoula titania,Kerivoula,Vespertilionidae,101.3,21.3,coordinate_spatial_join_from_blank_stateProvince,MATERIAL_SAMPLE,
5861251444,Yunnan,Rhinolophus malayanus,Rhinolophus,Rhinolophidae,101.28,21.91,coordinate_spatial_join_from_blank_stateProvince,MATERIAL_SAMPLE,
5861248757,Yunnan,Kerivoula titania,Kerivoula,Vespertilionidae,101.3,21.3,coordinate_spatial_join_from_blank_stateProvince,MATERIAL_SAMPLE,
5861240521,Yunnan,Rhinolophus malayanus,Rhinolophus,Rhinolophidae,101.28,21.91,coordinate_spatial_join_from_blank_stateProvince,MATERIAL_SAMPLE,
5861228233,Yunnan,Rhinolophus stheno,Rhinolophus,Rhinolophidae,101.28,21.91,coordinate_spatial_join_from_blank_stateProvince,MATERIAL_SAMPLE,
5861165691,Yunnan,Rhinolophus stheno,Rhinolophus,Rhinolophidae,101.27,21.92,coordinate_spatial_join_from_blank_stateProvince,MATERIAL_SAMPLE,
5861124117,Yunnan,Rhinolophus stheno,Rhinolophus,Rhinolophidae,101.28,21.91,coordinate_spatial_join_from_blank_stateProvince,MATERIAL_SAMPLE,
5860702178,Yunnan,Rhinolophus marshalli,Rhinolophus,Rhinolophidae,102.16,24.62,coordinate_spatial_join_from_blank_stateProvince,MATERIAL_SAMPLE,
5860681194,Yunnan,Rhinolophus pearsonii,Rhinolophus,Rhinolophidae,101.38,21.81,coordinate_spatial_join_from_blank_stateProvince,MATERIAL_SAMPLE,
5860602315,Yunnan,Rhinolophus stheno,Rhinolophus,Rhinolophidae,101.27,21.92,coordinate_spatial_join_from_blank_stateProvince,MATERIAL_SAMPLE,
5860498869,Yunnan,Rhinolophus stheno,Rhinolophus,Rhinolophidae,100.71,22.61,coordinate_spatial_join_from_blank_stateProvince,MATERIAL_SAMPLE,
5860455244,Yunnan,Rhinolophus stheno,Rhinolophus,Rhinolophidae,101.27,21.92,coordinate_spatial_join_from_blank_stateProvince,MATERIAL_SAMPLE,
5860436936,Yunnan,Rhinolophus pearsonii,Rhinolophus,Rhinolophidae,101.28,21.91,coordinate_spatial_join_from_blank_stateProvince,MATERIAL_SAMPLE,
5860238549,Yunnan,Kerivoula titania,Kerivoula,Vespertilionidae,101.29,21.32,coordinate_spatial_join_from_blank_stateProvince,MATERIAL_SAMPLE,
5860152842,Yunnan,Rhinolophus malayanus,Rhinolophus,Rhinolophidae,101.28,21.91,coordinate_spatial_join_from_blank_stateProvince,MATERIAL_SAMPLE,
5860141840,Yunnan,Rhinolophus malayanus,Rhinolophus,Rhinolophidae,101.27,21.92,coordinate_spatial_join_from_blank_stateProvince,MATERIAL_SAMPLE,
5860019860,Yunnan,Rhinolophus malayanus,Rhinolophus,Rhinolophidae,101.27,21.92,coordinate_spatial_join_from_blank_stateProvince,MATERIAL_SAMPLE,
5859908793,Yunnan,Rhinolophus stheno,Rhinolophus,Rhinolophidae,101.28,21.91,coordinate_spatial_join_from_blank_stateProvince,MATERIAL_SAMPLE,
5840159663,Anhui,Rhinolophus sinicus,Rhinolophus,Rhinolophidae,,,stateProvince,HUMAN_OBSERVATION,
5840094745,Guizhou,Hipposideros gentilis,Hipposideros,Hipposideridae,,,stateProvince,HUMAN_OBSERVATION,674.0
5840002764,Guizhou,Hipposideros gentilis,Hipposideros,Hipposideridae,,,stateProvince,HUMAN_OBSERVATION,674.0
5839851050,Anhui,Rhinolophus nippon,Rhinolophus,Rhinolophidae,,,stateProvince,HUMAN_OBSERVATION,
5838040601,Guangdong,Hipposideros armiger,Hipposideros,Hipposideridae,,,stateProvince,HUMAN_OBSERVATION,30278.0
583538362,Yunnan,Sphaerias blanfordi,Sphaerias,Pteropodidae,,,stateProvince,PRESERVED_SPECIMEN,
583538357,Yunnan,Sphaerias blanfordi,Sphaerias,Pteropodidae,,,stateProvince,PRESERVED_SPECIMEN,
583538342,Yunnan,Sphaerias blanfordi,Sphaerias,Pteropodidae,,,stateProvince,PRESERVED_SPECIMEN,
583538339,Yunnan,Sphaerias blanfordi,Sphaerias,Pteropodidae,,,stateProvince,PRESERVED_SPECIMEN,
583538336,Yunnan,Sphaerias blanfordi,Sphaerias,Pteropodidae,,,stateProvince,PRESERVED_SPECIMEN,
583538169,Yunnan,Rousettus leschenaultii,Rousettus,Pteropodidae,,,stateProvince,PRESERVED_SPECIMEN,
583538143,Yunnan,Sphaerias blanfordi,Sphaerias,Pteropodidae,,,stateProvince,PRESERVED_SPECIMEN,
583538140,Yunnan,Sphaerias blanfordi,Sphaerias,Pteropodidae,,,stateProvince,PRESERVED_SPECIMEN,
583538137,Yunnan,Sphaerias blanfordi,Sphaerias,Pteropodidae,,,stateProvince,PRESERVED_SPECIMEN,
583496144,Guangdong,Pteropus rufus,Pteropus,Pteropodidae,113.29,23.1,coordinate_spatial_join_from_blank_stateProvince,PRESERVED_SPECIMEN,11002.0
5828439486,Fujian,Hipposideros armiger,Hipposideros,Hipposideridae,,,stateProvince,HUMAN_OBSERVATION,
5828320687,Fujian,Hipposideros armiger,Hipposideros,Hipposideridae,,,stateProvince,HUMAN_OBSERVATION,
5828275263,Fujian,Hipposideros armiger,Hipposideros,Hipposideridae,,,stateProvince,HUMAN_OBSERVATION,1217.0
5760190768,Guangdong,Pipistrellus abramus,Pipistrellus,Vespertilionidae,,,stateProvince,HUMAN_OBSERVATION,
5760106090,Guangdong,Hipposideros armiger,Hipposideros,Hipposideridae,,,stateProvince,HUMAN_OBSERVATION,203.0
5292625119,Yunnan,Aselliscus stoliczkanus,Aselliscus,Hipposideridae,,,stateProvince,HUMAN_OBSERVATION,159.0
5292441894,Zhejiang,Hipposideros armiger,Hipposideros,Hipposideridae,,,stateProvince,HUMAN_OBSERVATION,192.0
5229983254,Zhejiang,Hipposideros armiger,Hipposideros,Hipposideridae,,,stateProvince,HUMAN_OBSERVATION,81.0
5216812899,Guangdong,Cynopterus sphinx,Cynopterus,Pteropodidae,,,stateProvince,HUMAN_OBSERVATION,40.0
5206612104,Anhui,Hipposideros armiger,Hipposideros,Hipposideridae,,,stateProvince,HUMAN_OBSERVATION,1953.0
5198861653,Zhejiang,Hipposideros armiger,Hipposideros,Hipposideridae,,,stateProvince,HUMAN_OBSERVATION,29558.0
5198286678,Zhejiang,Rhinolophus perniger,Rhinolophus,Rhinolophidae,,,stateProvince,HUMAN_OBSERVATION,488.0
5188318637,Guangdong,Cynopterus sphinx,Cynopterus,Pteropodidae,,,stateProvince,HUMAN_OBSERVATION,30.0
5188206331,Guangdong,Scotophilus kuhlii,Scotophilus,Vespertilionidae,,,stateProvince,HUMAN_OBSERVATION,488.0
5187894713,Zhejiang,Hypsugo pulveratus,Hypsugo,Vespertilionidae,,,stateProvince,HUMAN_OBSERVATION,29433.0
5187684585,Guangdong,Cynopterus sphinx,Cynopterus,Pteropodidae,,,stateProvince,HUMAN_OBSERVATION,21.0
5168383449,Yunnan,Mirostrellus joffrei,Mirostrellus,Vespertilionidae,,,stateProvince,HUMAN_OBSERVATION,1077.0
5147450323,Yunnan,Hipposideros armiger,Hipposideros,Hipposideridae,,,stateProvince,PRESERVED_SPECIMEN,
5147449346,Yunnan,Tadarida teniotis,Tadarida,Molossidae,,,stateProvince,PRESERVED_SPECIMEN,
5147449319,Yunnan,Hipposideros armiger,Hipposideros,Hipposideridae,,,stateProvince,PRESERVED_SPECIMEN,14615.0
5147449313,Yunnan,Cynopterus sphinx,Cynopterus,Pteropodidae,,,stateProvince,PRESERVED_SPECIMEN,
5147448326,Yunnan,Tadarida teniotis,Tadarida,Molossidae,,,stateProvince,PRESERVED_SPECIMEN,
5147448325,Yunnan,Taphozous theobaldi,Taphozous,Emballonuridae,,,stateProvince,PRESERVED_SPECIMEN,
5147440651,Yunnan,Chaerephon plicatus,Chaerephon,Molossidae,,,stateProvince,PRESERVED_SPECIMEN,
5147440650,Yunnan,Eonycteris spelaea,Eonycteris,Pteropodidae,,,stateProvince,PRESERVED_SPECIMEN,
5147436649,Yunnan,Chaerephon plicatus,Chaerephon,Molossidae,,,stateProvince,PRESERVED_SPECIMEN,
5147436648,Yunnan,Eonycteris spelaea,Eonycteris,Pteropodidae,,,stateProvince,PRESERVED_SPECIMEN,
5147435658,Yunnan,Taphozous theobaldi,Taphozous,Emballonuridae,,,stateProvince,PRESERVED_SPECIMEN,
5147432657,Yunnan,Hipposideros armiger,Hipposideros,Hipposideridae,,,stateProvince,PRESERVED_SPECIMEN,14615.0
5147340325,Yunnan,Rhinolophus affinis,Rhinolophus,Rhinolophidae,,,stateProvince,PRESERVED_SPECIMEN,
5147340320,Yunnan,Taphozous theobaldi,Taphozous,Emballonuridae,,,stateProvince,PRESERVED_SPECIMEN,
5147340319,Yunnan,Rousettus leschenaultii,Rousettus,Pteropodidae,,,stateProvince,PRESERVED_SPECIMEN,
5147337321,Yunnan,Rhinolophus affinis,Rhinolophus,Rhinolophidae,,,stateProvince,PRESERVED_SPECIMEN,
5147337320,Yunnan,Hipposideros armiger,Hipposideros,Hipposideridae,,,stateProvince,PRESERVED_SPECIMEN,14615.0
5147337314,Yunnan,Cynopterus sphinx,Cynopterus,Pteropodidae,,,stateProvince,PRESERVED_SPECIMEN,
5147335327,Yunnan,Tadarida teniotis,Tadarida,Molossidae,,,stateProvince,PRESERVED_SPECIMEN,
5147335326,Yunnan,Taphozous theobaldi,Taphozous,Emballonuridae,,,stateProvince,PRESERVED_SPECIMEN,
5147332323,Yunnan,Taphozous theobaldi,Taphozous,Emballonuridae,,,stateProvince,PRESERVED_SPECIMEN,
5147327651,Yunnan,Chaerephon plicatus,Chaerephon,Molossidae,,,stateProvince,PRESERVED_SPECIMEN,
5147327650,Yunnan,Taphozous theobaldi,Taphozous,Emballonuridae,,,stateProvince,PRESERVED_SPECIMEN,
5147325651,Yunnan,Chaerephon plicatus,Chaerephon,Molossidae,,,stateProvince,PRESERVED_SPECIMEN,
5147325650,Yunnan,Chaerephon plicatus,Chaerephon,Molossidae,,,stateProvince,PRESERVED_SPECIMEN,
5147325649,Yunnan,Taphozous theobaldi,Taphozous,Emballonuridae,,,stateProvince,PRESERVED_SPECIMEN,
5147325648,Yunnan,Macroglossus sobrinus,Macroglossus,Pteropodidae,,,stateProvince,PRESERVED_SPECIMEN,
5147323659,Yunnan,Taphozous theobaldi,Taphozous,Emballonuridae,,,stateProvince,PRESERVED_SPECIMEN,
5147321649,Yunnan,Taphozous theobaldi,Taphozous,Emballonuridae,,,stateProvince,PRESERVED_SPECIMEN,
5147319655,Yunnan,Chaerephon plicatus,Chaerephon,Molossidae,,,stateProvince,PRESERVED_SPECIMEN,
5147319654,Yunnan,Eonycteris spelaea,Eonycteris,Pteropodidae,,,stateProvince,PRESERVED_SPECIMEN,
5147219325,Yunnan,Taphozous theobaldi,Taphozous,Emballonuridae,,,stateProvince,PRESERVED_SPECIMEN,
5147214322,Yunnan,Hipposideros bicolor,Hipposideros,Hipposideridae,,,stateProvince,PRESERVED_SPECIMEN,
5147214321,Yunnan,Hipposideros armiger,Hipposideros,Hipposideridae,,,stateProvince,PRESERVED_SPECIMEN,14615.0
5147214315,Yunnan,Cynopterus sphinx,Cynopterus,Pteropodidae,,,stateProvince,PRESERVED_SPECIMEN,
5147213333,Yunnan,Tadarida teniotis,Tadarida,Molossidae,,,stateProvince,PRESERVED_SPECIMEN,
5147210320,Yunnan,Rhinolophus affinis,Rhinolophus,Rhinolophidae,,,stateProvince,PRESERVED_SPECIMEN,
5147210315,Yunnan,Rousettus leschenaultii,Rousettus,Pteropodidae,,,stateProvince,PRESERVED_SPECIMEN,
5147210314,Yunnan,Rousettus leschenaultii,Rousettus,Pteropodidae,,,stateProvince,PRESERVED_SPECIMEN,
5147208655,Yunnan,Hipposideros armiger,Hipposideros,Hipposideridae,,,stateProvince,PRESERVED_SPECIMEN,14615.0
5147208654,Yunnan,Hipposideros armiger,Hipposideros,Hipposideridae,,,stateProvince,PRESERVED_SPECIMEN,14615.0
5147208653,Yunnan,Eonycteris spelaea,Eonycteris,Pteropodidae,,,stateProvince,PRESERVED_SPECIMEN,
5147208652,Yunnan,Cynopterus sphinx,Cynopterus,Pteropodidae,,,stateProvince,PRESERVED_SPECIMEN,
5147206658,Yunnan,Taphozous theobaldi,Taphozous,Emballonuridae,,,stateProvince,PRESERVED_SPECIMEN,
5147203652,Yunnan,Chaerephon plicatus,Chaerephon,Molossidae,,,stateProvince,PRESERVED_SPECIMEN,
5147203651,Yunnan,Chaerephon plicatus,Chaerephon,Molossidae,,,stateProvince,PRESERVED_SPECIMEN,
5147203650,Yunnan,Rousettus leschenaultii,Rousettus,Pteropodidae,,,stateProvince,PRESERVED_SPECIMEN,
5147203649,Yunnan,Eonycteris spelaea,Eonycteris,Pteropodidae,,,stateProvince,PRESERVED_SPECIMEN,
5147202658,Yunnan,Taphozous theobaldi,Taphozous,Emballonuridae,,,stateProvince,PRESERVED_SPECIMEN,
5147200792,Yunnan,Taphozous theobaldi,Taphozous,Emballonuridae,,,stateProvince,PRESERVED_SPECIMEN,
5147200650,Yunnan,Chaerephon plicatus,Chaerephon,Molossidae,,,stateProvince,PRESERVED_SPECIMEN,
5147200649,Yunnan,Taphozous theobaldi,Taphozous,Emballonuridae,,,stateProvince,PRESERVED_SPECIMEN,
5147093335,Yunnan,Tadarida teniotis,Tadarida,Molossidae,,,stateProvince,PRESERVED_SPECIMEN,
5147088659,Yunnan,Hipposideros armiger,Hipposideros,Hipposideridae,,,stateProvince,PRESERVED_SPECIMEN,14615.0
5147088658,Yunnan,Hipposideros armiger,Hipposideros,Hipposideridae,,,stateProvince,PRESERVED_SPECIMEN,14615.0
5147088657,Yunnan,Eonycteris spelaea,Eonycteris,Pteropodidae,,,stateProvince,PRESERVED_SPECIMEN,
5147088656,Yunnan,Cynopterus sphinx,Cynopterus,Pteropodidae,,,stateProvince,PRESERVED_SPECIMEN,
5147086653,Yunnan,Scotophilus heathii,Scotophilus,Vespertilionidae,,,stateProvince,PRESERVED_SPECIMEN,
5147086652,Yunnan,Eonycteris spelaea,Eonycteris,Pteropodidae,,,stateProvince,PRESERVED_SPECIMEN,
5147085659,Yunnan,Rhinolophus sinicus,Rhinolophus,Rhinolophidae,,,stateProvince,PRESERVED_SPECIMEN,
5147083664,Yunnan,Taphozous theobaldi,Taphozous,Emballonuridae,,,stateProvince,PRESERVED_SPECIMEN,
5147079656,Yunnan,Taphozous theobaldi,Taphozous,Emballonuridae,,,stateProvince,PRESERVED_SPECIMEN,
5146980330,Yunnan,Pipistrellus tenuis,Pipistrellus,Vespertilionidae,,,stateProvince,PRESERVED_SPECIMEN,
5146980325,Yunnan,Taphozous theobaldi,Taphozous,Emballonuridae,,,stateProvince,PRESERVED_SPECIMEN,
5146978325,Yunnan,Taphozous theobaldi,Taphozous,Emballonuridae,,,stateProvince,PRESERVED_SPECIMEN,
5146977317,Yunnan,Rhinolophus affinis,Rhinolophus,Rhinolophidae,,,stateProvince,PRESERVED_SPECIMEN,
5146977316,Yunnan,Hipposideros bicolor,Hipposideros,Hipposideridae,,,stateProvince,PRESERVED_SPECIMEN,
5146977312,Yunnan,Rousettus leschenaultii,Rousettus,Pteropodidae,,,stateProvince,PRESERVED_SPECIMEN,
5146977311,Yunnan,Rousettus leschenaultii,Rousettus,Pteropodidae,,,stateProvince,PRESERVED_SPECIMEN,
5146976660,Yunnan,Taphozous theobaldi,Taphozous,Emballonuridae,,,stateProvince,PRESERVED_SPECIMEN,
5146975654,Yunnan,Taphozous theobaldi,Taphozous,Emballonuridae,,,stateProvince,PRESERVED_SPECIMEN,
5146974649,Yunnan,Hipposideros armiger,Hipposideros,Hipposideridae,,,stateProvince,PRESERVED_SPECIMEN,14615.0
5146974648,Yunnan,Hipposideros armiger,Hipposideros,Hipposideridae,,,stateProvince,PRESERVED_SPECIMEN,14615.0
5146974647,Yunnan,Eonycteris spelaea,Eonycteris,Pteropodidae,,,stateProvince,PRESERVED_SPECIMEN,
5146974646,Yunnan,Cynopterus sphinx,Cynopterus,Pteropodidae,,,stateProvince,PRESERVED_SPECIMEN,
5146973658,Yunnan,Taphozous theobaldi,Taphozous,Emballonuridae,,,stateProvince,PRESERVED_SPECIMEN,
5146972789,Yunnan,Chaerephon plicatus,Chaerephon,Molossidae,,,stateProvince,PRESERVED_SPECIMEN,
5146972649,Yunnan,Chaerephon plicatus,Chaerephon,Molossidae,,,stateProvince,PRESERVED_SPECIMEN,
5146972648,Yunnan,Chaerephon plicatus,Chaerephon,Molossidae,,,stateProvince,PRESERVED_SPECIMEN,
5146972647,Yunnan,Taphozous theobaldi,Taphozous,Emballonuridae,,,stateProvince,PRESERVED_SPECIMEN,
5146972646,Yunnan,Rousettus leschenaultii,Rousettus,Pteropodidae,,,stateProvince,PRESERVED_SPECIMEN,
5140361999,Zhejiang,Rhinolophus sinicus,Rhinolophus,Rhinolophidae,,,stateProvince,HUMAN_OBSERVATION,15.0
5134805503,Guangdong,Cynopterus sphinx,Cynopterus,Pteropodidae,,,stateProvince,HUMAN_OBSERVATION,1.0
5134789833,Zhejiang,Myotis rufoniger,Myotis,Vespertilionidae,,,stateProvince,HUMAN_OBSERVATION,591.0
5134406866,Guangdong,Cynopterus sphinx,Cynopterus,Pteropodidae,,,stateProvince,HUMAN_OBSERVATION,808.0
5134283099,Zhejiang,Rhinolophus perniger,Rhinolophus,Rhinolophidae,,,stateProvince,HUMAN_OBSERVATION,162.0
5133728896,Sichuan,Nyctalus plancyi,Nyctalus,Vespertilionidae,,,stateProvince,HUMAN_OBSERVATION,640.0
5133699178,Guangdong,Cynopterus sphinx,Cynopterus,Pteropodidae,,,stateProvince,HUMAN_OBSERVATION,30278.0
5133127899,Guangdong,Cynopterus sphinx,Cynopterus,Pteropodidae,,,stateProvince,HUMAN_OBSERVATION,14.0
5108184706,Guangdong,Cynopterus sphinx,Cynopterus,Pteropodidae,,,stateProvince,HUMAN_OBSERVATION,
5108120971,Guangdong,Cynopterus sphinx,Cynopterus,Pteropodidae,,,stateProvince,HUMAN_OBSERVATION,
5104667792,Guizhou,Rhinolophus sinicus,Rhinolophus,Rhinolophidae,,,stateProvince,HUMAN_OBSERVATION,201.0
5103755612,Guangdong,Cynopterus sphinx,Cynopterus,Pteropodidae,,,stateProvince,PRESERVED_SPECIMEN,
5103754509,Yunnan,Hipposideros armiger,Hipposideros,Hipposideridae,,,stateProvince,PRESERVED_SPECIMEN,
5103754508,Yunnan,Taphozous theobaldi,Taphozous,Emballonuridae,,,stateProvince,PRESERVED_SPECIMEN,
5103754507,Yunnan,Scotophilus heathii,Scotophilus,Vespertilionidae,,,stateProvince,PRESERVED_SPECIMEN,
5088011431,Guangdong,Cynopterus sphinx,Cynopterus,Pteropodidae,,,stateProvince,HUMAN_OBSERVATION,40271.0
5087245335,Guangdong,Pipistrellus abramus,Pipistrellus,Vespertilionidae,,,stateProvince,HUMAN_OBSERVATION,93.0
5087054447,Guangdong,Cynopterus sphinx,Cynopterus,Pteropodidae,,,stateProvince,HUMAN_OBSERVATION,30278.0
5062949234,Guangdong,Rousettus leschenaultii,Rousettus,Pteropodidae,,,stateProvince,HUMAN_OBSERVATION,
5037075851,Sichuan,Harpiocephalus harpia,Harpiocephalus,Vespertilionidae,,,stateProvince,HUMAN_OBSERVATION,
5036720608,Guangdong,Cynopterus sphinx,Cynopterus,Pteropodidae,,,stateProvince,HUMAN_OBSERVATION,48.0
5007793698,Sichuan,Murina leucogaster,Murina,Vespertilionidae,,,stateProvince,HUMAN_OBSERVATION,
5007566549,Zhejiang,Nyctalus plancyi,Nyctalus,Vespertilionidae,,,stateProvince,HUMAN_OBSERVATION,29727.0
5007560977,Sichuan,Murina leucogaster,Murina,Vespertilionidae,,,stateProvince,HUMAN_OBSERVATION,
5004111636,Hubei,Ia io,Ia,Vespertilionidae,,,stateProvince,PRESERVED_SPECIMEN,
5004111571,Anhui,Rhinolophus ferrumequinum,Rhinolophus,Rhinolophidae,117.47,30.3,coordinate_spatial_join_from_blank_stateProvince,PRESERVED_SPECIMEN,
5004102362,Hubei,Rhinolophus pearsonii,Rhinolophus,Rhinolophidae,,,stateProvince,PRESERVED_SPECIMEN,
5004102337,Hubei,Myotis pilosus,Myotis,Vespertilionidae,,,stateProvince,PRESERVED_SPECIMEN,
5004102336,Hubei,Myotis pilosus,Myotis,Vespertilionidae,,,stateProvince,PRESERVED_SPECIMEN,
4994600887,Guangdong,Cynopterus sphinx,Cynopterus,Pteropodidae,,,stateProvince,HUMAN_OBSERVATION,30278.0
4994441393,Zhejiang,Hypsugo pulveratus,Hypsugo,Vespertilionidae,,,stateProvince,HUMAN_OBSERVATION,
4982167584,Guangdong,Cynopterus sphinx,Cynopterus,Pteropodidae,,,stateProvince,HUMAN_OBSERVATION,410.0
4981995790,Sichuan,Scotomanes ornatus,Scotomanes,Vespertilionidae,,,stateProvince,HUMAN_OBSERVATION,
4980740043,Guangdong,Cynopterus sphinx,Cynopterus,Pteropodidae,,,stateProvince,HUMAN_OBSERVATION,30278.0
4978188161,Guangdong,Cynopterus sphinx,Cynopterus,Pteropodidae,,,stateProvince,HUMAN_OBSERVATION,40271.0
4973835479,Guizhou,Rhinolophus macrotis,Rhinolophus,Rhinolophidae,,,stateProvince,HUMAN_OBSERVATION,61.0
4954671157,Yunnan,Aselliscus stoliczkanus,Aselliscus,Hipposideridae,,,stateProvince,HUMAN_OBSERVATION,30003.0
4952488779,Sichuan,Rhinolophus pusillus,Rhinolophus,Rhinolophidae,,,stateProvince,HUMAN_OBSERVATION,15625.0
4946726303,Yunnan,Miniopterus fuliginosus,Miniopterus,Vespertilionidae,,,stateProvince,OCCURRENCE,
4946726302,Yunnan,Miniopterus magnater,Miniopterus,Vespertilionidae,,,stateProvince,OCCURRENCE,
4946031695,Guangdong,Rhinolophus sinicus,Rhinolophus,Rhinolophidae,,,stateProvince,HUMAN_OBSERVATION,45471.0
4921972657,Guangxi,Hipposideros armiger,Hipposideros,Hipposideridae,,,stateProvince,HUMAN_OBSERVATION,2000.0
4921854024,Zhejiang,Nyctalus plancyi,Nyctalus,Vespertilionidae,,,stateProvince,HUMAN_OBSERVATION,1010.0
4919657894,Yunnan,Aselliscus stoliczkanus,Aselliscus,Hipposideridae,,,stateProvince,HUMAN_OBSERVATION,3464.0
4912663796,Guizhou,Rhinolophus pearsonii,Rhinolophus,Rhinolophidae,,,stateProvince,MATERIAL_SAMPLE,
4911014862,Guizhou,Rhinolophus pearsonii,Rhinolophus,Rhinolophidae,,,stateProvince,HUMAN_OBSERVATION,
4908365482,Guangdong,Hypsugo pulveratus,Hypsugo,Vespertilionidae,112.89,24.91,coordinate_spatial_join_from_blank_stateProvince,HUMAN_OBSERVATION,30025.0
4908120294,Guangdong,Hypsugo pulveratus,Hypsugo,Vespertilionidae,,,stateProvince,HUMAN_OBSERVATION,30025.0
4901608646,Sichuan,Hipposideros armiger,Hipposideros,Hipposideridae,,,stateProvince,HUMAN_OBSERVATION,
4892010114,Zhejiang,Rhinolophus perniger,Rhinolophus,Rhinolophidae,,,stateProvince,HUMAN_OBSERVATION,229.0
4867302302,Fujian,Tadarida insignis,Tadarida,Molossidae,,,stateProvince,MATERIAL_CITATION,
4867287717,Yunnan,Myotis montivagus,Myotis,Vespertilionidae,,,stateProvince,MATERIAL_CITATION,
4867287648,Fujian,Myotis frater,Myotis,Vespertilionidae,,,stateProvince,MATERIAL_CITATION,
4867287625,Yunnan,Myotis montivagus,Myotis,Vespertilionidae,,,stateProvince,MATERIAL_CITATION,
4867287580,Fujian,Myotis frater,Myotis,Vespertilionidae,,,stateProvince,MATERIAL_CITATION,
4867287571,Fujian,Myotis fimbriatus,Myotis,Vespertilionidae,,,stateProvince,MATERIAL_CITATION,
4867287425,Fujian,Myotis laniger,Myotis,Vespertilionidae,,,stateProvince,MATERIAL_CITATION,
4867287339,Fujian,Myotis pilosus,Myotis,Vespertilionidae,,,stateProvince,MATERIAL_CITATION,
4867279414,Anhui,Rhinolophus sinicus,Rhinolophus,Rhinolophidae,,,stateProvince,MATERIAL_CITATION,
4867279388,Anhui,Rhinolophus sinicus,Rhinolophus,Rhinolophidae,,,stateProvince,MATERIAL_CITATION,
4867279365,Yunnan,Rhinolophus osgoodi,Rhinolophus,Rhinolophidae,,,stateProvince,MATERIAL_CITATION,
4867279323,Yunnan,Rhinolophus yunanensis,Rhinolophus,Rhinolophidae,,,stateProvince,MATERIAL_CITATION,
4863960125,Guizhou,Hipposideros armiger,Hipposideros,Hipposideridae,,,stateProvince,HUMAN_OBSERVATION,1788.0
4853370301,Yunnan,Mirostrellus joffrei,Mirostrellus,Vespertilionidae,,,stateProvince,OCCURRENCE,
4847041588,Guangdong,Cynopterus sphinx,Cynopterus,Pteropodidae,,,stateProvince,HUMAN_OBSERVATION,30278.0
476876966,Fujian,Hypsugo pulveratus,Hypsugo,Vespertilionidae,,,stateProvince,PRESERVED_SPECIMEN,42217.0
476876944,Fujian,Rhinolophus sinicus,Rhinolophus,Rhinolophidae,,,stateProvince,PRESERVED_SPECIMEN,298104.0
476874218,Yunnan,Rhinolophus thomasi,Rhinolophus,Rhinolophidae,,,stateProvince,PRESERVED_SPECIMEN,1197.0
476871978,Sichuan,Vespertilio murinus,Vespertilio,Vespertilionidae,,,stateProvince,PRESERVED_SPECIMEN,587830.0
476867676,Guangdong,Hipposideros armiger,Hipposideros,Hipposideridae,,,stateProvince,PRESERVED_SPECIMEN,13130.0
476866361,Hubei,Pipistrellus abramus,Pipistrellus,Vespertilionidae,,,stateProvince,PRESERVED_SPECIMEN,10150.0
476862662,Sichuan,Rhinolophus pusillus,Rhinolophus,Rhinolophidae,,,stateProvince,PRESERVED_SPECIMEN,301.0
476859411,Guangdong,Hipposideros armiger,Hipposideros,Hipposideridae,,,stateProvince,PRESERVED_SPECIMEN,557572.0
476859410,Yunnan,Rhinolophus malayanus,Rhinolophus,Rhinolophidae,,,stateProvince,PRESERVED_SPECIMEN,
476859409,Yunnan,Rhinolophus malayanus,Rhinolophus,Rhinolophidae,,,stateProvince,PRESERVED_SPECIMEN,
476858895,Sichuan,Pipistrellus abramus,Pipistrellus,Vespertilionidae,,,stateProvince,PRESERVED_SPECIMEN,301.0
476858867,Fujian,Rhinolophus pearsonii,Rhinolophus,Rhinolophidae,,,stateProvince,PRESERVED_SPECIMEN,14191.0
476858840,Fujian,Kerivoula hardwickii,Kerivoula,Vespertilionidae,,,stateProvince,PRESERVED_SPECIMEN,15000.0
476858013,Zhejiang,Hipposideros pratti,Hipposideros,Hipposideridae,,,stateProvince,PRESERVED_SPECIMEN,3036.0
476858012,Zhejiang,Myotis chinensis,Myotis,Vespertilionidae,,,stateProvince,PRESERVED_SPECIMEN,33908.0
476858009,Zhejiang,Hipposideros armiger,Hipposideros,Hipposideridae,,,stateProvince,PRESERVED_SPECIMEN,3036.0
476854707,Fujian,Hipposideros pratti,Hipposideros,Hipposideridae,,,stateProvince,PRESERVED_SPECIMEN,71196.0
476853221,Fujian,Hipposideros pratti,Hipposideros,Hipposideridae,,,stateProvince,PRESERVED_SPECIMEN,71196.0
476851115,Yunnan,Rhinolophus malayanus,Rhinolophus,Rhinolophidae,,,stateProvince,PRESERVED_SPECIMEN,
476849939,Hubei,Pipistrellus abramus,Pipistrellus,Vespertilionidae,,,stateProvince,PRESERVED_SPECIMEN,10150.0
476849938,Hubei,Pipistrellus abramus,Pipistrellus,Vespertilionidae,,,stateProvince,PRESERVED_SPECIMEN,10150.0
476849908,Zhejiang,Nyctalus plancyi,Nyctalus,Vespertilionidae,,,stateProvince,PRESERVED_SPECIMEN,33908.0
476849802,Fujian,Rhinolophus sinicus,Rhinolophus,Rhinolophidae,,,stateProvince,PRESERVED_SPECIMEN,298104.0
476849801,Fujian,Rhinolophus sinicus,Rhinolophus,Rhinolophidae,,,stateProvince,PRESERVED_SPECIMEN,15871.0
476849560,Zhejiang,Miniopterus fuliginosus,Miniopterus,Vespertilionidae,,,stateProvince,PRESERVED_SPECIMEN,
476849356,Zhejiang,Rhinolophus affinis,Rhinolophus,Rhinolophidae,120.79,28.36,coordinate_spatial_join_from_blank_stateProvince,PRESERVED_SPECIMEN,148823.0
476849355,Fujian,Rhinolophus affinis,Rhinolophus,Rhinolophidae,,,stateProvince,PRESERVED_SPECIMEN,5918.0
476844475,Fujian,Myotis laniger,Myotis,Vespertilionidae,,,stateProvince,PRESERVED_SPECIMEN,15871.0
476844474,Fujian,Nyctalus plancyi,Nyctalus,Vespertilionidae,,,stateProvince,PRESERVED_SPECIMEN,12000.0
476844201,Fujian,Hipposideros bicolor,Hipposideros,Hipposideridae,,,stateProvince,PRESERVED_SPECIMEN,
476844200,Fujian,Pipistrellus abramus,Pipistrellus,Vespertilionidae,,,stateProvince,PRESERVED_SPECIMEN,25070.0
476843481,Zhejiang,Hipposideros pratti,Hipposideros,Hipposideridae,,,stateProvince,PRESERVED_SPECIMEN,3036.0
476843480,Zhejiang,Hipposideros pratti,Hipposideros,Hipposideridae,,,stateProvince,PRESERVED_SPECIMEN,3036.0
476843479,Zhejiang,Hipposideros pratti,Hipposideros,Hipposideridae,,,stateProvince,PRESERVED_SPECIMEN,3036.0
476842514,Yunnan,Rhinolophus affinis,Rhinolophus,Rhinolophidae,,,stateProvince,PRESERVED_SPECIMEN,
476842513,Yunnan,Rhinolophus affinis,Rhinolophus,Rhinolophidae,,,stateProvince,PRESERVED_SPECIMEN,
476842509,Fujian,Rhinolophus affinis,Rhinolophus,Rhinolophidae,,,stateProvince,PRESERVED_SPECIMEN,71196.0
476840427,Hubei,Miniopterus fuliginosus,Miniopterus,Vespertilionidae,112.02,31.12,coordinate_spatial_join_from_blank_stateProvince,PRESERVED_SPECIMEN,476504.0
476840226,Yunnan,Rhinolophus affinis,Rhinolophus,Rhinolophidae,,,stateProvince,PRESERVED_SPECIMEN,
476839648,Zhejiang,Rhinolophus sinicus,Rhinolophus,Rhinolophidae,,,stateProvince,PRESERVED_SPECIMEN,3036.0
476839647,Fujian,Rhinolophus sinicus,Rhinolophus,Rhinolophidae,,,stateProvince,PRESERVED_SPECIMEN,298104.0
476839646,Fujian,Rhinolophus sinicus,Rhinolophus,Rhinolophidae,,,stateProvince,PRESERVED_SPECIMEN,2415.0
476837013,Yunnan,Rhinolophus affinis,Rhinolophus,Rhinolophidae,,,stateProvince,PRESERVED_SPECIMEN,
476836571,Fujian,Myotis laniger,Myotis,Vespertilionidae,,,stateProvince,PRESERVED_SPECIMEN,347867.0
476835691,Hubei,Rhinolophus sinicus,Rhinolophus,Rhinolophidae,,,stateProvince,PRESERVED_SPECIMEN,
476835690,Hubei,Rhinolophus sinicus,Rhinolophus,Rhinolophidae,,,stateProvince,PRESERVED_SPECIMEN,
476835660,Fujian,Rhinolophus perniger,Rhinolophus,Rhinolophidae,,,stateProvince,PRESERVED_SPECIMEN,55117.0
476832602,Fujian,Miniopterus schreibersii,Miniopterus,Vespertilionidae,,,stateProvince,PRESERVED_SPECIMEN,25070.0
476832481,Yunnan,Rhinolophus malayanus,Rhinolophus,Rhinolophidae,,,stateProvince,PRESERVED_SPECIMEN,
476831413,Sichuan,Pipistrellus abramus,Pipistrellus,Vespertilionidae,,,stateProvince,PRESERVED_SPECIMEN,
476830972,Hubei,Pipistrellus abramus,Pipistrellus,Vespertilionidae,,,stateProvince,PRESERVED_SPECIMEN,10150.0
476830949,Hubei,Pipistrellus abramus,Pipistrellus,Vespertilionidae,,,stateProvince,PRESERVED_SPECIMEN,10150.0
476830947,Fujian,Hipposideros gentilis,Hipposideros,Hipposideridae,,,stateProvince,PRESERVED_SPECIMEN,3036.0
476830946,Yunnan,Hipposideros gentilis,Hipposideros,Hipposideridae,,,stateProvince,PRESERVED_SPECIMEN,3036.0
476830226,Fujian,Hipposideros pratti,Hipposideros,Hipposideridae,,,stateProvince,PRESERVED_SPECIMEN,5599.0
476830067,Fujian,Pipistrellus abramus,Pipistrellus,Vespertilionidae,,,stateProvince,PRESERVED_SPECIMEN,42217.0
476829354,Yunnan,Taphozous melanopogon,Taphozous,Emballonuridae,,,stateProvince,PRESERVED_SPECIMEN,368540.0
476829270,Fujian,Nyctalus plancyi,Nyctalus,Vespertilionidae,,,stateProvince,PRESERVED_SPECIMEN,12562.0
476829236,Hubei,Pipistrellus abramus,Pipistrellus,Vespertilionidae,,,stateProvince,PRESERVED_SPECIMEN,10150.0
476829213,Hubei,Pipistrellus abramus,Pipistrellus,Vespertilionidae,,,stateProvince,PRESERVED_SPECIMEN,10150.0
476829212,Hubei,Pipistrellus abramus,Pipistrellus,Vespertilionidae,,,stateProvince,PRESERVED_SPECIMEN,10150.0
476829211,Hubei,Pipistrellus abramus,Pipistrellus,Vespertilionidae,,,stateProvince,PRESERVED_SPECIMEN,10150.0
476829210,Hubei,Pipistrellus abramus,Pipistrellus,Vespertilionidae,,,stateProvince,PRESERVED_SPECIMEN,10150.0
476828258,Fujian,Hipposideros gentilis,Hipposideros,Hipposideridae,,,stateProvince,PRESERVED_SPECIMEN,22440.0
476828234,Guangdong,Hipposideros armiger,Hipposideros,Hipposideridae,,,stateProvince,PRESERVED_SPECIMEN,6017.0
476827788,Fujian,Myotis fimbriatus,Myotis,Vespertilionidae,,,stateProvince,PRESERVED_SPECIMEN,8118.0
476827775,Fujian,Pipistrellus abramus,Pipistrellus,Vespertilionidae,,,stateProvince,PRESERVED_SPECIMEN,12000.0
476827338,Fujian,Kerivoula hardwickii,Kerivoula,Vespertilionidae,,,stateProvince,PRESERVED_SPECIMEN,2415.0
476826723,Yunnan,Rhinolophus sinicus,Rhinolophus,Rhinolophidae,,,stateProvince,PRESERVED_SPECIMEN,
476826114,Yunnan,Pipistrellus coromandra,Pipistrellus,Vespertilionidae,,,stateProvince,PRESERVED_SPECIMEN,
476825734,Sichuan,Pipistrellus abramus,Pipistrellus,Vespertilionidae,,,stateProvince,PRESERVED_SPECIMEN,3036.0
476825733,Sichuan,Pipistrellus abramus,Pipistrellus,Vespertilionidae,105.9,31.83,coordinate_spatial_join_from_blank_stateProvince,PRESERVED_SPECIMEN,3036.0
476825709,Fujian,Hipposideros gentilis,Hipposideros,Hipposideridae,,,stateProvince,PRESERVED_SPECIMEN,22440.0
476825704,Hubei,Pipistrellus abramus,Pipistrellus,Vespertilionidae,,,stateProvince,PRESERVED_SPECIMEN,10150.0
476825703,Hubei,Pipistrellus abramus,Pipistrellus,Vespertilionidae,,,stateProvince,PRESERVED_SPECIMEN,10150.0
476825595,Zhejiang,Nyctalus plancyi,Nyctalus,Vespertilionidae,,,stateProvince,PRESERVED_SPECIMEN,33908.0
476825498,Hubei,Pipistrellus abramus,Pipistrellus,Vespertilionidae,,,stateProvince,PRESERVED_SPECIMEN,10150.0
476825497,Hubei,Pipistrellus abramus,Pipistrellus,Vespertilionidae,,,stateProvince,PRESERVED_SPECIMEN,10150.0
476825473,Hubei,Pipistrellus abramus,Pipistrellus,Vespertilionidae,,,stateProvince,PRESERVED_SPECIMEN,10150.0
476825472,Hubei,Pipistrellus abramus,Pipistrellus,Vespertilionidae,,,stateProvince,PRESERVED_SPECIMEN,10150.0
476825471,Hubei,Pipistrellus abramus,Pipistrellus,Vespertilionidae,,,stateProvince,PRESERVED_SPECIMEN,10150.0
476825470,Hubei,Pipistrellus abramus,Pipistrellus,Vespertilionidae,,,stateProvince,PRESERVED_SPECIMEN,10150.0
476825469,Hubei,Pipistrellus abramus,Pipistrellus,Vespertilionidae,,,stateProvince,PRESERVED_SPECIMEN,10150.0
476825468,Hubei,Pipistrellus abramus,Pipistrellus,Vespertilionidae,,,stateProvince,PRESERVED_SPECIMEN,10150.0
476825467,Hubei,Pipistrellus abramus,Pipistrellus,Vespertilionidae,,,stateProvince,PRESERVED_SPECIMEN,10150.0
476825408,Yunnan,Tylonycteris fulvida,Tylonycteris,Vespertilionidae,,,stateProvince,PRESERVED_SPECIMEN,
476825407,Yunnan,Tylonycteris fulvida,Tylonycteris,Vespertilionidae,,,stateProvince,PRESERVED_SPECIMEN,
476824799,Sichuan,Barbastella darjelingensis,Barbastella,Vespertilionidae,,,stateProvince,PRESERVED_SPECIMEN,3036.0
476824690,Fujian,Scotomanes ornatus,Scotomanes,Vespertilionidae,,,stateProvince,PRESERVED_SPECIMEN,15871.0
476824114,Fujian,Hipposideros pratti,Hipposideros,Hipposideridae,,,stateProvince,PRESERVED_SPECIMEN,5599.0
476824113,Fujian,Hipposideros pratti,Hipposideros,Hipposideridae,,,stateProvince,PRESERVED_SPECIMEN,22440.0
476824112,Fujian,Hipposideros pratti,Hipposideros,Hipposideridae,,,stateProvince,PRESERVED_SPECIMEN,22440.0
476823886,Guangdong,Hipposideros armiger,Hipposideros,Hipposideridae,,,stateProvince,PRESERVED_SPECIMEN,13130.0
476823885,Guangdong,Hipposideros armiger,Hipposideros,Hipposideridae,,,stateProvince,PRESERVED_SPECIMEN,12773.0
476823805,Sichuan,Vespertilio murinus,Vespertilio,Vespertilionidae,,,stateProvince,PRESERVED_SPECIMEN,
476823804,Hubei,Vespertilio murinus,Vespertilio,Vespertilionidae,,,stateProvince,PRESERVED_SPECIMEN,10150.0
476823803,Guangdong,Vespertilio murinus,Vespertilio,Vespertilionidae,,,stateProvince,PRESERVED_SPECIMEN,35892.0
476823588,Fujian,Myotis siligorensis,Myotis,Vespertilionidae,,,stateProvince,PRESERVED_SPECIMEN,15871.0
476823441,Guangdong,Hipposideros armiger,Hipposideros,Hipposideridae,,,stateProvince,PRESERVED_SPECIMEN,14787.0
476823397,Fujian,Miniopterus fuliginosus,Miniopterus,Vespertilionidae,,,stateProvince,PRESERVED_SPECIMEN,37049.0
476823396,Fujian,Miniopterus fuliginosus,Miniopterus,Vespertilionidae,,,stateProvince,PRESERVED_SPECIMEN,15871.0
476823395,Fujian,Miniopterus fuliginosus,Miniopterus,Vespertilionidae,,,stateProvince,PRESERVED_SPECIMEN,15871.0
476823136,Fujian,Myotis laniger,Myotis,Vespertilionidae,,,stateProvince,PRESERVED_SPECIMEN,347867.0
476823135,Fujian,Myotis laniger,Myotis,Vespertilionidae,,,stateProvince,PRESERVED_SPECIMEN,15871.0
476823043,Fujian,Pipistrellus abramus,Pipistrellus,Vespertilionidae,,,stateProvince,PRESERVED_SPECIMEN,12000.0
476822806,Sichuan,Nyctalus plancyi,Nyctalus,Vespertilionidae,,,stateProvince,PRESERVED_SPECIMEN,3036.0
476822805,Hubei,Nyctalus plancyi,Nyctalus,Vespertilionidae,,,stateProvince,PRESERVED_SPECIMEN,10150.0
476822404,Fujian,Myotis frater,Myotis,Vespertilionidae,,,stateProvince,PRESERVED_SPECIMEN,15871.0
476822297,Fujian,Hipposideros armiger,Hipposideros,Hipposideridae,,,stateProvince,PRESERVED_SPECIMEN,
476822274,Zhejiang,Hipposideros armiger,Hipposideros,Hipposideridae,,,stateProvince,PRESERVED_SPECIMEN,3036.0
476822273,Zhejiang,Hipposideros armiger,Hipposideros,Hipposideridae,,,stateProvince,PRESERVED_SPECIMEN,3036.0
476822272,Zhejiang,Hipposideros armiger,Hipposideros,Hipposideridae,,,stateProvince,PRESERVED_SPECIMEN,3036.0
476822271,Fujian,Hipposideros armiger,Hipposideros,Hipposideridae,,,stateProvince,PRESERVED_SPECIMEN,22440.0
476822270,Fujian,Hipposideros armiger,Hipposideros,Hipposideridae,,,stateProvince,PRESERVED_SPECIMEN,22440.0
476822269,Fujian,Hipposideros armiger,Hipposideros,Hipposideridae,,,stateProvince,PRESERVED_SPECIMEN,71196.0
476822268,Fujian,Hipposideros armiger,Hipposideros,Hipposideridae,,,stateProvince,PRESERVED_SPECIMEN,71196.0
476821841,Zhejiang,Myotis chinensis,Myotis,Vespertilionidae,,,stateProvince,PRESERVED_SPECIMEN,33908.0
476817477,Sichuan,Rhinolophus pusillus,Rhinolophus,Rhinolophidae,,,stateProvince,PRESERVED_SPECIMEN,4172.0
476817456,Sichuan,Rhinolophus pusillus,Rhinolophus,Rhinolophidae,,,stateProvince,PRESERVED_SPECIMEN,4172.0
476817455,Yunnan,Rhinolophus pusillus,Rhinolophus,Rhinolophidae,,,stateProvince,PRESERVED_SPECIMEN,122204.0
476817452,Sichuan,Rhinolophus pusillus,Rhinolophus,Rhinolophidae,,,stateProvince,PRESERVED_SPECIMEN,301.0
476817451,Sichuan,Rhinolophus pusillus,Rhinolophus,Rhinolophidae,,,stateProvince,PRESERVED_SPECIMEN,301.0
476817450,Sichuan,Rhinolophus pusillus,Rhinolophus,Rhinolophidae,,,stateProvince,PRESERVED_SPECIMEN,301.0
476817427,Fujian,Rhinolophus pusillus,Rhinolophus,Rhinolophidae,,,stateProvince,PRESERVED_SPECIMEN,71196.0
476817426,Fujian,Rhinolophus pusillus,Rhinolophus,Rhinolophidae,,,stateProvince,PRESERVED_SPECIMEN,71196.0
476815249,Fujian,Rhinolophus pearsonii,Rhinolophus,Rhinolophidae,,,stateProvince,PRESERVED_SPECIMEN,14191.0
476812630,Guangdong,Hipposideros armiger,Hipposideros,Hipposideridae,,,stateProvince,PRESERVED_SPECIMEN,3036.0
476812514,Zhejiang,Hipposideros pratti,Hipposideros,Hipposideridae,,,stateProvince,PRESERVED_SPECIMEN,3036.0
476812189,Fujian,Hipposideros gentilis,Hipposideros,Hipposideridae,,,stateProvince,PRESERVED_SPECIMEN,22440.0
476811951,Fujian,Rhinolophus perniger,Rhinolophus,Rhinolophidae,,,stateProvince,PRESERVED_SPECIMEN,37138.0
476809776,Zhejiang,Rhinolophus affinis,Rhinolophus,Rhinolophidae,120.79,28.36,coordinate_spatial_join_from_blank_stateProvince,PRESERVED_SPECIMEN,148823.0
476809213,Fujian,Rhinolophus sinicus,Rhinolophus,Rhinolophidae,,,stateProvince,PRESERVED_SPECIMEN,19401.0
476807997,Yunnan,Rhinolophus malayanus,Rhinolophus,Rhinolophidae,,,stateProvince,PRESERVED_SPECIMEN,
476807786,Fujian,Hipposideros gentilis,Hipposideros,Hipposideridae,,,stateProvince,PRESERVED_SPECIMEN,3036.0
476807762,Yunnan,Hipposideros gentilis,Hipposideros,Hipposideridae,,,stateProvince,PRESERVED_SPECIMEN,3036.0
476807608,Sichuan,Pipistrellus abramus,Pipistrellus,Vespertilionidae,,,stateProvince,PRESERVED_SPECIMEN,3036.0
476807485,Fujian,Nyctalus plancyi,Nyctalus,Vespertilionidae,,,stateProvince,PRESERVED_SPECIMEN,12000.0
476807482,Hubei,Pipistrellus abramus,Pipistrellus,Vespertilionidae,,,stateProvince,PRESERVED_SPECIMEN,10150.0
476806826,Zhejiang,Nyctalus plancyi,Nyctalus,Vespertilionidae,,,stateProvince,PRESERVED_SPECIMEN,33908.0
476806822,Hubei,Pipistrellus abramus,Pipistrellus,Vespertilionidae,,,stateProvince,PRESERVED_SPECIMEN,10150.0
476806480,Guangdong,Vespertilio murinus,Vespertilio,Vespertilionidae,,,stateProvince,PRESERVED_SPECIMEN,35892.0
476806441,Guangdong,Hipposideros armiger,Hipposideros,Hipposideridae,,,stateProvince,PRESERVED_SPECIMEN,6017.0
476806362,Fujian,Pipistrellus abramus,Pipistrellus,Vespertilionidae,,,stateProvince,PRESERVED_SPECIMEN,15871.0
476806270,Sichuan,Rhinolophus affinis,Rhinolophus,Rhinolophidae,,,stateProvince,PRESERVED_SPECIMEN,301.0
476806243,Zhejiang,Hipposideros armiger,Hipposideros,Hipposideridae,,,stateProvince,PRESERVED_SPECIMEN,3036.0
476806177,Fujian,Myotis fimbriatus,Myotis,Vespertilionidae,,,stateProvince,PRESERVED_SPECIMEN,8125.0
476805370,Fujian,Rhinolophus pusillus,Rhinolophus,Rhinolophidae,,,stateProvince,PRESERVED_SPECIMEN,71196.0
4606868764,Guangdong,Cynopterus sphinx,Cynopterus,Pteropodidae,,,stateProvince,HUMAN_OBSERVATION,
4606672720,Guangdong,Cynopterus sphinx,Cynopterus,Pteropodidae,,,stateProvince,HUMAN_OBSERVATION,15.0
4598916305,Yunnan,Harpiola isodon,Harpiola,Vespertilionidae,,,stateProvince,OCCURRENCE,
4598916304,Yunnan,Harpiola isodon,Harpiola,Vespertilionidae,,,stateProvince,OCCURRENCE,
4598916303,Yunnan,Harpiola isodon,Harpiola,Vespertilionidae,,,stateProvince,OCCURRENCE,
4598916302,Yunnan,Harpiola isodon,Harpiola,Vespertilionidae,,,stateProvince,OCCURRENCE,
4598916301,Yunnan,Harpiola isodon,Harpiola,Vespertilionidae,,,stateProvince,OCCURRENCE,
4536029305,Guangdong,Pipistrellus abramus,Pipistrellus,Vespertilionidae,,,stateProvince,HUMAN_OBSERVATION,65.0
4528270243,Yunnan,Hipposideros armiger,Hipposideros,Hipposideridae,,,stateProvince,HUMAN_OBSERVATION,2000.0
4522709610,Guangxi,Rhinolophus perniger,Rhinolophus,Rhinolophidae,,,stateProvince,HUMAN_OBSERVATION,2024.0
4522689538,Guangxi,Rhinolophus pearsonii,Rhinolophus,Rhinolophidae,,,stateProvince,HUMAN_OBSERVATION,2839.0
4522567785,Guizhou,Rhinolophus perniger,Rhinolophus,Rhinolophidae,,,stateProvince,HUMAN_OBSERVATION,
4519254079,Guangdong,Cynopterus sphinx,Cynopterus,Pteropodidae,,,stateProvince,HUMAN_OBSERVATION,14.0
4516788348,Zhejiang,Pipistrellus abramus,Pipistrellus,Vespertilionidae,,,stateProvince,HUMAN_OBSERVATION,
4516613119,Guangdong,Cynopterus sphinx,Cynopterus,Pteropodidae,,,stateProvince,HUMAN_OBSERVATION,19.0
4512201991,Hubei,Hipposideros armiger,Hipposideros,Hipposideridae,,,stateProvince,HUMAN_OBSERVATION,244.0
4512180791,Yunnan,Cynopterus sphinx,Cynopterus,Pteropodidae,,,stateProvince,HUMAN_OBSERVATION,
4500589588,Guangdong,Cynopterus sphinx,Cynopterus,Pteropodidae,,,stateProvince,HUMAN_OBSERVATION,122.0
4442531188,Fujian,Rhinolophus sinicus,Rhinolophus,Rhinolophidae,,,stateProvince,HUMAN_OBSERVATION,4.0
4441005165,Sichuan,Rhinolophus nippon,Rhinolophus,Rhinolophidae,,,stateProvince,HUMAN_OBSERVATION,198.0
4436458476,Guangdong,Cynopterus sphinx,Cynopterus,Pteropodidae,,,stateProvince,HUMAN_OBSERVATION,770.0
4436163452,Guangdong,Cynopterus sphinx,Cynopterus,Pteropodidae,,,stateProvince,HUMAN_OBSERVATION,231.0
4430838504,Guangdong,Rhinolophus sinicus,Rhinolophus,Rhinolophidae,,,stateProvince,HUMAN_OBSERVATION,1309.0
4424134969,Guangdong,Rhinolophus sinicus,Rhinolophus,Rhinolophidae,,,stateProvince,HUMAN_OBSERVATION,11576.0
4416908769,Yunnan,Scotomanes ornatus,Scotomanes,Vespertilionidae,,,stateProvince,HUMAN_OBSERVATION,1974.0
4416704195,Guangdong,Cynopterus sphinx,Cynopterus,Pteropodidae,,,stateProvince,HUMAN_OBSERVATION,837.0
4165606759,Guangdong,Cynopterus sphinx,Cynopterus,Pteropodidae,,,stateProvince,HUMAN_OBSERVATION,100.0
4137808611,Zhejiang,Rhinolophus nippon,Rhinolophus,Rhinolophidae,,,stateProvince,HUMAN_OBSERVATION,1917.0
4055034823,Hubei,Myotis rufoniger,Myotis,Vespertilionidae,,,stateProvince,HUMAN_OBSERVATION,28.0
4039070444,Yunnan,Rhinolophus affinis,Rhinolophus,Rhinolophidae,101.27,21.92,coordinate_spatial_join_from_blank_stateProvince,MATERIAL_SAMPLE,
4039067448,Yunnan,Rhinolophus affinis,Rhinolophus,Rhinolophidae,102.16,24.62,coordinate_spatial_join_from_blank_stateProvince,MATERIAL_SAMPLE,
4039066406,Yunnan,Rhinolophus affinis,Rhinolophus,Rhinolophidae,102.16,24.62,coordinate_spatial_join_from_blank_stateProvince,MATERIAL_SAMPLE,
4039064474,Yunnan,Rhinolophus affinis,Rhinolophus,Rhinolophidae,102.16,24.62,coordinate_spatial_join_from_blank_stateProvince,MATERIAL_SAMPLE,
4039063455,Yunnan,Rhinolophus affinis,Rhinolophus,Rhinolophidae,102.16,24.62,coordinate_spatial_join_from_blank_stateProvince,MATERIAL_SAMPLE,
4039061498,Yunnan,Rhinolophus affinis,Rhinolophus,Rhinolophidae,102.16,24.62,coordinate_spatial_join_from_blank_stateProvince,MATERIAL_SAMPLE,
4038871460,Yunnan,Rhinolophus affinis,Rhinolophus,Rhinolophidae,102.16,24.62,coordinate_spatial_join_from_blank_stateProvince,MATERIAL_SAMPLE,
4038869458,Yunnan,Rhinolophus affinis,Rhinolophus,Rhinolophidae,101.28,21.91,coordinate_spatial_join_from_blank_stateProvince,MATERIAL_SAMPLE,
4038869457,Yunnan,Rhinolophus affinis,Rhinolophus,Rhinolophidae,101.28,21.91,coordinate_spatial_join_from_blank_stateProvince,MATERIAL_SAMPLE,
4038863505,Yunnan,Rhinolophus affinis,Rhinolophus,Rhinolophidae,102.16,24.62,coordinate_spatial_join_from_blank_stateProvince,MATERIAL_SAMPLE,
4038852465,Yunnan,Rhinolophus affinis,Rhinolophus,Rhinolophidae,102.16,24.62,coordinate_spatial_join_from_blank_stateProvince,MATERIAL_SAMPLE,
4038846425,Yunnan,Rhinolophus affinis,Rhinolophus,Rhinolophidae,103.99,24.88,coordinate_spatial_join_from_blank_stateProvince,MATERIAL_SAMPLE,
4038842466,Yunnan,Rhinolophus affinis,Rhinolophus,Rhinolophidae,102.16,24.62,coordinate_spatial_join_from_blank_stateProvince,MATERIAL_SAMPLE,
4038841445,Yunnan,Rhinolophus affinis,Rhinolophus,Rhinolophidae,103.99,24.88,coordinate_spatial_join_from_blank_stateProvince,MATERIAL_SAMPLE,
4038839442,Yunnan,Rhinolophus affinis,Rhinolophus,Rhinolophidae,102.16,24.62,coordinate_spatial_join_from_blank_stateProvince,MATERIAL_SAMPLE,
4038835455,Yunnan,Rhinolophus affinis,Rhinolophus,Rhinolophidae,102.16,24.62,coordinate_spatial_join_from_blank_stateProvince,MATERIAL_SAMPLE,
4022093629,Guangdong,Pipistrellus abramus,Pipistrellus,Vespertilionidae,,,stateProvince,HUMAN_OBSERVATION,
4011510851,Zhejiang,Nyctalus plancyi,Nyctalus,Vespertilionidae,,,stateProvince,HUMAN_OBSERVATION,15.0
4005886813,Yunnan,Kerivoula titania,Kerivoula,Vespertilionidae,101.3,21.3,coordinate_spatial_join_from_blank_stateProvince,PRESERVED_SPECIMEN,
4005824000,Yunnan,Kerivoula titania,Kerivoula,Vespertilionidae,101.29,21.32,coordinate_spatial_join_from_blank_stateProvince,PRESERVED_SPECIMEN,
3992852436,Yunnan,Kerivoula titania,Kerivoula,Vespertilionidae,101.3,21.3,coordinate_spatial_join_from_blank_stateProvince,PRESERVED_SPECIMEN,
3992830526,Yunnan,Kerivoula titania,Kerivoula,Vespertilionidae,101.3,21.3,coordinate_spatial_join_from_blank_stateProvince,PRESERVED_SPECIMEN,
3990316353,Yunnan,Kerivoula titania,Kerivoula,Vespertilionidae,101.3,21.3,coordinate_spatial_join_from_blank_stateProvince,PRESERVED_SPECIMEN,
3988664713,Guangdong,Cynopterus sphinx,Cynopterus,Pteropodidae,,,stateProvince,HUMAN_OBSERVATION,55.0
3987304821,Yunnan,Kerivoula titania,Kerivoula,Vespertilionidae,101.29,21.32,coordinate_spatial_join_from_blank_stateProvince,PRESERVED_SPECIMEN,
3986303461,Guangdong,Cynopterus sphinx,Cynopterus,Pteropodidae,,,stateProvince,HUMAN_OBSERVATION,12.0
3986256463,Guangdong,Cynopterus sphinx,Cynopterus,Pteropodidae,,,stateProvince,HUMAN_OBSERVATION,22.0
3985919518,Guangdong,Cynopterus sphinx,Cynopterus,Pteropodidae,,,stateProvince,HUMAN_OBSERVATION,22.0
3985807536,Guangdong,Cynopterus sphinx,Cynopterus,Pteropodidae,,,stateProvince,HUMAN_OBSERVATION,22.0
3961128909,Guizhou,Rhinolophus luctus,Rhinolophus,Rhinolophidae,,,stateProvince,HUMAN_OBSERVATION,10.0
3947536125,Guangdong,Cynopterus sphinx,Cynopterus,Pteropodidae,,,stateProvince,HUMAN_OBSERVATION,867.0
3947515126,Guangdong,Cynopterus sphinx,Cynopterus,Pteropodidae,,,stateProvince,HUMAN_OBSERVATION,867.0
3915604615,Zhejiang,Hipposideros armiger,Hipposideros,Hipposideridae,,,stateProvince,HUMAN_OBSERVATION,40.0
3912073852,Guangdong,Cynopterus sphinx,Cynopterus,Pteropodidae,,,stateProvince,HUMAN_OBSERVATION,30278.0
3859306322,Guangdong,Cynopterus sphinx,Cynopterus,Pteropodidae,,,stateProvince,HUMAN_OBSERVATION,28.0
3802641549,Guangdong,Cynopterus sphinx,Cynopterus,Pteropodidae,,,stateProvince,HUMAN_OBSERVATION,50.0
3802638053,Guangdong,Cynopterus sphinx,Cynopterus,Pteropodidae,,,stateProvince,HUMAN_OBSERVATION,67.0
3783319767,Hubei,Barbastella beijingensis,Barbastella,Vespertilionidae,115.75,30.72,coordinate_spatial_join_from_blank_stateProvince,MATERIAL_CITATION,
3783319719,Guizhou,Murina liboensis,Murina,Vespertilionidae,108.03,25.22,coordinate_spatial_join_from_blank_stateProvince,MATERIAL_CITATION,
3783319694,Guizhou,Murina shuipuensis,Murina,Vespertilionidae,107.88,25.48,coordinate_spatial_join_from_blank_stateProvince,MATERIAL_CITATION,
3783319657,Sichuan,Murina harrisoni,Murina,Vespertilionidae,104.21,29.61,coordinate_spatial_join_from_blank_stateProvince,MATERIAL_CITATION,
3783319592,Yunnan,Murina annamitica,Murina,Vespertilionidae,105.08,28.0,coordinate_spatial_join_from_blank_stateProvince,MATERIAL_CITATION,
3783319579,Guizhou,Murina fanjingshanensis,Murina,Vespertilionidae,108.76,28.02,coordinate_spatial_join_from_blank_stateProvince,MATERIAL_CITATION,
3783319548,Anhui,Myotis gomantongensis,Myotis,Vespertilionidae,118.07,31.0,coordinate_spatial_join_from_blank_stateProvince,MATERIAL_CITATION,
3783319509,Yunnan,Tylonycteris pygmaea,Tylonycteris,Vespertilionidae,,,stateProvince,MATERIAL_CITATION,
3774760564,Fujian,Tadarida insignis,Tadarida,Molossidae,117.54,26.89,coordinate_spatial_join_from_blank_stateProvince,PRESERVED_SPECIMEN,
3774760561,Fujian,Tadarida insignis,Tadarida,Molossidae,117.54,26.89,coordinate_spatial_join_from_blank_stateProvince,PRESERVED_SPECIMEN,
3774750053,Fujian,Rhinolophus affinis,Rhinolophus,Rhinolophidae,117.67,27.67,coordinate_spatial_join_from_blank_stateProvince,PRESERVED_SPECIMEN,
3774750051,Fujian,Rhinolophus affinis,Rhinolophus,Rhinolophidae,117.67,27.67,coordinate_spatial_join_from_blank_stateProvince,PRESERVED_SPECIMEN,
3774741838,Fujian,Tadarida insignis,Tadarida,Molossidae,117.54,26.89,coordinate_spatial_join_from_blank_stateProvince,PRESERVED_SPECIMEN,
3773574257,Guangdong,Cynopterus sphinx,Cynopterus,Pteropodidae,,,stateProvince,HUMAN_OBSERVATION,1446.0
3772596433,Guangdong,Cynopterus sphinx,Cynopterus,Pteropodidae,,,stateProvince,HUMAN_OBSERVATION,28.0
3772437278,Guangdong,Cynopterus sphinx,Cynopterus,Pteropodidae,,,stateProvince,HUMAN_OBSERVATION,2.0
3760262811,Guangxi,Hipposideros gentilis,Hipposideros,Hipposideridae,,,stateProvince,HUMAN_OBSERVATION,493.0
3759791331,Guangdong,Hypsugo pulveratus,Hypsugo,Vespertilionidae,,,stateProvince,HUMAN_OBSERVATION,31.0
3759431617,Yunnan,Aselliscus stoliczkanus,Aselliscus,Hipposideridae,,,stateProvince,HUMAN_OBSERVATION,488.0
3759178349,Yunnan,Cynopterus sphinx,Cynopterus,Pteropodidae,,,stateProvince,HUMAN_OBSERVATION,31.0
3747154030,Hubei,Hipposideros armiger,Hipposideros,Hipposideridae,,,stateProvince,HUMAN_OBSERVATION,122.0
3468717223,Guangdong,Cynopterus sphinx,Cynopterus,Pteropodidae,,,stateProvince,HUMAN_OBSERVATION,40271.0
3466223336,Guangdong,Cynopterus sphinx,Cynopterus,Pteropodidae,,,stateProvince,HUMAN_OBSERVATION,
3456859371,Guangdong,Cynopterus sphinx,Cynopterus,Pteropodidae,,,stateProvince,HUMAN_OBSERVATION,500.0
3443556322,Yunnan,Eudiscopus denticulus,Eudiscopus,Vespertilionidae,101.51,21.51,coordinate_spatial_join_from_blank_stateProvince,MATERIAL_SAMPLE,
3443406295,Yunnan,Eudiscopus denticulus,Eudiscopus,Vespertilionidae,101.66,21.49,coordinate_spatial_join_from_blank_stateProvince,MATERIAL_SAMPLE,
3407913191,Guangdong,Cynopterus sphinx,Cynopterus,Pteropodidae,,,stateProvince,HUMAN_OBSERVATION,2.0
3399149151,Guangdong,Cynopterus sphinx,Cynopterus,Pteropodidae,,,stateProvince,HUMAN_OBSERVATION,
3350987081,Guizhou,Thainycteris aureocollaris,Thainycteris,Vespertilionidae,107.88,25.48,coordinate_spatial_join_from_blank_stateProvince,PRESERVED_SPECIMEN,
3350641428,Fujian,Miniopterus fuliginosus,Miniopterus,Vespertilionidae,119.73,25.43,coordinate_spatial_join_from_blank_stateProvince,MATERIAL_SAMPLE,
3350640539,Yunnan,Miniopterus fuliginosus,Miniopterus,Vespertilionidae,102.43,24.56,coordinate_spatial_join_from_blank_stateProvince,MATERIAL_SAMPLE,
3350629549,Yunnan,Miniopterus fuliginosus,Miniopterus,Vespertilionidae,98.49,25.02,coordinate_spatial_join_from_blank_stateProvince,MATERIAL_SAMPLE,
3350562599,Yunnan,Miniopterus fuliginosus,Miniopterus,Vespertilionidae,102.28,23.54,coordinate_spatial_join_from_blank_stateProvince,MATERIAL_SAMPLE,
3350562598,Fujian,Miniopterus fuliginosus,Miniopterus,Vespertilionidae,119.73,25.43,coordinate_spatial_join_from_blank_stateProvince,MATERIAL_SAMPLE,
3350543453,Yunnan,Miniopterus fuliginosus,Miniopterus,Vespertilionidae,104.09,26.04,coordinate_spatial_join_from_blank_stateProvince,MATERIAL_SAMPLE,
3350540630,Zhejiang,Miniopterus fuliginosus,Miniopterus,Vespertilionidae,120.01,30.1,coordinate_spatial_join_from_blank_stateProvince,MATERIAL_SAMPLE,
3350517681,Zhejiang,Miniopterus fuliginosus,Miniopterus,Vespertilionidae,120.01,30.1,coordinate_spatial_join_from_blank_stateProvince,MATERIAL_SAMPLE,
3350515454,Yunnan,Miniopterus fuliginosus,Miniopterus,Vespertilionidae,102.28,23.54,coordinate_spatial_join_from_blank_stateProvince,MATERIAL_SAMPLE,
3350502472,Sichuan,Miniopterus fuliginosus,Miniopterus,Vespertilionidae,107.75,31.19,coordinate_spatial_join_from_blank_stateProvince,MATERIAL_SAMPLE,
3350500674,Zhejiang,Miniopterus fuliginosus,Miniopterus,Vespertilionidae,120.01,30.1,coordinate_spatial_join_from_blank_stateProvince,MATERIAL_SAMPLE,
3350488729,Sichuan,Miniopterus fuliginosus,Miniopterus,Vespertilionidae,107.75,31.19,coordinate_spatial_join_from_blank_stateProvince,MATERIAL_SAMPLE,
3350488728,Zhejiang,Miniopterus fuliginosus,Miniopterus,Vespertilionidae,120.01,30.1,coordinate_spatial_join_from_blank_stateProvince,MATERIAL_SAMPLE,
3350487727,Sichuan,Miniopterus fuliginosus,Miniopterus,Vespertilionidae,107.75,31.19,coordinate_spatial_join_from_blank_stateProvince,MATERIAL_SAMPLE,
3350484690,Yunnan,Miniopterus fuliginosus,Miniopterus,Vespertilionidae,102.28,23.54,coordinate_spatial_join_from_blank_stateProvince,MATERIAL_SAMPLE,
3350477913,Guangdong,Miniopterus magnater,Miniopterus,Vespertilionidae,111.94,22.44,coordinate_spatial_join_from_blank_stateProvince,MATERIAL_SAMPLE,
3350474498,Zhejiang,Miniopterus fuliginosus,Miniopterus,Vespertilionidae,120.01,30.1,coordinate_spatial_join_from_blank_stateProvince,MATERIAL_SAMPLE,
3350474497,Zhejiang,Miniopterus fuliginosus,Miniopterus,Vespertilionidae,120.01,30.1,coordinate_spatial_join_from_blank_stateProvince,MATERIAL_SAMPLE,
3350456634,Yunnan,Miniopterus fuliginosus,Miniopterus,Vespertilionidae,102.43,24.56,coordinate_spatial_join_from_blank_stateProvince,MATERIAL_SAMPLE,
3350436899,Yunnan,Miniopterus fuliginosus,Miniopterus,Vespertilionidae,102.43,24.56,coordinate_spatial_join_from_blank_stateProvince,MATERIAL_SAMPLE,
3350418644,Zhejiang,Miniopterus fuliginosus,Miniopterus,Vespertilionidae,120.01,30.1,coordinate_spatial_join_from_blank_stateProvince,MATERIAL_SAMPLE,
3350402679,Yunnan,Miniopterus fuliginosus,Miniopterus,Vespertilionidae,98.49,25.02,coordinate_spatial_join_from_blank_stateProvince,MATERIAL_SAMPLE,
3350402678,Fujian,Miniopterus fuliginosus,Miniopterus,Vespertilionidae,119.73,25.43,coordinate_spatial_join_from_blank_stateProvince,MATERIAL_SAMPLE,
3350402677,Yunnan,Miniopterus fuliginosus,Miniopterus,Vespertilionidae,104.09,26.04,coordinate_spatial_join_from_blank_stateProvince,MATERIAL_SAMPLE,
3350393635,Zhejiang,Miniopterus fuliginosus,Miniopterus,Vespertilionidae,120.01,30.1,coordinate_spatial_join_from_blank_stateProvince,MATERIAL_SAMPLE,
3350390838,Anhui,Miniopterus fuliginosus,Miniopterus,Vespertilionidae,118.3,31.0,coordinate_spatial_join_from_blank_stateProvince,MATERIAL_SAMPLE,
3350390837,Zhejiang,Miniopterus fuliginosus,Miniopterus,Vespertilionidae,120.01,30.1,coordinate_spatial_join_from_blank_stateProvince,MATERIAL_SAMPLE,
3350378699,Anhui,Miniopterus fuliginosus,Miniopterus,Vespertilionidae,118.3,31.0,coordinate_spatial_join_from_blank_stateProvince,MATERIAL_SAMPLE,
3350378698,Anhui,Miniopterus fuliginosus,Miniopterus,Vespertilionidae,118.3,31.0,coordinate_spatial_join_from_blank_stateProvince,MATERIAL_SAMPLE,
3350373599,Yunnan,Miniopterus fuliginosus,Miniopterus,Vespertilionidae,104.09,26.04,coordinate_spatial_join_from_blank_stateProvince,MATERIAL_SAMPLE,
3350360768,Yunnan,Miniopterus fuliginosus,Miniopterus,Vespertilionidae,98.49,25.02,coordinate_spatial_join_from_blank_stateProvince,MATERIAL_SAMPLE,
3350360767,Yunnan,Miniopterus fuliginosus,Miniopterus,Vespertilionidae,104.09,26.04,coordinate_spatial_join_from_blank_stateProvince,MATERIAL_SAMPLE,
3350348564,Yunnan,Miniopterus fuliginosus,Miniopterus,Vespertilionidae,98.49,25.02,coordinate_spatial_join_from_blank_stateProvince,MATERIAL_SAMPLE,
3350345735,Zhejiang,Miniopterus fuliginosus,Miniopterus,Vespertilionidae,120.01,30.1,coordinate_spatial_join_from_blank_stateProvince,MATERIAL_SAMPLE,
3350290436,Guangxi,Murina cyclotis,Murina,Vespertilionidae,105.97,23.12,coordinate_spatial_join_from_blank_stateProvince,PRESERVED_SPECIMEN,
3350290435,Guizhou,Murina feae,Murina,Vespertilionidae,107.88,25.48,coordinate_spatial_join_from_blank_stateProvince,PRESERVED_SPECIMEN,
3350237498,Guangxi,Murina feae,Murina,Vespertilionidae,105.97,23.12,coordinate_spatial_join_from_blank_stateProvince,PRESERVED_SPECIMEN,
3350230553,Guangxi,Murina cyclotis,Murina,Vespertilionidae,105.97,23.12,coordinate_spatial_join_from_blank_stateProvince,PRESERVED_SPECIMEN,
3350230552,Guangxi,Murina cyclotis,Murina,Vespertilionidae,105.97,23.12,coordinate_spatial_join_from_blank_stateProvince,PRESERVED_SPECIMEN,
3350230513,Guizhou,Rhinolophus rouxii,Rhinolophus,Rhinolophidae,107.88,25.48,coordinate_spatial_join_from_blank_stateProvince,PRESERVED_SPECIMEN,
3350229465,Guangxi,Murina cyclotis,Murina,Vespertilionidae,105.97,23.12,coordinate_spatial_join_from_blank_stateProvince,PRESERVED_SPECIMEN,
3350229464,Guangxi,Murina leucogaster,Murina,Vespertilionidae,105.97,23.12,coordinate_spatial_join_from_blank_stateProvince,PRESERVED_SPECIMEN,
3350229463,Guangxi,Murina cyclotis,Murina,Vespertilionidae,105.97,23.12,coordinate_spatial_join_from_blank_stateProvince,PRESERVED_SPECIMEN,
3350229422,Guangxi,Cynopterus sphinx,Cynopterus,Pteropodidae,107.89,21.85,coordinate_spatial_join_from_blank_stateProvince,PRESERVED_SPECIMEN,
3350219545,Guangxi,Murina cyclotis,Murina,Vespertilionidae,105.97,23.12,coordinate_spatial_join_from_blank_stateProvince,PRESERVED_SPECIMEN,
3350219544,Guangxi,Murina cyclotis,Murina,Vespertilionidae,105.97,23.12,coordinate_spatial_join_from_blank_stateProvince,PRESERVED_SPECIMEN,
3350219501,Guangxi,Cynopterus sphinx,Cynopterus,Pteropodidae,107.89,21.85,coordinate_spatial_join_from_blank_stateProvince,PRESERVED_SPECIMEN,
3350218664,Guangxi,Murina cyclotis,Murina,Vespertilionidae,105.97,23.12,coordinate_spatial_join_from_blank_stateProvince,PRESERVED_SPECIMEN,
3350218663,Guangxi,Murina cyclotis,Murina,Vespertilionidae,105.97,23.12,coordinate_spatial_join_from_blank_stateProvince,PRESERVED_SPECIMEN,
3350207513,Guangxi,Murina tubinaris,Murina,Vespertilionidae,105.97,23.12,coordinate_spatial_join_from_blank_stateProvince,PRESERVED_SPECIMEN,
3350207512,Guangxi,Murina cyclotis,Murina,Vespertilionidae,105.97,23.12,coordinate_spatial_join_from_blank_stateProvince,PRESERVED_SPECIMEN,
3350207511,Guangxi,Murina cyclotis,Murina,Vespertilionidae,105.97,23.12,coordinate_spatial_join_from_blank_stateProvince,PRESERVED_SPECIMEN,
3350207475,Guizhou,Rhinolophus rouxii,Rhinolophus,Rhinolophidae,107.88,25.48,coordinate_spatial_join_from_blank_stateProvince,PRESERVED_SPECIMEN,
3350205647,Guangxi,Murina feae,Murina,Vespertilionidae,105.97,23.12,coordinate_spatial_join_from_blank_stateProvince,PRESERVED_SPECIMEN,
3350205646,Guangxi,Murina cyclotis,Murina,Vespertilionidae,105.97,23.12,coordinate_spatial_join_from_blank_stateProvince,PRESERVED_SPECIMEN,
3350205645,Guangxi,Harpiocephalus harpia,Harpiocephalus,Vespertilionidae,105.97,23.12,coordinate_spatial_join_from_blank_stateProvince,PRESERVED_SPECIMEN,
3350205607,Guizhou,Rhinolophus pearsonii,Rhinolophus,Rhinolophidae,107.88,25.48,coordinate_spatial_join_from_blank_stateProvince,PRESERVED_SPECIMEN,
3350201445,Guangxi,Murina tubinaris,Murina,Vespertilionidae,105.97,23.12,coordinate_spatial_join_from_blank_stateProvince,PRESERVED_SPECIMEN,
3350201444,Guangxi,Murina tubinaris,Murina,Vespertilionidae,105.97,23.12,coordinate_spatial_join_from_blank_stateProvince,PRESERVED_SPECIMEN,
3350179685,Guangxi,Murina tubinaris,Murina,Vespertilionidae,105.97,23.12,coordinate_spatial_join_from_blank_stateProvince,PRESERVED_SPECIMEN,
3350179684,Guangxi,Murina cyclotis,Murina,Vespertilionidae,105.97,23.12,coordinate_spatial_join_from_blank_stateProvince,PRESERVED_SPECIMEN,
3350179642,Guangxi,Cynopterus sphinx,Cynopterus,Pteropodidae,107.89,21.85,coordinate_spatial_join_from_blank_stateProvince,PRESERVED_SPECIMEN,
3350146549,Guangxi,Murina cyclotis,Murina,Vespertilionidae,107.89,21.85,coordinate_spatial_join_from_blank_stateProvince,PRESERVED_SPECIMEN,
3350146548,Guangxi,Murina cyclotis,Murina,Vespertilionidae,105.97,23.12,coordinate_spatial_join_from_blank_stateProvince,PRESERVED_SPECIMEN,
3350146509,Guizhou,Rhinolophus rex,Rhinolophus,Rhinolophidae,107.88,25.48,coordinate_spatial_join_from_blank_stateProvince,PRESERVED_SPECIMEN,
3350143517,Guangxi,Murina cyclotis,Murina,Vespertilionidae,107.89,21.85,coordinate_spatial_join_from_blank_stateProvince,PRESERVED_SPECIMEN,
3350143516,Guangxi,Murina tubinaris,Murina,Vespertilionidae,105.97,23.12,coordinate_spatial_join_from_blank_stateProvince,PRESERVED_SPECIMEN,
3350143479,Guizhou,Aselliscus stoliczkanus,Aselliscus,Hipposideridae,107.88,25.48,coordinate_spatial_join_from_blank_stateProvince,PRESERVED_SPECIMEN,
3350141567,Guangxi,Murina cyclotis,Murina,Vespertilionidae,105.97,23.12,coordinate_spatial_join_from_blank_stateProvince,PRESERVED_SPECIMEN,
3350141530,Guizhou,Rhinolophus macrotis,Rhinolophus,Rhinolophidae,107.88,25.48,coordinate_spatial_join_from_blank_stateProvince,PRESERVED_SPECIMEN,
3350140399,Guizhou,Rhinolophus pusillus,Rhinolophus,Rhinolophidae,107.88,25.48,coordinate_spatial_join_from_blank_stateProvince,PRESERVED_SPECIMEN,
3350140397,Guizhou,Myotis mystacinus,Myotis,Vespertilionidae,107.88,25.48,coordinate_spatial_join_from_blank_stateProvince,PRESERVED_SPECIMEN,
3350140395,Guizhou,Hipposideros larvatus,Hipposideros,Hipposideridae,107.88,25.48,coordinate_spatial_join_from_blank_stateProvince,PRESERVED_SPECIMEN,
3350140394,Guizhou,Hipposideros larvatus,Hipposideros,Hipposideridae,107.88,25.48,coordinate_spatial_join_from_blank_stateProvince,PRESERVED_SPECIMEN,
3350136432,Guangxi,Murina tubinaris,Murina,Vespertilionidae,105.97,23.12,coordinate_spatial_join_from_blank_stateProvince,PRESERVED_SPECIMEN,
3350136431,Guangxi,Murina cyclotis,Murina,Vespertilionidae,105.97,23.12,coordinate_spatial_join_from_blank_stateProvince,PRESERVED_SPECIMEN,
3350136430,Guangxi,Murina leucogaster,Murina,Vespertilionidae,105.97,23.12,coordinate_spatial_join_from_blank_stateProvince,PRESERVED_SPECIMEN,
3350136394,Guizhou,Rhinolophus rex,Rhinolophus,Rhinolophidae,107.88,25.48,coordinate_spatial_join_from_blank_stateProvince,PRESERVED_SPECIMEN,
3350134690,Guangxi,Murina cyclotis,Murina,Vespertilionidae,105.97,23.12,coordinate_spatial_join_from_blank_stateProvince,PRESERVED_SPECIMEN,
3350127551,Guangxi,Murina tubinaris,Murina,Vespertilionidae,107.89,21.85,coordinate_spatial_join_from_blank_stateProvince,PRESERVED_SPECIMEN,
3350127550,Guangxi,Murina leucogaster,Murina,Vespertilionidae,105.97,23.12,coordinate_spatial_join_from_blank_stateProvince,PRESERVED_SPECIMEN,
3350127549,Guangxi,Murina cyclotis,Murina,Vespertilionidae,105.97,23.12,coordinate_spatial_join_from_blank_stateProvince,PRESERVED_SPECIMEN,
3350127512,Guizhou,Rhinolophus rex,Rhinolophus,Rhinolophidae,107.88,25.48,coordinate_spatial_join_from_blank_stateProvince,PRESERVED_SPECIMEN,
3350111457,Guangxi,Murina leucogaster,Murina,Vespertilionidae,105.97,23.12,coordinate_spatial_join_from_blank_stateProvince,PRESERVED_SPECIMEN,
3350111456,Guangxi,Murina cyclotis,Murina,Vespertilionidae,105.97,23.12,coordinate_spatial_join_from_blank_stateProvince,PRESERVED_SPECIMEN,
3350111455,Guizhou,Murina feae,Murina,Vespertilionidae,107.88,25.48,coordinate_spatial_join_from_blank_stateProvince,PRESERVED_SPECIMEN,
3350110610,Guangxi,Murina leucogaster,Murina,Vespertilionidae,105.97,23.12,coordinate_spatial_join_from_blank_stateProvince,PRESERVED_SPECIMEN,
3350100511,Guizhou,Rhinolophus pusillus,Rhinolophus,Rhinolophidae,107.88,25.48,coordinate_spatial_join_from_blank_stateProvince,PRESERVED_SPECIMEN,
3350100509,Guizhou,Myotis mystacinus,Myotis,Vespertilionidae,107.88,25.48,coordinate_spatial_join_from_blank_stateProvince,PRESERVED_SPECIMEN,
3350100507,Guizhou,Hipposideros larvatus,Hipposideros,Hipposideridae,107.88,25.48,coordinate_spatial_join_from_blank_stateProvince,PRESERVED_SPECIMEN,
3350100506,Guizhou,Hipposideros larvatus,Hipposideros,Hipposideridae,107.88,25.48,coordinate_spatial_join_from_blank_stateProvince,PRESERVED_SPECIMEN,
3350093584,Guangxi,Murina tubinaris,Murina,Vespertilionidae,105.97,23.12,coordinate_spatial_join_from_blank_stateProvince,PRESERVED_SPECIMEN,
3350093583,Guangxi,Murina cyclotis,Murina,Vespertilionidae,105.97,23.12,coordinate_spatial_join_from_blank_stateProvince,PRESERVED_SPECIMEN,
3350092408,Guangxi,Murina tubinaris,Murina,Vespertilionidae,105.97,23.12,coordinate_spatial_join_from_blank_stateProvince,PRESERVED_SPECIMEN,
3350092407,Guangxi,Murina cyclotis,Murina,Vespertilionidae,105.97,23.12,coordinate_spatial_join_from_blank_stateProvince,PRESERVED_SPECIMEN,
3350086371,Guizhou,Rhinolophus pusillus,Rhinolophus,Rhinolophidae,107.88,25.48,coordinate_spatial_join_from_blank_stateProvince,PRESERVED_SPECIMEN,
3350086370,Guangxi,Rhinolophus affinis,Rhinolophus,Rhinolophidae,105.97,23.12,coordinate_spatial_join_from_blank_stateProvince,PRESERVED_SPECIMEN,
3350086369,Guizhou,Myotis mystacinus,Myotis,Vespertilionidae,107.88,25.48,coordinate_spatial_join_from_blank_stateProvince,PRESERVED_SPECIMEN,
3350086367,Guizhou,Hipposideros larvatus,Hipposideros,Hipposideridae,107.88,25.48,coordinate_spatial_join_from_blank_stateProvince,PRESERVED_SPECIMEN,
3350084501,Guizhou,Rhinolophus rouxii,Rhinolophus,Rhinolophidae,107.88,25.48,coordinate_spatial_join_from_blank_stateProvince,PRESERVED_SPECIMEN,
3350084499,Guangxi,Rhinolophus affinis,Rhinolophus,Rhinolophidae,107.83,21.89,coordinate_spatial_join_from_blank_stateProvince,PRESERVED_SPECIMEN,
3350084497,Guizhou,Hipposideros larvatus,Hipposideros,Hipposideridae,107.88,25.48,coordinate_spatial_join_from_blank_stateProvince,PRESERVED_SPECIMEN,
3350077506,Guizhou,Rhinolophus pusillus,Rhinolophus,Rhinolophidae,107.88,25.48,coordinate_spatial_join_from_blank_stateProvince,PRESERVED_SPECIMEN,
3350077505,Guangxi,Rhinolophus affinis,Rhinolophus,Rhinolophidae,105.97,23.12,coordinate_spatial_join_from_blank_stateProvince,PRESERVED_SPECIMEN,
3350077503,Guizhou,Lyroderma lyra,Lyroderma,Megadermatidae,107.88,25.48,coordinate_spatial_join_from_blank_stateProvince,PRESERVED_SPECIMEN,
3350077502,Guizhou,Hipposideros larvatus,Hipposideros,Hipposideridae,107.88,25.48,coordinate_spatial_join_from_blank_stateProvince,PRESERVED_SPECIMEN,
3350076966,Guangxi,Murina lorelieae,Murina,Vespertilionidae,105.97,23.12,coordinate_spatial_join_from_blank_stateProvince,PRESERVED_SPECIMEN,
3350074521,Guizhou,Rhinolophus pusillus,Rhinolophus,Rhinolophidae,107.88,25.48,coordinate_spatial_join_from_blank_stateProvince,PRESERVED_SPECIMEN,
3350074517,Guizhou,Hipposideros larvatus,Hipposideros,Hipposideridae,107.88,25.48,coordinate_spatial_join_from_blank_stateProvince,PRESERVED_SPECIMEN,
3350074516,Guizhou,Hipposideros larvatus,Hipposideros,Hipposideridae,107.88,25.48,coordinate_spatial_join_from_blank_stateProvince,PRESERVED_SPECIMEN,
3350068416,Guizhou,Rhinolophus pusillus,Rhinolophus,Rhinolophidae,107.88,25.48,coordinate_spatial_join_from_blank_stateProvince,PRESERVED_SPECIMEN,
3350068413,Guizhou,Myotis mystacinus,Myotis,Vespertilionidae,107.88,25.48,coordinate_spatial_join_from_blank_stateProvince,PRESERVED_SPECIMEN,
3350068410,Guizhou,Hipposideros larvatus,Hipposideros,Hipposideridae,107.88,25.48,coordinate_spatial_join_from_blank_stateProvince,PRESERVED_SPECIMEN,
3350068409,Guizhou,Hipposideros larvatus,Hipposideros,Hipposideridae,107.88,25.48,coordinate_spatial_join_from_blank_stateProvince,PRESERVED_SPECIMEN,
3350067573,Guizhou,Rhinolophus rouxii,Rhinolophus,Rhinolophidae,107.88,25.48,coordinate_spatial_join_from_blank_stateProvince,PRESERVED_SPECIMEN,
3350067570,Guizhou,Hipposideros larvatus,Hipposideros,Hipposideridae,107.88,25.48,coordinate_spatial_join_from_blank_stateProvince,PRESERVED_SPECIMEN,
3350060441,Guizhou,Rhinolophus rouxii,Rhinolophus,Rhinolophidae,107.88,25.48,coordinate_spatial_join_from_blank_stateProvince,PRESERVED_SPECIMEN,
3350060438,Guizhou,Hipposideros larvatus,Hipposideros,Hipposideridae,107.88,25.48,coordinate_spatial_join_from_blank_stateProvince,PRESERVED_SPECIMEN,
3350044959,Guangxi,Sphaerias blanfordi,Sphaerias,Pteropodidae,105.97,23.12,coordinate_spatial_join_from_blank_stateProvince,PRESERVED_SPECIMEN,
3350044954,Guangxi,Rhinolophus pearsonii,Rhinolophus,Rhinolophidae,105.97,23.12,coordinate_spatial_join_from_blank_stateProvince,PRESERVED_SPECIMEN,
3350044945,Guangxi,Rhinolophus pusillus,Rhinolophus,Rhinolophidae,105.97,23.12,coordinate_spatial_join_from_blank_stateProvince,PRESERVED_SPECIMEN,
3350044943,Guangxi,Rhinolophus affinis,Rhinolophus,Rhinolophidae,105.97,23.12,coordinate_spatial_join_from_blank_stateProvince,PRESERVED_SPECIMEN,
3350044942,Guangxi,Rhinolophus affinis,Rhinolophus,Rhinolophidae,107.83,21.89,coordinate_spatial_join_from_blank_stateProvince,PRESERVED_SPECIMEN,
3350044935,Guizhou,Myotis siligorensis,Myotis,Vespertilionidae,107.58,29.17,coordinate_spatial_join_from_blank_stateProvince,PRESERVED_SPECIMEN,
3350037587,Guizhou,Rhinolophus pusillus,Rhinolophus,Rhinolophidae,107.88,25.48,coordinate_spatial_join_from_blank_stateProvince,PRESERVED_SPECIMEN,
3350037586,Guangxi,Rhinolophus affinis,Rhinolophus,Rhinolophidae,105.97,23.12,coordinate_spatial_join_from_blank_stateProvince,PRESERVED_SPECIMEN,
3350037585,Guizhou,Myotis mystacinus,Myotis,Vespertilionidae,107.88,25.48,coordinate_spatial_join_from_blank_stateProvince,PRESERVED_SPECIMEN,
3350037583,Guizhou,Hipposideros larvatus,Hipposideros,Hipposideridae,107.88,25.48,coordinate_spatial_join_from_blank_stateProvince,PRESERVED_SPECIMEN,
3350007403,Guizhou,Rhinolophus rouxii,Rhinolophus,Rhinolophidae,107.88,25.48,coordinate_spatial_join_from_blank_stateProvince,PRESERVED_SPECIMEN,
3350007402,Guizhou,Rhinolophus luctus,Rhinolophus,Rhinolophidae,107.88,25.48,coordinate_spatial_join_from_blank_stateProvince,PRESERVED_SPECIMEN,
3350007400,Guizhou,Hipposideros larvatus,Hipposideros,Hipposideridae,107.88,25.48,coordinate_spatial_join_from_blank_stateProvince,PRESERVED_SPECIMEN,
3350007399,Guizhou,Aselliscus stoliczkanus,Aselliscus,Hipposideridae,107.88,25.48,coordinate_spatial_join_from_blank_stateProvince,PRESERVED_SPECIMEN,
3350006477,Guizhou,Rhinolophus rouxii,Rhinolophus,Rhinolophidae,107.88,25.48,coordinate_spatial_join_from_blank_stateProvince,PRESERVED_SPECIMEN,
3350006474,Guizhou,Hipposideros larvatus,Hipposideros,Hipposideridae,107.88,25.48,coordinate_spatial_join_from_blank_stateProvince,PRESERVED_SPECIMEN,
3350006473,Guizhou,Aselliscus stoliczkanus,Aselliscus,Hipposideridae,107.88,25.48,coordinate_spatial_join_from_blank_stateProvince,PRESERVED_SPECIMEN,
3350003061,Guangxi,Sphaerias blanfordi,Sphaerias,Pteropodidae,105.97,23.12,coordinate_spatial_join_from_blank_stateProvince,PRESERVED_SPECIMEN,
3350003056,Guangxi,Rhinolophus pearsonii,Rhinolophus,Rhinolophidae,105.97,23.12,coordinate_spatial_join_from_blank_stateProvince,PRESERVED_SPECIMEN,
3350003049,Guangxi,Rhinolophus pusillus,Rhinolophus,Rhinolophidae,107.89,21.85,coordinate_spatial_join_from_blank_stateProvince,PRESERVED_SPECIMEN,
3350003046,Guangxi,Rhinolophus affinis,Rhinolophus,Rhinolophidae,105.97,23.12,coordinate_spatial_join_from_blank_stateProvince,PRESERVED_SPECIMEN,
3350003045,Guangxi,Rhinolophus affinis,Rhinolophus,Rhinolophidae,107.83,21.89,coordinate_spatial_join_from_blank_stateProvince,PRESERVED_SPECIMEN,
3350001423,Guizhou,Rhinolophus rouxii,Rhinolophus,Rhinolophidae,107.88,25.48,coordinate_spatial_join_from_blank_stateProvince,PRESERVED_SPECIMEN,
3350001420,Guizhou,Hipposideros larvatus,Hipposideros,Hipposideridae,107.88,25.48,coordinate_spatial_join_from_blank_stateProvince,PRESERVED_SPECIMEN,
3350001419,Guizhou,Aselliscus stoliczkanus,Aselliscus,Hipposideridae,107.88,25.48,coordinate_spatial_join_from_blank_stateProvince,PRESERVED_SPECIMEN,
3350000371,Guizhou,Rhinolophus rouxii,Rhinolophus,Rhinolophidae,107.88,25.48,coordinate_spatial_join_from_blank_stateProvince,PRESERVED_SPECIMEN,
3350000368,Guizhou,Hipposideros larvatus,Hipposideros,Hipposideridae,107.88,25.48,coordinate_spatial_join_from_blank_stateProvince,PRESERVED_SPECIMEN,
3349994559,Guizhou,Rhinolophus rouxii,Rhinolophus,Rhinolophidae,107.88,25.48,coordinate_spatial_join_from_blank_stateProvince,PRESERVED_SPECIMEN,
3349994554,Guizhou,Hipposideros larvatus,Hipposideros,Hipposideridae,107.88,25.48,coordinate_spatial_join_from_blank_stateProvince,PRESERVED_SPECIMEN,
3349994553,Guizhou,Aselliscus stoliczkanus,Aselliscus,Hipposideridae,107.88,25.48,coordinate_spatial_join_from_blank_stateProvince,PRESERVED_SPECIMEN,
3349993402,Guizhou,Rhinolophus rouxii,Rhinolophus,Rhinolophidae,107.88,25.48,coordinate_spatial_join_from_blank_stateProvince,PRESERVED_SPECIMEN,
3349993401,Guangxi,Rhinolophus luctus,Rhinolophus,Rhinolophidae,107.89,21.85,coordinate_spatial_join_from_blank_stateProvince,PRESERVED_SPECIMEN,
3349993397,Guizhou,Hipposideros larvatus,Hipposideros,Hipposideridae,107.88,25.48,coordinate_spatial_join_from_blank_stateProvince,PRESERVED_SPECIMEN,
3349980055,Guizhou,Rhinolophus pearsonii,Rhinolophus,Rhinolophidae,107.58,29.17,coordinate_spatial_join_from_blank_stateProvince,PRESERVED_SPECIMEN,
3349980054,Guangxi,Rhinolophus rex,Rhinolophus,Rhinolophidae,105.98,23.08,coordinate_spatial_join_from_blank_stateProvince,PRESERVED_SPECIMEN,
3349980048,Guangxi,Rhinolophus affinis,Rhinolophus,Rhinolophidae,107.83,21.89,coordinate_spatial_join_from_blank_stateProvince,PRESERVED_SPECIMEN,
3349980047,Guangxi,Rhinolophus affinis,Rhinolophus,Rhinolophidae,107.89,21.85,coordinate_spatial_join_from_blank_stateProvince,PRESERVED_SPECIMEN,
3349980045,Guangxi,Pipistrellus javanicus,Pipistrellus,Vespertilionidae,107.89,21.85,coordinate_spatial_join_from_blank_stateProvince,PRESERVED_SPECIMEN,
3349980038,Guangxi,Murina feae,Murina,Vespertilionidae,105.97,23.12,coordinate_spatial_join_from_blank_stateProvince,PRESERVED_SPECIMEN,
3349980022,Guangxi,Cynopterus sphinx,Cynopterus,Pteropodidae,105.97,23.12,coordinate_spatial_join_from_blank_stateProvince,PRESERVED_SPECIMEN,
3349977928,Guangxi,Scotomanes ornatus,Scotomanes,Vespertilionidae,107.89,21.85,coordinate_spatial_join_from_blank_stateProvince,PRESERVED_SPECIMEN,
3349977924,Guizhou,Rhinolophus pearsonii,Rhinolophus,Rhinolophidae,107.58,29.17,coordinate_spatial_join_from_blank_stateProvince,PRESERVED_SPECIMEN,
3349977918,Guangxi,Rhinolophus pusillus,Rhinolophus,Rhinolophidae,107.89,21.85,coordinate_spatial_join_from_blank_stateProvince,PRESERVED_SPECIMEN,
3349977916,Guangxi,Rhinolophus affinis,Rhinolophus,Rhinolophidae,107.89,21.85,coordinate_spatial_join_from_blank_stateProvince,PRESERVED_SPECIMEN,
3349977888,Guangxi,Cynopterus sphinx,Cynopterus,Pteropodidae,105.97,23.12,coordinate_spatial_join_from_blank_stateProvince,PRESERVED_SPECIMEN,
3349977080,Guangxi,Scotomanes ornatus,Scotomanes,Vespertilionidae,107.89,21.85,coordinate_spatial_join_from_blank_stateProvince,PRESERVED_SPECIMEN,
3349977076,Guizhou,Rhinolophus pearsonii,Rhinolophus,Rhinolophidae,107.58,29.17,coordinate_spatial_join_from_blank_stateProvince,PRESERVED_SPECIMEN,
3349977068,Guangxi,Rhinolophus affinis,Rhinolophus,Rhinolophidae,107.89,21.85,coordinate_spatial_join_from_blank_stateProvince,PRESERVED_SPECIMEN,
3349977040,Guangxi,Cynopterus sphinx,Cynopterus,Pteropodidae,105.97,23.12,coordinate_spatial_join_from_blank_stateProvince,PRESERVED_SPECIMEN,
3349973052,Guizhou,Rhinolophus pearsonii,Rhinolophus,Rhinolophidae,107.58,29.17,coordinate_spatial_join_from_blank_stateProvince,PRESERVED_SPECIMEN,
3349973044,Guangxi,Rhinolophus affinis,Rhinolophus,Rhinolophidae,107.89,21.85,coordinate_spatial_join_from_blank_stateProvince,PRESERVED_SPECIMEN,
3349973042,Guangxi,Pipistrellus javanicus,Pipistrellus,Vespertilionidae,107.89,21.85,coordinate_spatial_join_from_blank_stateProvince,PRESERVED_SPECIMEN,
3349973040,Guangxi,Myotis siligorensis,Myotis,Vespertilionidae,105.97,23.12,coordinate_spatial_join_from_blank_stateProvince,PRESERVED_SPECIMEN,
3349973020,Guangxi,Hipposideros armiger,Hipposideros,Hipposideridae,105.97,23.12,coordinate_spatial_join_from_blank_stateProvince,PRESERVED_SPECIMEN,
3349973018,Guangxi,Cynopterus sphinx,Cynopterus,Pteropodidae,105.97,23.12,coordinate_spatial_join_from_blank_stateProvince,PRESERVED_SPECIMEN,
3349970465,Guizhou,Rhinolophus rouxii,Rhinolophus,Rhinolophidae,107.88,25.48,coordinate_spatial_join_from_blank_stateProvince,PRESERVED_SPECIMEN,
3349970461,Guizhou,Hipposideros larvatus,Hipposideros,Hipposideridae,107.88,25.48,coordinate_spatial_join_from_blank_stateProvince,PRESERVED_SPECIMEN,
3349970444,Guizhou,Myotis daubentonii,Myotis,Vespertilionidae,107.88,25.48,coordinate_spatial_join_from_blank_stateProvince,PRESERVED_SPECIMEN,
3349969952,Guangxi,Rhinolophus pearsonii,Rhinolophus,Rhinolophidae,105.97,23.12,coordinate_spatial_join_from_blank_stateProvince,PRESERVED_SPECIMEN,
3349969946,Guangxi,Rhinolophus pusillus,Rhinolophus,Rhinolophidae,107.89,21.85,coordinate_spatial_join_from_blank_stateProvince,PRESERVED_SPECIMEN,
3349969944,Guangxi,Rhinolophus affinis,Rhinolophus,Rhinolophidae,105.97,23.12,coordinate_spatial_join_from_blank_stateProvince,PRESERVED_SPECIMEN,
3349969943,Guangxi,Rhinolophus affinis,Rhinolophus,Rhinolophidae,107.83,21.89,coordinate_spatial_join_from_blank_stateProvince,PRESERVED_SPECIMEN,
3349969924,Guizhou,Ia io,Ia,Vespertilionidae,107.15,28.23,coordinate_spatial_join_from_blank_stateProvince,PRESERVED_SPECIMEN,
3349968347,Guizhou,Hipposideros larvatus,Hipposideros,Hipposideridae,107.88,25.48,coordinate_spatial_join_from_blank_stateProvince,PRESERVED_SPECIMEN,
3349968331,Guizhou,Myotis daubentonii,Myotis,Vespertilionidae,107.88,25.48,coordinate_spatial_join_from_blank_stateProvince,PRESERVED_SPECIMEN,
3349965127,Guangxi,Rhinolophus stheno,Rhinolophus,Rhinolophidae,105.97,23.12,coordinate_spatial_join_from_blank_stateProvince,PRESERVED_SPECIMEN,
3349965123,Guizhou,Rhinolophus marshalli,Rhinolophus,Rhinolophidae,107.58,29.17,coordinate_spatial_join_from_blank_stateProvince,PRESERVED_SPECIMEN,
3349965117,Guangxi,Rhinolophus affinis,Rhinolophus,Rhinolophidae,107.83,21.89,coordinate_spatial_join_from_blank_stateProvince,PRESERVED_SPECIMEN,
3349965114,Guangxi,Pipistrellus javanicus,Pipistrellus,Vespertilionidae,107.89,21.85,coordinate_spatial_join_from_blank_stateProvince,PRESERVED_SPECIMEN,
3349965107,Guangxi,Murina feae,Murina,Vespertilionidae,105.97,23.12,coordinate_spatial_join_from_blank_stateProvince,PRESERVED_SPECIMEN,
3349965091,Guangxi,Cynopterus sphinx,Cynopterus,Pteropodidae,105.97,23.12,coordinate_spatial_join_from_blank_stateProvince,PRESERVED_SPECIMEN,
3349960987,Guizhou,Rhinolophus thomasi,Rhinolophus,Rhinolophidae,107.16,28.23,coordinate_spatial_join_from_blank_stateProvince,PRESERVED_SPECIMEN,
3349960973,Guangxi,Murina feae,Murina,Vespertilionidae,107.89,21.85,coordinate_spatial_join_from_blank_stateProvince,PRESERVED_SPECIMEN,
3349960958,Guangxi,Cynopterus sphinx,Cynopterus,Pteropodidae,105.97,23.12,coordinate_spatial_join_from_blank_stateProvince,PRESERVED_SPECIMEN,
3349954425,Guizhou,Rhinolophus rouxii,Rhinolophus,Rhinolophidae,107.88,25.48,coordinate_spatial_join_from_blank_stateProvince,PRESERVED_SPECIMEN,
3349954421,Guizhou,Hipposideros larvatus,Hipposideros,Hipposideridae,107.88,25.48,coordinate_spatial_join_from_blank_stateProvince,PRESERVED_SPECIMEN,
3349950315,Guizhou,Rhinolophus rouxii,Rhinolophus,Rhinolophidae,107.88,25.48,coordinate_spatial_join_from_blank_stateProvince,PRESERVED_SPECIMEN,
3349950311,Guizhou,Hipposideros larvatus,Hipposideros,Hipposideridae,107.88,25.48,coordinate_spatial_join_from_blank_stateProvince,PRESERVED_SPECIMEN,
3349940088,Guangxi,Scotomanes ornatus,Scotomanes,Vespertilionidae,107.89,21.85,coordinate_spatial_join_from_blank_stateProvince,PRESERVED_SPECIMEN,
3349940083,Guangxi,Rhinolophus pearsonii,Rhinolophus,Rhinolophidae,105.98,23.08,coordinate_spatial_join_from_blank_stateProvince,PRESERVED_SPECIMEN,
3349940078,Guangxi,Rhinolophus pusillus,Rhinolophus,Rhinolophidae,107.89,21.85,coordinate_spatial_join_from_blank_stateProvince,PRESERVED_SPECIMEN,
3349940076,Guangxi,Rhinolophus affinis,Rhinolophus,Rhinolophidae,105.97,23.12,coordinate_spatial_join_from_blank_stateProvince,PRESERVED_SPECIMEN,
3349940075,Guangxi,Rhinolophus affinis,Rhinolophus,Rhinolophidae,107.89,21.85,coordinate_spatial_join_from_blank_stateProvince,PRESERVED_SPECIMEN,
3349940056,Guizhou,Ia io,Ia,Vespertilionidae,107.15,28.23,coordinate_spatial_join_from_blank_stateProvince,PRESERVED_SPECIMEN,
3349940047,Guangxi,Cynopterus sphinx,Cynopterus,Pteropodidae,105.97,23.12,coordinate_spatial_join_from_blank_stateProvince,PRESERVED_SPECIMEN,
3349911101,Guangxi,Rousettus leschenaultii,Rousettus,Pteropodidae,105.97,23.12,coordinate_spatial_join_from_blank_stateProvince,PRESERVED_SPECIMEN,
3349911097,Guangxi,Rhinolophus pearsonii,Rhinolophus,Rhinolophidae,107.89,21.85,coordinate_spatial_join_from_blank_stateProvince,PRESERVED_SPECIMEN,
3349911093,Guizhou,Rhinolophus thomasi,Rhinolophus,Rhinolophidae,107.15,28.23,coordinate_spatial_join_from_blank_stateProvince,PRESERVED_SPECIMEN,
3349911083,Guizhou,Myotis laniger,Myotis,Vespertilionidae,107.15,28.23,coordinate_spatial_join_from_blank_stateProvince,PRESERVED_SPECIMEN,
3349911080,Guangxi,Murina cyclotis,Murina,Vespertilionidae,107.89,21.85,coordinate_spatial_join_from_blank_stateProvince,PRESERVED_SPECIMEN,
3349911064,Guangxi,Cynopterus sphinx,Cynopterus,Pteropodidae,105.97,23.12,coordinate_spatial_join_from_blank_stateProvince,PRESERVED_SPECIMEN,
3349906955,Guangxi,Rousettus leschenaultii,Rousettus,Pteropodidae,105.97,23.12,coordinate_spatial_join_from_blank_stateProvince,PRESERVED_SPECIMEN,
3349906947,Guizhou,Rhinolophus thomasi,Rhinolophus,Rhinolophidae,107.16,28.23,coordinate_spatial_join_from_blank_stateProvince,PRESERVED_SPECIMEN,
3349906935,Guangxi,Murina leucogaster,Murina,Vespertilionidae,105.97,23.12,coordinate_spatial_join_from_blank_stateProvince,PRESERVED_SPECIMEN,
3349906918,Guangxi,Cynopterus sphinx,Cynopterus,Pteropodidae,105.97,23.12,coordinate_spatial_join_from_blank_stateProvince,PRESERVED_SPECIMEN,
3349902933,Guangxi,Sphaerias blanfordi,Sphaerias,Pteropodidae,105.97,23.12,coordinate_spatial_join_from_blank_stateProvince,PRESERVED_SPECIMEN,
3349902924,Guizhou,Rhinolophus thomasi,Rhinolophus,Rhinolophidae,107.15,28.23,coordinate_spatial_join_from_blank_stateProvince,PRESERVED_SPECIMEN,
3349902917,Guangxi,Phoniscus jagorii,Phoniscus,Vespertilionidae,105.97,23.12,coordinate_spatial_join_from_blank_stateProvince,PRESERVED_SPECIMEN,
3349902914,Guangxi,Myotis muricola,Myotis,Vespertilionidae,105.97,23.12,coordinate_spatial_join_from_blank_stateProvince,PRESERVED_SPECIMEN,
3349902894,Guangxi,Cynopterus sphinx,Cynopterus,Pteropodidae,105.97,23.12,coordinate_spatial_join_from_blank_stateProvince,PRESERVED_SPECIMEN,
3349901984,Guangxi,Rousettus leschenaultii,Rousettus,Pteropodidae,105.97,23.12,coordinate_spatial_join_from_blank_stateProvince,PRESERVED_SPECIMEN,
3349901980,Guangxi,Rhinolophus pearsonii,Rhinolophus,Rhinolophidae,107.89,21.85,coordinate_spatial_join_from_blank_stateProvince,PRESERVED_SPECIMEN,
3349901979,Guizhou,Rhinolophus rex,Rhinolophus,Rhinolophidae,107.17,28.28,coordinate_spatial_join_from_blank_stateProvince,PRESERVED_SPECIMEN,
3349901976,Guizhou,Rhinolophus thomasi,Rhinolophus,Rhinolophidae,107.15,28.23,coordinate_spatial_join_from_blank_stateProvince,PRESERVED_SPECIMEN,
3349901968,Guizhou,Myotis pilosus,Myotis,Vespertilionidae,107.15,28.23,coordinate_spatial_join_from_blank_stateProvince,PRESERVED_SPECIMEN,
3349901964,Guangxi,Murina chrysochaetes,Murina,Vespertilionidae,105.97,23.12,coordinate_spatial_join_from_blank_stateProvince,PRESERVED_SPECIMEN,
3349896919,Guangxi,Rousettus leschenaultii,Rousettus,Pteropodidae,105.97,23.12,coordinate_spatial_join_from_blank_stateProvince,PRESERVED_SPECIMEN,
3349896911,Guizhou,Rhinolophus thomasi,Rhinolophus,Rhinolophidae,107.16,28.23,coordinate_spatial_join_from_blank_stateProvince,PRESERVED_SPECIMEN,
3349896899,Guangxi,Murina leucogaster,Murina,Vespertilionidae,105.97,23.12,coordinate_spatial_join_from_blank_stateProvince,PRESERVED_SPECIMEN,
3349896882,Guangxi,Cynopterus sphinx,Cynopterus,Pteropodidae,105.97,23.12,coordinate_spatial_join_from_blank_stateProvince,PRESERVED_SPECIMEN,
3349895165,Guangxi,Rousettus leschenaultii,Rousettus,Pteropodidae,105.97,23.12,coordinate_spatial_join_from_blank_stateProvince,PRESERVED_SPECIMEN,
3349895157,Guizhou,Rhinolophus thomasi,Rhinolophus,Rhinolophidae,107.15,28.23,coordinate_spatial_join_from_blank_stateProvince,PRESERVED_SPECIMEN,
3349895146,Guizhou,Myotis laniger,Myotis,Vespertilionidae,107.15,28.23,coordinate_spatial_join_from_blank_stateProvince,PRESERVED_SPECIMEN,
3349895144,Guangxi,Murina cyclotis,Murina,Vespertilionidae,107.89,21.85,coordinate_spatial_join_from_blank_stateProvince,PRESERVED_SPECIMEN,
3349895143,Guangxi,Miniopterus fuliginosus,Miniopterus,Vespertilionidae,105.97,23.12,coordinate_spatial_join_from_blank_stateProvince,PRESERVED_SPECIMEN,
3349895128,Guangxi,Cynopterus sphinx,Cynopterus,Pteropodidae,105.97,23.12,coordinate_spatial_join_from_blank_stateProvince,PRESERVED_SPECIMEN,
3349873132,Guangxi,Rousettus leschenaultii,Rousettus,Pteropodidae,105.97,23.12,coordinate_spatial_join_from_blank_stateProvince,PRESERVED_SPECIMEN,
3349873124,Guizhou,Rhinolophus thomasi,Rhinolophus,Rhinolophidae,107.15,28.23,coordinate_spatial_join_from_blank_stateProvince,PRESERVED_SPECIMEN,
3349873121,Guangxi,Rhinolophus affinis,Rhinolophus,Rhinolophidae,105.97,23.12,coordinate_spatial_join_from_blank_stateProvince,PRESERVED_SPECIMEN,
3349873113,Guizhou,Myotis laniger,Myotis,Vespertilionidae,107.15,28.23,coordinate_spatial_join_from_blank_stateProvince,PRESERVED_SPECIMEN,
3349873095,Guangxi,Cynopterus sphinx,Cynopterus,Pteropodidae,105.97,23.12,coordinate_spatial_join_from_blank_stateProvince,PRESERVED_SPECIMEN,
3349869993,Guangxi,Rousettus leschenaultii,Rousettus,Pteropodidae,105.97,23.12,coordinate_spatial_join_from_blank_stateProvince,PRESERVED_SPECIMEN,
3349869990,Guangxi,Rhinolophus pearsonii,Rhinolophus,Rhinolophidae,105.97,23.12,coordinate_spatial_join_from_blank_stateProvince,PRESERVED_SPECIMEN,
3349869985,Guizhou,Rhinolophus thomasi,Rhinolophus,Rhinolophidae,107.59,29.12,coordinate_spatial_join_from_blank_stateProvince,PRESERVED_SPECIMEN,
3349869982,Guangxi,Rhinolophus affinis,Rhinolophus,Rhinolophidae,105.97,23.12,coordinate_spatial_join_from_blank_stateProvince,PRESERVED_SPECIMEN,
3349869976,Guangxi,Myotis montivagus,Myotis,Vespertilionidae,107.89,21.85,coordinate_spatial_join_from_blank_stateProvince,PRESERVED_SPECIMEN,
3349869971,Guizhou,Miniopterus fuliginosus,Miniopterus,Vespertilionidae,107.15,28.23,coordinate_spatial_join_from_blank_stateProvince,PRESERVED_SPECIMEN,
3349869957,Guangxi,Cynopterus sphinx,Cynopterus,Pteropodidae,105.97,23.12,coordinate_spatial_join_from_blank_stateProvince,PRESERVED_SPECIMEN,
3349863037,Guangxi,Rousettus leschenaultii,Rousettus,Pteropodidae,105.97,23.12,coordinate_spatial_join_from_blank_stateProvince,PRESERVED_SPECIMEN,
3349863034,Guangxi,Rhinolophus pearsonii,Rhinolophus,Rhinolophidae,105.97,23.12,coordinate_spatial_join_from_blank_stateProvince,PRESERVED_SPECIMEN,
3349863030,Guangxi,Rhinolophus thomasi,Rhinolophus,Rhinolophidae,107.89,21.85,coordinate_spatial_join_from_blank_stateProvince,PRESERVED_SPECIMEN,
3349863026,Guangxi,Rhinolophus affinis,Rhinolophus,Rhinolophidae,105.97,23.12,coordinate_spatial_join_from_blank_stateProvince,PRESERVED_SPECIMEN,
3349863020,Guangxi,Myotis montivagus,Myotis,Vespertilionidae,107.89,21.85,coordinate_spatial_join_from_blank_stateProvince,PRESERVED_SPECIMEN,
3349863000,Guangxi,Cynopterus sphinx,Cynopterus,Pteropodidae,105.97,23.12,coordinate_spatial_join_from_blank_stateProvince,PRESERVED_SPECIMEN,
3349853905,Guangxi,Rousettus leschenaultii,Rousettus,Pteropodidae,105.97,23.12,coordinate_spatial_join_from_blank_stateProvince,PRESERVED_SPECIMEN,
3349853902,Guangxi,Rhinolophus pearsonii,Rhinolophus,Rhinolophidae,105.97,23.12,coordinate_spatial_join_from_blank_stateProvince,PRESERVED_SPECIMEN,
3349853898,Guangxi,Rhinolophus thomasi,Rhinolophus,Rhinolophidae,107.89,21.85,coordinate_spatial_join_from_blank_stateProvince,PRESERVED_SPECIMEN,
3349853894,Guangxi,Rhinolophus affinis,Rhinolophus,Rhinolophidae,107.89,21.85,coordinate_spatial_join_from_blank_stateProvince,PRESERVED_SPECIMEN,
3349853889,Guangxi,Myotis montivagus,Myotis,Vespertilionidae,107.89,21.85,coordinate_spatial_join_from_blank_stateProvince,PRESERVED_SPECIMEN,
3349853867,Guangxi,Cynopterus sphinx,Cynopterus,Pteropodidae,105.97,23.12,coordinate_spatial_join_from_blank_stateProvince,PRESERVED_SPECIMEN,
3349448488,Yunnan,Eudiscopus denticulus,Eudiscopus,Vespertilionidae,101.66,21.49,coordinate_spatial_join_from_blank_stateProvince,PRESERVED_SPECIMEN,
3349377232,Yunnan,Eudiscopus denticulus,Eudiscopus,Vespertilionidae,101.51,21.51,coordinate_spatial_join_from_blank_stateProvince,PRESERVED_SPECIMEN,
3349205697,Guizhou,Murina shuipuensis,Murina,Vespertilionidae,107.88,25.48,coordinate_spatial_join_from_blank_stateProvince,MATERIAL_SAMPLE,
3347673637,Sichuan,Miniopterus fuliginosus,Miniopterus,Vespertilionidae,107.75,31.19,coordinate_spatial_join_from_blank_stateProvince,MATERIAL_SAMPLE,
3347658331,Sichuan,Miniopterus fuliginosus,Miniopterus,Vespertilionidae,107.75,31.19,coordinate_spatial_join_from_blank_stateProvince,MATERIAL_SAMPLE,
3347596187,Fujian,Miniopterus fuliginosus,Miniopterus,Vespertilionidae,119.73,25.43,coordinate_spatial_join_from_blank_stateProvince,MATERIAL_SAMPLE,
3347575632,Yunnan,Miniopterus fuliginosus,Miniopterus,Vespertilionidae,102.43,24.56,coordinate_spatial_join_from_blank_stateProvince,MATERIAL_SAMPLE,
3347572108,Yunnan,Miniopterus fuliginosus,Miniopterus,Vespertilionidae,98.49,25.02,coordinate_spatial_join_from_blank_stateProvince,MATERIAL_SAMPLE,
3347523587,Yunnan,Miniopterus fuliginosus,Miniopterus,Vespertilionidae,102.28,23.54,coordinate_spatial_join_from_blank_stateProvince,MATERIAL_SAMPLE,
3347502717,Guangdong,Miniopterus magnater,Miniopterus,Vespertilionidae,111.94,22.44,coordinate_spatial_join_from_blank_stateProvince,MATERIAL_SAMPLE,
3347502716,Yunnan,Miniopterus fuliginosus,Miniopterus,Vespertilionidae,102.43,24.56,coordinate_spatial_join_from_blank_stateProvince,MATERIAL_SAMPLE,
3347500612,Yunnan,Miniopterus fuliginosus,Miniopterus,Vespertilionidae,104.09,26.04,coordinate_spatial_join_from_blank_stateProvince,MATERIAL_SAMPLE,
3347500566,Yunnan,Miniopterus fuliginosus,Miniopterus,Vespertilionidae,102.28,23.54,coordinate_spatial_join_from_blank_stateProvince,MATERIAL_SAMPLE,
3347479578,Yunnan,Miniopterus fuliginosus,Miniopterus,Vespertilionidae,102.28,23.54,coordinate_spatial_join_from_blank_stateProvince,MATERIAL_SAMPLE,
3347478759,Zhejiang,Miniopterus fuliginosus,Miniopterus,Vespertilionidae,120.01,30.1,coordinate_spatial_join_from_blank_stateProvince,MATERIAL_SAMPLE,
3347478713,Sichuan,Miniopterus fuliginosus,Miniopterus,Vespertilionidae,107.75,31.19,coordinate_spatial_join_from_blank_stateProvince,MATERIAL_SAMPLE,
3347478712,Anhui,Miniopterus fuliginosus,Miniopterus,Vespertilionidae,118.3,31.0,coordinate_spatial_join_from_blank_stateProvince,MATERIAL_SAMPLE,
3347472397,Fujian,Miniopterus fuliginosus,Miniopterus,Vespertilionidae,119.73,25.43,coordinate_spatial_join_from_blank_stateProvince,MATERIAL_SAMPLE,
3347472396,Yunnan,Miniopterus fuliginosus,Miniopterus,Vespertilionidae,104.09,26.04,coordinate_spatial_join_from_blank_stateProvince,MATERIAL_SAMPLE,
3347472395,Anhui,Miniopterus fuliginosus,Miniopterus,Vespertilionidae,118.3,31.0,coordinate_spatial_join_from_blank_stateProvince,MATERIAL_SAMPLE,
3347471534,Guangdong,Miniopterus magnater,Miniopterus,Vespertilionidae,111.94,22.44,coordinate_spatial_join_from_blank_stateProvince,MATERIAL_SAMPLE,
3347471494,Yunnan,Miniopterus fuliginosus,Miniopterus,Vespertilionidae,102.28,23.54,coordinate_spatial_join_from_blank_stateProvince,MATERIAL_SAMPLE,
3347457713,Sichuan,Miniopterus fuliginosus,Miniopterus,Vespertilionidae,107.75,31.19,coordinate_spatial_join_from_blank_stateProvince,MATERIAL_SAMPLE,
3347457711,Anhui,Miniopterus fuliginosus,Miniopterus,Vespertilionidae,118.3,31.0,coordinate_spatial_join_from_blank_stateProvince,MATERIAL_SAMPLE,
3347456530,Anhui,Miniopterus fuliginosus,Miniopterus,Vespertilionidae,118.3,31.0,coordinate_spatial_join_from_blank_stateProvince,MATERIAL_SAMPLE,
3347455578,Zhejiang,Miniopterus fuliginosus,Miniopterus,Vespertilionidae,120.01,30.1,coordinate_spatial_join_from_blank_stateProvince,MATERIAL_SAMPLE,
3347455545,Zhejiang,Miniopterus fuliginosus,Miniopterus,Vespertilionidae,120.01,30.1,coordinate_spatial_join_from_blank_stateProvince,MATERIAL_SAMPLE,
3347432404,Yunnan,Miniopterus fuliginosus,Miniopterus,Vespertilionidae,102.43,24.56,coordinate_spatial_join_from_blank_stateProvince,MATERIAL_SAMPLE,
3347432403,Yunnan,Miniopterus fuliginosus,Miniopterus,Vespertilionidae,104.09,26.04,coordinate_spatial_join_from_blank_stateProvince,MATERIAL_SAMPLE,
3347432402,Yunnan,Miniopterus fuliginosus,Miniopterus,Vespertilionidae,98.49,25.02,coordinate_spatial_join_from_blank_stateProvince,MATERIAL_SAMPLE,
3347432401,Anhui,Miniopterus fuliginosus,Miniopterus,Vespertilionidae,118.3,31.0,coordinate_spatial_join_from_blank_stateProvince,MATERIAL_SAMPLE,
3347418527,Yunnan,Miniopterus fuliginosus,Miniopterus,Vespertilionidae,102.28,23.54,coordinate_spatial_join_from_blank_stateProvince,MATERIAL_SAMPLE,
3347413362,Yunnan,Miniopterus fuliginosus,Miniopterus,Vespertilionidae,102.28,23.54,coordinate_spatial_join_from_blank_stateProvince,MATERIAL_SAMPLE,
3347413360,Yunnan,Miniopterus fuliginosus,Miniopterus,Vespertilionidae,104.09,26.04,coordinate_spatial_join_from_blank_stateProvince,MATERIAL_SAMPLE,
3347403535,Yunnan,Miniopterus fuliginosus,Miniopterus,Vespertilionidae,104.09,26.04,coordinate_spatial_join_from_blank_stateProvince,MATERIAL_SAMPLE,
3347403534,Sichuan,Miniopterus fuliginosus,Miniopterus,Vespertilionidae,107.75,31.19,coordinate_spatial_join_from_blank_stateProvince,MATERIAL_SAMPLE,
3347394494,Sichuan,Miniopterus fuliginosus,Miniopterus,Vespertilionidae,107.75,31.19,coordinate_spatial_join_from_blank_stateProvince,MATERIAL_SAMPLE,
3347394492,Yunnan,Miniopterus fuliginosus,Miniopterus,Vespertilionidae,102.28,23.54,coordinate_spatial_join_from_blank_stateProvince,MATERIAL_SAMPLE,
3347390511,Anhui,Miniopterus fuliginosus,Miniopterus,Vespertilionidae,118.3,31.0,coordinate_spatial_join_from_blank_stateProvince,MATERIAL_SAMPLE,
3347390467,Yunnan,Miniopterus fuliginosus,Miniopterus,Vespertilionidae,102.28,23.54,coordinate_spatial_join_from_blank_stateProvince,MATERIAL_SAMPLE,
3347387513,Yunnan,Miniopterus fuliginosus,Miniopterus,Vespertilionidae,104.09,26.04,coordinate_spatial_join_from_blank_stateProvince,MATERIAL_SAMPLE,
3347387512,Sichuan,Miniopterus fuliginosus,Miniopterus,Vespertilionidae,107.75,31.19,coordinate_spatial_join_from_blank_stateProvince,MATERIAL_SAMPLE,
3347387511,Yunnan,Miniopterus fuliginosus,Miniopterus,Vespertilionidae,104.09,26.04,coordinate_spatial_join_from_blank_stateProvince,MATERIAL_SAMPLE,
3347385447,Yunnan,Miniopterus fuliginosus,Miniopterus,Vespertilionidae,102.43,24.56,coordinate_spatial_join_from_blank_stateProvince,MATERIAL_SAMPLE,
3347385446,Zhejiang,Miniopterus fuliginosus,Miniopterus,Vespertilionidae,120.01,30.1,coordinate_spatial_join_from_blank_stateProvince,MATERIAL_SAMPLE,
3347383822,Yunnan,Miniopterus fuliginosus,Miniopterus,Vespertilionidae,98.49,25.02,coordinate_spatial_join_from_blank_stateProvince,MATERIAL_SAMPLE,
3347383821,Fujian,Miniopterus fuliginosus,Miniopterus,Vespertilionidae,119.73,25.43,coordinate_spatial_join_from_blank_stateProvince,MATERIAL_SAMPLE,
3347381694,Yunnan,Miniopterus fuliginosus,Miniopterus,Vespertilionidae,102.43,24.56,coordinate_spatial_join_from_blank_stateProvince,MATERIAL_SAMPLE,
3347381693,Anhui,Miniopterus fuliginosus,Miniopterus,Vespertilionidae,118.3,31.0,coordinate_spatial_join_from_blank_stateProvince,MATERIAL_SAMPLE,
3347381692,Anhui,Miniopterus fuliginosus,Miniopterus,Vespertilionidae,118.3,31.0,coordinate_spatial_join_from_blank_stateProvince,MATERIAL_SAMPLE,
3347347496,Yunnan,Miniopterus fuliginosus,Miniopterus,Vespertilionidae,98.49,25.02,coordinate_spatial_join_from_blank_stateProvince,MATERIAL_SAMPLE,
3347347495,Anhui,Miniopterus fuliginosus,Miniopterus,Vespertilionidae,118.3,31.0,coordinate_spatial_join_from_blank_stateProvince,MATERIAL_SAMPLE,
3347347494,Anhui,Miniopterus fuliginosus,Miniopterus,Vespertilionidae,118.3,31.0,coordinate_spatial_join_from_blank_stateProvince,MATERIAL_SAMPLE,
3347124358,Guangxi,Murina cyclotis,Murina,Vespertilionidae,107.89,21.85,coordinate_spatial_join_from_blank_stateProvince,PRESERVED_SPECIMEN,
3347124357,Guangxi,Murina cyclotis,Murina,Vespertilionidae,105.97,23.12,coordinate_spatial_join_from_blank_stateProvince,PRESERVED_SPECIMEN,
3347124322,Guangxi,Cynopterus sphinx,Cynopterus,Pteropodidae,107.89,21.85,coordinate_spatial_join_from_blank_stateProvince,PRESERVED_SPECIMEN,
3347117486,Guangxi,Murina cyclotis,Murina,Vespertilionidae,105.97,23.12,coordinate_spatial_join_from_blank_stateProvince,PRESERVED_SPECIMEN,
3347117485,Guizhou,Murina feae,Murina,Vespertilionidae,107.88,25.48,coordinate_spatial_join_from_blank_stateProvince,PRESERVED_SPECIMEN,
3347108469,Guangxi,Harpiocephalus harpia,Harpiocephalus,Vespertilionidae,107.89,21.85,coordinate_spatial_join_from_blank_stateProvince,PRESERVED_SPECIMEN,
3347108468,Guangxi,Murina cyclotis,Murina,Vespertilionidae,105.97,23.12,coordinate_spatial_join_from_blank_stateProvince,PRESERVED_SPECIMEN,
3347108467,Guangxi,Murina leucogaster,Murina,Vespertilionidae,105.97,23.12,coordinate_spatial_join_from_blank_stateProvince,PRESERVED_SPECIMEN,
3347103523,Guangxi,Murina cyclotis,Murina,Vespertilionidae,105.97,23.12,coordinate_spatial_join_from_blank_stateProvince,PRESERVED_SPECIMEN,
3347091640,Guangxi,Murina feae,Murina,Vespertilionidae,105.97,23.12,coordinate_spatial_join_from_blank_stateProvince,PRESERVED_SPECIMEN,
3347091600,Guangxi,Cynopterus sphinx,Cynopterus,Pteropodidae,107.89,21.85,coordinate_spatial_join_from_blank_stateProvince,PRESERVED_SPECIMEN,
3347090572,Guangxi,Murina tubinaris,Murina,Vespertilionidae,105.97,23.12,coordinate_spatial_join_from_blank_stateProvince,PRESERVED_SPECIMEN,
3347090571,Guangxi,Murina cyclotis,Murina,Vespertilionidae,105.97,23.12,coordinate_spatial_join_from_blank_stateProvince,PRESERVED_SPECIMEN,
3347085448,Guangxi,Murina tubinaris,Murina,Vespertilionidae,105.97,23.12,coordinate_spatial_join_from_blank_stateProvince,PRESERVED_SPECIMEN,
3347085416,Guizhou,Rhinolophus rex,Rhinolophus,Rhinolophidae,107.88,25.48,coordinate_spatial_join_from_blank_stateProvince,PRESERVED_SPECIMEN,
3347067437,Guangxi,Murina cyclotis,Murina,Vespertilionidae,107.89,21.85,coordinate_spatial_join_from_blank_stateProvince,PRESERVED_SPECIMEN,
3347067436,Guangxi,Murina cyclotis,Murina,Vespertilionidae,105.97,23.12,coordinate_spatial_join_from_blank_stateProvince,PRESERVED_SPECIMEN,
3347067403,Guizhou,Rhinolophus rex,Rhinolophus,Rhinolophidae,107.88,25.48,coordinate_spatial_join_from_blank_stateProvince,PRESERVED_SPECIMEN,
3347051275,Guangxi,Murina cyclotis,Murina,Vespertilionidae,105.97,23.12,coordinate_spatial_join_from_blank_stateProvince,PRESERVED_SPECIMEN,
3347049644,Guangxi,Murina cyclotis,Murina,Vespertilionidae,105.97,23.12,coordinate_spatial_join_from_blank_stateProvince,PRESERVED_SPECIMEN,
3347043466,Guangxi,Murina cyclotis,Murina,Vespertilionidae,107.89,21.85,coordinate_spatial_join_from_blank_stateProvince,PRESERVED_SPECIMEN,
3347043465,Guangxi,Murina leucogaster,Murina,Vespertilionidae,105.97,23.12,coordinate_spatial_join_from_blank_stateProvince,PRESERVED_SPECIMEN,
3347043434,Guizhou,Rhinolophus pearsonii,Rhinolophus,Rhinolophidae,107.88,25.48,coordinate_spatial_join_from_blank_stateProvince,PRESERVED_SPECIMEN,
3347039401,Guangxi,Murina cyclotis,Murina,Vespertilionidae,105.97,23.12,coordinate_spatial_join_from_blank_stateProvince,PRESERVED_SPECIMEN,
3347038336,Guangxi,Murina feae,Murina,Vespertilionidae,105.97,23.12,coordinate_spatial_join_from_blank_stateProvince,PRESERVED_SPECIMEN,
3347038335,Guangxi,Murina cyclotis,Murina,Vespertilionidae,105.97,23.12,coordinate_spatial_join_from_blank_stateProvince,PRESERVED_SPECIMEN,
3347032603,Guangxi,Murina cyclotis,Murina,Vespertilionidae,105.97,23.12,coordinate_spatial_join_from_blank_stateProvince,PRESERVED_SPECIMEN,
3347026280,Guangxi,Murina leucogaster,Murina,Vespertilionidae,105.97,23.12,coordinate_spatial_join_from_blank_stateProvince,PRESERVED_SPECIMEN,
3347023458,Guangxi,Murina cyclotis,Murina,Vespertilionidae,105.97,23.12,coordinate_spatial_join_from_blank_stateProvince,PRESERVED_SPECIMEN,
3347019308,Guangxi,Harpiocephalus harpia,Harpiocephalus,Vespertilionidae,107.89,21.85,coordinate_spatial_join_from_blank_stateProvince,PRESERVED_SPECIMEN,
3347019307,Guangxi,Murina cyclotis,Murina,Vespertilionidae,105.97,23.12,coordinate_spatial_join_from_blank_stateProvince,PRESERVED_SPECIMEN,
3347017456,Guangxi,Murina cyclotis,Murina,Vespertilionidae,105.97,23.12,coordinate_spatial_join_from_blank_stateProvince,PRESERVED_SPECIMEN,
3347009472,Guangxi,Murina leucogaster,Murina,Vespertilionidae,105.97,23.12,coordinate_spatial_join_from_blank_stateProvince,PRESERVED_SPECIMEN,
3347005200,Guangxi,Harpiocephalus harpia,Harpiocephalus,Vespertilionidae,107.89,21.85,coordinate_spatial_join_from_blank_stateProvince,PRESERVED_SPECIMEN,
3347005199,Guangxi,Murina cyclotis,Murina,Vespertilionidae,105.97,23.12,coordinate_spatial_join_from_blank_stateProvince,PRESERVED_SPECIMEN,
3347005163,Guangxi,Cynopterus sphinx,Cynopterus,Pteropodidae,107.89,21.85,coordinate_spatial_join_from_blank_stateProvince,PRESERVED_SPECIMEN,
3346994272,Guangxi,Cynopterus sphinx,Cynopterus,Pteropodidae,107.89,21.85,coordinate_spatial_join_from_blank_stateProvince,PRESERVED_SPECIMEN,
3346894590,Guizhou,Rhinolophus pearsonii,Rhinolophus,Rhinolophidae,107.88,25.48,coordinate_spatial_join_from_blank_stateProvince,PRESERVED_SPECIMEN,
3346890394,Guizhou,Rhinolophus macrotis,Rhinolophus,Rhinolophidae,107.88,25.48,coordinate_spatial_join_from_blank_stateProvince,PRESERVED_SPECIMEN,
3346889459,Guizhou,Hipposideros larvatus,Hipposideros,Hipposideridae,107.88,25.48,coordinate_spatial_join_from_blank_stateProvince,PRESERVED_SPECIMEN,
3346889458,Guizhou,Hipposideros larvatus,Hipposideros,Hipposideridae,107.88,25.48,coordinate_spatial_join_from_blank_stateProvince,PRESERVED_SPECIMEN,
3346889457,Guizhou,Hipposideros armiger,Hipposideros,Hipposideridae,107.88,25.48,coordinate_spatial_join_from_blank_stateProvince,PRESERVED_SPECIMEN,
3346888389,Guizhou,Rhinolophus rouxii,Rhinolophus,Rhinolophidae,107.88,25.48,coordinate_spatial_join_from_blank_stateProvince,PRESERVED_SPECIMEN,
3346888388,Guizhou,Rhinolophus rex,Rhinolophus,Rhinolophidae,107.88,25.48,coordinate_spatial_join_from_blank_stateProvince,PRESERVED_SPECIMEN,
3346888387,Guizhou,Myotis siligorensis,Myotis,Vespertilionidae,107.88,25.48,coordinate_spatial_join_from_blank_stateProvince,PRESERVED_SPECIMEN,
3346888386,Guizhou,Myotis altarium,Myotis,Vespertilionidae,107.88,25.48,coordinate_spatial_join_from_blank_stateProvince,PRESERVED_SPECIMEN,
3346888385,Guizhou,Hipposideros larvatus,Hipposideros,Hipposideridae,107.88,25.48,coordinate_spatial_join_from_blank_stateProvince,PRESERVED_SPECIMEN,
3346888384,Guizhou,Harpiocephalus harpia,Harpiocephalus,Vespertilionidae,107.88,25.48,coordinate_spatial_join_from_blank_stateProvince,PRESERVED_SPECIMEN,
3346883402,Guizhou,Hipposideros pomona,Hipposideros,Hipposideridae,107.88,25.48,coordinate_spatial_join_from_blank_stateProvince,PRESERVED_SPECIMEN,
3346880679,Guizhou,Murina shuipuensis,Murina,Vespertilionidae,107.88,25.48,coordinate_spatial_join_from_blank_stateProvince,PRESERVED_SPECIMEN,
3346874551,Guangxi,Myotis muricola,Myotis,Vespertilionidae,107.89,21.85,coordinate_spatial_join_from_blank_stateProvince,PRESERVED_SPECIMEN,
3346873613,Guangxi,Myotis muricola,Myotis,Vespertilionidae,105.98,23.08,coordinate_spatial_join_from_blank_stateProvince,PRESERVED_SPECIMEN,
3346873610,Guizhou,Aselliscus stoliczkanus,Aselliscus,Hipposideridae,107.88,25.48,coordinate_spatial_join_from_blank_stateProvince,PRESERVED_SPECIMEN,
3346872374,Guizhou,Rhinolophus pearsonii,Rhinolophus,Rhinolophidae,107.88,25.48,coordinate_spatial_join_from_blank_stateProvince,PRESERVED_SPECIMEN,
3346869666,Guizhou,Rhinolophus rouxii,Rhinolophus,Rhinolophidae,107.88,25.48,coordinate_spatial_join_from_blank_stateProvince,PRESERVED_SPECIMEN,
3346869660,Guizhou,Hipposideros larvatus,Hipposideros,Hipposideridae,107.88,25.48,coordinate_spatial_join_from_blank_stateProvince,PRESERVED_SPECIMEN,
3346869659,Guizhou,Hipposideros armiger,Hipposideros,Hipposideridae,107.88,25.48,coordinate_spatial_join_from_blank_stateProvince,PRESERVED_SPECIMEN,
3346846388,Guizhou,Rhinolophus rouxii,Rhinolophus,Rhinolophidae,107.88,25.48,coordinate_spatial_join_from_blank_stateProvince,PRESERVED_SPECIMEN,
3346846387,Guizhou,Rhinolophus rex,Rhinolophus,Rhinolophidae,107.88,25.48,coordinate_spatial_join_from_blank_stateProvince,PRESERVED_SPECIMEN,
3346846384,Guizhou,Hipposideros pomona,Hipposideros,Hipposideridae,107.88,25.48,coordinate_spatial_join_from_blank_stateProvince,PRESERVED_SPECIMEN,
3346841245,Guizhou,Myotis mystacinus,Myotis,Vespertilionidae,107.88,25.48,coordinate_spatial_join_from_blank_stateProvince,PRESERVED_SPECIMEN,
3346841239,Guizhou,Rhinolophus rouxii,Rhinolophus,Rhinolophidae,107.88,25.48,coordinate_spatial_join_from_blank_stateProvince,PRESERVED_SPECIMEN,
3346841238,Guizhou,Rhinolophus rex,Rhinolophus,Rhinolophidae,107.88,25.48,coordinate_spatial_join_from_blank_stateProvince,PRESERVED_SPECIMEN,
3346841237,Guizhou,Myotis siligorensis,Myotis,Vespertilionidae,107.88,25.48,coordinate_spatial_join_from_blank_stateProvince,PRESERVED_SPECIMEN,
3346841235,Guizhou,Hipposideros larvatus,Hipposideros,Hipposideridae,107.88,25.48,coordinate_spatial_join_from_blank_stateProvince,PRESERVED_SPECIMEN,
3346841234,Guizhou,Harpiocephalus harpia,Harpiocephalus,Vespertilionidae,107.88,25.48,coordinate_spatial_join_from_blank_stateProvince,PRESERVED_SPECIMEN,
3346839606,Guizhou,Hipposideros larvatus,Hipposideros,Hipposideridae,107.88,25.48,coordinate_spatial_join_from_blank_stateProvince,PRESERVED_SPECIMEN,
3346839605,Guizhou,Hipposideros armiger,Hipposideros,Hipposideridae,107.88,25.48,coordinate_spatial_join_from_blank_stateProvince,PRESERVED_SPECIMEN,
3346831454,Guizhou,Rhinolophus pearsonii,Rhinolophus,Rhinolophidae,107.88,25.48,coordinate_spatial_join_from_blank_stateProvince,PRESERVED_SPECIMEN,
3346831450,Guizhou,Ia io,Ia,Vespertilionidae,107.88,25.48,coordinate_spatial_join_from_blank_stateProvince,PRESERVED_SPECIMEN,
3346826455,Guizhou,Rhinolophus rouxii,Rhinolophus,Rhinolophidae,107.88,25.48,coordinate_spatial_join_from_blank_stateProvince,PRESERVED_SPECIMEN,
3346826454,Guizhou,Rhinolophus rex,Rhinolophus,Rhinolophidae,107.88,25.48,coordinate_spatial_join_from_blank_stateProvince,PRESERVED_SPECIMEN,
3346826450,Guizhou,Hipposideros pomona,Hipposideros,Hipposideridae,107.88,25.48,coordinate_spatial_join_from_blank_stateProvince,PRESERVED_SPECIMEN,
3346826449,Guizhou,Hipposideros larvatus,Hipposideros,Hipposideridae,107.88,25.48,coordinate_spatial_join_from_blank_stateProvince,PRESERVED_SPECIMEN,
3346821467,Guangxi,Rhinolophus pearsonii,Rhinolophus,Rhinolophidae,107.89,21.85,coordinate_spatial_join_from_blank_stateProvince,PRESERVED_SPECIMEN,
3346820501,Guizhou,Rhinolophus pearsonii,Rhinolophus,Rhinolophidae,107.88,25.48,coordinate_spatial_join_from_blank_stateProvince,PRESERVED_SPECIMEN,
3346808266,Guangxi,Myotis muricola,Myotis,Vespertilionidae,105.98,23.08,coordinate_spatial_join_from_blank_stateProvince,PRESERVED_SPECIMEN,
3346808263,Guizhou,Aselliscus stoliczkanus,Aselliscus,Hipposideridae,107.88,25.48,coordinate_spatial_join_from_blank_stateProvince,PRESERVED_SPECIMEN,
3346803298,Guizhou,Rhinolophus macrotis,Rhinolophus,Rhinolophidae,107.88,25.48,coordinate_spatial_join_from_blank_stateProvince,PRESERVED_SPECIMEN,
3346798268,Guizhou,Rhinolophus rouxii,Rhinolophus,Rhinolophidae,107.88,25.48,coordinate_spatial_join_from_blank_stateProvince,PRESERVED_SPECIMEN,
3346798267,Guizhou,Rhinolophus rex,Rhinolophus,Rhinolophidae,107.88,25.48,coordinate_spatial_join_from_blank_stateProvince,PRESERVED_SPECIMEN,
3346798265,Guizhou,Myotis siligorensis,Myotis,Vespertilionidae,107.88,25.48,coordinate_spatial_join_from_blank_stateProvince,PRESERVED_SPECIMEN,
3346798262,Guizhou,Hipposideros larvatus,Hipposideros,Hipposideridae,107.88,25.48,coordinate_spatial_join_from_blank_stateProvince,PRESERVED_SPECIMEN,
3346788300,Guizhou,Rhinolophus rouxii,Rhinolophus,Rhinolophidae,107.88,25.48,coordinate_spatial_join_from_blank_stateProvince,PRESERVED_SPECIMEN,
3346788299,Guizhou,Rhinolophus rex,Rhinolophus,Rhinolophidae,107.88,25.48,coordinate_spatial_join_from_blank_stateProvince,PRESERVED_SPECIMEN,
3346788298,Guizhou,Myotis siligorensis,Myotis,Vespertilionidae,107.88,25.48,coordinate_spatial_join_from_blank_stateProvince,PRESERVED_SPECIMEN,
3346788296,Guizhou,Hipposideros larvatus,Hipposideros,Hipposideridae,107.88,25.48,coordinate_spatial_join_from_blank_stateProvince,PRESERVED_SPECIMEN,
3346745010,Guangxi,Sphaerias blanfordi,Sphaerias,Pteropodidae,105.97,23.12,coordinate_spatial_join_from_blank_stateProvince,PRESERVED_SPECIMEN,
3346745003,Guizhou,Rhinolophus pearsonii,Rhinolophus,Rhinolophidae,107.16,28.23,coordinate_spatial_join_from_blank_stateProvince,PRESERVED_SPECIMEN,
3346745002,Guizhou,Rhinolophus pearsonii,Rhinolophus,Rhinolophidae,107.58,29.17,coordinate_spatial_join_from_blank_stateProvince,PRESERVED_SPECIMEN,
3346744997,Guangxi,Rhinolophus thomasi,Rhinolophus,Rhinolophidae,107.89,21.85,coordinate_spatial_join_from_blank_stateProvince,PRESERVED_SPECIMEN,
3346744991,Guangxi,Rhinolophus affinis,Rhinolophus,Rhinolophidae,105.97,23.12,coordinate_spatial_join_from_blank_stateProvince,PRESERVED_SPECIMEN,
3346742984,Guangxi,Sphaerias blanfordi,Sphaerias,Pteropodidae,105.97,23.12,coordinate_spatial_join_from_blank_stateProvince,PRESERVED_SPECIMEN,
3346742967,Guangxi,Rhinolophus affinis,Rhinolophus,Rhinolophidae,105.97,23.12,coordinate_spatial_join_from_blank_stateProvince,PRESERVED_SPECIMEN,
3346742966,Guangxi,Rhinolophus affinis,Rhinolophus,Rhinolophidae,107.83,21.89,coordinate_spatial_join_from_blank_stateProvince,PRESERVED_SPECIMEN,
3346742945,Guangxi,Hipposideros pomona,Hipposideros,Hipposideridae,105.97,23.12,coordinate_spatial_join_from_blank_stateProvince,PRESERVED_SPECIMEN,
3346742940,Guizhou,Hipposideros armiger,Hipposideros,Hipposideridae,107.17,28.28,coordinate_spatial_join_from_blank_stateProvince,PRESERVED_SPECIMEN,
3346740988,Guangxi,Sphaerias blanfordi,Sphaerias,Pteropodidae,105.97,23.12,coordinate_spatial_join_from_blank_stateProvince,PRESERVED_SPECIMEN,
3346740975,Guangxi,Rhinolophus affinis,Rhinolophus,Rhinolophidae,107.89,21.85,coordinate_spatial_join_from_blank_stateProvince,PRESERVED_SPECIMEN,
3346739009,Guangxi,Sphaerias blanfordi,Sphaerias,Pteropodidae,105.97,23.12,coordinate_spatial_join_from_blank_stateProvince,PRESERVED_SPECIMEN,
3346739008,Guangxi,Scotomanes ornatus,Scotomanes,Vespertilionidae,107.89,21.85,coordinate_spatial_join_from_blank_stateProvince,PRESERVED_SPECIMEN,
3346739007,Guangxi,Rousettus leschenaultii,Rousettus,Pteropodidae,105.97,23.12,coordinate_spatial_join_from_blank_stateProvince,PRESERVED_SPECIMEN,
3346738999,Guizhou,Rhinolophus thomasi,Rhinolophus,Rhinolophidae,107.16,28.23,coordinate_spatial_join_from_blank_stateProvince,PRESERVED_SPECIMEN,
3346738996,Guangxi,Rhinolophus affinis,Rhinolophus,Rhinolophidae,105.97,23.12,coordinate_spatial_join_from_blank_stateProvince,PRESERVED_SPECIMEN,
3346733977,Guangxi,Sphaerias blanfordi,Sphaerias,Pteropodidae,105.97,23.12,coordinate_spatial_join_from_blank_stateProvince,PRESERVED_SPECIMEN,
3346733976,Guangxi,Rousettus leschenaultii,Rousettus,Pteropodidae,105.97,23.12,coordinate_spatial_join_from_blank_stateProvince,PRESERVED_SPECIMEN,
3346733965,Guangxi,Rhinolophus affinis,Rhinolophus,Rhinolophidae,105.97,23.12,coordinate_spatial_join_from_blank_stateProvince,PRESERVED_SPECIMEN,
3346733961,Guangxi,Pipistrellus coromandra,Pipistrellus,Vespertilionidae,105.97,23.12,coordinate_spatial_join_from_blank_stateProvince,PRESERVED_SPECIMEN,
3346729137,Guangxi,Sphaerias blanfordi,Sphaerias,Pteropodidae,105.97,23.12,coordinate_spatial_join_from_blank_stateProvince,PRESERVED_SPECIMEN,
3346729129,Guizhou,Rhinolophus pearsonii,Rhinolophus,Rhinolophidae,107.15,28.23,coordinate_spatial_join_from_blank_stateProvince,PRESERVED_SPECIMEN,
3346729118,Guangxi,Rhinolophus affinis,Rhinolophus,Rhinolophidae,107.83,21.89,coordinate_spatial_join_from_blank_stateProvince,PRESERVED_SPECIMEN,
3346729097,Guangxi,Hipposideros pomona,Hipposideros,Hipposideridae,105.97,23.12,coordinate_spatial_join_from_blank_stateProvince,PRESERVED_SPECIMEN,
3346729091,Guizhou,Hipposideros armiger,Hipposideros,Hipposideridae,107.17,28.28,coordinate_spatial_join_from_blank_stateProvince,PRESERVED_SPECIMEN,
3346727083,Guizhou,Rhinolophus pearsonii,Rhinolophus,Rhinolophidae,107.15,28.23,coordinate_spatial_join_from_blank_stateProvince,PRESERVED_SPECIMEN,
3346727082,Guizhou,Rhinolophus pearsonii,Rhinolophus,Rhinolophidae,107.58,29.17,coordinate_spatial_join_from_blank_stateProvince,PRESERVED_SPECIMEN,
3346727081,Guangxi,Rhinolophus pearsonii,Rhinolophus,Rhinolophidae,107.89,21.85,coordinate_spatial_join_from_blank_stateProvince,PRESERVED_SPECIMEN,
3346727077,Guangxi,Rhinolophus thomasi,Rhinolophus,Rhinolophidae,107.89,21.85,coordinate_spatial_join_from_blank_stateProvince,PRESERVED_SPECIMEN,
3346727073,Guangxi,Rhinolophus affinis,Rhinolophus,Rhinolophidae,105.97,23.12,coordinate_spatial_join_from_blank_stateProvince,PRESERVED_SPECIMEN,
3346727072,Guangxi,Rhinolophus affinis,Rhinolophus,Rhinolophidae,107.89,21.85,coordinate_spatial_join_from_blank_stateProvince,PRESERVED_SPECIMEN,
3346727067,Guizhou,Myotis pilosus,Myotis,Vespertilionidae,107.15,28.23,coordinate_spatial_join_from_blank_stateProvince,PRESERVED_SPECIMEN,
3346727064,Guangxi,Murina cyclotis,Murina,Vespertilionidae,105.97,23.12,coordinate_spatial_join_from_blank_stateProvince,PRESERVED_SPECIMEN,
3346726218,Guangxi,Scotomanes ornatus,Scotomanes,Vespertilionidae,107.89,21.85,coordinate_spatial_join_from_blank_stateProvince,PRESERVED_SPECIMEN,
3346726211,Guizhou,Rhinolophus pearsonii,Rhinolophus,Rhinolophidae,107.15,28.23,coordinate_spatial_join_from_blank_stateProvince,PRESERVED_SPECIMEN,
3346726210,Guangxi,Rhinolophus pearsonii,Rhinolophus,Rhinolophidae,107.89,21.85,coordinate_spatial_join_from_blank_stateProvince,PRESERVED_SPECIMEN,
3346726203,Guangxi,Rhinolophus affinis,Rhinolophus,Rhinolophidae,105.97,23.12,coordinate_spatial_join_from_blank_stateProvince,PRESERVED_SPECIMEN,
3346726202,Guangxi,Rhinolophus affinis,Rhinolophus,Rhinolophidae,107.89,21.85,coordinate_spatial_join_from_blank_stateProvince,PRESERVED_SPECIMEN,
3346726197,Guizhou,Myotis pilosus,Myotis,Vespertilionidae,107.15,28.23,coordinate_spatial_join_from_blank_stateProvince,PRESERVED_SPECIMEN,
3346724821,Guangxi,Rhinolophus affinis,Rhinolophus,Rhinolophidae,107.89,21.85,coordinate_spatial_join_from_blank_stateProvince,PRESERVED_SPECIMEN,
3346724815,Guangxi,Myotis montivagus,Myotis,Vespertilionidae,107.89,21.85,coordinate_spatial_join_from_blank_stateProvince,PRESERVED_SPECIMEN,
3346724814,Guizhou,Myotis muricola,Myotis,Vespertilionidae,107.58,29.17,coordinate_spatial_join_from_blank_stateProvince,PRESERVED_SPECIMEN,
3346722830,Guangxi,Sphaerias blanfordi,Sphaerias,Pteropodidae,105.97,23.12,coordinate_spatial_join_from_blank_stateProvince,PRESERVED_SPECIMEN,
3346722822,Guizhou,Rhinolophus pearsonii,Rhinolophus,Rhinolophidae,107.15,28.23,coordinate_spatial_join_from_blank_stateProvince,PRESERVED_SPECIMEN,
3346722821,Guizhou,Rhinolophus pearsonii,Rhinolophus,Rhinolophidae,107.58,29.17,coordinate_spatial_join_from_blank_stateProvince,PRESERVED_SPECIMEN,
3346722817,Guangxi,Rhinolophus thomasi,Rhinolophus,Rhinolophidae,107.89,21.85,coordinate_spatial_join_from_blank_stateProvince,PRESERVED_SPECIMEN,
3346722811,Guangxi,Rhinolophus affinis,Rhinolophus,Rhinolophidae,105.97,23.12,coordinate_spatial_join_from_blank_stateProvince,PRESERVED_SPECIMEN,
3346722810,Guangxi,Rhinolophus affinis,Rhinolophus,Rhinolophidae,105.97,23.12,coordinate_spatial_join_from_blank_stateProvince,PRESERVED_SPECIMEN,
3346722789,Guangxi,Hipposideros larvatus,Hipposideros,Hipposideridae,105.98,23.08,coordinate_spatial_join_from_blank_stateProvince,PRESERVED_SPECIMEN,
3346722783,Guangxi,Cynopterus sphinx,Cynopterus,Pteropodidae,105.97,23.12,coordinate_spatial_join_from_blank_stateProvince,PRESERVED_SPECIMEN,
3346695948,Guangxi,Sphaerias blanfordi,Sphaerias,Pteropodidae,105.97,23.12,coordinate_spatial_join_from_blank_stateProvince,PRESERVED_SPECIMEN,
3346695947,Guangxi,Rousettus leschenaultii,Rousettus,Pteropodidae,105.97,23.12,coordinate_spatial_join_from_blank_stateProvince,PRESERVED_SPECIMEN,
3346695936,Guangxi,Rhinolophus affinis,Rhinolophus,Rhinolophidae,105.97,23.12,coordinate_spatial_join_from_blank_stateProvince,PRESERVED_SPECIMEN,
3346695935,Guangxi,Rhinolophus affinis,Rhinolophus,Rhinolophidae,107.83,21.89,coordinate_spatial_join_from_blank_stateProvince,PRESERVED_SPECIMEN,
3346695932,Guangxi,Pipistrellus coromandra,Pipistrellus,Vespertilionidae,107.89,21.85,coordinate_spatial_join_from_blank_stateProvince,PRESERVED_SPECIMEN,
3346692073,Guangxi,Sphaerias blanfordi,Sphaerias,Pteropodidae,105.97,23.12,coordinate_spatial_join_from_blank_stateProvince,PRESERVED_SPECIMEN,
3346692065,Guizhou,Rhinolophus pearsonii,Rhinolophus,Rhinolophidae,107.15,28.23,coordinate_spatial_join_from_blank_stateProvince,PRESERVED_SPECIMEN,
3346692062,Guangxi,Rhinolophus macrotis,Rhinolophus,Rhinolophidae,105.98,23.08,coordinate_spatial_join_from_blank_stateProvince,PRESERVED_SPECIMEN,
3346692047,Guizhou,Myotis siligorensis,Myotis,Vespertilionidae,107.17,28.28,coordinate_spatial_join_from_blank_stateProvince,PRESERVED_SPECIMEN,
3346692032,Guangxi,Hipposideros pomona,Hipposideros,Hipposideridae,105.97,23.12,coordinate_spatial_join_from_blank_stateProvince,PRESERVED_SPECIMEN,
3346692026,Guizhou,Hipposideros armiger,Hipposideros,Hipposideridae,107.17,28.28,coordinate_spatial_join_from_blank_stateProvince,PRESERVED_SPECIMEN,
3346689867,Guangxi,Sphaerias blanfordi,Sphaerias,Pteropodidae,105.97,23.12,coordinate_spatial_join_from_blank_stateProvince,PRESERVED_SPECIMEN,
3346689865,Guangxi,Rousettus leschenaultii,Rousettus,Pteropodidae,105.97,23.12,coordinate_spatial_join_from_blank_stateProvince,PRESERVED_SPECIMEN,
3346689853,Guangxi,Rhinolophus affinis,Rhinolophus,Rhinolophidae,105.97,23.12,coordinate_spatial_join_from_blank_stateProvince,PRESERVED_SPECIMEN,
3346689846,Guangxi,Myotis muricola,Myotis,Vespertilionidae,107.89,21.85,coordinate_spatial_join_from_blank_stateProvince,PRESERVED_SPECIMEN,
3346688858,Guangxi,Rousettus leschenaultii,Rousettus,Pteropodidae,105.97,23.12,coordinate_spatial_join_from_blank_stateProvince,PRESERVED_SPECIMEN,
3346688851,Guangxi,Rhinolophus thomasi,Rhinolophus,Rhinolophidae,107.89,21.85,coordinate_spatial_join_from_blank_stateProvince,PRESERVED_SPECIMEN,
3346688848,Guangxi,Rhinolophus affinis,Rhinolophus,Rhinolophidae,107.89,21.85,coordinate_spatial_join_from_blank_stateProvince,PRESERVED_SPECIMEN,
3346688842,Guangxi,Myotis montivagus,Myotis,Vespertilionidae,107.89,21.85,coordinate_spatial_join_from_blank_stateProvince,PRESERVED_SPECIMEN,
3346688829,Guangxi,Kerivoula hardwickii,Kerivoula,Vespertilionidae,105.97,23.12,coordinate_spatial_join_from_blank_stateProvince,PRESERVED_SPECIMEN,
3346688819,Guangxi,Cynopterus sphinx,Cynopterus,Pteropodidae,105.97,23.12,coordinate_spatial_join_from_blank_stateProvince,PRESERVED_SPECIMEN,
3346687976,Guangxi,Sphaerias blanfordi,Sphaerias,Pteropodidae,105.97,23.12,coordinate_spatial_join_from_blank_stateProvince,PRESERVED_SPECIMEN,
3346687975,Guangxi,Rousettus leschenaultii,Rousettus,Pteropodidae,105.97,23.12,coordinate_spatial_join_from_blank_stateProvince,PRESERVED_SPECIMEN,
3346687973,Guangxi,Rhinolophus stheno,Rhinolophus,Rhinolophidae,105.97,23.12,coordinate_spatial_join_from_blank_stateProvince,PRESERVED_SPECIMEN,
3346687963,Guangxi,Rhinolophus affinis,Rhinolophus,Rhinolophidae,107.83,21.89,coordinate_spatial_join_from_blank_stateProvince,PRESERVED_SPECIMEN,
3346687960,Guangxi,Pipistrellus coromandra,Pipistrellus,Vespertilionidae,105.97,23.12,coordinate_spatial_join_from_blank_stateProvince,PRESERVED_SPECIMEN,
3346687952,Guangxi,Miniopterus magnater,Miniopterus,Vespertilionidae,107.89,21.85,coordinate_spatial_join_from_blank_stateProvince,PRESERVED_SPECIMEN,
3346686864,Guangxi,Sphaerias blanfordi,Sphaerias,Pteropodidae,105.97,23.12,coordinate_spatial_join_from_blank_stateProvince,PRESERVED_SPECIMEN,
3346686861,Guangxi,Rousettus leschenaultii,Rousettus,Pteropodidae,105.97,23.12,coordinate_spatial_join_from_blank_stateProvince,PRESERVED_SPECIMEN,
3346686856,Guizhou,Rhinolophus pearsonii,Rhinolophus,Rhinolophidae,107.58,29.17,coordinate_spatial_join_from_blank_stateProvince,PRESERVED_SPECIMEN,
3346686849,Guangxi,Rhinolophus affinis,Rhinolophus,Rhinolophidae,105.97,23.12,coordinate_spatial_join_from_blank_stateProvince,PRESERVED_SPECIMEN,
3346686848,Guangxi,Rhinolophus affinis,Rhinolophus,Rhinolophidae,107.89,21.85,coordinate_spatial_join_from_blank_stateProvince,PRESERVED_SPECIMEN,
3346685993,Guangxi,Sphaerias blanfordi,Sphaerias,Pteropodidae,105.97,23.12,coordinate_spatial_join_from_blank_stateProvince,PRESERVED_SPECIMEN,
3346685985,Guizhou,Rhinolophus pearsonii,Rhinolophus,Rhinolophidae,107.16,28.23,coordinate_spatial_join_from_blank_stateProvince,PRESERVED_SPECIMEN,
3346685984,Guizhou,Rhinolophus pearsonii,Rhinolophus,Rhinolophidae,107.59,29.12,coordinate_spatial_join_from_blank_stateProvince,PRESERVED_SPECIMEN,
3346685979,Guangxi,Rhinolophus thomasi,Rhinolophus,Rhinolophidae,107.89,21.85,coordinate_spatial_join_from_blank_stateProvince,PRESERVED_SPECIMEN,
3346685974,Guangxi,Rhinolophus affinis,Rhinolophus,Rhinolophidae,105.97,23.12,coordinate_spatial_join_from_blank_stateProvince,PRESERVED_SPECIMEN,
3346685973,Guangxi,Rhinolophus affinis,Rhinolophus,Rhinolophidae,105.97,23.12,coordinate_spatial_join_from_blank_stateProvince,PRESERVED_SPECIMEN,
3346685964,Guangxi,Murina cyclotis,Murina,Vespertilionidae,105.97,23.12,coordinate_spatial_join_from_blank_stateProvince,PRESERVED_SPECIMEN,
3346685951,Guangxi,Hipposideros larvatus,Hipposideros,Hipposideridae,107.83,21.89,coordinate_spatial_join_from_blank_stateProvince,PRESERVED_SPECIMEN,
3346684953,Guangxi,Sphaerias blanfordi,Sphaerias,Pteropodidae,105.97,23.12,coordinate_spatial_join_from_blank_stateProvince,PRESERVED_SPECIMEN,
3346684945,Guizhou,Rhinolophus pearsonii,Rhinolophus,Rhinolophidae,107.15,28.23,coordinate_spatial_join_from_blank_stateProvince,PRESERVED_SPECIMEN,
3346684944,Guizhou,Rhinolophus pearsonii,Rhinolophus,Rhinolophidae,107.58,29.17,coordinate_spatial_join_from_blank_stateProvince,PRESERVED_SPECIMEN,
3346684940,Guangxi,Rhinolophus thomasi,Rhinolophus,Rhinolophidae,107.89,21.85,coordinate_spatial_join_from_blank_stateProvince,PRESERVED_SPECIMEN,
3346684934,Guangxi,Rhinolophus affinis,Rhinolophus,Rhinolophidae,105.97,23.12,coordinate_spatial_join_from_blank_stateProvince,PRESERVED_SPECIMEN,
3346684933,Guangxi,Rhinolophus affinis,Rhinolophus,Rhinolophidae,105.97,23.12,coordinate_spatial_join_from_blank_stateProvince,PRESERVED_SPECIMEN,
3346684918,Guizhou,Hypsugo pulveratus,Hypsugo,Vespertilionidae,107.58,29.17,coordinate_spatial_join_from_blank_stateProvince,PRESERVED_SPECIMEN,
3346684912,Guangxi,Hipposideros larvatus,Hipposideros,Hipposideridae,105.98,23.08,coordinate_spatial_join_from_blank_stateProvince,PRESERVED_SPECIMEN,
3346680939,Guangxi,Sphaerias blanfordi,Sphaerias,Pteropodidae,105.97,23.12,coordinate_spatial_join_from_blank_stateProvince,PRESERVED_SPECIMEN,
3346680935,Guizhou,Rhinolophus xinanzhongguoensis,Rhinolophus,Rhinolophidae,107.15,28.23,coordinate_spatial_join_from_blank_stateProvince,PRESERVED_SPECIMEN,
3346680931,Guizhou,Rhinolophus pearsonii,Rhinolophus,Rhinolophidae,107.15,28.23,coordinate_spatial_join_from_blank_stateProvince,PRESERVED_SPECIMEN,
3346680930,Guizhou,Rhinolophus pearsonii,Rhinolophus,Rhinolophidae,107.58,29.17,coordinate_spatial_join_from_blank_stateProvince,PRESERVED_SPECIMEN,
3346680925,Guangxi,Rhinolophus thomasi,Rhinolophus,Rhinolophidae,107.89,21.85,coordinate_spatial_join_from_blank_stateProvince,PRESERVED_SPECIMEN,
3346680919,Guangxi,Rhinolophus affinis,Rhinolophus,Rhinolophidae,105.97,23.12,coordinate_spatial_join_from_blank_stateProvince,PRESERVED_SPECIMEN,
3346680912,Guizhou,Myotis siligorensis,Myotis,Vespertilionidae,107.15,28.23,coordinate_spatial_join_from_blank_stateProvince,PRESERVED_SPECIMEN,
3346680892,Guizhou,Hipposideros armiger,Hipposideros,Hipposideridae,107.17,28.28,coordinate_spatial_join_from_blank_stateProvince,PRESERVED_SPECIMEN,
3346675913,Guangxi,Rhinolophus thomasi,Rhinolophus,Rhinolophidae,107.89,21.85,coordinate_spatial_join_from_blank_stateProvince,PRESERVED_SPECIMEN,
3346675910,Guangxi,Rhinolophus affinis,Rhinolophus,Rhinolophidae,107.89,21.85,coordinate_spatial_join_from_blank_stateProvince,PRESERVED_SPECIMEN,
3346675904,Guangxi,Myotis montivagus,Myotis,Vespertilionidae,107.86,21.84,coordinate_spatial_join_from_blank_stateProvince,PRESERVED_SPECIMEN,
3346675880,Guangxi,Cynopterus sphinx,Cynopterus,Pteropodidae,105.97,23.12,coordinate_spatial_join_from_blank_stateProvince,PRESERVED_SPECIMEN,
3344081350,Guangdong,Cynopterus sphinx,Cynopterus,Pteropodidae,,,stateProvince,HUMAN_OBSERVATION,35.0
3333278326,Guangdong,Taphozous theobaldi,Taphozous,Emballonuridae,,,stateProvince,HUMAN_OBSERVATION,122.0
3327982913,Guangdong,Cynopterus sphinx,Cynopterus,Pteropodidae,,,stateProvince,HUMAN_OBSERVATION,224.0
3302494180,Guangdong,Cynopterus sphinx,Cynopterus,Pteropodidae,,,stateProvince,HUMAN_OBSERVATION,199.0
3302252174,Guangdong,Cynopterus sphinx,Cynopterus,Pteropodidae,,,stateProvince,HUMAN_OBSERVATION,202.0
3112770433,Guangdong,Cynopterus sphinx,Cynopterus,Pteropodidae,,,stateProvince,HUMAN_OBSERVATION,332.0
3058911339,Yunnan,Hipposideros gentilis,Hipposideros,Hipposideridae,,,stateProvince,HUMAN_OBSERVATION,
3058683470,Zhejiang,Rhinolophus affinis,Rhinolophus,Rhinolophidae,,,stateProvince,HUMAN_OBSERVATION,825.0
3044593544,Sichuan,Murina leucogaster,Murina,Vespertilionidae,,,stateProvince,HUMAN_OBSERVATION,5481.0
3028138896,Sichuan,Nyctalus noctula,Nyctalus,Vespertilionidae,,,stateProvince,MATERIAL_SAMPLE,
3028138348,Sichuan,Nyctalus noctula,Nyctalus,Vespertilionidae,,,stateProvince,MATERIAL_SAMPLE,
3028137393,Sichuan,Nyctalus noctula,Nyctalus,Vespertilionidae,,,stateProvince,MATERIAL_SAMPLE,
3028133550,Sichuan,Nyctalus noctula,Nyctalus,Vespertilionidae,,,stateProvince,MATERIAL_SAMPLE,
3028123686,Sichuan,Nyctalus noctula,Nyctalus,Vespertilionidae,,,stateProvince,MATERIAL_SAMPLE,
3028111437,Sichuan,Nyctalus noctula,Nyctalus,Vespertilionidae,,,stateProvince,MATERIAL_SAMPLE,
3028110422,Sichuan,Nyctalus noctula,Nyctalus,Vespertilionidae,,,stateProvince,MATERIAL_SAMPLE,
3028098659,Sichuan,Nyctalus noctula,Nyctalus,Vespertilionidae,,,stateProvince,MATERIAL_SAMPLE,
3028092043,Sichuan,Nyctalus noctula,Nyctalus,Vespertilionidae,,,stateProvince,MATERIAL_SAMPLE,
3028087755,Sichuan,Nyctalus noctula,Nyctalus,Vespertilionidae,,,stateProvince,MATERIAL_SAMPLE,
3028086814,Sichuan,Nyctalus noctula,Nyctalus,Vespertilionidae,,,stateProvince,MATERIAL_SAMPLE,
3028078450,Sichuan,Nyctalus noctula,Nyctalus,Vespertilionidae,,,stateProvince,MATERIAL_SAMPLE,
3028069531,Sichuan,Barbastella leucomelas,Barbastella,Vespertilionidae,,,stateProvince,MATERIAL_SAMPLE,
3028050620,Sichuan,Nyctalus noctula,Nyctalus,Vespertilionidae,,,stateProvince,MATERIAL_SAMPLE,
3028043460,Sichuan,Nyctalus noctula,Nyctalus,Vespertilionidae,,,stateProvince,MATERIAL_SAMPLE,
3028014558,Sichuan,Nyctalus noctula,Nyctalus,Vespertilionidae,,,stateProvince,MATERIAL_SAMPLE,
3028011307,Sichuan,Nyctalus noctula,Nyctalus,Vespertilionidae,,,stateProvince,MATERIAL_SAMPLE,
3028005990,Sichuan,Barbastella leucomelas,Barbastella,Vespertilionidae,,,stateProvince,MATERIAL_SAMPLE,
3027991171,Sichuan,Nyctalus noctula,Nyctalus,Vespertilionidae,,,stateProvince,MATERIAL_SAMPLE,
3027990696,Sichuan,Nyctalus noctula,Nyctalus,Vespertilionidae,,,stateProvince,MATERIAL_SAMPLE,
3027979311,Sichuan,Nyctalus noctula,Nyctalus,Vespertilionidae,,,stateProvince,MATERIAL_SAMPLE,
3027974249,Sichuan,Nyctalus noctula,Nyctalus,Vespertilionidae,,,stateProvince,MATERIAL_SAMPLE,
3027973573,Sichuan,Nyctalus noctula,Nyctalus,Vespertilionidae,,,stateProvince,MATERIAL_SAMPLE,
3027971429,Sichuan,Nyctalus noctula,Nyctalus,Vespertilionidae,,,stateProvince,MATERIAL_SAMPLE,
2898353133,Guangdong,Cynopterus sphinx,Cynopterus,Pteropodidae,,,stateProvince,HUMAN_OBSERVATION,199.0
2873966357,Guangdong,Cynopterus sphinx,Cynopterus,Pteropodidae,,,stateProvince,HUMAN_OBSERVATION,122.0
2864883370,Guangdong,Cynopterus sphinx,Cynopterus,Pteropodidae,,,stateProvince,HUMAN_OBSERVATION,15.0
2813317304,Guangxi,Murina harrisoni,Murina,Vespertilionidae,,,stateProvince,MATERIAL_CITATION,
2804501250,Yunnan,Aselliscus stoliczkanus,Aselliscus,Hipposideridae,,,stateProvince,PRESERVED_SPECIMEN,
2804500417,Yunnan,Miniopterus schreibersii,Miniopterus,Vespertilionidae,,,stateProvince,PRESERVED_SPECIMEN,
2804499408,Yunnan,Rousettus leschenaultii,Rousettus,Pteropodidae,,,stateProvince,PRESERVED_SPECIMEN,
2804499247,Yunnan,Rhinolophus rouxii,Rhinolophus,Rhinolophidae,,,stateProvince,PRESERVED_SPECIMEN,
2804499010,Yunnan,Hipposideros armiger,Hipposideros,Hipposideridae,,,stateProvince,PRESERVED_SPECIMEN,
2804498586,Yunnan,Taphozous theobaldi,Taphozous,Emballonuridae,,,stateProvince,PRESERVED_SPECIMEN,
2804498001,Yunnan,Rhinolophus rouxii,Rhinolophus,Rhinolophidae,,,stateProvince,PRESERVED_SPECIMEN,
2804497492,Yunnan,Taphozous theobaldi,Taphozous,Emballonuridae,,,stateProvince,PRESERVED_SPECIMEN,
2804496944,Yunnan,Aselliscus stoliczkanus,Aselliscus,Hipposideridae,,,stateProvince,PRESERVED_SPECIMEN,
2804496902,Yunnan,Rousettus leschenaultii,Rousettus,Pteropodidae,,,stateProvince,PRESERVED_SPECIMEN,
2804496614,Yunnan,Scotophilus heathii,Scotophilus,Vespertilionidae,,,stateProvince,PRESERVED_SPECIMEN,
2804495896,Yunnan,Hipposideros armiger,Hipposideros,Hipposideridae,,,stateProvince,PRESERVED_SPECIMEN,
2804495643,Yunnan,Scotophilus heathii,Scotophilus,Vespertilionidae,,,stateProvince,PRESERVED_SPECIMEN,
2804494587,Yunnan,Taphozous theobaldi,Taphozous,Emballonuridae,,,stateProvince,PRESERVED_SPECIMEN,
2804494392,Guangdong,Myotis daubentonii,Myotis,Vespertilionidae,,,stateProvince,PRESERVED_SPECIMEN,
2804494253,Yunnan,Rousettus leschenaultii,Rousettus,Pteropodidae,,,stateProvince,PRESERVED_SPECIMEN,
2804494152,Yunnan,Eptesicus serotinus,Eptesicus,Vespertilionidae,,,stateProvince,PRESERVED_SPECIMEN,
2804493377,Yunnan,Cynopterus sphinx,Cynopterus,Pteropodidae,,,stateProvince,PRESERVED_SPECIMEN,
2804492656,Yunnan,Pipistrellus abramus,Pipistrellus,Vespertilionidae,,,stateProvince,PRESERVED_SPECIMEN,
2804491611,Yunnan,Macroglossus sobrinus,Macroglossus,Pteropodidae,,,stateProvince,PRESERVED_SPECIMEN,
2804491515,Yunnan,Chaerephon plicatus,Chaerephon,Molossidae,,,stateProvince,PRESERVED_SPECIMEN,
2804491173,Yunnan,Hipposideros pomona,Hipposideros,Hipposideridae,,,stateProvince,PRESERVED_SPECIMEN,
2804490877,Yunnan,Taphozous melanopogon,Taphozous,Emballonuridae,101.36,24.49,coordinate_spatial_join_from_blank_stateProvince,PRESERVED_SPECIMEN,
2804490719,Yunnan,Taphozous melanopogon,Taphozous,Emballonuridae,101.36,24.49,coordinate_spatial_join_from_blank_stateProvince,PRESERVED_SPECIMEN,
2804490634,Yunnan,Cynopterus sphinx,Cynopterus,Pteropodidae,101.36,24.49,coordinate_spatial_join_from_blank_stateProvince,PRESERVED_SPECIMEN,
2804490411,Yunnan,Hipposideros armiger,Hipposideros,Hipposideridae,101.36,24.49,coordinate_spatial_join_from_blank_stateProvince,PRESERVED_SPECIMEN,
2804490192,Yunnan,Rhinolophus thomasi,Rhinolophus,Rhinolophidae,,,stateProvince,PRESERVED_SPECIMEN,
2804490012,Yunnan,Chaerephon plicatus,Chaerephon,Molossidae,,,stateProvince,PRESERVED_SPECIMEN,
2804489904,Guangdong,Hipposideros larvatus,Hipposideros,Hipposideridae,,,stateProvince,PRESERVED_SPECIMEN,
2804489715,Guangdong,Miniopterus magnater,Miniopterus,Vespertilionidae,,,stateProvince,PRESERVED_SPECIMEN,
2804489259,Yunnan,Rhinolophus rouxii,Rhinolophus,Rhinolophidae,,,stateProvince,PRESERVED_SPECIMEN,
2804488635,Yunnan,Hipposideros armiger,Hipposideros,Hipposideridae,,,stateProvince,PRESERVED_SPECIMEN,
2804488114,Yunnan,Rousettus leschenaultii,Rousettus,Pteropodidae,,,stateProvince,PRESERVED_SPECIMEN,
2804486699,Yunnan,Hipposideros armiger,Hipposideros,Hipposideridae,,,stateProvince,PRESERVED_SPECIMEN,
2804486640,Yunnan,Rhinolophus macrotis,Rhinolophus,Rhinolophidae,,,stateProvince,PRESERVED_SPECIMEN,
2804485696,Yunnan,Hipposideros armiger,Hipposideros,Hipposideridae,,,stateProvince,PRESERVED_SPECIMEN,
2804485338,Yunnan,Hipposideros armiger,Hipposideros,Hipposideridae,,,stateProvince,PRESERVED_SPECIMEN,20000.0
2804483802,Yunnan,Scotophilus heathii,Scotophilus,Vespertilionidae,,,stateProvince,PRESERVED_SPECIMEN,
2804483405,Yunnan,Hipposideros lylei,Hipposideros,Hipposideridae,,,stateProvince,PRESERVED_SPECIMEN,
2804482697,Yunnan,Pipistrellus coromandra,Pipistrellus,Vespertilionidae,,,stateProvince,PRESERVED_SPECIMEN,
2804482508,Yunnan,Hipposideros armiger,Hipposideros,Hipposideridae,,,stateProvince,PRESERVED_SPECIMEN,
2804482487,Yunnan,Lyroderma lyra,Lyroderma,Megadermatidae,,,stateProvince,PRESERVED_SPECIMEN,
2804481744,Yunnan,Macroglossus sobrinus,Macroglossus,Pteropodidae,,,stateProvince,PRESERVED_SPECIMEN,
2804480779,Yunnan,Rousettus leschenaultii,Rousettus,Pteropodidae,,,stateProvince,PRESERVED_SPECIMEN,
2804480375,Yunnan,Scotophilus heathii,Scotophilus,Vespertilionidae,,,stateProvince,PRESERVED_SPECIMEN,
2640444860,Yunnan,Pipistrellus coromandra,Pipistrellus,Vespertilionidae,,,stateProvince,HUMAN_OBSERVATION,
2640444857,Yunnan,Pipistrellus coromandra,Pipistrellus,Vespertilionidae,,,stateProvince,HUMAN_OBSERVATION,
2640444855,Yunnan,Murina feae,Murina,Vespertilionidae,,,stateProvince,HUMAN_OBSERVATION,
2640444853,Yunnan,Tylonycteris tonkinensis,Tylonycteris,Vespertilionidae,,,stateProvince,HUMAN_OBSERVATION,
2640444846,Yunnan,Pipistrellus coromandra,Pipistrellus,Vespertilionidae,,,stateProvince,HUMAN_OBSERVATION,
2640444844,Yunnan,Pipistrellus coromandra,Pipistrellus,Vespertilionidae,,,stateProvince,HUMAN_OBSERVATION,
2640444842,Yunnan,Murina cyclotis,Murina,Vespertilionidae,,,stateProvince,HUMAN_OBSERVATION,
2640444836,Yunnan,Miniopterus pusillus,Miniopterus,Vespertilionidae,,,stateProvince,HUMAN_OBSERVATION,
2640444833,Yunnan,Kerivoula dongduongana,Kerivoula,Vespertilionidae,,,stateProvince,HUMAN_OBSERVATION,
2640444830,Yunnan,Murina cyclotis,Murina,Vespertilionidae,,,stateProvince,HUMAN_OBSERVATION,
2640444827,Yunnan,Myotis montivagus,Myotis,Vespertilionidae,,,stateProvince,HUMAN_OBSERVATION,
2640444818,Yunnan,Rhinolophus perniger,Rhinolophus,Rhinolophidae,,,stateProvince,HUMAN_OBSERVATION,
2640444815,Yunnan,Rhinolophus perniger,Rhinolophus,Rhinolophidae,,,stateProvince,HUMAN_OBSERVATION,
2640444601,Yunnan,Myotis pilosus,Myotis,Vespertilionidae,,,stateProvince,HUMAN_OBSERVATION,
2640444597,Yunnan,Hipposideros armiger,Hipposideros,Hipposideridae,,,stateProvince,HUMAN_OBSERVATION,
2640444594,Yunnan,Rhinolophus affinis,Rhinolophus,Rhinolophidae,,,stateProvince,HUMAN_OBSERVATION,
2640444591,Yunnan,Myotis laniger,Myotis,Vespertilionidae,,,stateProvince,HUMAN_OBSERVATION,
2640444587,Yunnan,Myotis fimbriatus,Myotis,Vespertilionidae,,,stateProvince,HUMAN_OBSERVATION,
2640444583,Yunnan,Myotis fimbriatus,Myotis,Vespertilionidae,,,stateProvince,HUMAN_OBSERVATION,
2640444579,Yunnan,Myotis pilosus,Myotis,Vespertilionidae,,,stateProvince,HUMAN_OBSERVATION,
2640444574,Yunnan,Myotis fimbriatus,Myotis,Vespertilionidae,,,stateProvince,HUMAN_OBSERVATION,
2640444570,Yunnan,Miniopterus fuliginosus,Miniopterus,Vespertilionidae,,,stateProvince,HUMAN_OBSERVATION,
2640444566,Yunnan,Miniopterus fuliginosus,Miniopterus,Vespertilionidae,,,stateProvince,HUMAN_OBSERVATION,
2640444560,Yunnan,Myotis fimbriatus,Myotis,Vespertilionidae,,,stateProvince,HUMAN_OBSERVATION,
2640444555,Yunnan,Myotis pilosus,Myotis,Vespertilionidae,,,stateProvince,HUMAN_OBSERVATION,
2640444551,Yunnan,Miniopterus fuliginosus,Miniopterus,Vespertilionidae,,,stateProvince,HUMAN_OBSERVATION,
2640444548,Yunnan,Miniopterus fuliginosus,Miniopterus,Vespertilionidae,,,stateProvince,HUMAN_OBSERVATION,
2640444546,Yunnan,Rhinolophus sinicus,Rhinolophus,Rhinolophidae,,,stateProvince,HUMAN_OBSERVATION,
2640444541,Yunnan,Rhinolophus affinis,Rhinolophus,Rhinolophidae,,,stateProvince,HUMAN_OBSERVATION,
2640444536,Yunnan,Hypsugo pulveratus,Hypsugo,Vespertilionidae,,,stateProvince,HUMAN_OBSERVATION,
2640444531,Yunnan,Ia io,Ia,Vespertilionidae,,,stateProvince,HUMAN_OBSERVATION,
2640444522,Yunnan,Rhinolophus pusillus,Rhinolophus,Rhinolophidae,,,stateProvince,HUMAN_OBSERVATION,
2640444517,Yunnan,Rhinolophus osgoodi,Rhinolophus,Rhinolophidae,,,stateProvince,HUMAN_OBSERVATION,
2640444511,Yunnan,Rhinolophus osgoodi,Rhinolophus,Rhinolophidae,,,stateProvince,HUMAN_OBSERVATION,
2640444508,Yunnan,Myotis chinensis,Myotis,Vespertilionidae,,,stateProvince,HUMAN_OBSERVATION,
2640444503,Yunnan,Myotis chinensis,Myotis,Vespertilionidae,,,stateProvince,HUMAN_OBSERVATION,
2640444498,Yunnan,Myotis fimbriatus,Myotis,Vespertilionidae,,,stateProvince,HUMAN_OBSERVATION,
2640444494,Yunnan,Rhinolophus osgoodi,Rhinolophus,Rhinolophidae,,,stateProvince,HUMAN_OBSERVATION,
2640444486,Yunnan,Myotis pilosus,Myotis,Vespertilionidae,,,stateProvince,HUMAN_OBSERVATION,
2640444481,Yunnan,Myotis fimbriatus,Myotis,Vespertilionidae,,,stateProvince,HUMAN_OBSERVATION,
2640444476,Yunnan,Myotis chinensis,Myotis,Vespertilionidae,,,stateProvince,HUMAN_OBSERVATION,
2640444422,Yunnan,Rhinolophus episcopus,Rhinolophus,Rhinolophidae,,,stateProvince,HUMAN_OBSERVATION,
2640444415,Yunnan,Murina cyclotis,Murina,Vespertilionidae,,,stateProvince,HUMAN_OBSERVATION,
2640444405,Yunnan,Rhinolophus affinis,Rhinolophus,Rhinolophidae,,,stateProvince,HUMAN_OBSERVATION,
2640444403,Yunnan,Rhinolophus siamensis,Rhinolophus,Rhinolophidae,,,stateProvince,HUMAN_OBSERVATION,
2640444401,Yunnan,Myotis laniger,Myotis,Vespertilionidae,,,stateProvince,HUMAN_OBSERVATION,
2640444398,Yunnan,Rhinolophus osgoodi,Rhinolophus,Rhinolophidae,,,stateProvince,HUMAN_OBSERVATION,
2640444395,Yunnan,Rhinolophus osgoodi,Rhinolophus,Rhinolophidae,,,stateProvince,HUMAN_OBSERVATION,
2640444392,Yunnan,Myotis badius,Myotis,Vespertilionidae,,,stateProvince,HUMAN_OBSERVATION,
2640444389,Yunnan,Myotis laniger,Myotis,Vespertilionidae,,,stateProvince,HUMAN_OBSERVATION,
2640444387,Yunnan,Myotis badius,Myotis,Vespertilionidae,,,stateProvince,HUMAN_OBSERVATION,
2640444384,Yunnan,Rhinolophus osgoodi,Rhinolophus,Rhinolophidae,,,stateProvince,HUMAN_OBSERVATION,
2640444381,Yunnan,Rhinolophus osgoodi,Rhinolophus,Rhinolophidae,,,stateProvince,HUMAN_OBSERVATION,
2640444378,Yunnan,Rhinolophus osgoodi,Rhinolophus,Rhinolophidae,,,stateProvince,HUMAN_OBSERVATION,
2640444375,Yunnan,Myotis badius,Myotis,Vespertilionidae,,,stateProvince,HUMAN_OBSERVATION,
2640444372,Yunnan,Rhinolophus osgoodi,Rhinolophus,Rhinolophidae,,,stateProvince,HUMAN_OBSERVATION,
2640444369,Yunnan,Myotis badius,Myotis,Vespertilionidae,,,stateProvince,HUMAN_OBSERVATION,
2640444366,Yunnan,Rhinolophus episcopus,Rhinolophus,Rhinolophidae,,,stateProvince,HUMAN_OBSERVATION,
2640444363,Yunnan,Rhinolophus episcopus,Rhinolophus,Rhinolophidae,,,stateProvince,HUMAN_OBSERVATION,
2640444360,Yunnan,Myotis badius,Myotis,Vespertilionidae,,,stateProvince,HUMAN_OBSERVATION,
2640444357,Yunnan,Myotis badius,Myotis,Vespertilionidae,,,stateProvince,HUMAN_OBSERVATION,
2640444354,Yunnan,Rhinolophus episcopus,Rhinolophus,Rhinolophidae,,,stateProvince,HUMAN_OBSERVATION,
2640444351,Yunnan,Rhinolophus episcopus,Rhinolophus,Rhinolophidae,,,stateProvince,HUMAN_OBSERVATION,
2640444348,Yunnan,Rhinolophus episcopus,Rhinolophus,Rhinolophidae,,,stateProvince,HUMAN_OBSERVATION,
2640444345,Yunnan,Rhinolophus episcopus,Rhinolophus,Rhinolophidae,,,stateProvince,HUMAN_OBSERVATION,
2640444342,Yunnan,Rhinolophus episcopus,Rhinolophus,Rhinolophidae,,,stateProvince,HUMAN_OBSERVATION,
2640444339,Yunnan,Eptesicus pachyomus,Eptesicus,Vespertilionidae,,,stateProvince,HUMAN_OBSERVATION,
2640444336,Yunnan,Myotis laniger,Myotis,Vespertilionidae,,,stateProvince,HUMAN_OBSERVATION,
2640444333,Yunnan,Hypsugo pulveratus,Hypsugo,Vespertilionidae,,,stateProvince,HUMAN_OBSERVATION,
2640444329,Yunnan,Tadarida insignis,Tadarida,Molossidae,,,stateProvince,HUMAN_OBSERVATION,
2640444325,Yunnan,Eptesicus pachyomus,Eptesicus,Vespertilionidae,,,stateProvince,HUMAN_OBSERVATION,
2640444321,Yunnan,Rhinolophus sinicus,Rhinolophus,Rhinolophidae,,,stateProvince,HUMAN_OBSERVATION,
2640444318,Yunnan,Hypsugo pulveratus,Hypsugo,Vespertilionidae,,,stateProvince,HUMAN_OBSERVATION,
2640444314,Yunnan,Aselliscus stoliczkanus,Aselliscus,Hipposideridae,,,stateProvince,HUMAN_OBSERVATION,
2640444310,Yunnan,Tadarida insignis,Tadarida,Molossidae,,,stateProvince,HUMAN_OBSERVATION,
2640444306,Yunnan,Tadarida insignis,Tadarida,Molossidae,,,stateProvince,HUMAN_OBSERVATION,
2597685536,Zhejiang,Miniopterus fuliginosus,Miniopterus,Vespertilionidae,,,stateProvince,HUMAN_OBSERVATION,825.0
2580046776,Fujian,Miniopterus fuliginosus,Miniopterus,Vespertilionidae,,,stateProvince,PRESERVED_SPECIMEN,37049.0
2579357935,Yunnan,Hipposideros armiger,Hipposideros,Hipposideridae,,,stateProvince,HUMAN_OBSERVATION,356.0
2579228725,Guangdong,Cynopterus sphinx,Cynopterus,Pteropodidae,,,stateProvince,HUMAN_OBSERVATION,30258.0
2576347500,Guangdong,Cynopterus sphinx,Cynopterus,Pteropodidae,,,stateProvince,HUMAN_OBSERVATION,132.0
2573926610,Guangdong,Hipposideros gentilis,Hipposideros,Hipposideridae,,,stateProvince,HUMAN_OBSERVATION,8663.0
2573912542,Guangdong,Hipposideros armiger,Hipposideros,Hipposideridae,,,stateProvince,HUMAN_OBSERVATION,8663.0
2465320059,Guangdong,Cynopterus sphinx,Cynopterus,Pteropodidae,,,stateProvince,HUMAN_OBSERVATION,795.0
2456541590,Guangdong,Rousettus leschenaultii,Rousettus,Pteropodidae,,,stateProvince,HUMAN_OBSERVATION,30278.0
2451750756,Guangdong,Rousettus leschenaultii,Rousettus,Pteropodidae,,,stateProvince,HUMAN_OBSERVATION,122.0
2451681078,Guangdong,Cynopterus sphinx,Cynopterus,Pteropodidae,,,stateProvince,HUMAN_OBSERVATION,106.0
2447977497,Guangdong,Rousettus leschenaultii,Rousettus,Pteropodidae,,,stateProvince,HUMAN_OBSERVATION,344.0
2447976259,Guangdong,Cynopterus sphinx,Cynopterus,Pteropodidae,,,stateProvince,HUMAN_OBSERVATION,344.0
2447976078,Guangdong,Cynopterus sphinx,Cynopterus,Pteropodidae,,,stateProvince,HUMAN_OBSERVATION,344.0
2447959785,Guangdong,Cynopterus sphinx,Cynopterus,Pteropodidae,,,stateProvince,HUMAN_OBSERVATION,503.0
2447959501,Guangdong,Rousettus leschenaultii,Rousettus,Pteropodidae,,,stateProvince,HUMAN_OBSERVATION,503.0
2447933935,Guangdong,Cynopterus sphinx,Cynopterus,Pteropodidae,,,stateProvince,HUMAN_OBSERVATION,268.0
2444850784,Guangxi,Pipistrellus abramus,Pipistrellus,Vespertilionidae,,,stateProvince,PRESERVED_SPECIMEN,1000.0
2444850767,Guangxi,Pipistrellus abramus,Pipistrellus,Vespertilionidae,,,stateProvince,PRESERVED_SPECIMEN,1000.0
2444850755,Guangxi,Pipistrellus abramus,Pipistrellus,Vespertilionidae,,,stateProvince,PRESERVED_SPECIMEN,1000.0
2429576411,Guangxi,Hipposideros gentilis,Hipposideros,Hipposideridae,,,stateProvince,HUMAN_OBSERVATION,2019.0
2249818976,Fujian,Miniopterus fuliginosus,Miniopterus,Vespertilionidae,119.73,25.43,coordinate_spatial_join_from_blank_stateProvince,MATERIAL_SAMPLE,
2249817607,Anhui,Miniopterus fuliginosus,Miniopterus,Vespertilionidae,118.3,31.0,coordinate_spatial_join_from_blank_stateProvince,MATERIAL_SAMPLE,
2249817270,Yunnan,Miniopterus fuliginosus,Miniopterus,Vespertilionidae,102.43,24.56,coordinate_spatial_join_from_blank_stateProvince,MATERIAL_SAMPLE,
2249817234,Yunnan,Miniopterus fuliginosus,Miniopterus,Vespertilionidae,98.49,25.02,coordinate_spatial_join_from_blank_stateProvince,MATERIAL_SAMPLE,
2249815933,Sichuan,Miniopterus fuliginosus,Miniopterus,Vespertilionidae,107.75,31.19,coordinate_spatial_join_from_blank_stateProvince,MATERIAL_SAMPLE,
2249815893,Yunnan,Miniopterus fuliginosus,Miniopterus,Vespertilionidae,102.28,23.54,coordinate_spatial_join_from_blank_stateProvince,MATERIAL_SAMPLE,
2249815323,Yunnan,Miniopterus fuliginosus,Miniopterus,Vespertilionidae,104.09,26.04,coordinate_spatial_join_from_blank_stateProvince,MATERIAL_SAMPLE,
2249814990,Zhejiang,Miniopterus fuliginosus,Miniopterus,Vespertilionidae,120.01,30.1,coordinate_spatial_join_from_blank_stateProvince,MATERIAL_SAMPLE,
2249814619,Guangdong,Miniopterus magnater,Miniopterus,Vespertilionidae,111.94,22.44,coordinate_spatial_join_from_blank_stateProvince,MATERIAL_SAMPLE,
2249814523,Zhejiang,Miniopterus fuliginosus,Miniopterus,Vespertilionidae,120.01,30.1,coordinate_spatial_join_from_blank_stateProvince,MATERIAL_SAMPLE,
2249803174,Guizhou,Thainycteris aureocollaris,Thainycteris,Vespertilionidae,107.88,25.48,coordinate_spatial_join_from_blank_stateProvince,MATERIAL_SAMPLE,
2248508633,Guangxi,Murina cyclotis,Murina,Vespertilionidae,,,stateProvince,MATERIAL_SAMPLE,
2248508513,Guangxi,Murina leucogaster,Murina,Vespertilionidae,,,stateProvince,MATERIAL_SAMPLE,
2248508231,Guangxi,Murina cyclotis,Murina,Vespertilionidae,,,stateProvince,MATERIAL_SAMPLE,
2248508046,Guangxi,Murina cyclotis,Murina,Vespertilionidae,,,stateProvince,MATERIAL_SAMPLE,
2248507771,Guangxi,Murina cyclotis,Murina,Vespertilionidae,,,stateProvince,MATERIAL_SAMPLE,
2248507705,Guangxi,Cynopterus sphinx,Cynopterus,Pteropodidae,107.89,21.85,coordinate_spatial_join_from_blank_stateProvince,MATERIAL_SAMPLE,
2248507668,Guangxi,Murina tubinaris,Murina,Vespertilionidae,,,stateProvince,MATERIAL_SAMPLE,
2248507425,Guangxi,Murina cyclotis,Murina,Vespertilionidae,,,stateProvince,MATERIAL_SAMPLE,
2248507280,Guangxi,Murina cyclotis,Murina,Vespertilionidae,,,stateProvince,MATERIAL_SAMPLE,
2248507241,Guangxi,Murina cyclotis,Murina,Vespertilionidae,,,stateProvince,MATERIAL_SAMPLE,
2248507219,Guangxi,Murina cyclotis,Murina,Vespertilionidae,,,stateProvince,MATERIAL_SAMPLE,
2248507161,Guangxi,Murina cyclotis,Murina,Vespertilionidae,,,stateProvince,MATERIAL_SAMPLE,
2248507140,Guangxi,Murina cyclotis,Murina,Vespertilionidae,,,stateProvince,MATERIAL_SAMPLE,
2248507113,Guangxi,Murina tubinaris,Murina,Vespertilionidae,,,stateProvince,MATERIAL_SAMPLE,
2248507104,Guangxi,Murina cyclotis,Murina,Vespertilionidae,,,stateProvince,MATERIAL_SAMPLE,
2248506942,Guangxi,Murina eleryi,Murina,Vespertilionidae,,,stateProvince,MATERIAL_SAMPLE,
2248506925,Guangxi,Murina eleryi,Murina,Vespertilionidae,,,stateProvince,MATERIAL_SAMPLE,
2248506924,Guangxi,Murina cyclotis,Murina,Vespertilionidae,,,stateProvince,MATERIAL_SAMPLE,
2248506920,Guangxi,Murina leucogaster,Murina,Vespertilionidae,,,stateProvince,MATERIAL_SAMPLE,
2248506847,Guangxi,Murina eleryi,Murina,Vespertilionidae,,,stateProvince,MATERIAL_SAMPLE,
2248506810,Guangxi,Murina cyclotis,Murina,Vespertilionidae,,,stateProvince,MATERIAL_SAMPLE,
2248506696,Guangxi,Murina cyclotis,Murina,Vespertilionidae,,,stateProvince,MATERIAL_SAMPLE,
2248506692,Guangxi,Murina tubinaris,Murina,Vespertilionidae,,,stateProvince,MATERIAL_SAMPLE,
2248506654,Guangxi,Murina cyclotis,Murina,Vespertilionidae,,,stateProvince,MATERIAL_SAMPLE,
2248506623,Guangxi,Murina cyclotis,Murina,Vespertilionidae,,,stateProvince,MATERIAL_SAMPLE,
2248506573,Guangxi,Murina tubinaris,Murina,Vespertilionidae,,,stateProvince,MATERIAL_SAMPLE,
2248506561,Guangxi,Murina cyclotis,Murina,Vespertilionidae,,,stateProvince,MATERIAL_SAMPLE,
2248506545,Guangxi,Murina leucogaster,Murina,Vespertilionidae,,,stateProvince,MATERIAL_SAMPLE,
2248506531,Guangxi,Murina tubinaris,Murina,Vespertilionidae,,,stateProvince,MATERIAL_SAMPLE,
2248506429,Guangxi,Murina cyclotis,Murina,Vespertilionidae,,,stateProvince,MATERIAL_SAMPLE,
2248506418,Guangxi,Murina leucogaster,Murina,Vespertilionidae,,,stateProvince,MATERIAL_SAMPLE,
2248506400,Guangxi,Murina cyclotis,Murina,Vespertilionidae,,,stateProvince,MATERIAL_SAMPLE,
2248506372,Guangxi,Murina cyclotis,Murina,Vespertilionidae,,,stateProvince,MATERIAL_SAMPLE,
2248506353,Guangxi,Murina cyclotis,Murina,Vespertilionidae,,,stateProvince,MATERIAL_SAMPLE,
2248506278,Guangxi,Murina leucogaster,Murina,Vespertilionidae,,,stateProvince,MATERIAL_SAMPLE,
2248506273,Guangxi,Murina tubinaris,Murina,Vespertilionidae,,,stateProvince,MATERIAL_SAMPLE,
2248506132,Guangxi,Murina cyclotis,Murina,Vespertilionidae,,,stateProvince,MATERIAL_SAMPLE,
2248506113,Guangxi,Murina cyclotis,Murina,Vespertilionidae,,,stateProvince,MATERIAL_SAMPLE,
2248506033,Guangxi,Harpiocephalus harpia,Harpiocephalus,Vespertilionidae,,,stateProvince,MATERIAL_SAMPLE,
2248506027,Guangxi,Murina cyclotis,Murina,Vespertilionidae,,,stateProvince,MATERIAL_SAMPLE,
2248505999,Guangxi,Cynopterus sphinx,Cynopterus,Pteropodidae,107.89,21.85,coordinate_spatial_join_from_blank_stateProvince,MATERIAL_SAMPLE,
2248505899,Guangxi,Murina leucogaster,Murina,Vespertilionidae,,,stateProvince,MATERIAL_SAMPLE,
2248505888,Guangxi,Murina cyclotis,Murina,Vespertilionidae,,,stateProvince,MATERIAL_SAMPLE,
2248505881,Guangxi,Murina cyclotis,Murina,Vespertilionidae,,,stateProvince,MATERIAL_SAMPLE,
2248505839,Guangxi,Murina tubinaris,Murina,Vespertilionidae,,,stateProvince,MATERIAL_SAMPLE,
2248505834,Guangxi,Murina tubinaris,Murina,Vespertilionidae,,,stateProvince,MATERIAL_SAMPLE,
2248505810,Guangxi,Harpiocephalus harpia,Harpiocephalus,Vespertilionidae,,,stateProvince,MATERIAL_SAMPLE,
2248505743,Guangxi,Murina cyclotis,Murina,Vespertilionidae,,,stateProvince,MATERIAL_SAMPLE,
2248505738,Guangxi,Murina leucogaster,Murina,Vespertilionidae,,,stateProvince,MATERIAL_SAMPLE,
2248505680,Guangxi,Murina cyclotis,Murina,Vespertilionidae,,,stateProvince,MATERIAL_SAMPLE,
2248505663,Guangxi,Murina cyclotis,Murina,Vespertilionidae,,,stateProvince,MATERIAL_SAMPLE,
2248505657,Guangxi,Murina cyclotis,Murina,Vespertilionidae,,,stateProvince,MATERIAL_SAMPLE,
2248505646,Guangxi,Murina cyclotis,Murina,Vespertilionidae,,,stateProvince,MATERIAL_SAMPLE,
2248505640,Guangxi,Murina cyclotis,Murina,Vespertilionidae,,,stateProvince,MATERIAL_SAMPLE,
2248505568,Guangxi,Murina cyclotis,Murina,Vespertilionidae,,,stateProvince,MATERIAL_SAMPLE,
2248505451,Guangxi,Murina cyclotis,Murina,Vespertilionidae,,,stateProvince,MATERIAL_SAMPLE,
2248505391,Guangxi,Harpiocephalus harpia,Harpiocephalus,Vespertilionidae,,,stateProvince,MATERIAL_SAMPLE,
2248505388,Guangxi,Cynopterus sphinx,Cynopterus,Pteropodidae,107.89,21.85,coordinate_spatial_join_from_blank_stateProvince,MATERIAL_SAMPLE,
2248505371,Guangxi,Murina tubinaris,Murina,Vespertilionidae,,,stateProvince,MATERIAL_SAMPLE,
2248505313,Guangxi,Cynopterus sphinx,Cynopterus,Pteropodidae,107.89,21.85,coordinate_spatial_join_from_blank_stateProvince,MATERIAL_SAMPLE,
2248505101,Guangxi,Cynopterus sphinx,Cynopterus,Pteropodidae,107.89,21.85,coordinate_spatial_join_from_blank_stateProvince,MATERIAL_SAMPLE,
2248505094,Guangxi,Murina cyclotis,Murina,Vespertilionidae,,,stateProvince,MATERIAL_SAMPLE,
2248505074,Guangxi,Murina cyclotis,Murina,Vespertilionidae,,,stateProvince,MATERIAL_SAMPLE,
2248505073,Guangxi,Murina leucogaster,Murina,Vespertilionidae,,,stateProvince,MATERIAL_SAMPLE,
2248505068,Guangxi,Murina cyclotis,Murina,Vespertilionidae,,,stateProvince,MATERIAL_SAMPLE,
2248505064,Guangxi,Harpiocephalus harpia,Harpiocephalus,Vespertilionidae,,,stateProvince,MATERIAL_SAMPLE,
2248504872,Guangxi,Murina tubinaris,Murina,Vespertilionidae,,,stateProvince,MATERIAL_SAMPLE,
2248504842,Guangxi,Murina cyclotis,Murina,Vespertilionidae,,,stateProvince,MATERIAL_SAMPLE,
2248504676,Guangxi,Murina cyclotis,Murina,Vespertilionidae,,,stateProvince,MATERIAL_SAMPLE,
2248504642,Guangxi,Murina cyclotis,Murina,Vespertilionidae,,,stateProvince,MATERIAL_SAMPLE,
2248504548,Guangxi,Murina cyclotis,Murina,Vespertilionidae,,,stateProvince,MATERIAL_SAMPLE,
2248504384,Guangxi,Murina tubinaris,Murina,Vespertilionidae,,,stateProvince,MATERIAL_SAMPLE,
2248504066,Guangxi,Murina leucogaster,Murina,Vespertilionidae,,,stateProvince,MATERIAL_SAMPLE,
2248504029,Guangxi,Cynopterus sphinx,Cynopterus,Pteropodidae,107.89,21.85,coordinate_spatial_join_from_blank_stateProvince,MATERIAL_SAMPLE,
2248503912,Guangxi,Murina eleryi,Murina,Vespertilionidae,,,stateProvince,MATERIAL_SAMPLE,
2248503003,Guangxi,Cynopterus sphinx,Cynopterus,Pteropodidae,107.89,21.85,coordinate_spatial_join_from_blank_stateProvince,MATERIAL_SAMPLE,
2248485568,Guizhou,Hipposideros pomona,Hipposideros,Hipposideridae,,,stateProvince,MATERIAL_SAMPLE,
2248485125,Guangxi,Cynopterus sphinx,Cynopterus,Pteropodidae,,,stateProvince,MATERIAL_SAMPLE,
2248485119,Guizhou,Rhinolophus sinicus,Rhinolophus,Rhinolophidae,,,stateProvince,MATERIAL_SAMPLE,
2248485100,Guangxi,Sphaerias blanfordi,Sphaerias,Pteropodidae,,,stateProvince,MATERIAL_SAMPLE,
2248485023,Guangxi,Rousettus leschenaultii,Rousettus,Pteropodidae,,,stateProvince,MATERIAL_SAMPLE,
2248484929,Guangxi,Rousettus leschenaultii,Rousettus,Pteropodidae,,,stateProvince,MATERIAL_SAMPLE,
2248484861,Guangxi,Cynopterus sphinx,Cynopterus,Pteropodidae,,,stateProvince,MATERIAL_SAMPLE,
2248484844,Guangxi,Sphaerias blanfordi,Sphaerias,Pteropodidae,,,stateProvince,MATERIAL_SAMPLE,
2248484771,Guizhou,Aselliscus stoliczkanus,Aselliscus,Hipposideridae,,,stateProvince,MATERIAL_SAMPLE,
2248484761,Guizhou,Rhinolophus sinicus,Rhinolophus,Rhinolophidae,,,stateProvince,MATERIAL_SAMPLE,
2248484746,Guangxi,Cynopterus sphinx,Cynopterus,Pteropodidae,,,stateProvince,MATERIAL_SAMPLE,
2248484669,Guangxi,Rousettus leschenaultii,Rousettus,Pteropodidae,,,stateProvince,MATERIAL_SAMPLE,
2248484649,Guangxi,Sphaerias blanfordi,Sphaerias,Pteropodidae,,,stateProvince,MATERIAL_SAMPLE,
2248484631,Guangxi,Rousettus leschenaultii,Rousettus,Pteropodidae,,,stateProvince,MATERIAL_SAMPLE,
2248484571,Guangxi,Rhinolophus affinis,Rhinolophus,Rhinolophidae,,,stateProvince,MATERIAL_SAMPLE,
2248484566,Guangxi,Sphaerias blanfordi,Sphaerias,Pteropodidae,,,stateProvince,MATERIAL_SAMPLE,
2248484548,Guizhou,Rhinolophus sinicus,Rhinolophus,Rhinolophidae,,,stateProvince,MATERIAL_SAMPLE,
2248484545,Guangxi,Rhinolophus affinis,Rhinolophus,Rhinolophidae,,,stateProvince,MATERIAL_SAMPLE,
2248484520,Guangxi,Rhinolophus affinis,Rhinolophus,Rhinolophidae,,,stateProvince,MATERIAL_SAMPLE,
2248484507,Guangxi,Cynopterus sphinx,Cynopterus,Pteropodidae,,,stateProvince,MATERIAL_SAMPLE,
2248484482,Guangxi,Rousettus leschenaultii,Rousettus,Pteropodidae,,,stateProvince,MATERIAL_SAMPLE,
2248484469,Guangxi,Sphaerias blanfordi,Sphaerias,Pteropodidae,,,stateProvince,MATERIAL_SAMPLE,
2248484462,Guangxi,Rousettus leschenaultii,Rousettus,Pteropodidae,,,stateProvince,MATERIAL_SAMPLE,
2248484457,Guangxi,Cynopterus sphinx,Cynopterus,Pteropodidae,,,stateProvince,MATERIAL_SAMPLE,
2248484438,Guangxi,Rhinolophus pearsonii,Rhinolophus,Rhinolophidae,,,stateProvince,MATERIAL_SAMPLE,
2248484418,Guizhou,Rhinolophus sinicus,Rhinolophus,Rhinolophidae,,,stateProvince,MATERIAL_SAMPLE,
2248484411,Guangxi,Cynopterus sphinx,Cynopterus,Pteropodidae,,,stateProvince,MATERIAL_SAMPLE,
2248484401,Guangxi,Sphaerias blanfordi,Sphaerias,Pteropodidae,,,stateProvince,MATERIAL_SAMPLE,
2248484400,Guangxi,Hipposideros armiger,Hipposideros,Hipposideridae,,,stateProvince,MATERIAL_SAMPLE,
2248484387,Guizhou,Hipposideros armiger,Hipposideros,Hipposideridae,,,stateProvince,MATERIAL_SAMPLE,
2248484374,Guangxi,Rhinolophus affinis,Rhinolophus,Rhinolophidae,,,stateProvince,MATERIAL_SAMPLE,
2248484370,Guizhou,Lyroderma lyra,Lyroderma,Megadermatidae,,,stateProvince,MATERIAL_SAMPLE,
2248484356,Guizhou,Ia io,Ia,Vespertilionidae,,,stateProvince,MATERIAL_SAMPLE,
2248484348,Guangxi,Rhinolophus affinis,Rhinolophus,Rhinolophidae,,,stateProvince,MATERIAL_SAMPLE,
2248484343,Guangxi,Rhinolophus pearsonii,Rhinolophus,Rhinolophidae,,,stateProvince,MATERIAL_SAMPLE,
2248484339,Guangxi,Rhinolophus affinis,Rhinolophus,Rhinolophidae,,,stateProvince,MATERIAL_SAMPLE,
2248484330,Guangxi,Rhinolophus affinis,Rhinolophus,Rhinolophidae,,,stateProvince,MATERIAL_SAMPLE,
2248484313,Guangxi,Cynopterus sphinx,Cynopterus,Pteropodidae,,,stateProvince,MATERIAL_SAMPLE,
2248484312,Guangxi,Rhinolophus affinis,Rhinolophus,Rhinolophidae,,,stateProvince,MATERIAL_SAMPLE,
2248484308,Guizhou,Hipposideros armiger,Hipposideros,Hipposideridae,,,stateProvince,MATERIAL_SAMPLE,
2248484307,Guizhou,Rhinolophus pearsonii,Rhinolophus,Rhinolophidae,,,stateProvince,MATERIAL_SAMPLE,
2248484283,Guangxi,Rousettus leschenaultii,Rousettus,Pteropodidae,,,stateProvince,MATERIAL_SAMPLE,
2248484275,Guizhou,Hipposideros pomona,Hipposideros,Hipposideridae,,,stateProvince,MATERIAL_SAMPLE,
2248484274,Guangxi,Myotis montivagus,Myotis,Vespertilionidae,,,stateProvince,MATERIAL_SAMPLE,
2248484272,Guangxi,Rhinolophus affinis,Rhinolophus,Rhinolophidae,107.83,21.89,coordinate_spatial_join_from_blank_stateProvince,MATERIAL_SAMPLE,
2248484257,Guangxi,Rhinolophus pearsonii,Rhinolophus,Rhinolophidae,,,stateProvince,MATERIAL_SAMPLE,
2248484239,Guangxi,Pipistrellus javanicus,Pipistrellus,Vespertilionidae,,,stateProvince,MATERIAL_SAMPLE,
2248484208,Guangxi,Myotis montivagus,Myotis,Vespertilionidae,,,stateProvince,MATERIAL_SAMPLE,
2248484206,Guizhou,Rhinolophus sinicus,Rhinolophus,Rhinolophidae,,,stateProvince,MATERIAL_SAMPLE,
2248484167,Guangxi,Rhinolophus affinis,Rhinolophus,Rhinolophidae,,,stateProvince,MATERIAL_SAMPLE,
2248484160,Guizhou,Murina eleryi,Murina,Vespertilionidae,,,stateProvince,MATERIAL_SAMPLE,
2248484157,Guizhou,Rhinolophus sinicus,Rhinolophus,Rhinolophidae,,,stateProvince,MATERIAL_SAMPLE,
2248484156,Guangxi,Sphaerias blanfordi,Sphaerias,Pteropodidae,,,stateProvince,MATERIAL_SAMPLE,
2248484155,Guangxi,Rhinolophus pearsonii,Rhinolophus,Rhinolophidae,,,stateProvince,MATERIAL_SAMPLE,
2248484152,Guangxi,Rhinolophus stheno,Rhinolophus,Rhinolophidae,,,stateProvince,MATERIAL_SAMPLE,
2248484147,Guizhou,Rhinolophus sinicus,Rhinolophus,Rhinolophidae,,,stateProvince,MATERIAL_SAMPLE,
2248484140,Guangxi,Rhinolophus affinis,Rhinolophus,Rhinolophidae,,,stateProvince,MATERIAL_SAMPLE,
2248484130,Guangxi,Cynopterus sphinx,Cynopterus,Pteropodidae,,,stateProvince,MATERIAL_SAMPLE,
2248484116,Guangxi,Hipposideros pomona,Hipposideros,Hipposideridae,,,stateProvince,MATERIAL_SAMPLE,
2248484115,Guangxi,Scotomanes ornatus,Scotomanes,Vespertilionidae,,,stateProvince,MATERIAL_SAMPLE,
2248484108,Guizhou,Rhinolophus sinicus,Rhinolophus,Rhinolophidae,,,stateProvince,MATERIAL_SAMPLE,
2248484095,Guangxi,Rhinolophus pearsonii,Rhinolophus,Rhinolophidae,,,stateProvince,MATERIAL_SAMPLE,
2248484094,Guangxi,Myotis siligorensis,Myotis,Vespertilionidae,105.98,23.08,coordinate_spatial_join_from_blank_stateProvince,MATERIAL_SAMPLE,
2248484088,Guizhou,Rhinolophus sinicus,Rhinolophus,Rhinolophidae,,,stateProvince,MATERIAL_SAMPLE,
2248484083,Guangxi,Rhinolophus pearsonii,Rhinolophus,Rhinolophidae,,,stateProvince,MATERIAL_SAMPLE,
2248484082,Guangxi,Rhinolophus sinicus,Rhinolophus,Rhinolophidae,,,stateProvince,MATERIAL_SAMPLE,
2248484081,Guizhou,Rhinolophus sinicus,Rhinolophus,Rhinolophidae,,,stateProvince,MATERIAL_SAMPLE,
2248484071,Guangxi,Rhinolophus pearsonii,Rhinolophus,Rhinolophidae,,,stateProvince,MATERIAL_SAMPLE,
2248484069,Guizhou,Aselliscus stoliczkanus,Aselliscus,Hipposideridae,,,stateProvince,MATERIAL_SAMPLE,
2248484061,Guizhou,Rhinolophus sinicus,Rhinolophus,Rhinolophidae,,,stateProvince,MATERIAL_SAMPLE,
2248484058,Guangxi,Rousettus leschenaultii,Rousettus,Pteropodidae,,,stateProvince,MATERIAL_SAMPLE,
2248484049,Guizhou,Rhinolophus pearsonii,Rhinolophus,Rhinolophidae,,,stateProvince,MATERIAL_SAMPLE,
2248484038,Guangxi,Rhinolophus affinis,Rhinolophus,Rhinolophidae,,,stateProvince,MATERIAL_SAMPLE,
2248484019,Guizhou,Myotis siligorensis,Myotis,Vespertilionidae,,,stateProvince,MATERIAL_SAMPLE,
2248484009,Guizhou,Harpiocephalus harpia,Harpiocephalus,Vespertilionidae,,,stateProvince,MATERIAL_SAMPLE,
2248483997,Guangxi,Sphaerias blanfordi,Sphaerias,Pteropodidae,,,stateProvince,MATERIAL_SAMPLE,
2248483996,Guangxi,Miniopterus magnater,Miniopterus,Vespertilionidae,,,stateProvince,MATERIAL_SAMPLE,
2248483995,Guangxi,Scotomanes ornatus,Scotomanes,Vespertilionidae,,,stateProvince,MATERIAL_SAMPLE,
2248483982,Guangxi,Sphaerias blanfordi,Sphaerias,Pteropodidae,,,stateProvince,MATERIAL_SAMPLE,
2248483975,Guangxi,Cynopterus sphinx,Cynopterus,Pteropodidae,,,stateProvince,MATERIAL_SAMPLE,
2248483972,Guangxi,Rhinolophus pearsonii,Rhinolophus,Rhinolophidae,,,stateProvince,MATERIAL_SAMPLE,
2248483960,Guangxi,Rhinolophus affinis,Rhinolophus,Rhinolophidae,,,stateProvince,MATERIAL_SAMPLE,
2248483958,Guangxi,Rhinolophus sinicus,Rhinolophus,Rhinolophidae,,,stateProvince,MATERIAL_SAMPLE,
2248483944,Guizhou,Hipposideros armiger,Hipposideros,Hipposideridae,,,stateProvince,MATERIAL_SAMPLE,
2248483938,Guangxi,Rhinolophus affinis,Rhinolophus,Rhinolophidae,,,stateProvince,MATERIAL_SAMPLE,
2248483925,Guangxi,Rhinolophus affinis,Rhinolophus,Rhinolophidae,,,stateProvince,MATERIAL_SAMPLE,
2248483918,Guangxi,Rhinolophus affinis,Rhinolophus,Rhinolophidae,,,stateProvince,MATERIAL_SAMPLE,
2248483907,Guangxi,Myotis montivagus,Myotis,Vespertilionidae,,,stateProvince,MATERIAL_SAMPLE,
2248483906,Guizhou,Ia io,Ia,Vespertilionidae,,,stateProvince,MATERIAL_SAMPLE,
2248483905,Guizhou,Rhinolophus sinicus,Rhinolophus,Rhinolophidae,,,stateProvince,MATERIAL_SAMPLE,
2248483895,Guangxi,Rousettus leschenaultii,Rousettus,Pteropodidae,,,stateProvince,MATERIAL_SAMPLE,
2248483882,Guangxi,Myotis siligorensis,Myotis,Vespertilionidae,105.98,23.08,coordinate_spatial_join_from_blank_stateProvince,MATERIAL_SAMPLE,
2248483881,Guizhou,Myotis siligorensis,Myotis,Vespertilionidae,,,stateProvince,MATERIAL_SAMPLE,
2248483878,Guizhou,Aselliscus stoliczkanus,Aselliscus,Hipposideridae,,,stateProvince,MATERIAL_SAMPLE,
2248483876,Guizhou,Hipposideros armiger,Hipposideros,Hipposideridae,,,stateProvince,MATERIAL_SAMPLE,
2248483875,Guangxi,Cynopterus sphinx,Cynopterus,Pteropodidae,,,stateProvince,MATERIAL_SAMPLE,
2248483857,Guangxi,Rhinolophus affinis,Rhinolophus,Rhinolophidae,,,stateProvince,MATERIAL_SAMPLE,
2248483845,Guangxi,Cynopterus sphinx,Cynopterus,Pteropodidae,,,stateProvince,MATERIAL_SAMPLE,
2248483839,Guangxi,Rhinolophus affinis,Rhinolophus,Rhinolophidae,105.97,23.12,coordinate_spatial_join_from_blank_stateProvince,MATERIAL_SAMPLE,
2248483804,Guizhou,Rhinolophus pearsonii,Rhinolophus,Rhinolophidae,,,stateProvince,MATERIAL_SAMPLE,
2248483781,Guangxi,Rhinolophus affinis,Rhinolophus,Rhinolophidae,,,stateProvince,MATERIAL_SAMPLE,
2248483780,Guizhou,Myotis siligorensis,Myotis,Vespertilionidae,,,stateProvince,MATERIAL_SAMPLE,
2248483779,Guizhou,Rhinolophus sinicus,Rhinolophus,Rhinolophidae,,,stateProvince,MATERIAL_SAMPLE,
2248483778,Guangxi,Rhinolophus sinicus,Rhinolophus,Rhinolophidae,,,stateProvince,MATERIAL_SAMPLE,
2248483773,Guangxi,Rhinolophus affinis,Rhinolophus,Rhinolophidae,,,stateProvince,MATERIAL_SAMPLE,
2248483768,Guangxi,Hipposideros pomona,Hipposideros,Hipposideridae,,,stateProvince,MATERIAL_SAMPLE,
2248483767,Guangxi,Rhinolophus affinis,Rhinolophus,Rhinolophidae,,,stateProvince,MATERIAL_SAMPLE,
2248483759,Guangxi,Rhinolophus affinis,Rhinolophus,Rhinolophidae,,,stateProvince,MATERIAL_SAMPLE,
2248483752,Guangxi,Rhinolophus affinis,Rhinolophus,Rhinolophidae,,,stateProvince,MATERIAL_SAMPLE,
2248483744,Guizhou,Rhinolophus pearsonii,Rhinolophus,Rhinolophidae,,,stateProvince,MATERIAL_SAMPLE,
2248483742,Guangxi,Rousettus leschenaultii,Rousettus,Pteropodidae,,,stateProvince,MATERIAL_SAMPLE,
2248483740,Guangxi,Sphaerias blanfordi,Sphaerias,Pteropodidae,,,stateProvince,MATERIAL_SAMPLE,
2248483732,Guizhou,Hipposideros armiger,Hipposideros,Hipposideridae,,,stateProvince,MATERIAL_SAMPLE,
2248483722,Guangxi,Rhinolophus affinis,Rhinolophus,Rhinolophidae,,,stateProvince,MATERIAL_SAMPLE,
2248483719,Guangxi,Sphaerias blanfordi,Sphaerias,Pteropodidae,,,stateProvince,MATERIAL_SAMPLE,
2248483716,Guangxi,Scotomanes ornatus,Scotomanes,Vespertilionidae,,,stateProvince,MATERIAL_SAMPLE,
2248483706,Guangxi,Rhinolophus sinicus,Rhinolophus,Rhinolophidae,,,stateProvince,MATERIAL_SAMPLE,
2248483702,Guangxi,Myotis montivagus,Myotis,Vespertilionidae,,,stateProvince,MATERIAL_SAMPLE,
2248483700,Guangxi,Sphaerias blanfordi,Sphaerias,Pteropodidae,,,stateProvince,MATERIAL_SAMPLE,
2248483698,Guangxi,Sphaerias blanfordi,Sphaerias,Pteropodidae,,,stateProvince,MATERIAL_SAMPLE,
2248483689,Guangxi,Rhinolophus pearsonii,Rhinolophus,Rhinolophidae,,,stateProvince,MATERIAL_SAMPLE,
2248483682,Guangxi,Sphaerias blanfordi,Sphaerias,Pteropodidae,,,stateProvince,MATERIAL_SAMPLE,
2248483681,Guangxi,Rousettus leschenaultii,Rousettus,Pteropodidae,,,stateProvince,MATERIAL_SAMPLE,
2248483661,Guizhou,Rhinolophus sinicus,Rhinolophus,Rhinolophidae,,,stateProvince,MATERIAL_SAMPLE,
2248483638,Guangxi,Rousettus leschenaultii,Rousettus,Pteropodidae,,,stateProvince,MATERIAL_SAMPLE,
2248483634,Guangxi,Hipposideros pomona,Hipposideros,Hipposideridae,,,stateProvince,MATERIAL_SAMPLE,
2248483626,Guangxi,Cynopterus sphinx,Cynopterus,Pteropodidae,,,stateProvince,MATERIAL_SAMPLE,
2248483622,Guangxi,Rhinolophus affinis,Rhinolophus,Rhinolophidae,,,stateProvince,MATERIAL_SAMPLE,
2248483620,Guizhou,Harpiocephalus harpia,Harpiocephalus,Vespertilionidae,,,stateProvince,MATERIAL_SAMPLE,
2248483618,Guangxi,Rousettus leschenaultii,Rousettus,Pteropodidae,,,stateProvince,MATERIAL_SAMPLE,
2248483617,Guangxi,Rhinolophus affinis,Rhinolophus,Rhinolophidae,105.97,23.12,coordinate_spatial_join_from_blank_stateProvince,MATERIAL_SAMPLE,
2248483616,Guangxi,Rhinolophus affinis,Rhinolophus,Rhinolophidae,,,stateProvince,MATERIAL_SAMPLE,
2248483591,Guangxi,Myotis siligorensis,Myotis,Vespertilionidae,,,stateProvince,MATERIAL_SAMPLE,
2248483586,Guangxi,Miniopterus fuliginosus,Miniopterus,Vespertilionidae,,,stateProvince,MATERIAL_SAMPLE,
2248483581,Guizhou,Miniopterus fuliginosus,Miniopterus,Vespertilionidae,,,stateProvince,MATERIAL_SAMPLE,
2248483572,Guizhou,Aselliscus stoliczkanus,Aselliscus,Hipposideridae,,,stateProvince,MATERIAL_SAMPLE,
2248483566,Guizhou,Aselliscus stoliczkanus,Aselliscus,Hipposideridae,,,stateProvince,MATERIAL_SAMPLE,
2248483563,Guangxi,Rhinolophus affinis,Rhinolophus,Rhinolophidae,,,stateProvince,MATERIAL_SAMPLE,
2248483556,Guangxi,Rhinolophus affinis,Rhinolophus,Rhinolophidae,,,stateProvince,MATERIAL_SAMPLE,
2248483555,Guangxi,Rhinolophus sinicus,Rhinolophus,Rhinolophidae,,,stateProvince,MATERIAL_SAMPLE,
2248483554,Guangxi,Cynopterus sphinx,Cynopterus,Pteropodidae,,,stateProvince,MATERIAL_SAMPLE,
2248483553,Guangxi,Rousettus leschenaultii,Rousettus,Pteropodidae,,,stateProvince,MATERIAL_SAMPLE,
2248483545,Guizhou,Myotis pilosus,Myotis,Vespertilionidae,,,stateProvince,MATERIAL_SAMPLE,
2248483527,Guizhou,Rhinolophus luctus,Rhinolophus,Rhinolophidae,,,stateProvince,MATERIAL_SAMPLE,
2248483519,Guangxi,Rhinolophus pearsonii,Rhinolophus,Rhinolophidae,,,stateProvince,MATERIAL_SAMPLE,
2248483517,Guangxi,Sphaerias blanfordi,Sphaerias,Pteropodidae,,,stateProvince,MATERIAL_SAMPLE,
2248483509,Guangxi,Rhinolophus stheno,Rhinolophus,Rhinolophidae,,,stateProvince,MATERIAL_SAMPLE,
2248483505,Guangxi,Rousettus leschenaultii,Rousettus,Pteropodidae,,,stateProvince,MATERIAL_SAMPLE,
2248483494,Guizhou,Murina shuipuensis,Murina,Vespertilionidae,,,stateProvince,MATERIAL_SAMPLE,
2248483473,Guangxi,Rhinolophus affinis,Rhinolophus,Rhinolophidae,105.97,23.12,coordinate_spatial_join_from_blank_stateProvince,MATERIAL_SAMPLE,
2248483463,Guizhou,Rhinolophus sinicus,Rhinolophus,Rhinolophidae,,,stateProvince,MATERIAL_SAMPLE,
2248483460,Guizhou,Rhinolophus pearsonii,Rhinolophus,Rhinolophidae,,,stateProvince,MATERIAL_SAMPLE,
2248483455,Guangxi,Myotis horsfieldii,Myotis,Vespertilionidae,107.89,21.85,coordinate_spatial_join_from_blank_stateProvince,MATERIAL_SAMPLE,
2248483443,Guangxi,Rhinolophus affinis,Rhinolophus,Rhinolophidae,,,stateProvince,MATERIAL_SAMPLE,
2248483439,Guizhou,Myotis altarium,Myotis,Vespertilionidae,,,stateProvince,MATERIAL_SAMPLE,
2248483437,Guizhou,Rhinolophus pearsonii,Rhinolophus,Rhinolophidae,,,stateProvince,MATERIAL_SAMPLE,
2248483434,Guangxi,Cynopterus sphinx,Cynopterus,Pteropodidae,,,stateProvince,MATERIAL_SAMPLE,
2248483433,Guangxi,Rhinolophus affinis,Rhinolophus,Rhinolophidae,,,stateProvince,MATERIAL_SAMPLE,
2248483420,Guangxi,Rhinolophus pearsonii,Rhinolophus,Rhinolophidae,,,stateProvince,MATERIAL_SAMPLE,
2248483411,Guizhou,Hipposideros pomona,Hipposideros,Hipposideridae,,,stateProvince,MATERIAL_SAMPLE,
2248483407,Guangxi,Sphaerias blanfordi,Sphaerias,Pteropodidae,,,stateProvince,MATERIAL_SAMPLE,
2248483397,Guangxi,Sphaerias blanfordi,Sphaerias,Pteropodidae,,,stateProvince,MATERIAL_SAMPLE,
2248483382,Guizhou,Aselliscus stoliczkanus,Aselliscus,Hipposideridae,,,stateProvince,MATERIAL_SAMPLE,
2248483380,Guangxi,Rhinolophus sinicus,Rhinolophus,Rhinolophidae,,,stateProvince,MATERIAL_SAMPLE,
2248483378,Guizhou,Murina eleryi,Murina,Vespertilionidae,,,stateProvince,MATERIAL_SAMPLE,
2248483376,Guangxi,Rhinolophus sinicus,Rhinolophus,Rhinolophidae,,,stateProvince,MATERIAL_SAMPLE,
2248483375,Guangxi,Cynopterus sphinx,Cynopterus,Pteropodidae,,,stateProvince,MATERIAL_SAMPLE,
2248483374,Guangxi,Rhinolophus affinis,Rhinolophus,Rhinolophidae,,,stateProvince,MATERIAL_SAMPLE,
2248483369,Guangxi,Rhinolophus affinis,Rhinolophus,Rhinolophidae,,,stateProvince,MATERIAL_SAMPLE,
2248483361,Guangxi,Rhinolophus affinis,Rhinolophus,Rhinolophidae,,,stateProvince,MATERIAL_SAMPLE,
2248483358,Guizhou,Rhinolophus pearsonii,Rhinolophus,Rhinolophidae,,,stateProvince,MATERIAL_SAMPLE,
2248483357,Guangxi,Rhinolophus affinis,Rhinolophus,Rhinolophidae,,,stateProvince,MATERIAL_SAMPLE,
2248483355,Guangxi,Rhinolophus affinis,Rhinolophus,Rhinolophidae,,,stateProvince,MATERIAL_SAMPLE,
2248483342,Guangxi,Cynopterus sphinx,Cynopterus,Pteropodidae,,,stateProvince,MATERIAL_SAMPLE,
2248483340,Guizhou,Rhinolophus pearsonii,Rhinolophus,Rhinolophidae,,,stateProvince,MATERIAL_SAMPLE,
2248483333,Guizhou,Rhinolophus pearsonii,Rhinolophus,Rhinolophidae,,,stateProvince,MATERIAL_SAMPLE,
2248483313,Guizhou,Rhinolophus pearsonii,Rhinolophus,Rhinolophidae,,,stateProvince,MATERIAL_SAMPLE,
2248483312,Guizhou,Myotis siligorensis,Myotis,Vespertilionidae,,,stateProvince,MATERIAL_SAMPLE,
2248483285,Guizhou,Rhinolophus pearsonii,Rhinolophus,Rhinolophidae,,,stateProvince,MATERIAL_SAMPLE,
2248483280,Guangxi,Scotomanes ornatus,Scotomanes,Vespertilionidae,,,stateProvince,MATERIAL_SAMPLE,
2248483277,Guizhou,Rhinolophus pearsonii,Rhinolophus,Rhinolophidae,,,stateProvince,MATERIAL_SAMPLE,
2248483272,Guizhou,Rhinolophus macrotis,Rhinolophus,Rhinolophidae,,,stateProvince,MATERIAL_SAMPLE,
2248483263,Guangxi,Rhinolophus affinis,Rhinolophus,Rhinolophidae,,,stateProvince,MATERIAL_SAMPLE,
2248483239,Guangxi,Rhinolophus affinis,Rhinolophus,Rhinolophidae,,,stateProvince,MATERIAL_SAMPLE,
2248483235,Guizhou,Murina eleryi,Murina,Vespertilionidae,,,stateProvince,MATERIAL_SAMPLE,
2248483234,Guangxi,Rhinolophus affinis,Rhinolophus,Rhinolophidae,,,stateProvince,MATERIAL_SAMPLE,
2248483232,Guizhou,Rhinolophus sinicus,Rhinolophus,Rhinolophidae,,,stateProvince,MATERIAL_SAMPLE,
2248483226,Guangxi,Rhinolophus affinis,Rhinolophus,Rhinolophidae,,,stateProvince,MATERIAL_SAMPLE,
2248483218,Guizhou,Rhinolophus sinicus,Rhinolophus,Rhinolophidae,,,stateProvince,MATERIAL_SAMPLE,
2248483205,Guangxi,Rhinolophus affinis,Rhinolophus,Rhinolophidae,,,stateProvince,MATERIAL_SAMPLE,
2248483195,Guizhou,Myotis siligorensis,Myotis,Vespertilionidae,,,stateProvince,MATERIAL_SAMPLE,
2248483185,Guangxi,Cynopterus sphinx,Cynopterus,Pteropodidae,,,stateProvince,MATERIAL_SAMPLE,
2248483178,Guangxi,Rhinolophus affinis,Rhinolophus,Rhinolophidae,,,stateProvince,MATERIAL_SAMPLE,
2248483146,Guangxi,Sphaerias blanfordi,Sphaerias,Pteropodidae,,,stateProvince,MATERIAL_SAMPLE,
2248483143,Guizhou,Rhinolophus pearsonii,Rhinolophus,Rhinolophidae,,,stateProvince,MATERIAL_SAMPLE,
2248483142,Guizhou,Rhinolophus xinanzhongguoensis,Rhinolophus,Rhinolophidae,,,stateProvince,MATERIAL_SAMPLE,
2248483132,Guangxi,Rhinolophus sinicus,Rhinolophus,Rhinolophidae,,,stateProvince,MATERIAL_SAMPLE,
2248483128,Guangxi,Pipistrellus javanicus,Pipistrellus,Vespertilionidae,,,stateProvince,MATERIAL_SAMPLE,
2248483110,Guizhou,Myotis pilosus,Myotis,Vespertilionidae,,,stateProvince,MATERIAL_SAMPLE,
2248483101,Guizhou,Hipposideros armiger,Hipposideros,Hipposideridae,,,stateProvince,MATERIAL_SAMPLE,
2248483086,Guizhou,Rhinolophus pearsonii,Rhinolophus,Rhinolophidae,,,stateProvince,MATERIAL_SAMPLE,
2248483078,Guizhou,Myotis pilosus,Myotis,Vespertilionidae,,,stateProvince,MATERIAL_SAMPLE,
2248483071,Guangxi,Rhinolophus sinicus,Rhinolophus,Rhinolophidae,,,stateProvince,MATERIAL_SAMPLE,
2248483061,Guangxi,Rousettus leschenaultii,Rousettus,Pteropodidae,,,stateProvince,MATERIAL_SAMPLE,
2248483057,Guangxi,Cynopterus sphinx,Cynopterus,Pteropodidae,,,stateProvince,MATERIAL_SAMPLE,
2248483050,Guangxi,Rhinolophus pearsonii,Rhinolophus,Rhinolophidae,107.89,21.85,coordinate_spatial_join_from_blank_stateProvince,MATERIAL_SAMPLE,
2248483039,Guangxi,Scotomanes ornatus,Scotomanes,Vespertilionidae,,,stateProvince,MATERIAL_SAMPLE,
2248483021,Guangxi,Rhinolophus affinis,Rhinolophus,Rhinolophidae,,,stateProvince,MATERIAL_SAMPLE,
2248483016,Guangxi,Rhinolophus affinis,Rhinolophus,Rhinolophidae,,,stateProvince,MATERIAL_SAMPLE,
2248482996,Guangxi,Rhinolophus luctus,Rhinolophus,Rhinolophidae,107.89,21.85,coordinate_spatial_join_from_blank_stateProvince,MATERIAL_SAMPLE,
2248482982,Guizhou,Myotis siligorensis,Myotis,Vespertilionidae,,,stateProvince,MATERIAL_SAMPLE,
2248482978,Guangxi,Rhinolophus affinis,Rhinolophus,Rhinolophidae,,,stateProvince,MATERIAL_SAMPLE,
2248482975,Guangxi,Rhinolophus sinicus,Rhinolophus,Rhinolophidae,,,stateProvince,MATERIAL_SAMPLE,
2248482964,Guizhou,Hypsugo pulveratus,Hypsugo,Vespertilionidae,,,stateProvince,MATERIAL_SAMPLE,
2248482956,Guangxi,Myotis montivagus,Myotis,Vespertilionidae,,,stateProvince,MATERIAL_SAMPLE,
2248482955,Guangxi,Cynopterus sphinx,Cynopterus,Pteropodidae,,,stateProvince,MATERIAL_SAMPLE,
2248482949,Guangxi,Rhinolophus affinis,Rhinolophus,Rhinolophidae,,,stateProvince,MATERIAL_SAMPLE,
2248482947,Guizhou,Rhinolophus pearsonii,Rhinolophus,Rhinolophidae,,,stateProvince,MATERIAL_SAMPLE,
2248482904,Guizhou,Rhinolophus pearsonii,Rhinolophus,Rhinolophidae,,,stateProvince,MATERIAL_SAMPLE,
2248482901,Guangxi,Rhinolophus affinis,Rhinolophus,Rhinolophidae,,,stateProvince,MATERIAL_SAMPLE,
2248482888,Guizhou,Ia io,Ia,Vespertilionidae,,,stateProvince,MATERIAL_SAMPLE,
2248482886,Guangxi,Rhinolophus affinis,Rhinolophus,Rhinolophidae,,,stateProvince,MATERIAL_SAMPLE,
2248482884,Guizhou,Rhinolophus pearsonii,Rhinolophus,Rhinolophidae,,,stateProvince,MATERIAL_SAMPLE,
2248482818,Guizhou,Rhinolophus pearsonii,Rhinolophus,Rhinolophidae,,,stateProvince,MATERIAL_SAMPLE,
2248482817,Guizhou,Rhinolophus pearsonii,Rhinolophus,Rhinolophidae,,,stateProvince,MATERIAL_SAMPLE,
2248482813,Guangxi,Myotis montivagus,Myotis,Vespertilionidae,,,stateProvince,MATERIAL_SAMPLE,
2248482810,Guizhou,Hipposideros armiger,Hipposideros,Hipposideridae,,,stateProvince,MATERIAL_SAMPLE,
2248482766,Guizhou,Rhinolophus sinicus,Rhinolophus,Rhinolophidae,,,stateProvince,MATERIAL_SAMPLE,
2248482729,Guizhou,Rhinolophus pearsonii,Rhinolophus,Rhinolophidae,,,stateProvince,MATERIAL_SAMPLE,
2248482723,Guangxi,Pipistrellus javanicus,Pipistrellus,Vespertilionidae,,,stateProvince,MATERIAL_SAMPLE,
2248482672,Guizhou,Rhinolophus pearsonii,Rhinolophus,Rhinolophidae,,,stateProvince,MATERIAL_SAMPLE,
2248482607,Guizhou,Myotis annatessae,Myotis,Vespertilionidae,,,stateProvince,MATERIAL_SAMPLE,
2248482573,Guizhou,Myotis siligorensis,Myotis,Vespertilionidae,,,stateProvince,MATERIAL_SAMPLE,
2248482526,Guizhou,Rhinolophus pearsonii,Rhinolophus,Rhinolophidae,,,stateProvince,MATERIAL_SAMPLE,
2248482518,Guizhou,Rhinolophus pearsonii,Rhinolophus,Rhinolophidae,,,stateProvince,MATERIAL_SAMPLE,
2248482517,Guizhou,Rhinolophus sinicus,Rhinolophus,Rhinolophidae,,,stateProvince,MATERIAL_SAMPLE,
2248482516,Guangxi,Murina eleryi,Murina,Vespertilionidae,,,stateProvince,MATERIAL_SAMPLE,
2248482177,Guizhou,Rhinolophus pearsonii,Rhinolophus,Rhinolophidae,,,stateProvince,MATERIAL_SAMPLE,
2248482138,Guangxi,Murina cyclotis,Murina,Vespertilionidae,,,stateProvince,MATERIAL_SAMPLE,
2248481866,Guangxi,Murina leucogaster,Murina,Vespertilionidae,,,stateProvince,MATERIAL_SAMPLE,
2248481734,Guangxi,Phoniscus jagorii,Phoniscus,Vespertilionidae,,,stateProvince,MATERIAL_SAMPLE,
2248481515,Guangxi,Murina harrisoni,Murina,Vespertilionidae,,,stateProvince,MATERIAL_SAMPLE,
2248481496,Guangxi,Murina eleryi,Murina,Vespertilionidae,,,stateProvince,MATERIAL_SAMPLE,
2248481471,Guangxi,Murina leucogaster,Murina,Vespertilionidae,,,stateProvince,MATERIAL_SAMPLE,
2248481446,Guangxi,Murina cyclotis,Murina,Vespertilionidae,,,stateProvince,MATERIAL_SAMPLE,
2248481374,Guangxi,Murina chrysochaetes,Murina,Vespertilionidae,,,stateProvince,MATERIAL_SAMPLE,
2248481368,Guangxi,Murina cyclotis,Murina,Vespertilionidae,,,stateProvince,MATERIAL_SAMPLE,
2248481270,Guangxi,Murina cyclotis,Murina,Vespertilionidae,,,stateProvince,MATERIAL_SAMPLE,
2248481154,Guangxi,Murina eleryi,Murina,Vespertilionidae,,,stateProvince,MATERIAL_SAMPLE,
2248480946,Guangxi,Murina harrisoni,Murina,Vespertilionidae,,,stateProvince,MATERIAL_SAMPLE,
1919791461,Yunnan,Rhinolophus borneensis,Rhinolophus,Rhinolophidae,,,stateProvince,PRESERVED_SPECIMEN,
1919791437,Yunnan,Miniopterus schreibersii,Miniopterus,Vespertilionidae,,,stateProvince,PRESERVED_SPECIMEN,
1919791389,Yunnan,Rhinolophus rex,Rhinolophus,Rhinolophidae,,,stateProvince,PRESERVED_SPECIMEN,
1919791387,Yunnan,Miniopterus schreibersii,Miniopterus,Vespertilionidae,,,stateProvince,PRESERVED_SPECIMEN,
1919791385,Yunnan,Rhinolophus pearsonii,Rhinolophus,Rhinolophidae,,,stateProvince,PRESERVED_SPECIMEN,
1919791368,Yunnan,Rhinolophus pusillus,Rhinolophus,Rhinolophidae,,,stateProvince,PRESERVED_SPECIMEN,
1919791357,Yunnan,Rhinolophus luctus,Rhinolophus,Rhinolophidae,,,stateProvince,PRESERVED_SPECIMEN,
1919791336,Yunnan,Hipposideros armiger,Hipposideros,Hipposideridae,,,stateProvince,PRESERVED_SPECIMEN,
1919791333,Yunnan,Myotis chinensis,Myotis,Vespertilionidae,,,stateProvince,PRESERVED_SPECIMEN,
1919791326,Yunnan,Rhinolophus borneensis,Rhinolophus,Rhinolophidae,,,stateProvince,PRESERVED_SPECIMEN,
1919791316,Yunnan,Rhinolophus pearsonii,Rhinolophus,Rhinolophidae,,,stateProvince,PRESERVED_SPECIMEN,
1919791294,Yunnan,Aselliscus stoliczkanus,Aselliscus,Hipposideridae,,,stateProvince,PRESERVED_SPECIMEN,
1919791287,Yunnan,Miniopterus schreibersii,Miniopterus,Vespertilionidae,,,stateProvince,PRESERVED_SPECIMEN,
1919791281,Yunnan,Myotis siligorensis,Myotis,Vespertilionidae,,,stateProvince,PRESERVED_SPECIMEN,
1919791166,Yunnan,Rhinolophus pearsonii,Rhinolophus,Rhinolophidae,,,stateProvince,PRESERVED_SPECIMEN,
1919784891,Guangdong,Kerivoula picta,Kerivoula,Vespertilionidae,,,stateProvince,PRESERVED_SPECIMEN,
1919784255,Fujian,Scotomanes ornatus,Scotomanes,Vespertilionidae,,,stateProvince,PRESERVED_SPECIMEN,
1919784220,Hubei,Vespertilio sinensis,Vespertilio,Vespertilionidae,,,stateProvince,PRESERVED_SPECIMEN,
1919784157,Fujian,Myotis pilosus,Myotis,Vespertilionidae,,,stateProvince,PRESERVED_SPECIMEN,
1919783587,Fujian,Hypsugo pulveratus,Hypsugo,Vespertilionidae,,,stateProvince,PRESERVED_SPECIMEN,
1919783480,Fujian,Myotis laniger,Myotis,Vespertilionidae,,,stateProvince,PRESERVED_SPECIMEN,
1851311450,Hubei,Hipposideros armiger,Hipposideros,Hipposideridae,110.11,29.94,coordinate_spatial_join_from_blank_stateProvince,PRESERVED_SPECIMEN,
1849037733,Fujian,Hypsugo pulveratus,Hypsugo,Vespertilionidae,,,stateProvince,PRESERVED_SPECIMEN,47734.0
1698836142,Hubei,Rhinolophus ferrumequinum,Rhinolophus,Rhinolophidae,,,stateProvince,MATERIAL_CITATION,
1698640735,Anhui,Rhinolophus ferrumequinum,Rhinolophus,Rhinolophidae,,,stateProvince,MATERIAL_CITATION,
1436121597,Sichuan,Vespertilio murinus,Vespertilio,Vespertilionidae,,,stateProvince,PRESERVED_SPECIMEN,
1436121588,Hubei,Pipistrellus abramus,Pipistrellus,Vespertilionidae,,,stateProvince,PRESERVED_SPECIMEN,104775.0
1436121587,Hubei,Pipistrellus abramus,Pipistrellus,Vespertilionidae,,,stateProvince,PRESERVED_SPECIMEN,104775.0
1413912407,Guangxi,Murina cyclotis,Murina,Vespertilionidae,,,stateProvince,MATERIAL_SAMPLE,
1413899919,Guizhou,Myotis siligorensis,Myotis,Vespertilionidae,,,stateProvince,MATERIAL_SAMPLE,
1413899912,Guizhou,Myotis siligorensis,Myotis,Vespertilionidae,,,stateProvince,MATERIAL_SAMPLE,
1413899904,Guizhou,Myotis siligorensis,Myotis,Vespertilionidae,,,stateProvince,MATERIAL_SAMPLE,
1413899900,Guizhou,Rhinolophus pearsonii,Rhinolophus,Rhinolophidae,,,stateProvince,MATERIAL_SAMPLE,
1413899899,Guizhou,Myotis siligorensis,Myotis,Vespertilionidae,,,stateProvince,MATERIAL_SAMPLE,
1413899886,Guizhou,Rhinolophus pearsonii,Rhinolophus,Rhinolophidae,,,stateProvince,MATERIAL_SAMPLE,
1413899878,Guizhou,Rhinolophus pearsonii,Rhinolophus,Rhinolophidae,,,stateProvince,MATERIAL_SAMPLE,
1413899867,Guizhou,Rhinolophus pearsonii,Rhinolophus,Rhinolophidae,,,stateProvince,MATERIAL_SAMPLE,
1413899863,Guizhou,Rhinolophus pearsonii,Rhinolophus,Rhinolophidae,,,stateProvince,MATERIAL_SAMPLE,
1413899861,Guizhou,Rhinolophus sinicus,Rhinolophus,Rhinolophidae,,,stateProvince,MATERIAL_SAMPLE,
1413899859,Guizhou,Rhinolophus pearsonii,Rhinolophus,Rhinolophidae,,,stateProvince,MATERIAL_SAMPLE,
1413899849,Guizhou,Lyroderma lyra,Lyroderma,Megadermatidae,,,stateProvince,MATERIAL_SAMPLE,
1413899840,Guizhou,Rhinolophus pearsonii,Rhinolophus,Rhinolophidae,,,stateProvince,MATERIAL_SAMPLE,
1413899838,Guizhou,Lyroderma lyra,Lyroderma,Megadermatidae,,,stateProvince,MATERIAL_SAMPLE,
1413899837,Guangxi,Rhinolophus stheno,Rhinolophus,Rhinolophidae,105.97,23.12,coordinate_spatial_join_from_blank_stateProvince,MATERIAL_SAMPLE,
1413899833,Guizhou,Rhinolophus pearsonii,Rhinolophus,Rhinolophidae,,,stateProvince,MATERIAL_SAMPLE,
1413899830,Guizhou,Rhinolophus pearsonii,Rhinolophus,Rhinolophidae,,,stateProvince,MATERIAL_SAMPLE,
1413899829,Guizhou,Rhinolophus pearsonii,Rhinolophus,Rhinolophidae,,,stateProvince,MATERIAL_SAMPLE,
1413899820,Guizhou,Rhinolophus sinicus,Rhinolophus,Rhinolophidae,,,stateProvince,MATERIAL_SAMPLE,
1413899818,Guizhou,Myotis siligorensis,Myotis,Vespertilionidae,,,stateProvince,MATERIAL_SAMPLE,
1413899816,Guizhou,Rhinolophus pearsonii,Rhinolophus,Rhinolophidae,,,stateProvince,MATERIAL_SAMPLE,
1413899813,Guangxi,Cynopterus sphinx,Cynopterus,Pteropodidae,105.97,23.12,coordinate_spatial_join_from_blank_stateProvince,MATERIAL_SAMPLE,
1413899810,Guizhou,Lyroderma lyra,Lyroderma,Megadermatidae,,,stateProvince,MATERIAL_SAMPLE,
1413899805,Guizhou,Hipposideros armiger,Hipposideros,Hipposideridae,,,stateProvince,MATERIAL_SAMPLE,
1413899802,Guangxi,Rhinolophus sinicus,Rhinolophus,Rhinolophidae,107.89,21.85,coordinate_spatial_join_from_blank_stateProvince,MATERIAL_SAMPLE,
1413899796,Guizhou,Rhinolophus pearsonii,Rhinolophus,Rhinolophidae,,,stateProvince,MATERIAL_SAMPLE,
1413899793,Guizhou,Rhinolophus sinicus,Rhinolophus,Rhinolophidae,,,stateProvince,MATERIAL_SAMPLE,
1413899788,Guizhou,Aselliscus stoliczkanus,Aselliscus,Hipposideridae,,,stateProvince,MATERIAL_SAMPLE,
1413899781,Guangxi,Hipposideros armiger,Hipposideros,Hipposideridae,105.97,23.12,coordinate_spatial_join_from_blank_stateProvince,MATERIAL_SAMPLE,
1413899780,Guizhou,Lyroderma lyra,Lyroderma,Megadermatidae,,,stateProvince,MATERIAL_SAMPLE,
1413899773,Guizhou,Rhinolophus pearsonii,Rhinolophus,Rhinolophidae,,,stateProvince,MATERIAL_SAMPLE,
1323942366,Guizhou,Myotis muricola,Myotis,Vespertilionidae,,,stateProvince,PRESERVED_SPECIMEN,
1323942353,Guizhou,Vespertilio sinensis,Vespertilio,Vespertilionidae,,,stateProvince,PRESERVED_SPECIMEN,
1323942342,Guizhou,Myotis muricola,Myotis,Vespertilionidae,,,stateProvince,PRESERVED_SPECIMEN,
1323942334,Guizhou,Rhinolophus pearsonii,Rhinolophus,Rhinolophidae,,,stateProvince,PRESERVED_SPECIMEN,
1323942333,Guizhou,Rhinolophus pearsonii,Rhinolophus,Rhinolophidae,,,stateProvince,PRESERVED_SPECIMEN,
1323942329,Guizhou,Rhinolophus pearsonii,Rhinolophus,Rhinolophidae,,,stateProvince,PRESERVED_SPECIMEN,
1323942326,Guizhou,Hypsugo pulveratus,Hypsugo,Vespertilionidae,,,stateProvince,PRESERVED_SPECIMEN,
1323942324,Guizhou,Rhinolophus thomasi,Rhinolophus,Rhinolophidae,,,stateProvince,PRESERVED_SPECIMEN,
1323942322,Guizhou,Vespertilio sinensis,Vespertilio,Vespertilionidae,,,stateProvince,PRESERVED_SPECIMEN,
1323942321,Guizhou,Rhinolophus pearsonii,Rhinolophus,Rhinolophidae,,,stateProvince,PRESERVED_SPECIMEN,
1323942318,Guizhou,Rhinolophus pearsonii,Rhinolophus,Rhinolophidae,,,stateProvince,PRESERVED_SPECIMEN,
1323942317,Guizhou,Rhinolophus pearsonii,Rhinolophus,Rhinolophidae,,,stateProvince,PRESERVED_SPECIMEN,
1323942306,Guizhou,Rhinolophus pusillus,Rhinolophus,Rhinolophidae,,,stateProvince,PRESERVED_SPECIMEN,
1323942305,Guizhou,Rhinolophus pearsonii,Rhinolophus,Rhinolophidae,,,stateProvince,PRESERVED_SPECIMEN,
1323942302,Guizhou,Rhinolophus pearsonii,Rhinolophus,Rhinolophidae,,,stateProvince,PRESERVED_SPECIMEN,
1323942300,Guizhou,Rhinolophus pearsonii,Rhinolophus,Rhinolophidae,,,stateProvince,PRESERVED_SPECIMEN,
1323942297,Guizhou,Rhinolophus thomasi,Rhinolophus,Rhinolophidae,,,stateProvince,PRESERVED_SPECIMEN,
1323942292,Guizhou,Rhinolophus pearsonii,Rhinolophus,Rhinolophidae,,,stateProvince,PRESERVED_SPECIMEN,
1323942287,Guizhou,Rhinolophus pearsonii,Rhinolophus,Rhinolophidae,,,stateProvince,PRESERVED_SPECIMEN,
1323942285,Guizhou,Rhinolophus pearsonii,Rhinolophus,Rhinolophidae,,,stateProvince,PRESERVED_SPECIMEN,
1323942279,Guizhou,Myotis alticraniatus,Myotis,Vespertilionidae,,,stateProvince,PRESERVED_SPECIMEN,
1323942275,Guizhou,Rhinolophus pearsonii,Rhinolophus,Rhinolophidae,,,stateProvince,PRESERVED_SPECIMEN,
1323942259,Guizhou,Rhinolophus pearsonii,Rhinolophus,Rhinolophidae,,,stateProvince,PRESERVED_SPECIMEN,
1323942258,Guizhou,Hipposideros armiger,Hipposideros,Hipposideridae,,,stateProvince,PRESERVED_SPECIMEN,
1323942239,Guizhou,Vespertilio sinensis,Vespertilio,Vespertilionidae,,,stateProvince,PRESERVED_SPECIMEN,
1323942237,Guizhou,Rhinolophus thomasi,Rhinolophus,Rhinolophidae,,,stateProvince,PRESERVED_SPECIMEN,
1323942229,Guizhou,Rhinolophus pearsonii,Rhinolophus,Rhinolophidae,,,stateProvince,PRESERVED_SPECIMEN,
1323942227,Guizhou,Rhinolophus pearsonii,Rhinolophus,Rhinolophidae,,,stateProvince,PRESERVED_SPECIMEN,
1323942220,Guizhou,Rhinolophus pearsonii,Rhinolophus,Rhinolophidae,,,stateProvince,PRESERVED_SPECIMEN,
1323942216,Guizhou,Hipposideros armiger,Hipposideros,Hipposideridae,,,stateProvince,PRESERVED_SPECIMEN,
1323942213,Guizhou,Rhinolophus pearsonii,Rhinolophus,Rhinolophidae,,,stateProvince,PRESERVED_SPECIMEN,
1323942209,Guizhou,Myotis laniger,Myotis,Vespertilionidae,,,stateProvince,PRESERVED_SPECIMEN,
1323942207,Guizhou,Rhinolophus pearsonii,Rhinolophus,Rhinolophidae,,,stateProvince,PRESERVED_SPECIMEN,
1323942206,Guizhou,Lyroderma lyra,Lyroderma,Megadermatidae,,,stateProvince,PRESERVED_SPECIMEN,
1323942204,Guizhou,Myotis pilosus,Myotis,Vespertilionidae,,,stateProvince,PRESERVED_SPECIMEN,
1323942201,Guizhou,Myotis laniger,Myotis,Vespertilionidae,,,stateProvince,PRESERVED_SPECIMEN,
1323942200,Guizhou,Rhinolophus thomasi,Rhinolophus,Rhinolophidae,,,stateProvince,PRESERVED_SPECIMEN,
1323942194,Guizhou,Rhinolophus thomasi,Rhinolophus,Rhinolophidae,,,stateProvince,PRESERVED_SPECIMEN,
1323942190,Guizhou,Myotis pilosus,Myotis,Vespertilionidae,,,stateProvince,PRESERVED_SPECIMEN,
1323942189,Guizhou,Miniopterus fuliginosus,Miniopterus,Vespertilionidae,,,stateProvince,PRESERVED_SPECIMEN,
1323942170,Guizhou,Rhinolophus pearsonii,Rhinolophus,Rhinolophidae,,,stateProvince,PRESERVED_SPECIMEN,
1323942169,Guizhou,Rhinolophus pearsonii,Rhinolophus,Rhinolophidae,,,stateProvince,PRESERVED_SPECIMEN,
1323942167,Guizhou,Rhinolophus pearsonii,Rhinolophus,Rhinolophidae,,,stateProvince,PRESERVED_SPECIMEN,
1323942161,Guizhou,Rhinolophus pearsonii,Rhinolophus,Rhinolophidae,,,stateProvince,PRESERVED_SPECIMEN,
1323942158,Guizhou,Lyroderma lyra,Lyroderma,Megadermatidae,,,stateProvince,PRESERVED_SPECIMEN,
1323942151,Guizhou,Hipposideros armiger,Hipposideros,Hipposideridae,,,stateProvince,PRESERVED_SPECIMEN,
1323942141,Guizhou,Myotis alticraniatus,Myotis,Vespertilionidae,,,stateProvince,PRESERVED_SPECIMEN,
1323942138,Guizhou,Rhinolophus xinanzhongguoensis,Rhinolophus,Rhinolophidae,,,stateProvince,PRESERVED_SPECIMEN,
1323942133,Guizhou,Rhinolophus thomasi,Rhinolophus,Rhinolophidae,,,stateProvince,PRESERVED_SPECIMEN,
1323942128,Guizhou,Rhinolophus thomasi,Rhinolophus,Rhinolophidae,,,stateProvince,PRESERVED_SPECIMEN,
1323942126,Guizhou,Rhinolophus pearsonii,Rhinolophus,Rhinolophidae,,,stateProvince,PRESERVED_SPECIMEN,
1323942123,Guizhou,Hipposideros armiger,Hipposideros,Hipposideridae,,,stateProvince,PRESERVED_SPECIMEN,
1323942117,Guizhou,Myotis laniger,Myotis,Vespertilionidae,,,stateProvince,PRESERVED_SPECIMEN,
1323942116,Guizhou,Myotis pilosus,Myotis,Vespertilionidae,,,stateProvince,PRESERVED_SPECIMEN,
1323942114,Guizhou,Ia io,Ia,Vespertilionidae,,,stateProvince,PRESERVED_SPECIMEN,
1323942100,Guizhou,Ia io,Ia,Vespertilionidae,,,stateProvince,PRESERVED_SPECIMEN,
1323942095,Guizhou,Rhinolophus rex,Rhinolophus,Rhinolophidae,,,stateProvince,PRESERVED_SPECIMEN,
1323942090,Guizhou,Rhinolophus thomasi,Rhinolophus,Rhinolophidae,,,stateProvince,PRESERVED_SPECIMEN,
1323942089,Guizhou,Myotis alticraniatus,Myotis,Vespertilionidae,,,stateProvince,PRESERVED_SPECIMEN,
1323942086,Guizhou,Rhinolophus thomasi,Rhinolophus,Rhinolophidae,,,stateProvince,PRESERVED_SPECIMEN,
1323942083,Guizhou,Rhinolophus thomasi,Rhinolophus,Rhinolophidae,,,stateProvince,PRESERVED_SPECIMEN,
1323942081,Guizhou,Rhinolophus thomasi,Rhinolophus,Rhinolophidae,,,stateProvince,PRESERVED_SPECIMEN,
1323942068,Guizhou,Rhinolophus rouxii,Rhinolophus,Rhinolophidae,,,stateProvince,PRESERVED_SPECIMEN,
1323942065,Guizhou,Rhinolophus pearsonii,Rhinolophus,Rhinolophidae,,,stateProvince,PRESERVED_SPECIMEN,
1323942064,Guizhou,Rhinolophus rex,Rhinolophus,Rhinolophidae,,,stateProvince,PRESERVED_SPECIMEN,
1323942060,Guizhou,Rhinolophus macrotis,Rhinolophus,Rhinolophidae,,,stateProvince,PRESERVED_SPECIMEN,
1323942054,Guizhou,Aselliscus stoliczkanus,Aselliscus,Hipposideridae,,,stateProvince,PRESERVED_SPECIMEN,
1323942052,Guizhou,Hipposideros larvatus,Hipposideros,Hipposideridae,,,stateProvince,PRESERVED_SPECIMEN,
1323942051,Guizhou,Rhinolophus rex,Rhinolophus,Rhinolophidae,,,stateProvince,PRESERVED_SPECIMEN,
1323942049,Guizhou,Hipposideros larvatus,Hipposideros,Hipposideridae,,,stateProvince,PRESERVED_SPECIMEN,
1323942048,Guizhou,Rhinolophus pearsonii,Rhinolophus,Rhinolophidae,,,stateProvince,PRESERVED_SPECIMEN,
1323942047,Guizhou,Hipposideros larvatus,Hipposideros,Hipposideridae,,,stateProvince,PRESERVED_SPECIMEN,
1323942046,Guizhou,Aselliscus stoliczkanus,Aselliscus,Hipposideridae,,,stateProvince,PRESERVED_SPECIMEN,
1323942045,Guizhou,Hipposideros larvatus,Hipposideros,Hipposideridae,,,stateProvince,PRESERVED_SPECIMEN,
1323942044,Guizhou,Rhinolophus rex,Rhinolophus,Rhinolophidae,,,stateProvince,PRESERVED_SPECIMEN,
1323942043,Guizhou,Rhinolophus macrotis,Rhinolophus,Rhinolophidae,,,stateProvince,PRESERVED_SPECIMEN,
1323942042,Guizhou,Rhinolophus rouxii,Rhinolophus,Rhinolophidae,,,stateProvince,PRESERVED_SPECIMEN,
1323942041,Guizhou,Hipposideros larvatus,Hipposideros,Hipposideridae,,,stateProvince,PRESERVED_SPECIMEN,
1323942039,Guizhou,Hipposideros larvatus,Hipposideros,Hipposideridae,,,stateProvince,PRESERVED_SPECIMEN,
1323942038,Guizhou,Hipposideros pomona,Hipposideros,Hipposideridae,,,stateProvince,PRESERVED_SPECIMEN,
1323942037,Guizhou,Rhinolophus rex,Rhinolophus,Rhinolophidae,,,stateProvince,PRESERVED_SPECIMEN,
1323942036,Guizhou,Rhinolophus rouxii,Rhinolophus,Rhinolophidae,,,stateProvince,PRESERVED_SPECIMEN,
1323942035,Guizhou,Harpiocephalus harpia,Harpiocephalus,Vespertilionidae,,,stateProvince,PRESERVED_SPECIMEN,
1323942034,Guizhou,Myotis laniger,Myotis,Vespertilionidae,,,stateProvince,PRESERVED_SPECIMEN,
1323942033,Guizhou,Myotis alticraniatus,Myotis,Vespertilionidae,,,stateProvince,PRESERVED_SPECIMEN,
1323942031,Guizhou,Rhinolophus rouxii,Rhinolophus,Rhinolophidae,,,stateProvince,PRESERVED_SPECIMEN,
1323942030,Guizhou,Lyroderma lyra,Lyroderma,Megadermatidae,,,stateProvince,PRESERVED_SPECIMEN,
1323942029,Guizhou,Hipposideros larvatus,Hipposideros,Hipposideridae,,,stateProvince,PRESERVED_SPECIMEN,
1323942027,Guizhou,Hipposideros larvatus,Hipposideros,Hipposideridae,,,stateProvince,PRESERVED_SPECIMEN,
1323942025,Guizhou,Hipposideros larvatus,Hipposideros,Hipposideridae,,,stateProvince,PRESERVED_SPECIMEN,
1323942024,Guizhou,Hipposideros armiger,Hipposideros,Hipposideridae,,,stateProvince,PRESERVED_SPECIMEN,
1323942023,Guizhou,Rhinolophus rex,Rhinolophus,Rhinolophidae,,,stateProvince,PRESERVED_SPECIMEN,
1323942020,Guizhou,Myotis mystacinus,Myotis,Vespertilionidae,,,stateProvince,PRESERVED_SPECIMEN,
1323942019,Guizhou,Hipposideros larvatus,Hipposideros,Hipposideridae,,,stateProvince,PRESERVED_SPECIMEN,
1323942018,Guizhou,Murina eleryi,Murina,Vespertilionidae,,,stateProvince,PRESERVED_SPECIMEN,
1323942017,Guizhou,Myotis alticraniatus,Myotis,Vespertilionidae,,,stateProvince,PRESERVED_SPECIMEN,
1323942016,Guizhou,Hipposideros larvatus,Hipposideros,Hipposideridae,,,stateProvince,PRESERVED_SPECIMEN,
1323942014,Guizhou,Hipposideros larvatus,Hipposideros,Hipposideridae,,,stateProvince,PRESERVED_SPECIMEN,
1323942011,Guizhou,Aselliscus stoliczkanus,Aselliscus,Hipposideridae,,,stateProvince,PRESERVED_SPECIMEN,
1323942009,Guizhou,Rhinolophus rouxii,Rhinolophus,Rhinolophidae,,,stateProvince,PRESERVED_SPECIMEN,
1323942007,Guizhou,Harpiocephalus harpia,Harpiocephalus,Vespertilionidae,,,stateProvince,PRESERVED_SPECIMEN,
1323942004,Guizhou,Hipposideros larvatus,Hipposideros,Hipposideridae,,,stateProvince,PRESERVED_SPECIMEN,
1323942003,Guizhou,Rhinolophus pearsonii,Rhinolophus,Rhinolophidae,,,stateProvince,PRESERVED_SPECIMEN,
1323942001,Guizhou,Rhinolophus pusillus,Rhinolophus,Rhinolophidae,,,stateProvince,PRESERVED_SPECIMEN,
1323942000,Guizhou,Hipposideros larvatus,Hipposideros,Hipposideridae,,,stateProvince,PRESERVED_SPECIMEN,
1323941999,Guizhou,Rhinolophus rex,Rhinolophus,Rhinolophidae,,,stateProvince,PRESERVED_SPECIMEN,
1323941997,Guizhou,Hipposideros larvatus,Hipposideros,Hipposideridae,,,stateProvince,PRESERVED_SPECIMEN,
1323941996,Guizhou,Rhinolophus macrotis,Rhinolophus,Rhinolophidae,,,stateProvince,PRESERVED_SPECIMEN,
1323941994,Guizhou,Rhinolophus pearsonii,Rhinolophus,Rhinolophidae,,,stateProvince,PRESERVED_SPECIMEN,
1323941993,Guizhou,Rhinolophus pearsonii,Rhinolophus,Rhinolophidae,,,stateProvince,PRESERVED_SPECIMEN,
1323941991,Guizhou,Rhinolophus pusillus,Rhinolophus,Rhinolophidae,,,stateProvince,PRESERVED_SPECIMEN,
1323941989,Guizhou,Hipposideros armiger,Hipposideros,Hipposideridae,,,stateProvince,PRESERVED_SPECIMEN,
1323941988,Guizhou,Rhinolophus pearsonii,Rhinolophus,Rhinolophidae,,,stateProvince,PRESERVED_SPECIMEN,
1323941987,Guizhou,Murina eleryi,Murina,Vespertilionidae,,,stateProvince,PRESERVED_SPECIMEN,
1323941986,Guizhou,Rhinolophus pusillus,Rhinolophus,Rhinolophidae,,,stateProvince,PRESERVED_SPECIMEN,
1323941985,Guizhou,Myotis mystacinus,Myotis,Vespertilionidae,,,stateProvince,PRESERVED_SPECIMEN,
1323941984,Guizhou,Hipposideros larvatus,Hipposideros,Hipposideridae,,,stateProvince,PRESERVED_SPECIMEN,
1323941983,Guizhou,Rhinolophus pearsonii,Rhinolophus,Rhinolophidae,,,stateProvince,PRESERVED_SPECIMEN,
1323941981,Guizhou,Rhinolophus rex,Rhinolophus,Rhinolophidae,,,stateProvince,PRESERVED_SPECIMEN,
1323941980,Guizhou,Rhinolophus rouxii,Rhinolophus,Rhinolophidae,,,stateProvince,PRESERVED_SPECIMEN,
1323941979,Guizhou,Rhinolophus pusillus,Rhinolophus,Rhinolophidae,,,stateProvince,PRESERVED_SPECIMEN,
1323941977,Guizhou,Rhinolophus pearsonii,Rhinolophus,Rhinolophidae,,,stateProvince,PRESERVED_SPECIMEN,
1323941974,Guizhou,Rhinolophus macrotis,Rhinolophus,Rhinolophidae,,,stateProvince,PRESERVED_SPECIMEN,
1323941973,Guizhou,Rhinolophus pusillus,Rhinolophus,Rhinolophidae,,,stateProvince,PRESERVED_SPECIMEN,
1323941972,Guizhou,Rhinolophus rouxii,Rhinolophus,Rhinolophidae,,,stateProvince,PRESERVED_SPECIMEN,
1323941971,Guizhou,Rhinolophus rouxii,Rhinolophus,Rhinolophidae,,,stateProvince,PRESERVED_SPECIMEN,
1323941970,Guizhou,Myotis mystacinus,Myotis,Vespertilionidae,,,stateProvince,PRESERVED_SPECIMEN,
1323941967,Guizhou,Hipposideros larvatus,Hipposideros,Hipposideridae,,,stateProvince,PRESERVED_SPECIMEN,
1323941966,Guizhou,Rhinolophus rex,Rhinolophus,Rhinolophidae,,,stateProvince,PRESERVED_SPECIMEN,
1323941965,Guizhou,Hipposideros pomona,Hipposideros,Hipposideridae,,,stateProvince,PRESERVED_SPECIMEN,
1323941963,Guizhou,Rhinolophus pearsonii,Rhinolophus,Rhinolophidae,,,stateProvince,PRESERVED_SPECIMEN,
1323941962,Guizhou,Hipposideros larvatus,Hipposideros,Hipposideridae,,,stateProvince,PRESERVED_SPECIMEN,
1323941961,Guizhou,Hipposideros armiger,Hipposideros,Hipposideridae,,,stateProvince,PRESERVED_SPECIMEN,
1323941960,Guizhou,Hipposideros larvatus,Hipposideros,Hipposideridae,,,stateProvince,PRESERVED_SPECIMEN,
1323941959,Guizhou,Rhinolophus pearsonii,Rhinolophus,Rhinolophidae,,,stateProvince,PRESERVED_SPECIMEN,
1323941958,Guizhou,Myotis laniger,Myotis,Vespertilionidae,,,stateProvince,PRESERVED_SPECIMEN,
1323941957,Guizhou,Lyroderma lyra,Lyroderma,Megadermatidae,,,stateProvince,PRESERVED_SPECIMEN,
1323941955,Guizhou,Rhinolophus pearsonii,Rhinolophus,Rhinolophidae,,,stateProvince,PRESERVED_SPECIMEN,
1323941951,Guizhou,Lyroderma lyra,Lyroderma,Megadermatidae,,,stateProvince,PRESERVED_SPECIMEN,
1323941950,Guizhou,Rhinolophus pearsonii,Rhinolophus,Rhinolophidae,,,stateProvince,PRESERVED_SPECIMEN,
1323941949,Guizhou,Myotis alticraniatus,Myotis,Vespertilionidae,,,stateProvince,PRESERVED_SPECIMEN,
1323941948,Guizhou,Hipposideros larvatus,Hipposideros,Hipposideridae,,,stateProvince,PRESERVED_SPECIMEN,
1323941946,Guizhou,Hipposideros armiger,Hipposideros,Hipposideridae,,,stateProvince,PRESERVED_SPECIMEN,
1323941943,Guizhou,Rhinolophus rouxii,Rhinolophus,Rhinolophidae,,,stateProvince,PRESERVED_SPECIMEN,
1323941942,Guizhou,Rhinolophus pearsonii,Rhinolophus,Rhinolophidae,,,stateProvince,PRESERVED_SPECIMEN,
1323941939,Guizhou,Rhinolophus pearsonii,Rhinolophus,Rhinolophidae,,,stateProvince,PRESERVED_SPECIMEN,
1323941938,Guizhou,Hipposideros larvatus,Hipposideros,Hipposideridae,,,stateProvince,PRESERVED_SPECIMEN,
1323941937,Guizhou,Rhinolophus rex,Rhinolophus,Rhinolophidae,,,stateProvince,PRESERVED_SPECIMEN,
1323941935,Guizhou,Rhinolophus pearsonii,Rhinolophus,Rhinolophidae,,,stateProvince,PRESERVED_SPECIMEN,
1323941934,Guizhou,Rhinolophus rouxii,Rhinolophus,Rhinolophidae,,,stateProvince,PRESERVED_SPECIMEN,
1323941933,Guizhou,Myotis altarium,Myotis,Vespertilionidae,,,stateProvince,PRESERVED_SPECIMEN,
1323941932,Guizhou,Myotis mystacinus,Myotis,Vespertilionidae,,,stateProvince,PRESERVED_SPECIMEN,
1323941930,Guizhou,Rhinolophus rouxii,Rhinolophus,Rhinolophidae,,,stateProvince,PRESERVED_SPECIMEN,
1323941929,Guizhou,Rhinolophus pusillus,Rhinolophus,Rhinolophidae,,,stateProvince,PRESERVED_SPECIMEN,
1323941927,Guizhou,Aselliscus stoliczkanus,Aselliscus,Hipposideridae,,,stateProvince,PRESERVED_SPECIMEN,
1323941926,Guizhou,Myotis mystacinus,Myotis,Vespertilionidae,,,stateProvince,PRESERVED_SPECIMEN,
1323941925,Guizhou,Hipposideros larvatus,Hipposideros,Hipposideridae,,,stateProvince,PRESERVED_SPECIMEN,
1323941924,Guizhou,Rhinolophus rouxii,Rhinolophus,Rhinolophidae,,,stateProvince,PRESERVED_SPECIMEN,
1323941923,Guizhou,Myotis mystacinus,Myotis,Vespertilionidae,,,stateProvince,PRESERVED_SPECIMEN,
1323941922,Guizhou,Rhinolophus pearsonii,Rhinolophus,Rhinolophidae,,,stateProvince,PRESERVED_SPECIMEN,
1323941921,Guizhou,Myotis alticraniatus,Myotis,Vespertilionidae,,,stateProvince,PRESERVED_SPECIMEN,
1323941920,Guizhou,Rhinolophus pusillus,Rhinolophus,Rhinolophidae,,,stateProvince,PRESERVED_SPECIMEN,
1323941919,Guizhou,Rhinolophus rex,Rhinolophus,Rhinolophidae,,,stateProvince,PRESERVED_SPECIMEN,
1323941918,Guizhou,Lyroderma lyra,Lyroderma,Megadermatidae,,,stateProvince,PRESERVED_SPECIMEN,
1323941917,Guizhou,Rhinolophus pearsonii,Rhinolophus,Rhinolophidae,,,stateProvince,PRESERVED_SPECIMEN,
1323941916,Guizhou,Rhinolophus rex,Rhinolophus,Rhinolophidae,,,stateProvince,PRESERVED_SPECIMEN,
1323941915,Guizhou,Myotis alticraniatus,Myotis,Vespertilionidae,,,stateProvince,PRESERVED_SPECIMEN,
1323941914,Guizhou,Rhinolophus pearsonii,Rhinolophus,Rhinolophidae,,,stateProvince,PRESERVED_SPECIMEN,
1323941912,Guizhou,Myotis alticraniatus,Myotis,Vespertilionidae,,,stateProvince,PRESERVED_SPECIMEN,
1323941910,Guizhou,Rhinolophus rouxii,Rhinolophus,Rhinolophidae,,,stateProvince,PRESERVED_SPECIMEN,
1323941907,Guizhou,Rhinolophus rouxii,Rhinolophus,Rhinolophidae,,,stateProvince,PRESERVED_SPECIMEN,
1323941906,Guizhou,Rhinolophus pusillus,Rhinolophus,Rhinolophidae,,,stateProvince,PRESERVED_SPECIMEN,
1323941904,Guizhou,Myotis alticraniatus,Myotis,Vespertilionidae,,,stateProvince,PRESERVED_SPECIMEN,
1323941903,Guizhou,Rhinolophus rouxii,Rhinolophus,Rhinolophidae,,,stateProvince,PRESERVED_SPECIMEN,
1323941902,Guizhou,Rhinolophus pearsonii,Rhinolophus,Rhinolophidae,,,stateProvince,PRESERVED_SPECIMEN,
1323941901,Guizhou,Myotis mystacinus,Myotis,Vespertilionidae,,,stateProvince,PRESERVED_SPECIMEN,
1323941899,Guizhou,Rhinolophus rex,Rhinolophus,Rhinolophidae,,,stateProvince,PRESERVED_SPECIMEN,
1323941898,Guizhou,Rhinolophus rouxii,Rhinolophus,Rhinolophidae,,,stateProvince,PRESERVED_SPECIMEN,
1323941897,Guizhou,Rhinolophus pusillus,Rhinolophus,Rhinolophidae,,,stateProvince,PRESERVED_SPECIMEN,
1323941896,Guizhou,Aselliscus stoliczkanus,Aselliscus,Hipposideridae,,,stateProvince,PRESERVED_SPECIMEN,
1323941895,Guizhou,Hipposideros larvatus,Hipposideros,Hipposideridae,,,stateProvince,PRESERVED_SPECIMEN,
1323941894,Guizhou,Aselliscus stoliczkanus,Aselliscus,Hipposideridae,,,stateProvince,PRESERVED_SPECIMEN,
1323941893,Guizhou,Myotis alticraniatus,Myotis,Vespertilionidae,,,stateProvince,PRESERVED_SPECIMEN,
1323941892,Guizhou,Murina eleryi,Murina,Vespertilionidae,,,stateProvince,PRESERVED_SPECIMEN,
1323941890,Guizhou,Hipposideros larvatus,Hipposideros,Hipposideridae,,,stateProvince,PRESERVED_SPECIMEN,
1323941889,Guizhou,Rhinolophus rouxii,Rhinolophus,Rhinolophidae,,,stateProvince,PRESERVED_SPECIMEN,
1323941888,Guizhou,Rhinolophus rouxii,Rhinolophus,Rhinolophidae,,,stateProvince,PRESERVED_SPECIMEN,
1323941887,Guizhou,Hipposideros pomona,Hipposideros,Hipposideridae,,,stateProvince,PRESERVED_SPECIMEN,
1323941886,Guizhou,Myotis laniger,Myotis,Vespertilionidae,,,stateProvince,PRESERVED_SPECIMEN,
1323941885,Guizhou,Rhinolophus rouxii,Rhinolophus,Rhinolophidae,,,stateProvince,PRESERVED_SPECIMEN,
1323941884,Guizhou,Hipposideros larvatus,Hipposideros,Hipposideridae,,,stateProvince,PRESERVED_SPECIMEN,
1323941883,Guizhou,Ia io,Ia,Vespertilionidae,,,stateProvince,PRESERVED_SPECIMEN,
1323941882,Guizhou,Rhinolophus pearsonii,Rhinolophus,Rhinolophidae,,,stateProvince,PRESERVED_SPECIMEN,
1323941881,Guizhou,Hipposideros larvatus,Hipposideros,Hipposideridae,,,stateProvince,PRESERVED_SPECIMEN,
1323941880,Guizhou,Lyroderma lyra,Lyroderma,Megadermatidae,,,stateProvince,PRESERVED_SPECIMEN,
1323941879,Guizhou,Aselliscus stoliczkanus,Aselliscus,Hipposideridae,,,stateProvince,PRESERVED_SPECIMEN,
1323941878,Guizhou,Rhinolophus pusillus,Rhinolophus,Rhinolophidae,,,stateProvince,PRESERVED_SPECIMEN,
1323941876,Guizhou,Rhinolophus pusillus,Rhinolophus,Rhinolophidae,,,stateProvince,PRESERVED_SPECIMEN,
1323941875,Guizhou,Rhinolophus rouxii,Rhinolophus,Rhinolophidae,,,stateProvince,PRESERVED_SPECIMEN,
1323941874,Guizhou,Hipposideros larvatus,Hipposideros,Hipposideridae,,,stateProvince,PRESERVED_SPECIMEN,
1323941873,Guizhou,Hipposideros larvatus,Hipposideros,Hipposideridae,,,stateProvince,PRESERVED_SPECIMEN,
1323941872,Guizhou,Myotis alticraniatus,Myotis,Vespertilionidae,,,stateProvince,PRESERVED_SPECIMEN,
1323941871,Guizhou,Rhinolophus macrotis,Rhinolophus,Rhinolophidae,,,stateProvince,PRESERVED_SPECIMEN,
1323941870,Guizhou,Rhinolophus luctus,Rhinolophus,Rhinolophidae,,,stateProvince,PRESERVED_SPECIMEN,
1323941868,Guizhou,Rhinolophus rouxii,Rhinolophus,Rhinolophidae,,,stateProvince,PRESERVED_SPECIMEN,
1323941866,Guizhou,Rhinolophus rex,Rhinolophus,Rhinolophidae,,,stateProvince,PRESERVED_SPECIMEN,
1323941865,Guizhou,Rhinolophus rouxii,Rhinolophus,Rhinolophidae,,,stateProvince,PRESERVED_SPECIMEN,
1323941864,Guizhou,Rhinolophus macrotis,Rhinolophus,Rhinolophidae,,,stateProvince,PRESERVED_SPECIMEN,
1323941863,Guizhou,Rhinolophus pearsonii,Rhinolophus,Rhinolophidae,,,stateProvince,PRESERVED_SPECIMEN,
1323941862,Guizhou,Hipposideros larvatus,Hipposideros,Hipposideridae,,,stateProvince,PRESERVED_SPECIMEN,
1323941860,Guangxi,Cynopterus sphinx,Cynopterus,Pteropodidae,,,stateProvince,PRESERVED_SPECIMEN,
1323941859,Guizhou,Murina shuipuensis,Murina,Vespertilionidae,,,stateProvince,PRESERVED_SPECIMEN,
1323941858,Guangxi,Cynopterus sphinx,Cynopterus,Pteropodidae,,,stateProvince,PRESERVED_SPECIMEN,
1323941857,Guizhou,Hipposideros larvatus,Hipposideros,Hipposideridae,,,stateProvince,PRESERVED_SPECIMEN,
1323941855,Guangxi,Murina cyclotis,Murina,Vespertilionidae,,,stateProvince,PRESERVED_SPECIMEN,
1323941854,Guangxi,Murina leucogaster,Murina,Vespertilionidae,,,stateProvince,PRESERVED_SPECIMEN,
1323941853,Guizhou,Myotis alticraniatus,Myotis,Vespertilionidae,,,stateProvince,PRESERVED_SPECIMEN,
1323941852,Guangxi,Murina cyclotis,Murina,Vespertilionidae,,,stateProvince,PRESERVED_SPECIMEN,
1323941851,Guangxi,Murina feae,Murina,Vespertilionidae,,,stateProvince,PRESERVED_SPECIMEN,
1323941849,Guangxi,Murina lorelieae,Murina,Vespertilionidae,,,stateProvince,PRESERVED_SPECIMEN,
1323941848,Guizhou,Hipposideros larvatus,Hipposideros,Hipposideridae,,,stateProvince,PRESERVED_SPECIMEN,
1323941847,Guangxi,Murina feae,Murina,Vespertilionidae,,,stateProvince,PRESERVED_SPECIMEN,
1323941846,Guangxi,Murina cyclotis,Murina,Vespertilionidae,,,stateProvince,PRESERVED_SPECIMEN,
1323941845,Guangxi,Rhinolophus affinis,Rhinolophus,Rhinolophidae,,,stateProvince,PRESERVED_SPECIMEN,
1323941844,Guizhou,Hipposideros larvatus,Hipposideros,Hipposideridae,,,stateProvince,PRESERVED_SPECIMEN,
1323941843,Guangxi,Murina cyclotis,Murina,Vespertilionidae,,,stateProvince,PRESERVED_SPECIMEN,
1323941842,Guangxi,Cynopterus sphinx,Cynopterus,Pteropodidae,,,stateProvince,PRESERVED_SPECIMEN,
1323941840,Guangxi,Cynopterus sphinx,Cynopterus,Pteropodidae,,,stateProvince,PRESERVED_SPECIMEN,
1323941839,Guangxi,Murina eleryi,Murina,Vespertilionidae,,,stateProvince,PRESERVED_SPECIMEN,
1323941838,Guangxi,Rhinolophus marshalli,Rhinolophus,Rhinolophidae,,,stateProvince,PRESERVED_SPECIMEN,
1323941837,Guizhou,Hipposideros larvatus,Hipposideros,Hipposideridae,,,stateProvince,PRESERVED_SPECIMEN,
1323941836,Guangxi,Murina cyclotis,Murina,Vespertilionidae,,,stateProvince,PRESERVED_SPECIMEN,
1323941835,Guangxi,Rhinolophus affinis,Rhinolophus,Rhinolophidae,,,stateProvince,PRESERVED_SPECIMEN,
1323941834,Guangxi,Murina cyclotis,Murina,Vespertilionidae,,,stateProvince,PRESERVED_SPECIMEN,
1323941833,Guangxi,Sphaerias blanfordi,Sphaerias,Pteropodidae,,,stateProvince,PRESERVED_SPECIMEN,
1323941832,Guizhou,Rhinolophus rouxii,Rhinolophus,Rhinolophidae,,,stateProvince,PRESERVED_SPECIMEN,
1323941830,Guangxi,Cynopterus sphinx,Cynopterus,Pteropodidae,,,stateProvince,PRESERVED_SPECIMEN,
1323941829,Guangxi,Hipposideros armiger,Hipposideros,Hipposideridae,,,stateProvince,PRESERVED_SPECIMEN,
1323941828,Guangxi,Rhinolophus affinis,Rhinolophus,Rhinolophidae,,,stateProvince,PRESERVED_SPECIMEN,
1323941826,Guangxi,Cynopterus sphinx,Cynopterus,Pteropodidae,,,stateProvince,PRESERVED_SPECIMEN,
1323941825,Guangxi,Rhinolophus pearsonii,Rhinolophus,Rhinolophidae,,,stateProvince,PRESERVED_SPECIMEN,
1323941824,Guangxi,Rhinolophus pearsonii,Rhinolophus,Rhinolophidae,,,stateProvince,PRESERVED_SPECIMEN,
1323941823,Guangxi,Murina leucogaster,Murina,Vespertilionidae,,,stateProvince,PRESERVED_SPECIMEN,
1323941822,Guangxi,Murina cyclotis,Murina,Vespertilionidae,,,stateProvince,PRESERVED_SPECIMEN,
1323941821,Guangxi,Murina cyclotis,Murina,Vespertilionidae,,,stateProvince,PRESERVED_SPECIMEN,
1323941820,Guangxi,Myotis muricola,Myotis,Vespertilionidae,,,stateProvince,PRESERVED_SPECIMEN,
1323941819,Guizhou,Rhinolophus pearsonii,Rhinolophus,Rhinolophidae,,,stateProvince,PRESERVED_SPECIMEN,
1323941817,Guangxi,Murina cyclotis,Murina,Vespertilionidae,,,stateProvince,PRESERVED_SPECIMEN,
1323941816,Guangxi,Rhinolophus pearsonii,Rhinolophus,Rhinolophidae,,,stateProvince,PRESERVED_SPECIMEN,
1323941815,Guangxi,Cynopterus sphinx,Cynopterus,Pteropodidae,,,stateProvince,PRESERVED_SPECIMEN,
1323941814,Guangxi,Murina cyclotis,Murina,Vespertilionidae,,,stateProvince,PRESERVED_SPECIMEN,
1323941813,Guangxi,Murina cyclotis,Murina,Vespertilionidae,,,stateProvince,PRESERVED_SPECIMEN,
1323941812,Guangxi,Murina cyclotis,Murina,Vespertilionidae,,,stateProvince,PRESERVED_SPECIMEN,
1323941811,Guangxi,Rhinolophus affinis,Rhinolophus,Rhinolophidae,,,stateProvince,PRESERVED_SPECIMEN,
1323941810,Guangxi,Sphaerias blanfordi,Sphaerias,Pteropodidae,,,stateProvince,PRESERVED_SPECIMEN,
1323941809,Guangxi,Rousettus leschenaultii,Rousettus,Pteropodidae,,,stateProvince,PRESERVED_SPECIMEN,
1323941808,Guangxi,Murina feae,Murina,Vespertilionidae,,,stateProvince,PRESERVED_SPECIMEN,
1323941807,Guangxi,Rhinolophus affinis,Rhinolophus,Rhinolophidae,,,stateProvince,PRESERVED_SPECIMEN,
1323941805,Guangxi,Hipposideros pomona,Hipposideros,Hipposideridae,,,stateProvince,PRESERVED_SPECIMEN,
1323941804,Guangxi,Rhinolophus stheno,Rhinolophus,Rhinolophidae,,,stateProvince,PRESERVED_SPECIMEN,
1323941802,Guangxi,Murina leucogaster,Murina,Vespertilionidae,,,stateProvince,PRESERVED_SPECIMEN,
1323941801,Guangxi,Murina leucogaster,Murina,Vespertilionidae,,,stateProvince,PRESERVED_SPECIMEN,
1323941800,Guangxi,Murina chrysochaetes,Murina,Vespertilionidae,,,stateProvince,PRESERVED_SPECIMEN,
1323941799,Guangxi,Cynopterus sphinx,Cynopterus,Pteropodidae,,,stateProvince,PRESERVED_SPECIMEN,
1323941798,Guangxi,Murina eleryi,Murina,Vespertilionidae,,,stateProvince,PRESERVED_SPECIMEN,
1323941797,Guangxi,Sphaerias blanfordi,Sphaerias,Pteropodidae,,,stateProvince,PRESERVED_SPECIMEN,
1323941796,Guizhou,Rhinolophus rex,Rhinolophus,Rhinolophidae,,,stateProvince,PRESERVED_SPECIMEN,
1323941795,Guangxi,Murina leucogaster,Murina,Vespertilionidae,,,stateProvince,PRESERVED_SPECIMEN,
1323941794,Guangxi,Rhinolophus pearsonii,Rhinolophus,Rhinolophidae,,,stateProvince,PRESERVED_SPECIMEN,
1323941792,Guangxi,Sphaerias blanfordi,Sphaerias,Pteropodidae,,,stateProvince,PRESERVED_SPECIMEN,
1323941791,Guangxi,Cynopterus sphinx,Cynopterus,Pteropodidae,,,stateProvince,PRESERVED_SPECIMEN,
1323941790,Guangxi,Murina eleryi,Murina,Vespertilionidae,,,stateProvince,PRESERVED_SPECIMEN,
1323941789,Guangxi,Cynopterus sphinx,Cynopterus,Pteropodidae,,,stateProvince,PRESERVED_SPECIMEN,
1323941788,Guangxi,Rousettus leschenaultii,Rousettus,Pteropodidae,,,stateProvince,PRESERVED_SPECIMEN,
1323941787,Guangxi,Murina feae,Murina,Vespertilionidae,,,stateProvince,PRESERVED_SPECIMEN,
1323941786,Guangxi,Rhinolophus pearsonii,Rhinolophus,Rhinolophidae,,,stateProvince,PRESERVED_SPECIMEN,
1323941785,Guizhou,Rhinolophus pusillus,Rhinolophus,Rhinolophidae,,,stateProvince,PRESERVED_SPECIMEN,
1323941783,Guangxi,Phoniscus jagorii,Phoniscus,Vespertilionidae,,,stateProvince,PRESERVED_SPECIMEN,
1323941782,Guangxi,Murina cyclotis,Murina,Vespertilionidae,,,stateProvince,PRESERVED_SPECIMEN,
1323941781,Guangxi,Rhinolophus affinis,Rhinolophus,Rhinolophidae,,,stateProvince,PRESERVED_SPECIMEN,
1323941780,Guangxi,Rhinolophus affinis,Rhinolophus,Rhinolophidae,,,stateProvince,PRESERVED_SPECIMEN,
1323941779,Guangxi,Cynopterus sphinx,Cynopterus,Pteropodidae,,,stateProvince,PRESERVED_SPECIMEN,
1323941778,Guangxi,Rhinolophus stheno,Rhinolophus,Rhinolophidae,,,stateProvince,PRESERVED_SPECIMEN,
1323941777,Guangxi,Murina cyclotis,Murina,Vespertilionidae,,,stateProvince,PRESERVED_SPECIMEN,
1323941776,Guizhou,Hipposideros larvatus,Hipposideros,Hipposideridae,,,stateProvince,PRESERVED_SPECIMEN,
1323941775,Guangxi,Kerivoula furva,Kerivoula,Vespertilionidae,,,stateProvince,PRESERVED_SPECIMEN,
1323941773,Guangxi,Rhinolophus affinis,Rhinolophus,Rhinolophidae,,,stateProvince,PRESERVED_SPECIMEN,
1323941772,Guangxi,Rhinolophus affinis,Rhinolophus,Rhinolophidae,,,stateProvince,PRESERVED_SPECIMEN,
1323941770,Guangxi,Hipposideros armiger,Hipposideros,Hipposideridae,,,stateProvince,PRESERVED_SPECIMEN,
1323941769,Guangxi,Murina leucogaster,Murina,Vespertilionidae,,,stateProvince,PRESERVED_SPECIMEN,
1323941768,Guangxi,Cynopterus sphinx,Cynopterus,Pteropodidae,,,stateProvince,PRESERVED_SPECIMEN,
1323941767,Guangxi,Murina eleryi,Murina,Vespertilionidae,,,stateProvince,PRESERVED_SPECIMEN,
1323941766,Guangxi,Hipposideros larvatus,Hipposideros,Hipposideridae,,,stateProvince,PRESERVED_SPECIMEN,
1323941765,Guangxi,Sphaerias blanfordi,Sphaerias,Pteropodidae,,,stateProvince,PRESERVED_SPECIMEN,
1323941764,Guangxi,Rhinolophus affinis,Rhinolophus,Rhinolophidae,,,stateProvince,PRESERVED_SPECIMEN,
1323941763,Guangxi,Murina cyclotis,Murina,Vespertilionidae,,,stateProvince,PRESERVED_SPECIMEN,
1323941762,Guangxi,Rousettus leschenaultii,Rousettus,Pteropodidae,,,stateProvince,PRESERVED_SPECIMEN,
1323941761,Guangxi,Cynopterus sphinx,Cynopterus,Pteropodidae,,,stateProvince,PRESERVED_SPECIMEN,
1323941760,Guangxi,Sphaerias blanfordi,Sphaerias,Pteropodidae,,,stateProvince,PRESERVED_SPECIMEN,
1323941759,Guangxi,Murina cyclotis,Murina,Vespertilionidae,,,stateProvince,PRESERVED_SPECIMEN,
1323941758,Guangxi,Phoniscus jagorii,Phoniscus,Vespertilionidae,,,stateProvince,PRESERVED_SPECIMEN,
1323941757,Guangxi,Murina cyclotis,Murina,Vespertilionidae,,,stateProvince,PRESERVED_SPECIMEN,
1323941756,Guangxi,Rhinolophus affinis,Rhinolophus,Rhinolophidae,,,stateProvince,PRESERVED_SPECIMEN,
1323941755,Guangxi,Rousettus leschenaultii,Rousettus,Pteropodidae,,,stateProvince,PRESERVED_SPECIMEN,
1323941754,Guangxi,Murina cyclotis,Murina,Vespertilionidae,,,stateProvince,PRESERVED_SPECIMEN,
1323941753,Guangxi,Murina feae,Murina,Vespertilionidae,,,stateProvince,PRESERVED_SPECIMEN,
1323941752,Guangxi,Rousettus leschenaultii,Rousettus,Pteropodidae,,,stateProvince,PRESERVED_SPECIMEN,
1323941751,Guangxi,Murina cyclotis,Murina,Vespertilionidae,,,stateProvince,PRESERVED_SPECIMEN,
1323941750,Guangxi,Murina leucogaster,Murina,Vespertilionidae,,,stateProvince,PRESERVED_SPECIMEN,
1323941749,Guangxi,Sphaerias blanfordi,Sphaerias,Pteropodidae,,,stateProvince,PRESERVED_SPECIMEN,
1323941748,Guangxi,Murina feae,Murina,Vespertilionidae,,,stateProvince,PRESERVED_SPECIMEN,
1323941747,Guangxi,Cynopterus sphinx,Cynopterus,Pteropodidae,,,stateProvince,PRESERVED_SPECIMEN,
1323941746,Guangxi,Murina cyclotis,Murina,Vespertilionidae,,,stateProvince,PRESERVED_SPECIMEN,
1323941745,Guangxi,Murina feae,Murina,Vespertilionidae,,,stateProvince,PRESERVED_SPECIMEN,
1323941744,Guangxi,Murina cyclotis,Murina,Vespertilionidae,,,stateProvince,PRESERVED_SPECIMEN,
1323941743,Guangxi,Myotis alticraniatus,Myotis,Vespertilionidae,,,stateProvince,PRESERVED_SPECIMEN,
1323941742,Guangxi,Rousettus leschenaultii,Rousettus,Pteropodidae,,,stateProvince,PRESERVED_SPECIMEN,
1323941741,Guangxi,Cynopterus sphinx,Cynopterus,Pteropodidae,,,stateProvince,PRESERVED_SPECIMEN,
1323941740,Guangxi,Sphaerias blanfordi,Sphaerias,Pteropodidae,,,stateProvince,PRESERVED_SPECIMEN,
1323941739,Guangxi,Rousettus leschenaultii,Rousettus,Pteropodidae,,,stateProvince,PRESERVED_SPECIMEN,
1323941738,Guangxi,Murina cyclotis,Murina,Vespertilionidae,,,stateProvince,PRESERVED_SPECIMEN,
1323941737,Guangxi,Murina cyclotis,Murina,Vespertilionidae,,,stateProvince,PRESERVED_SPECIMEN,
1323941736,Guangxi,Murina feae,Murina,Vespertilionidae,,,stateProvince,PRESERVED_SPECIMEN,
1323941735,Guangxi,Rhinolophus affinis,Rhinolophus,Rhinolophidae,,,stateProvince,PRESERVED_SPECIMEN,
1323941734,Guangxi,Rousettus leschenaultii,Rousettus,Pteropodidae,,,stateProvince,PRESERVED_SPECIMEN,
1323941733,Guangxi,Rhinolophus affinis,Rhinolophus,Rhinolophidae,,,stateProvince,PRESERVED_SPECIMEN,
1323941732,Guangxi,Murina cyclotis,Murina,Vespertilionidae,,,stateProvince,PRESERVED_SPECIMEN,
1323941731,Guangxi,Cynopterus sphinx,Cynopterus,Pteropodidae,,,stateProvince,PRESERVED_SPECIMEN,
1323941730,Guangxi,Hipposideros pomona,Hipposideros,Hipposideridae,,,stateProvince,PRESERVED_SPECIMEN,
1323941729,Guangxi,Cynopterus sphinx,Cynopterus,Pteropodidae,,,stateProvince,PRESERVED_SPECIMEN,
1323941728,Guangxi,Murina cyclotis,Murina,Vespertilionidae,,,stateProvince,PRESERVED_SPECIMEN,
1323941727,Guangxi,Murina eleryi,Murina,Vespertilionidae,,,stateProvince,PRESERVED_SPECIMEN,
1323941726,Guangxi,Sphaerias blanfordi,Sphaerias,Pteropodidae,,,stateProvince,PRESERVED_SPECIMEN,
1323941724,Guangxi,Sphaerias blanfordi,Sphaerias,Pteropodidae,,,stateProvince,PRESERVED_SPECIMEN,
1323941723,Guangxi,Sphaerias blanfordi,Sphaerias,Pteropodidae,,,stateProvince,PRESERVED_SPECIMEN,
1323941722,Guangxi,Sphaerias blanfordi,Sphaerias,Pteropodidae,,,stateProvince,PRESERVED_SPECIMEN,
1323941721,Guangxi,Rhinolophus affinis,Rhinolophus,Rhinolophidae,,,stateProvince,PRESERVED_SPECIMEN,
1323941720,Guangxi,Myotis alticraniatus,Myotis,Vespertilionidae,,,stateProvince,PRESERVED_SPECIMEN,
1323941719,Guangxi,Rousettus leschenaultii,Rousettus,Pteropodidae,,,stateProvince,PRESERVED_SPECIMEN,
1323941717,Guangxi,Murina cyclotis,Murina,Vespertilionidae,,,stateProvince,PRESERVED_SPECIMEN,
1323941716,Guangxi,Rousettus leschenaultii,Rousettus,Pteropodidae,,,stateProvince,PRESERVED_SPECIMEN,
1323941715,Guangxi,Hipposideros larvatus,Hipposideros,Hipposideridae,,,stateProvince,PRESERVED_SPECIMEN,
1323941714,Guangxi,Cynopterus sphinx,Cynopterus,Pteropodidae,,,stateProvince,PRESERVED_SPECIMEN,
1323941713,Guangxi,Murina leucogaster,Murina,Vespertilionidae,,,stateProvince,PRESERVED_SPECIMEN,
1323941712,Guangxi,Rhinolophus affinis,Rhinolophus,Rhinolophidae,,,stateProvince,PRESERVED_SPECIMEN,
1323941711,Guangxi,Rousettus leschenaultii,Rousettus,Pteropodidae,,,stateProvince,PRESERVED_SPECIMEN,
1323941710,Guangxi,Hypsugo cadornae,Hypsugo,Vespertilionidae,,,stateProvince,PRESERVED_SPECIMEN,
1323941709,Guangxi,Rhinolophus affinis,Rhinolophus,Rhinolophidae,,,stateProvince,PRESERVED_SPECIMEN,
1323941708,Guangxi,Murina leucogaster,Murina,Vespertilionidae,,,stateProvince,PRESERVED_SPECIMEN,
1323941707,Guangxi,Sphaerias blanfordi,Sphaerias,Pteropodidae,,,stateProvince,PRESERVED_SPECIMEN,
1323941704,Guangxi,Murina cyclotis,Murina,Vespertilionidae,,,stateProvince,PRESERVED_SPECIMEN,
1323941702,Guangxi,Murina cyclotis,Murina,Vespertilionidae,,,stateProvince,PRESERVED_SPECIMEN,
1323941701,Guangxi,Sphaerias blanfordi,Sphaerias,Pteropodidae,,,stateProvince,PRESERVED_SPECIMEN,
1323941700,Guangxi,Murina eleryi,Murina,Vespertilionidae,,,stateProvince,PRESERVED_SPECIMEN,
1323941699,Guangxi,Rhinolophus affinis,Rhinolophus,Rhinolophidae,,,stateProvince,PRESERVED_SPECIMEN,
1323941698,Guangxi,Rhinolophus rex,Rhinolophus,Rhinolophidae,,,stateProvince,PRESERVED_SPECIMEN,
1323941696,Guangxi,Rhinolophus affinis,Rhinolophus,Rhinolophidae,,,stateProvince,PRESERVED_SPECIMEN,
1323941695,Guangxi,Rhinolophus macrotis,Rhinolophus,Rhinolophidae,,,stateProvince,PRESERVED_SPECIMEN,
1323941694,Guangxi,Rousettus leschenaultii,Rousettus,Pteropodidae,,,stateProvince,PRESERVED_SPECIMEN,
1323941693,Guangxi,Murina cyclotis,Murina,Vespertilionidae,,,stateProvince,PRESERVED_SPECIMEN,
1323941692,Guangxi,Hipposideros pomona,Hipposideros,Hipposideridae,,,stateProvince,PRESERVED_SPECIMEN,
1323941691,Guangxi,Murina cyclotis,Murina,Vespertilionidae,,,stateProvince,PRESERVED_SPECIMEN,
1323941690,Guangxi,Murina cyclotis,Murina,Vespertilionidae,,,stateProvince,PRESERVED_SPECIMEN,
1323941689,Guangxi,Murina cyclotis,Murina,Vespertilionidae,,,stateProvince,PRESERVED_SPECIMEN,
1323941688,Guangxi,Pipistrellus paterculus,Pipistrellus,Vespertilionidae,,,stateProvince,PRESERVED_SPECIMEN,
1323941685,Guangxi,Sphaerias blanfordi,Sphaerias,Pteropodidae,,,stateProvince,PRESERVED_SPECIMEN,
1323941682,Guangxi,Murina cyclotis,Murina,Vespertilionidae,,,stateProvince,PRESERVED_SPECIMEN,
1323941681,Guangxi,Murina feae,Murina,Vespertilionidae,,,stateProvince,PRESERVED_SPECIMEN,
1323941680,Guangxi,Murina cyclotis,Murina,Vespertilionidae,,,stateProvince,PRESERVED_SPECIMEN,
1323941679,Guangxi,Rhinolophus pearsonii,Rhinolophus,Rhinolophidae,,,stateProvince,PRESERVED_SPECIMEN,
1323941678,Guangxi,Rhinolophus affinis,Rhinolophus,Rhinolophidae,,,stateProvince,PRESERVED_SPECIMEN,
1323941676,Guangxi,Rousettus leschenaultii,Rousettus,Pteropodidae,,,stateProvince,PRESERVED_SPECIMEN,
1323941675,Guangxi,Sphaerias blanfordi,Sphaerias,Pteropodidae,,,stateProvince,PRESERVED_SPECIMEN,
1323941674,Guangxi,Murina cyclotis,Murina,Vespertilionidae,,,stateProvince,PRESERVED_SPECIMEN,
1323941672,Guangxi,Murina eleryi,Murina,Vespertilionidae,,,stateProvince,PRESERVED_SPECIMEN,
1323941671,Guangxi,Murina leucogaster,Murina,Vespertilionidae,,,stateProvince,PRESERVED_SPECIMEN,
1323941670,Guangxi,Murina feae,Murina,Vespertilionidae,,,stateProvince,PRESERVED_SPECIMEN,
1323941668,Guangxi,Sphaerias blanfordi,Sphaerias,Pteropodidae,,,stateProvince,PRESERVED_SPECIMEN,
1323941666,Guangxi,Harpiocephalus harpia,Harpiocephalus,Vespertilionidae,,,stateProvince,PRESERVED_SPECIMEN,
1323941665,Guangxi,Rhinolophus pearsonii,Rhinolophus,Rhinolophidae,,,stateProvince,PRESERVED_SPECIMEN,
1323941663,Guangxi,Rousettus leschenaultii,Rousettus,Pteropodidae,,,stateProvince,PRESERVED_SPECIMEN,
1323941662,Guangxi,Murina cyclotis,Murina,Vespertilionidae,,,stateProvince,PRESERVED_SPECIMEN,
1323941660,Guangxi,Rhinolophus stheno,Rhinolophus,Rhinolophidae,,,stateProvince,PRESERVED_SPECIMEN,
1323941659,Guangxi,Rhinolophus affinis,Rhinolophus,Rhinolophidae,,,stateProvince,PRESERVED_SPECIMEN,
1323941657,Guangxi,Rhinolophus affinis,Rhinolophus,Rhinolophidae,,,stateProvince,PRESERVED_SPECIMEN,
1323941651,Guangxi,Cynopterus sphinx,Cynopterus,Pteropodidae,,,stateProvince,PRESERVED_SPECIMEN,
1323941649,Guangxi,Rhinolophus affinis,Rhinolophus,Rhinolophidae,,,stateProvince,PRESERVED_SPECIMEN,
1323941648,Guangxi,Rhinolophus pusillus,Rhinolophus,Rhinolophidae,,,stateProvince,PRESERVED_SPECIMEN,
1323941646,Guangxi,Miniopterus magnater,Miniopterus,Vespertilionidae,,,stateProvince,PRESERVED_SPECIMEN,
1323941641,Guangxi,Rhinolophus affinis,Rhinolophus,Rhinolophidae,,,stateProvince,PRESERVED_SPECIMEN,
1323941640,Guangxi,Murina cyclotis,Murina,Vespertilionidae,,,stateProvince,PRESERVED_SPECIMEN,
1323941639,Guangxi,Rhinolophus affinis,Rhinolophus,Rhinolophidae,,,stateProvince,PRESERVED_SPECIMEN,
1323941638,Guangxi,Myotis alticraniatus,Myotis,Vespertilionidae,,,stateProvince,PRESERVED_SPECIMEN,
1323941636,Guangxi,Sphaerias blanfordi,Sphaerias,Pteropodidae,,,stateProvince,PRESERVED_SPECIMEN,
1323941632,Guangxi,Cynopterus sphinx,Cynopterus,Pteropodidae,,,stateProvince,PRESERVED_SPECIMEN,
1323941626,Guangxi,Rousettus leschenaultii,Rousettus,Pteropodidae,,,stateProvince,PRESERVED_SPECIMEN,
1323941623,Guangxi,Rousettus leschenaultii,Rousettus,Pteropodidae,,,stateProvince,PRESERVED_SPECIMEN,
1323941620,Guangxi,Murina cyclotis,Murina,Vespertilionidae,,,stateProvince,PRESERVED_SPECIMEN,
1323941618,Guangxi,Rhinolophus affinis,Rhinolophus,Rhinolophidae,,,stateProvince,PRESERVED_SPECIMEN,
1323941608,Guangxi,Murina cyclotis,Murina,Vespertilionidae,,,stateProvince,PRESERVED_SPECIMEN,
1323941602,Guangxi,Murina leucogaster,Murina,Vespertilionidae,,,stateProvince,PRESERVED_SPECIMEN,
1323941598,Guangxi,Murina lorelieae,Murina,Vespertilionidae,,,stateProvince,PRESERVED_SPECIMEN,
1323941596,Guangxi,Sphaerias blanfordi,Sphaerias,Pteropodidae,,,stateProvince,PRESERVED_SPECIMEN,
1323941553,Guangxi,Rhinolophus affinis,Rhinolophus,Rhinolophidae,,,stateProvince,PRESERVED_SPECIMEN,
1323941255,Guangxi,Rhinolophus affinis,Rhinolophus,Rhinolophidae,,,stateProvince,PRESERVED_SPECIMEN,
1323941235,Guangxi,Rhinolophus affinis,Rhinolophus,Rhinolophidae,,,stateProvince,PRESERVED_SPECIMEN,
1323941221,Guangxi,Rhinolophus affinis,Rhinolophus,Rhinolophidae,,,stateProvince,PRESERVED_SPECIMEN,
1323941218,Guangxi,Hipposideros larvatus,Hipposideros,Hipposideridae,,,stateProvince,PRESERVED_SPECIMEN,
1323941216,Guangxi,Scotomanes ornatus,Scotomanes,Vespertilionidae,,,stateProvince,PRESERVED_SPECIMEN,
1323941211,Guangxi,Rhinolophus pusillus,Rhinolophus,Rhinolophidae,,,stateProvince,PRESERVED_SPECIMEN,
1323941205,Guangxi,Murina cyclotis,Murina,Vespertilionidae,,,stateProvince,PRESERVED_SPECIMEN,
1323941204,Guangxi,Cynopterus sphinx,Cynopterus,Pteropodidae,,,stateProvince,PRESERVED_SPECIMEN,
1323941199,Guangxi,Pipistrellus javanicus,Pipistrellus,Vespertilionidae,,,stateProvince,PRESERVED_SPECIMEN,
1323941197,Guangxi,Rhinolophus affinis,Rhinolophus,Rhinolophidae,,,stateProvince,PRESERVED_SPECIMEN,
1323941195,Guangxi,Pipistrellus javanicus,Pipistrellus,Vespertilionidae,,,stateProvince,PRESERVED_SPECIMEN,
1323941189,Guangxi,Rhinolophus affinis,Rhinolophus,Rhinolophidae,,,stateProvince,PRESERVED_SPECIMEN,
1323941187,Guangxi,Miniopterus magnater,Miniopterus,Vespertilionidae,,,stateProvince,PRESERVED_SPECIMEN,
1323941185,Guangxi,Rhinolophus affinis,Rhinolophus,Rhinolophidae,,,stateProvince,PRESERVED_SPECIMEN,
1323941184,Guangxi,Rhinolophus affinis,Rhinolophus,Rhinolophidae,,,stateProvince,PRESERVED_SPECIMEN,
1323941179,Guangxi,Cynopterus sphinx,Cynopterus,Pteropodidae,,,stateProvince,PRESERVED_SPECIMEN,
1323941178,Guangxi,Rhinolophus rouxii,Rhinolophus,Rhinolophidae,,,stateProvince,PRESERVED_SPECIMEN,
1323941176,Guangxi,Murina harrisoni,Murina,Vespertilionidae,,,stateProvince,PRESERVED_SPECIMEN,
1323941175,Guangxi,Cynopterus sphinx,Cynopterus,Pteropodidae,,,stateProvince,PRESERVED_SPECIMEN,
1323941172,Guangxi,Rhinolophus pearsonii,Rhinolophus,Rhinolophidae,,,stateProvince,PRESERVED_SPECIMEN,
1323941170,Guangxi,Scotomanes ornatus,Scotomanes,Vespertilionidae,,,stateProvince,PRESERVED_SPECIMEN,
1323941168,Guangxi,Murina cyclotis,Murina,Vespertilionidae,,,stateProvince,PRESERVED_SPECIMEN,
1323941166,Guangxi,Scotomanes ornatus,Scotomanes,Vespertilionidae,,,stateProvince,PRESERVED_SPECIMEN,
1323941164,Guangxi,Rhinolophus rouxii,Rhinolophus,Rhinolophidae,,,stateProvince,PRESERVED_SPECIMEN,
1323941162,Guangxi,Rhinolophus rouxii,Rhinolophus,Rhinolophidae,,,stateProvince,PRESERVED_SPECIMEN,
1323941160,Guangxi,Myotis montivagus,Myotis,Vespertilionidae,,,stateProvince,PRESERVED_SPECIMEN,
1323941159,Guangxi,Harpiocephalus harpia,Harpiocephalus,Vespertilionidae,,,stateProvince,PRESERVED_SPECIMEN,
1323941157,Guangxi,Rhinolophus affinis,Rhinolophus,Rhinolophidae,,,stateProvince,PRESERVED_SPECIMEN,
1323941156,Guangxi,Pipistrellus javanicus,Pipistrellus,Vespertilionidae,,,stateProvince,PRESERVED_SPECIMEN,
1323941151,Guangxi,Rhinolophus affinis,Rhinolophus,Rhinolophidae,,,stateProvince,PRESERVED_SPECIMEN,
1323941149,Guangxi,Rhinolophus rouxii,Rhinolophus,Rhinolophidae,,,stateProvince,PRESERVED_SPECIMEN,
1323941148,Guangxi,Myotis montivagus,Myotis,Vespertilionidae,,,stateProvince,PRESERVED_SPECIMEN,
1323941146,Guangxi,Hypsugo pulveratus,Hypsugo,Vespertilionidae,,,stateProvince,PRESERVED_SPECIMEN,
1323941145,Guangxi,Murina eleryi,Murina,Vespertilionidae,,,stateProvince,PRESERVED_SPECIMEN,
1323941144,Guangxi,Myotis horsfieldii,Myotis,Vespertilionidae,,,stateProvince,PRESERVED_SPECIMEN,
1323941143,Guangxi,Rhinolophus affinis,Rhinolophus,Rhinolophidae,,,stateProvince,PRESERVED_SPECIMEN,
1323941141,Guangxi,Rhinolophus affinis,Rhinolophus,Rhinolophidae,,,stateProvince,PRESERVED_SPECIMEN,
1323941138,Guangxi,Rhinolophus affinis,Rhinolophus,Rhinolophidae,,,stateProvince,PRESERVED_SPECIMEN,
1323941137,Guangxi,Rhinolophus affinis,Rhinolophus,Rhinolophidae,,,stateProvince,PRESERVED_SPECIMEN,
1323941136,Guangxi,Murina cyclotis,Murina,Vespertilionidae,,,stateProvince,PRESERVED_SPECIMEN,
1323941134,Guangxi,Rhinolophus affinis,Rhinolophus,Rhinolophidae,,,stateProvince,PRESERVED_SPECIMEN,
1323941129,Guangxi,Myotis montivagus,Myotis,Vespertilionidae,,,stateProvince,PRESERVED_SPECIMEN,
1323941126,Guangxi,Rhinolophus affinis,Rhinolophus,Rhinolophidae,,,stateProvince,PRESERVED_SPECIMEN,
1323941125,Guangxi,Murina cyclotis,Murina,Vespertilionidae,,,stateProvince,PRESERVED_SPECIMEN,
1323941124,Guangxi,Murina cyclotis,Murina,Vespertilionidae,,,stateProvince,PRESERVED_SPECIMEN,
1323941123,Guangxi,Rhinolophus rouxii,Rhinolophus,Rhinolophidae,,,stateProvince,PRESERVED_SPECIMEN,
1323941121,Guangxi,Rhinolophus affinis,Rhinolophus,Rhinolophidae,,,stateProvince,PRESERVED_SPECIMEN,
1323941120,Guangxi,Rhinolophus affinis,Rhinolophus,Rhinolophidae,,,stateProvince,PRESERVED_SPECIMEN,
1323941118,Guangxi,Murina cyclotis,Murina,Vespertilionidae,,,stateProvince,PRESERVED_SPECIMEN,
1323941117,Guangxi,Rhinolophus pusillus,Rhinolophus,Rhinolophidae,,,stateProvince,PRESERVED_SPECIMEN,
1323941115,Guangxi,Rhinolophus affinis,Rhinolophus,Rhinolophidae,,,stateProvince,PRESERVED_SPECIMEN,
1323941113,Guangxi,Scotomanes ornatus,Scotomanes,Vespertilionidae,,,stateProvince,PRESERVED_SPECIMEN,
1323941112,Guangxi,Scotomanes ornatus,Scotomanes,Vespertilionidae,,,stateProvince,PRESERVED_SPECIMEN,
1323941111,Guangxi,Murina harrisoni,Murina,Vespertilionidae,,,stateProvince,PRESERVED_SPECIMEN,
1323941107,Guangxi,Rhinolophus rouxii,Rhinolophus,Rhinolophidae,,,stateProvince,PRESERVED_SPECIMEN,
1323941106,Guangxi,Myotis montivagus,Myotis,Vespertilionidae,,,stateProvince,PRESERVED_SPECIMEN,
1323941103,Guangxi,Rhinolophus pusillus,Rhinolophus,Rhinolophidae,,,stateProvince,PRESERVED_SPECIMEN,
1323941102,Guangxi,Rhinolophus affinis,Rhinolophus,Rhinolophidae,,,stateProvince,PRESERVED_SPECIMEN,
1323941101,Guangxi,Rhinolophus pearsonii,Rhinolophus,Rhinolophidae,,,stateProvince,PRESERVED_SPECIMEN,
1323941098,Guangxi,Cynopterus sphinx,Cynopterus,Pteropodidae,,,stateProvince,PRESERVED_SPECIMEN,
1323941096,Guangxi,Rhinolophus rouxii,Rhinolophus,Rhinolophidae,,,stateProvince,PRESERVED_SPECIMEN,
1323941094,Guangxi,Harpiocephalus harpia,Harpiocephalus,Vespertilionidae,,,stateProvince,PRESERVED_SPECIMEN,
1323941092,Guangxi,Rhinolophus rouxii,Rhinolophus,Rhinolophidae,,,stateProvince,PRESERVED_SPECIMEN,
1323941091,Guangxi,Murina feae,Murina,Vespertilionidae,,,stateProvince,PRESERVED_SPECIMEN,
1323941088,Guangxi,Rhinolophus rouxii,Rhinolophus,Rhinolophidae,,,stateProvince,PRESERVED_SPECIMEN,
1323941087,Guangxi,Myotis muricola,Myotis,Vespertilionidae,,,stateProvince,PRESERVED_SPECIMEN,
1323941086,Guangxi,Rhinolophus pusillus,Rhinolophus,Rhinolophidae,,,stateProvince,PRESERVED_SPECIMEN,
1323941085,Guangxi,Rhinolophus rouxii,Rhinolophus,Rhinolophidae,,,stateProvince,PRESERVED_SPECIMEN,
1323941081,Guangxi,Rhinolophus affinis,Rhinolophus,Rhinolophidae,,,stateProvince,PRESERVED_SPECIMEN,
1323941076,Guangxi,Rhinolophus rouxii,Rhinolophus,Rhinolophidae,,,stateProvince,PRESERVED_SPECIMEN,
1323941075,Guangxi,Rhinolophus luctus,Rhinolophus,Rhinolophidae,,,stateProvince,PRESERVED_SPECIMEN,
1323941074,Guangxi,Cynopterus sphinx,Cynopterus,Pteropodidae,,,stateProvince,PRESERVED_SPECIMEN,
1323941073,Guangxi,Myotis montivagus,Myotis,Vespertilionidae,,,stateProvince,PRESERVED_SPECIMEN,
1323941071,Guangxi,Rhinolophus affinis,Rhinolophus,Rhinolophidae,,,stateProvince,PRESERVED_SPECIMEN,
1323941069,Guangxi,Cynopterus sphinx,Cynopterus,Pteropodidae,,,stateProvince,PRESERVED_SPECIMEN,
1323941067,Guangxi,Rhinolophus pearsonii,Rhinolophus,Rhinolophidae,,,stateProvince,PRESERVED_SPECIMEN,
1323941062,Guangxi,Myotis montivagus,Myotis,Vespertilionidae,,,stateProvince,PRESERVED_SPECIMEN,
1323941055,Guangxi,Harpiocephalus harpia,Harpiocephalus,Vespertilionidae,,,stateProvince,PRESERVED_SPECIMEN,
1323941054,Guangxi,Rhinolophus affinis,Rhinolophus,Rhinolophidae,,,stateProvince,PRESERVED_SPECIMEN,
1323941051,Guangxi,Cynopterus sphinx,Cynopterus,Pteropodidae,,,stateProvince,PRESERVED_SPECIMEN,
1323941049,Guangxi,Rhinolophus pearsonii,Rhinolophus,Rhinolophidae,,,stateProvince,PRESERVED_SPECIMEN,
1323941045,Guangxi,Rhinolophus affinis,Rhinolophus,Rhinolophidae,,,stateProvince,PRESERVED_SPECIMEN,
1323941043,Guangxi,Rhinolophus pearsonii,Rhinolophus,Rhinolophidae,,,stateProvince,PRESERVED_SPECIMEN,
1323941038,Guangxi,Myotis montivagus,Myotis,Vespertilionidae,,,stateProvince,PRESERVED_SPECIMEN,
1323941031,Guangxi,Murina cyclotis,Murina,Vespertilionidae,,,stateProvince,PRESERVED_SPECIMEN,
1322952989,Sichuan,Nyctalus plancyi,Nyctalus,Vespertilionidae,,,stateProvince,PRESERVED_SPECIMEN,
1322944295,Sichuan,Hipposideros armiger,Hipposideros,Hipposideridae,,,stateProvince,PRESERVED_SPECIMEN,
1322935761,Fujian,Hipposideros armiger,Hipposideros,Hipposideridae,,,stateProvince,PRESERVED_SPECIMEN,
1322921214,Sichuan,Hipposideros armiger,Hipposideros,Hipposideridae,,,stateProvince,PRESERVED_SPECIMEN,
1322911825,Sichuan,Rhinolophus nippon,Rhinolophus,Rhinolophidae,,,stateProvince,PRESERVED_SPECIMEN,
1322895383,Fujian,Rhinolophus pusillus,Rhinolophus,Rhinolophidae,,,stateProvince,PRESERVED_SPECIMEN,
1322857957,Sichuan,Nyctalus plancyi,Nyctalus,Vespertilionidae,,,stateProvince,PRESERVED_SPECIMEN,
1322824793,Fujian,Rhinolophus sinicus,Rhinolophus,Rhinolophidae,,,stateProvince,PRESERVED_SPECIMEN,
1322811547,Sichuan,Nyctalus plancyi,Nyctalus,Vespertilionidae,,,stateProvince,PRESERVED_SPECIMEN,
1322796116,Sichuan,Rhinolophus episcopus,Rhinolophus,Rhinolophidae,,,stateProvince,PRESERVED_SPECIMEN,
1322788289,Fujian,Myotis sowerbyi,Myotis,Vespertilionidae,,,stateProvince,PRESERVED_SPECIMEN,
1322782182,Sichuan,Nyctalus noctula,Nyctalus,Vespertilionidae,,,stateProvince,PRESERVED_SPECIMEN,
1322774139,Fujian,Hipposideros pratti,Hipposideros,Hipposideridae,,,stateProvince,PRESERVED_SPECIMEN,
1322758899,Sichuan,Rhinolophus pusillus,Rhinolophus,Rhinolophidae,,,stateProvince,PRESERVED_SPECIMEN,
1322752712,Yunnan,Pipistrellus abramus,Pipistrellus,Vespertilionidae,,,stateProvince,PRESERVED_SPECIMEN,
1322738811,Sichuan,Pipistrellus abramus,Pipistrellus,Vespertilionidae,,,stateProvince,PRESERVED_SPECIMEN,
1322730849,Sichuan,Rhinolophus pusillus,Rhinolophus,Rhinolophidae,,,stateProvince,PRESERVED_SPECIMEN,
1322721829,Fujian,Hipposideros pratti,Hipposideros,Hipposideridae,,,stateProvince,PRESERVED_SPECIMEN,
1322717843,Fujian,Rhinolophus sinicus,Rhinolophus,Rhinolophidae,,,stateProvince,PRESERVED_SPECIMEN,
1322699984,Fujian,Hipposideros pratti,Hipposideros,Hipposideridae,,,stateProvince,PRESERVED_SPECIMEN,
1322687294,Sichuan,Myotis petax,Myotis,Vespertilionidae,,,stateProvince,PRESERVED_SPECIMEN,
1322677938,Fujian,Myotis sowerbyi,Myotis,Vespertilionidae,,,stateProvince,PRESERVED_SPECIMEN,
1322676422,Fujian,Myotis sowerbyi,Myotis,Vespertilionidae,,,stateProvince,PRESERVED_SPECIMEN,
1322673946,Sichuan,Rhinolophus pusillus,Rhinolophus,Rhinolophidae,,,stateProvince,PRESERVED_SPECIMEN,
1322635334,Fujian,Rhinolophus sinicus,Rhinolophus,Rhinolophidae,,,stateProvince,PRESERVED_SPECIMEN,
1322634851,Fujian,Hipposideros armiger,Hipposideros,Hipposideridae,,,stateProvince,PRESERVED_SPECIMEN,
1322632372,Fujian,Hipposideros gentilis,Hipposideros,Hipposideridae,,,stateProvince,PRESERVED_SPECIMEN,
1322573648,Sichuan,Lyroderma lyra,Lyroderma,Megadermatidae,,,stateProvince,PRESERVED_SPECIMEN,
1322546398,Sichuan,Nyctalus plancyi,Nyctalus,Vespertilionidae,,,stateProvince,PRESERVED_SPECIMEN,
1322533137,Sichuan,Rhinolophus rex,Rhinolophus,Rhinolophidae,,,stateProvince,PRESERVED_SPECIMEN,
1322526368,Fujian,Rhinolophus affinis,Rhinolophus,Rhinolophidae,,,stateProvince,PRESERVED_SPECIMEN,
1322510615,Sichuan,Hipposideros armiger,Hipposideros,Hipposideridae,,,stateProvince,PRESERVED_SPECIMEN,
1322499444,Sichuan,Rhinolophus pusillus,Rhinolophus,Rhinolophidae,,,stateProvince,PRESERVED_SPECIMEN,
1322493411,Sichuan,Myotis petax,Myotis,Vespertilionidae,,,stateProvince,PRESERVED_SPECIMEN,
1322492862,Fujian,Myotis sowerbyi,Myotis,Vespertilionidae,,,stateProvince,PRESERVED_SPECIMEN,
1322461907,Fujian,Myotis sowerbyi,Myotis,Vespertilionidae,,,stateProvince,PRESERVED_SPECIMEN,
1322453982,Sichuan,Nyctalus plancyi,Nyctalus,Vespertilionidae,,,stateProvince,PRESERVED_SPECIMEN,
1322362699,Fujian,Hipposideros pratti,Hipposideros,Hipposideridae,,,stateProvince,PRESERVED_SPECIMEN,
1322296238,Fujian,Rhinolophus affinis,Rhinolophus,Rhinolophidae,,,stateProvince,PRESERVED_SPECIMEN,
1322259753,Sichuan,Nyctalus plancyi,Nyctalus,Vespertilionidae,,,stateProvince,PRESERVED_SPECIMEN,
1322251090,Sichuan,Nyctalus plancyi,Nyctalus,Vespertilionidae,,,stateProvince,PRESERVED_SPECIMEN,
1322235581,Fujian,Miniopterus fuliginosus,Miniopterus,Vespertilionidae,,,stateProvince,PRESERVED_SPECIMEN,
1322219682,Fujian,Myotis sowerbyi,Myotis,Vespertilionidae,,,stateProvince,PRESERVED_SPECIMEN,
1322212364,Fujian,Hipposideros gentilis,Hipposideros,Hipposideridae,,,stateProvince,PRESERVED_SPECIMEN,
1322208213,Fujian,Miniopterus fuliginosus,Miniopterus,Vespertilionidae,,,stateProvince,PRESERVED_SPECIMEN,
1322207937,Sichuan,Nyctalus plancyi,Nyctalus,Vespertilionidae,,,stateProvince,PRESERVED_SPECIMEN,
1322199058,Sichuan,Nyctalus plancyi,Nyctalus,Vespertilionidae,,,stateProvince,PRESERVED_SPECIMEN,
1322184492,Fujian,Miniopterus fuliginosus,Miniopterus,Vespertilionidae,,,stateProvince,PRESERVED_SPECIMEN,
1322183401,Yunnan,Rhinolophus pusillus,Rhinolophus,Rhinolophidae,,,stateProvince,PRESERVED_SPECIMEN,
1322172326,Fujian,Miniopterus fuliginosus,Miniopterus,Vespertilionidae,,,stateProvince,PRESERVED_SPECIMEN,
1322160324,Yunnan,Hipposideros gentilis,Hipposideros,Hipposideridae,,,stateProvince,PRESERVED_SPECIMEN,
1322138734,Sichuan,Nyctalus plancyi,Nyctalus,Vespertilionidae,,,stateProvince,PRESERVED_SPECIMEN,
1322129356,Sichuan,Nyctalus plancyi,Nyctalus,Vespertilionidae,,,stateProvince,PRESERVED_SPECIMEN,
1322128777,Sichuan,Rhinolophus pusillus,Rhinolophus,Rhinolophidae,,,stateProvince,PRESERVED_SPECIMEN,
1322080461,Fujian,Rhinolophus sinicus,Rhinolophus,Rhinolophidae,,,stateProvince,PRESERVED_SPECIMEN,
1322078178,Sichuan,Rhinolophus pusillus,Rhinolophus,Rhinolophidae,,,stateProvince,PRESERVED_SPECIMEN,
1322073068,Sichuan,Nyctalus plancyi,Nyctalus,Vespertilionidae,,,stateProvince,PRESERVED_SPECIMEN,
1322034939,Guizhou,Ia io,Ia,Vespertilionidae,,,stateProvince,PRESERVED_SPECIMEN,
1322032496,Fujian,Rhinolophus sinicus,Rhinolophus,Rhinolophidae,,,stateProvince,PRESERVED_SPECIMEN,
1322020024,Sichuan,Nyctalus plancyi,Nyctalus,Vespertilionidae,,,stateProvince,PRESERVED_SPECIMEN,
1321999907,Fujian,Hipposideros pratti,Hipposideros,Hipposideridae,,,stateProvince,PRESERVED_SPECIMEN,
1321961046,Sichuan,Nyctalus plancyi,Nyctalus,Vespertilionidae,,,stateProvince,PRESERVED_SPECIMEN,
1321960950,Sichuan,Hipposideros armiger,Hipposideros,Hipposideridae,,,stateProvince,PRESERVED_SPECIMEN,
1321954621,Sichuan,Rhinolophus pusillus,Rhinolophus,Rhinolophidae,,,stateProvince,PRESERVED_SPECIMEN,
1321950297,Fujian,Myotis fimbriatus,Myotis,Vespertilionidae,,,stateProvince,PRESERVED_SPECIMEN,
1321947768,Fujian,Hipposideros pratti,Hipposideros,Hipposideridae,,,stateProvince,PRESERVED_SPECIMEN,
1321939659,Fujian,Myotis fimbriatus,Myotis,Vespertilionidae,,,stateProvince,PRESERVED_SPECIMEN,
1321934255,Yunnan,Hipposideros gentilis,Hipposideros,Hipposideridae,,,stateProvince,PRESERVED_SPECIMEN,
1321913959,Sichuan,Hipposideros armiger,Hipposideros,Hipposideridae,,,stateProvince,PRESERVED_SPECIMEN,
1321897222,Sichuan,Nyctalus plancyi,Nyctalus,Vespertilionidae,,,stateProvince,PRESERVED_SPECIMEN,
1321891598,Fujian,Rhinolophus sinicus,Rhinolophus,Rhinolophidae,,,stateProvince,PRESERVED_SPECIMEN,
1321889135,Fujian,Hipposideros armiger,Hipposideros,Hipposideridae,,,stateProvince,PRESERVED_SPECIMEN,
1321861809,Fujian,Rhinolophus sinicus,Rhinolophus,Rhinolophidae,,,stateProvince,PRESERVED_SPECIMEN,
1321835801,Sichuan,Pipistrellus abramus,Pipistrellus,Vespertilionidae,,,stateProvince,PRESERVED_SPECIMEN,
1321815035,Sichuan,Myotis petax,Myotis,Vespertilionidae,,,stateProvince,PRESERVED_SPECIMEN,
1321775826,Sichuan,Hipposideros armiger,Hipposideros,Hipposideridae,,,stateProvince,PRESERVED_SPECIMEN,
1321774090,Fujian,Myotis sowerbyi,Myotis,Vespertilionidae,,,stateProvince,PRESERVED_SPECIMEN,
1321766427,Fujian,Myotis sowerbyi,Myotis,Vespertilionidae,,,stateProvince,PRESERVED_SPECIMEN,
1321745396,Sichuan,Nyctalus plancyi,Nyctalus,Vespertilionidae,,,stateProvince,PRESERVED_SPECIMEN,
1321735813,Sichuan,Hipposideros armiger,Hipposideros,Hipposideridae,,,stateProvince,PRESERVED_SPECIMEN,
1321721941,Sichuan,Nyctalus plancyi,Nyctalus,Vespertilionidae,,,stateProvince,PRESERVED_SPECIMEN,
1321703634,Fujian,Miniopterus fuliginosus,Miniopterus,Vespertilionidae,,,stateProvince,PRESERVED_SPECIMEN,
1321683189,Sichuan,Nyctalus noctula,Nyctalus,Vespertilionidae,,,stateProvince,PRESERVED_SPECIMEN,
1321682308,Sichuan,Nyctalus noctula,Nyctalus,Vespertilionidae,,,stateProvince,PRESERVED_SPECIMEN,
1321645603,Fujian,Rhinolophus pusillus,Rhinolophus,Rhinolophidae,,,stateProvince,PRESERVED_SPECIMEN,
1321603141,Fujian,Rhinolophus sinicus,Rhinolophus,Rhinolophidae,,,stateProvince,PRESERVED_SPECIMEN,
1321588012,Fujian,Hipposideros gentilis,Hipposideros,Hipposideridae,,,stateProvince,PRESERVED_SPECIMEN,
1321583927,Sichuan,Rhinolophus pusillus,Rhinolophus,Rhinolophidae,,,stateProvince,PRESERVED_SPECIMEN,
1321583870,Fujian,Hipposideros pratti,Hipposideros,Hipposideridae,,,stateProvince,PRESERVED_SPECIMEN,
1321548056,Fujian,Hipposideros pratti,Hipposideros,Hipposideridae,,,stateProvince,PRESERVED_SPECIMEN,
1321529784,Fujian,Myotis fimbriatus,Myotis,Vespertilionidae,,,stateProvince,PRESERVED_SPECIMEN,
1321527650,Yunnan,Hipposideros gentilis,Hipposideros,Hipposideridae,,,stateProvince,PRESERVED_SPECIMEN,
1321520038,Sichuan,Myotis rufoniger,Myotis,Vespertilionidae,,,stateProvince,PRESERVED_SPECIMEN,
1321513977,Yunnan,Murina aurata,Murina,Vespertilionidae,,,stateProvince,PRESERVED_SPECIMEN,
1321502763,Fujian,Rhinolophus pusillus,Rhinolophus,Rhinolophidae,,,stateProvince,PRESERVED_SPECIMEN,
1321501269,Fujian,Myotis sowerbyi,Myotis,Vespertilionidae,,,stateProvince,PRESERVED_SPECIMEN,
1321500024,Sichuan,Nyctalus plancyi,Nyctalus,Vespertilionidae,,,stateProvince,PRESERVED_SPECIMEN,
1321472359,Fujian,Rhinolophus pusillus,Rhinolophus,Rhinolophidae,,,stateProvince,PRESERVED_SPECIMEN,
1321460653,Fujian,Rhinolophus pusillus,Rhinolophus,Rhinolophidae,,,stateProvince,PRESERVED_SPECIMEN,
1321446213,Fujian,Rhinolophus sinicus,Rhinolophus,Rhinolophidae,,,stateProvince,PRESERVED_SPECIMEN,
1321430833,Sichuan,Nyctalus noctula,Nyctalus,Vespertilionidae,,,stateProvince,PRESERVED_SPECIMEN,
1321419057,Sichuan,Nyctalus plancyi,Nyctalus,Vespertilionidae,,,stateProvince,PRESERVED_SPECIMEN,
1321413946,Sichuan,Nyctalus noctula,Nyctalus,Vespertilionidae,,,stateProvince,PRESERVED_SPECIMEN,
1321407270,Sichuan,Rhinolophus pusillus,Rhinolophus,Rhinolophidae,,,stateProvince,PRESERVED_SPECIMEN,
1321395365,Guizhou,Hipposideros armiger,Hipposideros,Hipposideridae,,,stateProvince,PRESERVED_SPECIMEN,
1321378159,Sichuan,Hipposideros armiger,Hipposideros,Hipposideridae,,,stateProvince,PRESERVED_SPECIMEN,
1321374093,Sichuan,Rhinolophus pusillus,Rhinolophus,Rhinolophidae,,,stateProvince,PRESERVED_SPECIMEN,
1321358591,Fujian,Hipposideros pratti,Hipposideros,Hipposideridae,,,stateProvince,PRESERVED_SPECIMEN,
1321320787,Fujian,Myotis sowerbyi,Myotis,Vespertilionidae,,,stateProvince,PRESERVED_SPECIMEN,
1321315250,Guizhou,Myotis altarium,Myotis,Vespertilionidae,,,stateProvince,PRESERVED_SPECIMEN,
1321264844,Yunnan,Hipposideros gentilis,Hipposideros,Hipposideridae,,,stateProvince,PRESERVED_SPECIMEN,
1321256779,Fujian,Rhinolophus sinicus,Rhinolophus,Rhinolophidae,,,stateProvince,PRESERVED_SPECIMEN,
1321244624,Fujian,Myotis chinensis,Myotis,Vespertilionidae,,,stateProvince,PRESERVED_SPECIMEN,
1321221599,Fujian,Myotis sowerbyi,Myotis,Vespertilionidae,,,stateProvince,PRESERVED_SPECIMEN,
1321211528,Fujian,Myotis sowerbyi,Myotis,Vespertilionidae,,,stateProvince,PRESERVED_SPECIMEN,
1321209436,Fujian,Rhinolophus pusillus,Rhinolophus,Rhinolophidae,,,stateProvince,PRESERVED_SPECIMEN,
1321176024,Sichuan,Pipistrellus abramus,Pipistrellus,Vespertilionidae,,,stateProvince,PRESERVED_SPECIMEN,
1321153641,Sichuan,Nyctalus plancyi,Nyctalus,Vespertilionidae,,,stateProvince,PRESERVED_SPECIMEN,
1321153534,Fujian,Myotis sowerbyi,Myotis,Vespertilionidae,,,stateProvince,PRESERVED_SPECIMEN,
1321144132,Sichuan,Hipposideros armiger,Hipposideros,Hipposideridae,,,stateProvince,PRESERVED_SPECIMEN,
1321098985,Fujian,Myotis sowerbyi,Myotis,Vespertilionidae,,,stateProvince,PRESERVED_SPECIMEN,
1321098970,Sichuan,Nyctalus plancyi,Nyctalus,Vespertilionidae,,,stateProvince,PRESERVED_SPECIMEN,
1321096635,Guizhou,Hipposideros armiger,Hipposideros,Hipposideridae,,,stateProvince,PRESERVED_SPECIMEN,
1321052548,Sichuan,Nyctalus plancyi,Nyctalus,Vespertilionidae,,,stateProvince,PRESERVED_SPECIMEN,
1321049281,Fujian,Hipposideros gentilis,Hipposideros,Hipposideridae,,,stateProvince,PRESERVED_SPECIMEN,
1321027006,Fujian,Hipposideros armiger,Hipposideros,Hipposideridae,,,stateProvince,PRESERVED_SPECIMEN,
1321026930,Sichuan,Pipistrellus abramus,Pipistrellus,Vespertilionidae,,,stateProvince,PRESERVED_SPECIMEN,
1321020020,Fujian,Hipposideros armiger,Hipposideros,Hipposideridae,,,stateProvince,PRESERVED_SPECIMEN,
1321016753,Sichuan,Hipposideros armiger,Hipposideros,Hipposideridae,,,stateProvince,PRESERVED_SPECIMEN,
1321014351,Sichuan,Nyctalus plancyi,Nyctalus,Vespertilionidae,,,stateProvince,PRESERVED_SPECIMEN,
1321010048,Sichuan,Nyctalus plancyi,Nyctalus,Vespertilionidae,,,stateProvince,PRESERVED_SPECIMEN,
1321010024,Fujian,Myotis sowerbyi,Myotis,Vespertilionidae,,,stateProvince,PRESERVED_SPECIMEN,
1320997942,Fujian,Hipposideros pratti,Hipposideros,Hipposideridae,,,stateProvince,PRESERVED_SPECIMEN,
1320985182,Fujian,Rhinolophus pusillus,Rhinolophus,Rhinolophidae,,,stateProvince,PRESERVED_SPECIMEN,
1320982471,Fujian,Hipposideros pratti,Hipposideros,Hipposideridae,,,stateProvince,PRESERVED_SPECIMEN,
1320970969,Sichuan,Nyctalus plancyi,Nyctalus,Vespertilionidae,,,stateProvince,PRESERVED_SPECIMEN,
1320933792,Sichuan,Rhinolophus nippon,Rhinolophus,Rhinolophidae,,,stateProvince,PRESERVED_SPECIMEN,
1320892132,Fujian,Hipposideros gentilis,Hipposideros,Hipposideridae,,,stateProvince,PRESERVED_SPECIMEN,
1320868375,Yunnan,Hipposideros gentilis,Hipposideros,Hipposideridae,,,stateProvince,PRESERVED_SPECIMEN,
1320856979,Fujian,Rhinolophus sinicus,Rhinolophus,Rhinolophidae,,,stateProvince,PRESERVED_SPECIMEN,
1320836727,Yunnan,Hipposideros gentilis,Hipposideros,Hipposideridae,,,stateProvince,PRESERVED_SPECIMEN,
1320831720,Fujian,Myotis sowerbyi,Myotis,Vespertilionidae,,,stateProvince,PRESERVED_SPECIMEN,
1320816969,Fujian,Hipposideros armiger,Hipposideros,Hipposideridae,,,stateProvince,PRESERVED_SPECIMEN,
1320799200,Sichuan,Hipposideros armiger,Hipposideros,Hipposideridae,,,stateProvince,PRESERVED_SPECIMEN,
1320786515,Fujian,Rhinolophus sinicus,Rhinolophus,Rhinolophidae,,,stateProvince,PRESERVED_SPECIMEN,
1320759097,Guizhou,Rhinolophus sinicus,Rhinolophus,Rhinolophidae,,,stateProvince,PRESERVED_SPECIMEN,
1320749386,Fujian,Myotis fimbriatus,Myotis,Vespertilionidae,,,stateProvince,PRESERVED_SPECIMEN,
1320733300,Fujian,Myotis fimbriatus,Myotis,Vespertilionidae,,,stateProvince,PRESERVED_SPECIMEN,
1320728561,Sichuan,Coelops frithii,Coelops,Hipposideridae,,,stateProvince,PRESERVED_SPECIMEN,
1320663845,Sichuan,Myotis petax,Myotis,Vespertilionidae,,,stateProvince,PRESERVED_SPECIMEN,
1320661948,Sichuan,Myotis petax,Myotis,Vespertilionidae,,,stateProvince,PRESERVED_SPECIMEN,
1320657679,Yunnan,Hipposideros gentilis,Hipposideros,Hipposideridae,,,stateProvince,PRESERVED_SPECIMEN,
1320643331,Fujian,Rhinolophus pusillus,Rhinolophus,Rhinolophidae,,,stateProvince,PRESERVED_SPECIMEN,
1320626092,Yunnan,Hipposideros gentilis,Hipposideros,Hipposideridae,,,stateProvince,PRESERVED_SPECIMEN,
1320625158,Fujian,Coelops frithii,Coelops,Hipposideridae,,,stateProvince,PRESERVED_SPECIMEN,
1320576481,Fujian,Myotis sowerbyi,Myotis,Vespertilionidae,,,stateProvince,PRESERVED_SPECIMEN,
1320558933,Fujian,Myotis sowerbyi,Myotis,Vespertilionidae,,,stateProvince,PRESERVED_SPECIMEN,
1320555090,Sichuan,Nyctalus plancyi,Nyctalus,Vespertilionidae,,,stateProvince,PRESERVED_SPECIMEN,
1320549117,Fujian,Hipposideros armiger,Hipposideros,Hipposideridae,,,stateProvince,PRESERVED_SPECIMEN,
1320547576,Sichuan,Rhinolophus pusillus,Rhinolophus,Rhinolophidae,,,stateProvince,PRESERVED_SPECIMEN,
1320541775,Sichuan,Pipistrellus abramus,Pipistrellus,Vespertilionidae,,,stateProvince,PRESERVED_SPECIMEN,
1320513898,Fujian,Hipposideros pratti,Hipposideros,Hipposideridae,,,stateProvince,PRESERVED_SPECIMEN,
1320511825,Sichuan,Hipposideros armiger,Hipposideros,Hipposideridae,,,stateProvince,PRESERVED_SPECIMEN,
1320487072,Sichuan,Nyctalus plancyi,Nyctalus,Vespertilionidae,,,stateProvince,PRESERVED_SPECIMEN,
1320485391,Guizhou,Hipposideros armiger,Hipposideros,Hipposideridae,,,stateProvince,PRESERVED_SPECIMEN,
1320481999,Sichuan,Rhinolophus pusillus,Rhinolophus,Rhinolophidae,,,stateProvince,PRESERVED_SPECIMEN,
1320472693,Sichuan,Rhinolophus pusillus,Rhinolophus,Rhinolophidae,,,stateProvince,PRESERVED_SPECIMEN,
1320454425,Sichuan,Hipposideros armiger,Hipposideros,Hipposideridae,,,stateProvince,PRESERVED_SPECIMEN,
1320445805,Yunnan,Hipposideros gentilis,Hipposideros,Hipposideridae,,,stateProvince,PRESERVED_SPECIMEN,
1320428591,Fujian,Miniopterus fuliginosus,Miniopterus,Vespertilionidae,,,stateProvince,PRESERVED_SPECIMEN,
1320406783,Fujian,Miniopterus fuliginosus,Miniopterus,Vespertilionidae,,,stateProvince,PRESERVED_SPECIMEN,
1320382272,Fujian,Myotis sowerbyi,Myotis,Vespertilionidae,,,stateProvince,PRESERVED_SPECIMEN,
1320378362,Fujian,Hipposideros gentilis,Hipposideros,Hipposideridae,,,stateProvince,PRESERVED_SPECIMEN,
1320372870,Fujian,Rhinolophus pusillus,Rhinolophus,Rhinolophidae,,,stateProvince,PRESERVED_SPECIMEN,
1320296825,Fujian,Hipposideros armiger,Hipposideros,Hipposideridae,,,stateProvince,PRESERVED_SPECIMEN,
1320241517,Fujian,Rhinolophus affinis,Rhinolophus,Rhinolophidae,,,stateProvince,PRESERVED_SPECIMEN,
1320222812,Fujian,Rhinolophus sinicus,Rhinolophus,Rhinolophidae,,,stateProvince,PRESERVED_SPECIMEN,
1320202651,Sichuan,Nyctalus plancyi,Nyctalus,Vespertilionidae,,,stateProvince,PRESERVED_SPECIMEN,
1320192288,Guizhou,Myotis chinensis,Myotis,Vespertilionidae,,,stateProvince,PRESERVED_SPECIMEN,
1320181860,Sichuan,Nyctalus noctula,Nyctalus,Vespertilionidae,,,stateProvince,PRESERVED_SPECIMEN,
1320160011,Fujian,Miniopterus fuliginosus,Miniopterus,Vespertilionidae,,,stateProvince,PRESERVED_SPECIMEN,
1320156872,Sichuan,Hypsugo pulveratus,Hypsugo,Vespertilionidae,,,stateProvince,PRESERVED_SPECIMEN,
1320138928,Fujian,Myotis sowerbyi,Myotis,Vespertilionidae,,,stateProvince,PRESERVED_SPECIMEN,
1320127469,Sichuan,Rhinolophus pusillus,Rhinolophus,Rhinolophidae,,,stateProvince,PRESERVED_SPECIMEN,
1320120204,Fujian,Hipposideros armiger,Hipposideros,Hipposideridae,,,stateProvince,PRESERVED_SPECIMEN,
1320112847,Sichuan,Nyctalus plancyi,Nyctalus,Vespertilionidae,,,stateProvince,PRESERVED_SPECIMEN,
1320083255,Fujian,Rhinolophus affinis,Rhinolophus,Rhinolophidae,,,stateProvince,PRESERVED_SPECIMEN,
1320074522,Fujian,Miniopterus fuliginosus,Miniopterus,Vespertilionidae,,,stateProvince,PRESERVED_SPECIMEN,
1320047111,Fujian,Hipposideros armiger,Hipposideros,Hipposideridae,,,stateProvince,PRESERVED_SPECIMEN,
1320022562,Fujian,Rhinolophus sinicus,Rhinolophus,Rhinolophidae,,,stateProvince,PRESERVED_SPECIMEN,
1320018692,Sichuan,Nyctalus plancyi,Nyctalus,Vespertilionidae,,,stateProvince,PRESERVED_SPECIMEN,
1320010488,Sichuan,Hipposideros armiger,Hipposideros,Hipposideridae,,,stateProvince,PRESERVED_SPECIMEN,
1319983636,Fujian,Hipposideros armiger,Hipposideros,Hipposideridae,,,stateProvince,PRESERVED_SPECIMEN,
1319975682,Fujian,Hipposideros armiger,Hipposideros,Hipposideridae,,,stateProvince,PRESERVED_SPECIMEN,
1319957199,Sichuan,Nyctalus plancyi,Nyctalus,Vespertilionidae,,,stateProvince,PRESERVED_SPECIMEN,
1319953246,Fujian,Hipposideros gentilis,Hipposideros,Hipposideridae,,,stateProvince,PRESERVED_SPECIMEN,
1319952801,Fujian,Pipistrellus pipistrellus,Pipistrellus,Vespertilionidae,,,stateProvince,PRESERVED_SPECIMEN,
1319908934,Sichuan,Hypsugo pulveratus,Hypsugo,Vespertilionidae,,,stateProvince,PRESERVED_SPECIMEN,
1319902116,Fujian,Hipposideros armiger,Hipposideros,Hipposideridae,,,stateProvince,PRESERVED_SPECIMEN,
1319893492,Fujian,Pipistrellus abramus,Pipistrellus,Vespertilionidae,,,stateProvince,PRESERVED_SPECIMEN,
1319881273,Sichuan,Pipistrellus abramus,Pipistrellus,Vespertilionidae,,,stateProvince,PRESERVED_SPECIMEN,
1319865785,Sichuan,Nyctalus plancyi,Nyctalus,Vespertilionidae,,,stateProvince,PRESERVED_SPECIMEN,
1319854480,Fujian,Rhinolophus sinicus,Rhinolophus,Rhinolophidae,,,stateProvince,PRESERVED_SPECIMEN,
1319844964,Fujian,Myotis sowerbyi,Myotis,Vespertilionidae,,,stateProvince,PRESERVED_SPECIMEN,
1319841887,Sichuan,Hipposideros armiger,Hipposideros,Hipposideridae,,,stateProvince,PRESERVED_SPECIMEN,
1319727070,Sichuan,Pipistrellus abramus,Pipistrellus,Vespertilionidae,,,stateProvince,PRESERVED_SPECIMEN,
1319726928,Fujian,Myotis sowerbyi,Myotis,Vespertilionidae,,,stateProvince,PRESERVED_SPECIMEN,
1319721634,Fujian,Hipposideros armiger,Hipposideros,Hipposideridae,,,stateProvince,PRESERVED_SPECIMEN,
1319717481,Fujian,Myotis sowerbyi,Myotis,Vespertilionidae,,,stateProvince,PRESERVED_SPECIMEN,
1319715413,Yunnan,Rhinolophus pusillus,Rhinolophus,Rhinolophidae,,,stateProvince,PRESERVED_SPECIMEN,
1319713196,Fujian,Hipposideros armiger,Hipposideros,Hipposideridae,,,stateProvince,PRESERVED_SPECIMEN,
1319710659,Fujian,Hipposideros gentilis,Hipposideros,Hipposideridae,,,stateProvince,PRESERVED_SPECIMEN,
1319709043,Fujian,Myotis fimbriatus,Myotis,Vespertilionidae,,,stateProvince,PRESERVED_SPECIMEN,
1319699138,Fujian,Pipistrellus abramus,Pipistrellus,Vespertilionidae,,,stateProvince,PRESERVED_SPECIMEN,
1319651751,Yunnan,Hipposideros gentilis,Hipposideros,Hipposideridae,,,stateProvince,PRESERVED_SPECIMEN,
1319626684,Fujian,Rhinolophus pusillus,Rhinolophus,Rhinolophidae,,,stateProvince,PRESERVED_SPECIMEN,
1319615612,Fujian,Myotis sowerbyi,Myotis,Vespertilionidae,,,stateProvince,PRESERVED_SPECIMEN,
1319611600,Fujian,Rhinolophus sinicus,Rhinolophus,Rhinolophidae,,,stateProvince,PRESERVED_SPECIMEN,
1319603058,Fujian,Hipposideros gentilis,Hipposideros,Hipposideridae,,,stateProvince,PRESERVED_SPECIMEN,
1319586259,Fujian,Hipposideros gentilis,Hipposideros,Hipposideridae,,,stateProvince,PRESERVED_SPECIMEN,
1319572226,Fujian,Myotis sowerbyi,Myotis,Vespertilionidae,,,stateProvince,PRESERVED_SPECIMEN,
1319562066,Sichuan,Hipposideros armiger,Hipposideros,Hipposideridae,,,stateProvince,PRESERVED_SPECIMEN,
1319561290,Guizhou,Rhinolophus nippon,Rhinolophus,Rhinolophidae,,,stateProvince,PRESERVED_SPECIMEN,
1319535445,Sichuan,Barbastella leucomelas,Barbastella,Vespertilionidae,,,stateProvince,PRESERVED_SPECIMEN,
1319529954,Sichuan,Lyroderma lyra,Lyroderma,Megadermatidae,,,stateProvince,PRESERVED_SPECIMEN,
1319510091,Sichuan,Rhinolophus pusillus,Rhinolophus,Rhinolophidae,,,stateProvince,PRESERVED_SPECIMEN,
1319503363,Fujian,Myotis sowerbyi,Myotis,Vespertilionidae,,,stateProvince,PRESERVED_SPECIMEN,
1319488326,Fujian,Rhinolophus pusillus,Rhinolophus,Rhinolophidae,,,stateProvince,PRESERVED_SPECIMEN,
1319479876,Sichuan,Myotis petax,Myotis,Vespertilionidae,,,stateProvince,PRESERVED_SPECIMEN,
1319476904,Sichuan,Nyctalus plancyi,Nyctalus,Vespertilionidae,,,stateProvince,PRESERVED_SPECIMEN,
1319469996,Fujian,Myotis fimbriatus,Myotis,Vespertilionidae,,,stateProvince,PRESERVED_SPECIMEN,
1319453739,Fujian,Rhinolophus sinicus,Rhinolophus,Rhinolophidae,,,stateProvince,PRESERVED_SPECIMEN,
1319444503,Fujian,Rhinolophus sinicus,Rhinolophus,Rhinolophidae,,,stateProvince,PRESERVED_SPECIMEN,
1319440107,Fujian,Miniopterus fuliginosus,Miniopterus,Vespertilionidae,,,stateProvince,PRESERVED_SPECIMEN,
1319434736,Fujian,Rhinolophus sinicus,Rhinolophus,Rhinolophidae,,,stateProvince,PRESERVED_SPECIMEN,
1319424261,Fujian,Hipposideros armiger,Hipposideros,Hipposideridae,,,stateProvince,PRESERVED_SPECIMEN,
1319416954,Fujian,Rhinolophus sinicus,Rhinolophus,Rhinolophidae,,,stateProvince,PRESERVED_SPECIMEN,
1319415823,Fujian,Myotis sowerbyi,Myotis,Vespertilionidae,,,stateProvince,PRESERVED_SPECIMEN,
1319409539,Sichuan,Rhinolophus pusillus,Rhinolophus,Rhinolophidae,,,stateProvince,PRESERVED_SPECIMEN,
1319392398,Sichuan,Nyctalus plancyi,Nyctalus,Vespertilionidae,,,stateProvince,PRESERVED_SPECIMEN,
1319379181,Fujian,Rhinolophus sinicus,Rhinolophus,Rhinolophidae,,,stateProvince,PRESERVED_SPECIMEN,
1319372146,Fujian,Hipposideros pratti,Hipposideros,Hipposideridae,,,stateProvince,PRESERVED_SPECIMEN,
1319371148,Fujian,Myotis sowerbyi,Myotis,Vespertilionidae,,,stateProvince,PRESERVED_SPECIMEN,
1319361621,Guizhou,Rhinolophus sinicus,Rhinolophus,Rhinolophidae,,,stateProvince,PRESERVED_SPECIMEN,
1319354020,Fujian,Myotis sowerbyi,Myotis,Vespertilionidae,,,stateProvince,PRESERVED_SPECIMEN,
1319348619,Sichuan,Nyctalus plancyi,Nyctalus,Vespertilionidae,,,stateProvince,PRESERVED_SPECIMEN,
1319346198,Fujian,Miniopterus fuliginosus,Miniopterus,Vespertilionidae,,,stateProvince,PRESERVED_SPECIMEN,
1319310038,Fujian,Rhinolophus pusillus,Rhinolophus,Rhinolophidae,,,stateProvince,PRESERVED_SPECIMEN,
1319305132,Fujian,Hipposideros pratti,Hipposideros,Hipposideridae,,,stateProvince,PRESERVED_SPECIMEN,
1319291088,Yunnan,Hipposideros gentilis,Hipposideros,Hipposideridae,,,stateProvince,PRESERVED_SPECIMEN,
1319277133,Guizhou,Myotis altarium,Myotis,Vespertilionidae,,,stateProvince,PRESERVED_SPECIMEN,
1319277121,Fujian,Rhinolophus pusillus,Rhinolophus,Rhinolophidae,,,stateProvince,PRESERVED_SPECIMEN,
1319262632,Fujian,Hipposideros armiger,Hipposideros,Hipposideridae,,,stateProvince,PRESERVED_SPECIMEN,
1319250757,Sichuan,Nyctalus plancyi,Nyctalus,Vespertilionidae,,,stateProvince,PRESERVED_SPECIMEN,
1319249642,Sichuan,Rhinolophus pusillus,Rhinolophus,Rhinolophidae,,,stateProvince,PRESERVED_SPECIMEN,
1319249536,Sichuan,Rhinolophus pusillus,Rhinolophus,Rhinolophidae,,,stateProvince,PRESERVED_SPECIMEN,
1319213646,Sichuan,Myotis petax,Myotis,Vespertilionidae,,,stateProvince,PRESERVED_SPECIMEN,
1319190386,Sichuan,Hipposideros armiger,Hipposideros,Hipposideridae,,,stateProvince,PRESERVED_SPECIMEN,
1319157257,Fujian,Myotis sowerbyi,Myotis,Vespertilionidae,,,stateProvince,PRESERVED_SPECIMEN,
1319149582,Fujian,Myotis fimbriatus,Myotis,Vespertilionidae,,,stateProvince,PRESERVED_SPECIMEN,
1319143529,Sichuan,Hipposideros armiger,Hipposideros,Hipposideridae,,,stateProvince,PRESERVED_SPECIMEN,
1319142634,Yunnan,Rhinolophus sinicus,Rhinolophus,Rhinolophidae,,,stateProvince,PRESERVED_SPECIMEN,
1319133052,Fujian,Rhinolophus sinicus,Rhinolophus,Rhinolophidae,,,stateProvince,PRESERVED_SPECIMEN,
1319124184,Sichuan,Nyctalus noctula,Nyctalus,Vespertilionidae,,,stateProvince,PRESERVED_SPECIMEN,
1319107537,Fujian,Rhinolophus sinicus,Rhinolophus,Rhinolophidae,,,stateProvince,PRESERVED_SPECIMEN,
1319095237,Fujian,Myotis sowerbyi,Myotis,Vespertilionidae,,,stateProvince,PRESERVED_SPECIMEN,
1319080557,Fujian,Hipposideros pratti,Hipposideros,Hipposideridae,,,stateProvince,PRESERVED_SPECIMEN,
1319080120,Sichuan,Nyctalus plancyi,Nyctalus,Vespertilionidae,,,stateProvince,PRESERVED_SPECIMEN,
1319068602,Fujian,Miniopterus fuliginosus,Miniopterus,Vespertilionidae,,,stateProvince,PRESERVED_SPECIMEN,
1318980092,Fujian,Rhinolophus sinicus,Rhinolophus,Rhinolophidae,,,stateProvince,PRESERVED_SPECIMEN,
1318978921,Fujian,Myotis fimbriatus,Myotis,Vespertilionidae,,,stateProvince,PRESERVED_SPECIMEN,
1318958559,Sichuan,Pipistrellus abramus,Pipistrellus,Vespertilionidae,,,stateProvince,PRESERVED_SPECIMEN,
1318949246,Fujian,Pipistrellus pipistrellus,Pipistrellus,Vespertilionidae,,,stateProvince,PRESERVED_SPECIMEN,
1318948012,Fujian,Rhinolophus sinicus,Rhinolophus,Rhinolophidae,,,stateProvince,PRESERVED_SPECIMEN,
1318944456,Fujian,Myotis sowerbyi,Myotis,Vespertilionidae,,,stateProvince,PRESERVED_SPECIMEN,
1318917883,Sichuan,Nyctalus plancyi,Nyctalus,Vespertilionidae,,,stateProvince,PRESERVED_SPECIMEN,
1318896548,Fujian,Rhinolophus sinicus,Rhinolophus,Rhinolophidae,,,stateProvince,PRESERVED_SPECIMEN,
1318889659,Sichuan,Hipposideros armiger,Hipposideros,Hipposideridae,,,stateProvince,PRESERVED_SPECIMEN,
1318887283,Sichuan,Myotis petax,Myotis,Vespertilionidae,,,stateProvince,PRESERVED_SPECIMEN,
1318832317,Fujian,Myotis sowerbyi,Myotis,Vespertilionidae,,,stateProvince,PRESERVED_SPECIMEN,
1318828291,Fujian,Rhinolophus sinicus,Rhinolophus,Rhinolophidae,,,stateProvince,PRESERVED_SPECIMEN,
1318749352,Fujian,Miniopterus fuliginosus,Miniopterus,Vespertilionidae,,,stateProvince,PRESERVED_SPECIMEN,
1318723464,Sichuan,Pipistrellus abramus,Pipistrellus,Vespertilionidae,,,stateProvince,PRESERVED_SPECIMEN,
1318718292,Fujian,Myotis sowerbyi,Myotis,Vespertilionidae,,,stateProvince,PRESERVED_SPECIMEN,
1318716356,Sichuan,Nyctalus plancyi,Nyctalus,Vespertilionidae,,,stateProvince,PRESERVED_SPECIMEN,
1318680594,Sichuan,Nyctalus noctula,Nyctalus,Vespertilionidae,,,stateProvince,PRESERVED_SPECIMEN,
1318626556,Fujian,Myotis sowerbyi,Myotis,Vespertilionidae,,,stateProvince,PRESERVED_SPECIMEN,
1318622855,Fujian,Rhinolophus sinicus,Rhinolophus,Rhinolophidae,,,stateProvince,PRESERVED_SPECIMEN,
1318610693,Fujian,Myotis fimbriatus,Myotis,Vespertilionidae,,,stateProvince,PRESERVED_SPECIMEN,
1318595941,Guizhou,Myotis altarium,Myotis,Vespertilionidae,,,stateProvince,PRESERVED_SPECIMEN,
1318594023,Fujian,Scotophilus heathii,Scotophilus,Vespertilionidae,,,stateProvince,PRESERVED_SPECIMEN,
1318586781,Fujian,Rhinolophus sinicus,Rhinolophus,Rhinolophidae,,,stateProvince,PRESERVED_SPECIMEN,
1318576423,Fujian,Rhinolophus sinicus,Rhinolophus,Rhinolophidae,,,stateProvince,PRESERVED_SPECIMEN,
1318570784,Fujian,Myotis fimbriatus,Myotis,Vespertilionidae,,,stateProvince,PRESERVED_SPECIMEN,
1318565676,Fujian,Rhinolophus pusillus,Rhinolophus,Rhinolophidae,,,stateProvince,PRESERVED_SPECIMEN,
1318553241,Yunnan,Pipistrellus abramus,Pipistrellus,Vespertilionidae,,,stateProvince,PRESERVED_SPECIMEN,
1318534468,Sichuan,Hipposideros armiger,Hipposideros,Hipposideridae,,,stateProvince,PRESERVED_SPECIMEN,
1318527155,Fujian,Myotis sowerbyi,Myotis,Vespertilionidae,,,stateProvince,PRESERVED_SPECIMEN,
1318526792,Fujian,Hipposideros armiger,Hipposideros,Hipposideridae,,,stateProvince,PRESERVED_SPECIMEN,
1318518138,Fujian,Miniopterus fuliginosus,Miniopterus,Vespertilionidae,,,stateProvince,PRESERVED_SPECIMEN,
1318514524,Fujian,Hipposideros gentilis,Hipposideros,Hipposideridae,,,stateProvince,PRESERVED_SPECIMEN,
1318506097,Fujian,Hipposideros pratti,Hipposideros,Hipposideridae,,,stateProvince,PRESERVED_SPECIMEN,
1318502319,Sichuan,Eptesicus nilssonii,Eptesicus,Vespertilionidae,,,stateProvince,PRESERVED_SPECIMEN,
1318487572,Fujian,Rhinolophus sinicus,Rhinolophus,Rhinolophidae,,,stateProvince,PRESERVED_SPECIMEN,
1318486127,Fujian,Myotis sowerbyi,Myotis,Vespertilionidae,,,stateProvince,PRESERVED_SPECIMEN,
1318468368,Fujian,Myotis sowerbyi,Myotis,Vespertilionidae,,,stateProvince,PRESERVED_SPECIMEN,
1318457256,Yunnan,Hipposideros gentilis,Hipposideros,Hipposideridae,,,stateProvince,PRESERVED_SPECIMEN,
1318442169,Sichuan,Nyctalus noctula,Nyctalus,Vespertilionidae,,,stateProvince,PRESERVED_SPECIMEN,
1318427108,Sichuan,Rhinolophus pusillus,Rhinolophus,Rhinolophidae,,,stateProvince,PRESERVED_SPECIMEN,
1318421214,Sichuan,Rhinolophus pusillus,Rhinolophus,Rhinolophidae,,,stateProvince,PRESERVED_SPECIMEN,
1318416737,Sichuan,Nyctalus plancyi,Nyctalus,Vespertilionidae,,,stateProvince,PRESERVED_SPECIMEN,
1318412917,Fujian,Hipposideros armiger,Hipposideros,Hipposideridae,,,stateProvince,PRESERVED_SPECIMEN,
1318387589,Fujian,Myotis fimbriatus,Myotis,Vespertilionidae,,,stateProvince,PRESERVED_SPECIMEN,
1318382971,Fujian,Rhinolophus sinicus,Rhinolophus,Rhinolophidae,,,stateProvince,PRESERVED_SPECIMEN,
1318370718,Sichuan,Nyctalus plancyi,Nyctalus,Vespertilionidae,,,stateProvince,PRESERVED_SPECIMEN,
1318364960,Fujian,Hipposideros pratti,Hipposideros,Hipposideridae,,,stateProvince,PRESERVED_SPECIMEN,
1318349865,Sichuan,Rhinolophus pusillus,Rhinolophus,Rhinolophidae,,,stateProvince,PRESERVED_SPECIMEN,
1318345514,Sichuan,Hipposideros armiger,Hipposideros,Hipposideridae,,,stateProvince,PRESERVED_SPECIMEN,
1318329887,Fujian,Hipposideros gentilis,Hipposideros,Hipposideridae,,,stateProvince,PRESERVED_SPECIMEN,
1318322883,Sichuan,Nyctalus noctula,Nyctalus,Vespertilionidae,,,stateProvince,PRESERVED_SPECIMEN,
1318296442,Fujian,Miniopterus fuliginosus,Miniopterus,Vespertilionidae,,,stateProvince,PRESERVED_SPECIMEN,
1318276294,Sichuan,Nyctalus plancyi,Nyctalus,Vespertilionidae,,,stateProvince,PRESERVED_SPECIMEN,
1318264070,Fujian,Rhinolophus affinis,Rhinolophus,Rhinolophidae,,,stateProvince,PRESERVED_SPECIMEN,
1318204255,Sichuan,Nyctalus plancyi,Nyctalus,Vespertilionidae,,,stateProvince,PRESERVED_SPECIMEN,
1318180624,Yunnan,Hipposideros gentilis,Hipposideros,Hipposideridae,,,stateProvince,PRESERVED_SPECIMEN,
1318141262,Fujian,Myotis sowerbyi,Myotis,Vespertilionidae,,,stateProvince,PRESERVED_SPECIMEN,
1318132288,Fujian,Myotis sowerbyi,Myotis,Vespertilionidae,,,stateProvince,PRESERVED_SPECIMEN,
1318120074,Sichuan,Myotis petax,Myotis,Vespertilionidae,,,stateProvince,PRESERVED_SPECIMEN,
1318100786,Sichuan,Hipposideros armiger,Hipposideros,Hipposideridae,,,stateProvince,PRESERVED_SPECIMEN,
1318062542,Sichuan,Lyroderma lyra,Lyroderma,Megadermatidae,,,stateProvince,PRESERVED_SPECIMEN,
1318036621,Fujian,Myotis sowerbyi,Myotis,Vespertilionidae,,,stateProvince,PRESERVED_SPECIMEN,
1318023042,Fujian,Pipistrellus pipistrellus,Pipistrellus,Vespertilionidae,,,stateProvince,PRESERVED_SPECIMEN,
1318005916,Fujian,Rhinolophus sinicus,Rhinolophus,Rhinolophidae,,,stateProvince,PRESERVED_SPECIMEN,
1318002745,Sichuan,Myotis petax,Myotis,Vespertilionidae,,,stateProvince,PRESERVED_SPECIMEN,
1317973457,Fujian,Rhinolophus sinicus,Rhinolophus,Rhinolophidae,,,stateProvince,PRESERVED_SPECIMEN,
1317920757,Sichuan,Nyctalus plancyi,Nyctalus,Vespertilionidae,,,stateProvince,PRESERVED_SPECIMEN,
1317915541,Sichuan,Nyctalus plancyi,Nyctalus,Vespertilionidae,,,stateProvince,PRESERVED_SPECIMEN,
1317882547,Fujian,Rhinolophus sinicus,Rhinolophus,Rhinolophidae,,,stateProvince,PRESERVED_SPECIMEN,
1317869805,Fujian,Pipistrellus abramus,Pipistrellus,Vespertilionidae,,,stateProvince,PRESERVED_SPECIMEN,
1317866874,Yunnan,Hipposideros gentilis,Hipposideros,Hipposideridae,,,stateProvince,PRESERVED_SPECIMEN,
1317864355,Fujian,Rhinolophus sinicus,Rhinolophus,Rhinolophidae,,,stateProvince,PRESERVED_SPECIMEN,
1317843052,Sichuan,Nyctalus plancyi,Nyctalus,Vespertilionidae,,,stateProvince,PRESERVED_SPECIMEN,
1317827226,Sichuan,Nyctalus plancyi,Nyctalus,Vespertilionidae,,,stateProvince,PRESERVED_SPECIMEN,
1317822775,Guizhou,Hipposideros armiger,Hipposideros,Hipposideridae,,,stateProvince,PRESERVED_SPECIMEN,
1317762484,Fujian,Hipposideros gentilis,Hipposideros,Hipposideridae,,,stateProvince,PRESERVED_SPECIMEN,
1317750284,Fujian,Hipposideros armiger,Hipposideros,Hipposideridae,,,stateProvince,PRESERVED_SPECIMEN,
1317747734,Sichuan,Nyctalus plancyi,Nyctalus,Vespertilionidae,,,stateProvince,PRESERVED_SPECIMEN,
1317736683,Sichuan,Rhinolophus pusillus,Rhinolophus,Rhinolophidae,,,stateProvince,PRESERVED_SPECIMEN,
1317735731,Fujian,Rhinolophus pusillus,Rhinolophus,Rhinolophidae,,,stateProvince,PRESERVED_SPECIMEN,
1317727329,Sichuan,Nyctalus plancyi,Nyctalus,Vespertilionidae,,,stateProvince,PRESERVED_SPECIMEN,
1317718398,Sichuan,Nyctalus plancyi,Nyctalus,Vespertilionidae,,,stateProvince,PRESERVED_SPECIMEN,
1317701281,Fujian,Hipposideros pratti,Hipposideros,Hipposideridae,,,stateProvince,PRESERVED_SPECIMEN,
1317700691,Fujian,Rhinolophus sinicus,Rhinolophus,Rhinolophidae,,,stateProvince,PRESERVED_SPECIMEN,
1317699165,Fujian,Rhinolophus sinicus,Rhinolophus,Rhinolophidae,,,stateProvince,PRESERVED_SPECIMEN,
1317676898,Sichuan,Rhinolophus pusillus,Rhinolophus,Rhinolophidae,,,stateProvince,PRESERVED_SPECIMEN,
1317646994,Yunnan,Hipposideros gentilis,Hipposideros,Hipposideridae,,,stateProvince,PRESERVED_SPECIMEN,
1317639999,Fujian,Myotis sowerbyi,Myotis,Vespertilionidae,,,stateProvince,PRESERVED_SPECIMEN,
1317626157,Yunnan,Hipposideros gentilis,Hipposideros,Hipposideridae,,,stateProvince,PRESERVED_SPECIMEN,
1317621791,Sichuan,Pipistrellus abramus,Pipistrellus,Vespertilionidae,,,stateProvince,PRESERVED_SPECIMEN,
1317538937,Fujian,Hipposideros armiger,Hipposideros,Hipposideridae,,,stateProvince,PRESERVED_SPECIMEN,
1317533931,Sichuan,Nyctalus plancyi,Nyctalus,Vespertilionidae,,,stateProvince,PRESERVED_SPECIMEN,
1317529875,Sichuan,Myotis petax,Myotis,Vespertilionidae,,,stateProvince,PRESERVED_SPECIMEN,
1317520256,Guizhou,Myotis altarium,Myotis,Vespertilionidae,,,stateProvince,PRESERVED_SPECIMEN,
1317508441,Fujian,Myotis sowerbyi,Myotis,Vespertilionidae,,,stateProvince,PRESERVED_SPECIMEN,
1317483768,Fujian,Myotis sowerbyi,Myotis,Vespertilionidae,,,stateProvince,PRESERVED_SPECIMEN,
1317483560,Fujian,Rhinolophus pusillus,Rhinolophus,Rhinolophidae,,,stateProvince,PRESERVED_SPECIMEN,
1317466023,Sichuan,Hipposideros armiger,Hipposideros,Hipposideridae,,,stateProvince,PRESERVED_SPECIMEN,
1317465727,Sichuan,Nyctalus noctula,Nyctalus,Vespertilionidae,,,stateProvince,PRESERVED_SPECIMEN,
1317459216,Fujian,Rhinolophus affinis,Rhinolophus,Rhinolophidae,,,stateProvince,PRESERVED_SPECIMEN,
1317457626,Fujian,Rhinolophus sinicus,Rhinolophus,Rhinolophidae,,,stateProvince,PRESERVED_SPECIMEN,
1317454049,Sichuan,Nyctalus plancyi,Nyctalus,Vespertilionidae,,,stateProvince,PRESERVED_SPECIMEN,
1317453302,Fujian,Myotis sowerbyi,Myotis,Vespertilionidae,,,stateProvince,PRESERVED_SPECIMEN,
1317448284,Fujian,Rhinolophus sinicus,Rhinolophus,Rhinolophidae,,,stateProvince,PRESERVED_SPECIMEN,
1317408977,Sichuan,Nyctalus plancyi,Nyctalus,Vespertilionidae,,,stateProvince,PRESERVED_SPECIMEN,
1317386862,Fujian,Myotis sowerbyi,Myotis,Vespertilionidae,,,stateProvince,PRESERVED_SPECIMEN,
1317374213,Fujian,Hipposideros armiger,Hipposideros,Hipposideridae,,,stateProvince,PRESERVED_SPECIMEN,
1317371528,Sichuan,Nyctalus plancyi,Nyctalus,Vespertilionidae,,,stateProvince,PRESERVED_SPECIMEN,
1317371238,Sichuan,Rhinolophus pusillus,Rhinolophus,Rhinolophidae,,,stateProvince,PRESERVED_SPECIMEN,
1317342088,Fujian,Hipposideros gentilis,Hipposideros,Hipposideridae,,,stateProvince,PRESERVED_SPECIMEN,
1317326526,Fujian,Myotis sowerbyi,Myotis,Vespertilionidae,,,stateProvince,PRESERVED_SPECIMEN,
1317299614,Guangdong,Rousettus leschenaultii,Rousettus,Pteropodidae,,,stateProvince,PRESERVED_SPECIMEN,
1317277376,Sichuan,Nyctalus noctula,Nyctalus,Vespertilionidae,,,stateProvince,PRESERVED_SPECIMEN,
1317260612,Fujian,Myotis sowerbyi,Myotis,Vespertilionidae,,,stateProvince,PRESERVED_SPECIMEN,
1317246678,Fujian,Myotis sowerbyi,Myotis,Vespertilionidae,,,stateProvince,PRESERVED_SPECIMEN,
1317224175,Fujian,Hipposideros armiger,Hipposideros,Hipposideridae,,,stateProvince,PRESERVED_SPECIMEN,
1265798587,Yunnan,Hipposideros armiger,Hipposideros,Hipposideridae,,,stateProvince,PRESERVED_SPECIMEN,
1211831583,Sichuan,Hipposideros armiger,Hipposideros,Hipposideridae,,,stateProvince,PRESERVED_SPECIMEN,
1211831576,Sichuan,Hipposideros armiger,Hipposideros,Hipposideridae,,,stateProvince,PRESERVED_SPECIMEN,
1211830833,Guizhou,Hipposideros larvatus,Hipposideros,Hipposideridae,,,stateProvince,PRESERVED_SPECIMEN,
1065381129,Guizhou,Myotis altarium,Myotis,Vespertilionidae,106.77,26.58,coordinate_spatial_join_from_blank_stateProvince,PRESERVED_SPECIMEN,16705.0
1065377931,Guizhou,Hipposideros armiger,Hipposideros,Hipposideridae,106.72,26.58,coordinate_spatial_join_from_blank_stateProvince,PRESERVED_SPECIMEN,13233.0
1065355445,Guizhou,Hipposideros armiger,Hipposideros,Hipposideridae,106.72,26.58,coordinate_spatial_join_from_blank_stateProvince,PRESERVED_SPECIMEN,13233.0
1065346639,Guizhou,Hipposideros armiger,Hipposideros,Hipposideridae,106.72,26.58,coordinate_spatial_join_from_blank_stateProvince,PRESERVED_SPECIMEN,13233.0
1065341917,Guizhou,Myotis altarium,Myotis,Vespertilionidae,106.77,26.58,coordinate_spatial_join_from_blank_stateProvince,PRESERVED_SPECIMEN,16705.0
1064381481,Sichuan,Murina leucogaster,Murina,Vespertilionidae,,,stateProvince,PRESERVED_SPECIMEN,
1064381480,Sichuan,Submyotodon moupinensis,Submyotodon,Vespertilionidae,,,stateProvince,PRESERVED_SPECIMEN,
1064381478,Sichuan,Hipposideros larvatus,Hipposideros,Hipposideridae,,,stateProvince,PRESERVED_SPECIMEN,
1064381476,Sichuan,Submyotodon moupinensis,Submyotodon,Vespertilionidae,,,stateProvince,PRESERVED_SPECIMEN,
1064381472,Sichuan,Murina aurata,Murina,Vespertilionidae,,,stateProvince,PRESERVED_SPECIMEN,
1064381471,Sichuan,Murina aurata,Murina,Vespertilionidae,,,stateProvince,PRESERVED_SPECIMEN,
1064381469,Sichuan,Submyotodon moupinensis,Submyotodon,Vespertilionidae,,,stateProvince,PRESERVED_SPECIMEN,
