Cluster_ID,host
Cluster0,Aselliscus stoliczkanus
Cluster2,Aselliscus stoliczkanus
Cluster3,Aselliscus stoliczkanus
Cluster4,Aselliscus stoliczkanus
Cluster9,Aselliscus stoliczkanus
Cluster13,Aselliscus stoliczkanus
Cluster14,Aselliscus stoliczkanus
Cluster24,Aselliscus stoliczkanus
Cluster25,Aselliscus stoliczkanus
Cluster29,Aselliscus stoliczkanus
Cluster38,Aselliscus stoliczkanus
Cluster43,Aselliscus stoliczkanus
Cluster48,Aselliscus stoliczkanus
Cluster50,Aselliscus stoliczkanus
Cluster53,Aselliscus stoliczkanus
Cluster55,Aselliscus stoliczkanus
Cluster83,Aselliscus stoliczkanus
Cluster111,Aselliscus stoliczkanus
Cluster119,Aselliscus stoliczkanus
Cluster132,Aselliscus stoliczkanus
Cluster153,Aselliscus stoliczkanus
Cluster182,Aselliscus stoliczkanus
Cluster251,Aselliscus stoliczkanus
Cluster264,Aselliscus stoliczkanus
Cluster346,Aselliscus stoliczkanus
Cluster511,Aselliscus stoliczkanus
Cluster592,Aselliscus stoliczkanus
Cluster662,Aselliscus stoliczkanus
Cluster695,Aselliscus stoliczkanus
Cluster768,Aselliscus stoliczkanus
Cluster1008,Aselliscus stoliczkanus
Cluster1009,Aselliscus stoliczkanus
Cluster1040,Aselliscus stoliczkanus
Cluster1493,Aselliscus stoliczkanus
Cluster1520,Aselliscus stoliczkanus
Cluster1717,Aselliscus stoliczkanus
Cluster1878,Aselliscus stoliczkanus
Cluster2090,Aselliscus stoliczkanus
Cluster2201,Aselliscus stoliczkanus
Cluster2270,Aselliscus stoliczkanus
Cluster2463,Aselliscus stoliczkanus
Cluster2485,Aselliscus stoliczkanus
Cluster2517,Aselliscus stoliczkanus
Cluster2549,Aselliscus stoliczkanus
Cluster2600,Aselliscus stoliczkanus
Cluster2665,Aselliscus stoliczkanus
Cluster2777,Aselliscus stoliczkanus
Cluster2790,Aselliscus stoliczkanus
Cluster2855,Aselliscus stoliczkanus
Cluster2986,Aselliscus stoliczkanus
Cluster3199,Aselliscus stoliczkanus
Cluster3250,Aselliscus stoliczkanus
Cluster3320,Aselliscus stoliczkanus
Cluster3535,Aselliscus stoliczkanus
Cluster3550,Aselliscus stoliczkanus
Cluster3648,Aselliscus stoliczkanus
Cluster3675,Aselliscus stoliczkanus
Cluster3786,Aselliscus stoliczkanus
Cluster4062,Aselliscus stoliczkanus
Cluster4148,Aselliscus stoliczkanus
Cluster4377,Aselliscus stoliczkanus
Cluster4443,Aselliscus stoliczkanus
Cluster4493,Aselliscus stoliczkanus
Cluster4554,Aselliscus stoliczkanus
Cluster4640,Aselliscus stoliczkanus
Cluster4819,Aselliscus stoliczkanus
Cluster4820,Aselliscus stoliczkanus
Cluster4825,Aselliscus stoliczkanus
Cluster5029,Aselliscus stoliczkanus
Cluster5147,Aselliscus stoliczkanus
Cluster5412,Aselliscus stoliczkanus
Cluster5501,Aselliscus stoliczkanus
Cluster5568,Aselliscus stoliczkanus
Cluster5574,Aselliscus stoliczkanus
Cluster5601,Aselliscus stoliczkanus
Cluster5631,Aselliscus stoliczkanus
Cluster5633,Aselliscus stoliczkanus
Cluster5675,Aselliscus stoliczkanus
Cluster5694,Aselliscus stoliczkanus
Cluster5722,Aselliscus stoliczkanus
Cluster5783,Aselliscus stoliczkanus
Cluster5829,Aselliscus stoliczkanus
Cluster5896,Aselliscus stoliczkanus
Cluster5962,Aselliscus stoliczkanus
Cluster6004,Aselliscus stoliczkanus
Cluster6133,Aselliscus stoliczkanus
Cluster6329,Aselliscus stoliczkanus
Cluster6363,Aselliscus stoliczkanus
Cluster6487,Aselliscus stoliczkanus
Cluster6516,Aselliscus stoliczkanus
Cluster6525,Aselliscus stoliczkanus
Cluster6588,Aselliscus stoliczkanus
Cluster6694,Aselliscus stoliczkanus
Cluster6737,Aselliscus stoliczkanus
Cluster6943,Aselliscus stoliczkanus
Cluster6967,Aselliscus stoliczkanus
Cluster7009,Aselliscus stoliczkanus
Cluster7010,Aselliscus stoliczkanus
Cluster7186,Aselliscus stoliczkanus
Cluster7214,Aselliscus stoliczkanus
Cluster7231,Aselliscus stoliczkanus
Cluster7492,Aselliscus stoliczkanus
Cluster7513,Aselliscus stoliczkanus
Cluster7570,Aselliscus stoliczkanus
Cluster7619,Aselliscus stoliczkanus
Cluster7953,Aselliscus stoliczkanus
Cluster8002,Aselliscus stoliczkanus
Cluster8015,Aselliscus stoliczkanus
Cluster8103,Aselliscus stoliczkanus
Cluster8195,Aselliscus stoliczkanus
Cluster8222,Aselliscus stoliczkanus
Cluster8262,Aselliscus stoliczkanus
Cluster8264,Aselliscus stoliczkanus
Cluster8347,Aselliscus stoliczkanus
Cluster8416,Aselliscus stoliczkanus
Cluster8640,Aselliscus stoliczkanus
Cluster8725,Aselliscus stoliczkanus
Cluster8919,Aselliscus stoliczkanus
Cluster9085,Aselliscus stoliczkanus
Cluster9315,Aselliscus stoliczkanus
Cluster9718,Aselliscus stoliczkanus
Cluster9792,Aselliscus stoliczkanus
Cluster9991,Aselliscus stoliczkanus
Cluster10073,Aselliscus stoliczkanus
Cluster10148,Aselliscus stoliczkanus
Cluster10262,Aselliscus stoliczkanus
Cluster10351,Aselliscus stoliczkanus
Cluster10463,Aselliscus stoliczkanus
Cluster10555,Aselliscus stoliczkanus
Cluster10581,Aselliscus stoliczkanus
Cluster10603,Aselliscus stoliczkanus
Cluster10681,Aselliscus stoliczkanus
Cluster10781,Aselliscus stoliczkanus
Cluster10867,Aselliscus stoliczkanus
Cluster10960,Aselliscus stoliczkanus
Cluster10991,Aselliscus stoliczkanus
Cluster10995,Aselliscus stoliczkanus
Cluster11107,Aselliscus stoliczkanus
Cluster11500,Aselliscus stoliczkanus
Cluster11573,Aselliscus stoliczkanus
Cluster11701,Aselliscus stoliczkanus
Cluster11734,Aselliscus stoliczkanus
Cluster11854,Aselliscus stoliczkanus
Cluster11950,Aselliscus stoliczkanus
Cluster12004,Aselliscus stoliczkanus
Cluster12050,Aselliscus stoliczkanus
Cluster12272,Aselliscus stoliczkanus
Cluster12749,Aselliscus stoliczkanus
Cluster12882,Aselliscus stoliczkanus
Cluster88,Cynopterus sphinx
Cluster990,Cynopterus sphinx
Cluster1172,Cynopterus sphinx
Cluster1270,Cynopterus sphinx
Cluster1368,Cynopterus sphinx
Cluster2079,Cynopterus sphinx
Cluster2305,Cynopterus sphinx
Cluster2481,Cynopterus sphinx
Cluster2676,Cynopterus sphinx
Cluster2940,Cynopterus sphinx
Cluster3494,Cynopterus sphinx
Cluster4373,Cynopterus sphinx
Cluster4531,Cynopterus sphinx
Cluster4792,Cynopterus sphinx
Cluster5615,Cynopterus sphinx
Cluster6204,Cynopterus sphinx
Cluster6324,Cynopterus sphinx
Cluster6920,Cynopterus sphinx
Cluster8112,Cynopterus sphinx
Cluster8982,Cynopterus sphinx
Cluster9263,Cynopterus sphinx
Cluster9354,Cynopterus sphinx
Cluster9782,Cynopterus sphinx
Cluster12726,Cynopterus sphinx
Cluster12906,Cynopterus sphinx
Cluster68,Eptesicus serotinus
Cluster69,Eptesicus serotinus
Cluster70,Eptesicus serotinus
Cluster73,Eptesicus serotinus
Cluster88,Eptesicus serotinus
Cluster122,Eptesicus serotinus
Cluster133,Eptesicus serotinus
Cluster157,Eptesicus serotinus
Cluster189,Eptesicus serotinus
Cluster191,Eptesicus serotinus
Cluster215,Eptesicus serotinus
Cluster230,Eptesicus serotinus
Cluster255,Eptesicus serotinus
Cluster257,Eptesicus serotinus
Cluster267,Eptesicus serotinus
Cluster299,Eptesicus serotinus
Cluster306,Eptesicus serotinus
Cluster311,Eptesicus serotinus
Cluster314,Eptesicus serotinus
Cluster318,Eptesicus serotinus
Cluster323,Eptesicus serotinus
Cluster340,Eptesicus serotinus
Cluster357,Eptesicus serotinus
Cluster363,Eptesicus serotinus
Cluster365,Eptesicus serotinus
Cluster379,Eptesicus serotinus
Cluster387,Eptesicus serotinus
Cluster389,Eptesicus serotinus
Cluster401,Eptesicus serotinus
Cluster408,Eptesicus serotinus
Cluster412,Eptesicus serotinus
Cluster418,Eptesicus serotinus
Cluster419,Eptesicus serotinus
Cluster434,Eptesicus serotinus
Cluster436,Eptesicus serotinus
Cluster448,Eptesicus serotinus
Cluster483,Eptesicus serotinus
Cluster496,Eptesicus serotinus
Cluster499,Eptesicus serotinus
Cluster501,Eptesicus serotinus
Cluster573,Eptesicus serotinus
Cluster604,Eptesicus serotinus
Cluster607,Eptesicus serotinus
Cluster614,Eptesicus serotinus
Cluster616,Eptesicus serotinus
Cluster639,Eptesicus serotinus
Cluster640,Eptesicus serotinus
Cluster649,Eptesicus serotinus
Cluster652,Eptesicus serotinus
Cluster665,Eptesicus serotinus
Cluster693,Eptesicus serotinus
Cluster704,Eptesicus serotinus
Cluster705,Eptesicus serotinus
Cluster716,Eptesicus serotinus
Cluster725,Eptesicus serotinus
Cluster747,Eptesicus serotinus
Cluster784,Eptesicus serotinus
Cluster833,Eptesicus serotinus
Cluster845,Eptesicus serotinus
Cluster865,Eptesicus serotinus
Cluster898,Eptesicus serotinus
Cluster903,Eptesicus serotinus
Cluster906,Eptesicus serotinus
Cluster926,Eptesicus serotinus
Cluster927,Eptesicus serotinus
Cluster933,Eptesicus serotinus
Cluster937,Eptesicus serotinus
Cluster949,Eptesicus serotinus
Cluster977,Eptesicus serotinus
Cluster980,Eptesicus serotinus
Cluster984,Eptesicus serotinus
Cluster990,Eptesicus serotinus
Cluster1001,Eptesicus serotinus
Cluster1033,Eptesicus serotinus
Cluster1037,Eptesicus serotinus
Cluster1039,Eptesicus serotinus
Cluster1054,Eptesicus serotinus
Cluster1064,Eptesicus serotinus
Cluster1068,Eptesicus serotinus
Cluster1070,Eptesicus serotinus
Cluster1088,Eptesicus serotinus
Cluster1126,Eptesicus serotinus
Cluster1128,Eptesicus serotinus
Cluster1142,Eptesicus serotinus
Cluster1143,Eptesicus serotinus
Cluster1171,Eptesicus serotinus
Cluster1192,Eptesicus serotinus
Cluster1208,Eptesicus serotinus
Cluster1217,Eptesicus serotinus
Cluster1243,Eptesicus serotinus
Cluster1247,Eptesicus serotinus
Cluster1265,Eptesicus serotinus
Cluster1302,Eptesicus serotinus
Cluster1339,Eptesicus serotinus
Cluster1360,Eptesicus serotinus
Cluster1362,Eptesicus serotinus
Cluster1431,Eptesicus serotinus
Cluster1454,Eptesicus serotinus
Cluster1498,Eptesicus serotinus
Cluster1574,Eptesicus serotinus
Cluster1583,Eptesicus serotinus
Cluster1598,Eptesicus serotinus
Cluster1629,Eptesicus serotinus
Cluster1631,Eptesicus serotinus
Cluster1684,Eptesicus serotinus
Cluster1706,Eptesicus serotinus
Cluster1710,Eptesicus serotinus
Cluster1751,Eptesicus serotinus
Cluster1759,Eptesicus serotinus
Cluster1777,Eptesicus serotinus
Cluster1797,Eptesicus serotinus
Cluster1837,Eptesicus serotinus
Cluster1842,Eptesicus serotinus
Cluster1873,Eptesicus serotinus
Cluster1892,Eptesicus serotinus
Cluster1903,Eptesicus serotinus
Cluster2002,Eptesicus serotinus
Cluster2009,Eptesicus serotinus
Cluster2018,Eptesicus serotinus
Cluster2069,Eptesicus serotinus
Cluster2079,Eptesicus serotinus
Cluster2092,Eptesicus serotinus
Cluster2136,Eptesicus serotinus
Cluster2151,Eptesicus serotinus
Cluster2153,Eptesicus serotinus
Cluster2165,Eptesicus serotinus
Cluster2168,Eptesicus serotinus
Cluster2175,Eptesicus serotinus
Cluster2205,Eptesicus serotinus
Cluster2209,Eptesicus serotinus
Cluster2254,Eptesicus serotinus
Cluster2256,Eptesicus serotinus
Cluster2271,Eptesicus serotinus
Cluster2288,Eptesicus serotinus
Cluster2316,Eptesicus serotinus
Cluster2337,Eptesicus serotinus
Cluster2394,Eptesicus serotinus
Cluster2420,Eptesicus serotinus
Cluster2489,Eptesicus serotinus
Cluster2556,Eptesicus serotinus
Cluster2583,Eptesicus serotinus
Cluster2594,Eptesicus serotinus
Cluster2608,Eptesicus serotinus
Cluster2669,Eptesicus serotinus
Cluster2680,Eptesicus serotinus
Cluster2681,Eptesicus serotinus
Cluster2704,Eptesicus serotinus
Cluster2745,Eptesicus serotinus
Cluster2762,Eptesicus serotinus
Cluster2766,Eptesicus serotinus
Cluster2794,Eptesicus serotinus
Cluster2804,Eptesicus serotinus
Cluster2898,Eptesicus serotinus
Cluster2933,Eptesicus serotinus
Cluster2989,Eptesicus serotinus
Cluster3034,Eptesicus serotinus
Cluster3040,Eptesicus serotinus
Cluster3041,Eptesicus serotinus
Cluster3043,Eptesicus serotinus
Cluster3048,Eptesicus serotinus
Cluster3073,Eptesicus serotinus
Cluster3080,Eptesicus serotinus
Cluster3128,Eptesicus serotinus
Cluster3156,Eptesicus serotinus
Cluster3172,Eptesicus serotinus
Cluster3173,Eptesicus serotinus
Cluster3251,Eptesicus serotinus
Cluster3295,Eptesicus serotinus
Cluster3325,Eptesicus serotinus
Cluster3327,Eptesicus serotinus
Cluster3388,Eptesicus serotinus
Cluster3393,Eptesicus serotinus
Cluster3406,Eptesicus serotinus
Cluster3431,Eptesicus serotinus
Cluster3440,Eptesicus serotinus
Cluster3445,Eptesicus serotinus
Cluster3462,Eptesicus serotinus
Cluster3511,Eptesicus serotinus
Cluster3531,Eptesicus serotinus
Cluster3548,Eptesicus serotinus
Cluster3558,Eptesicus serotinus
Cluster3594,Eptesicus serotinus
Cluster3670,Eptesicus serotinus
Cluster3693,Eptesicus serotinus
Cluster3720,Eptesicus serotinus
Cluster3735,Eptesicus serotinus
Cluster3775,Eptesicus serotinus
Cluster3776,Eptesicus serotinus
Cluster3781,Eptesicus serotinus
Cluster3824,Eptesicus serotinus
Cluster3848,Eptesicus serotinus
Cluster3877,Eptesicus serotinus
Cluster3911,Eptesicus serotinus
Cluster3936,Eptesicus serotinus
Cluster3951,Eptesicus serotinus
Cluster3969,Eptesicus serotinus
Cluster3995,Eptesicus serotinus
Cluster4051,Eptesicus serotinus
Cluster4065,Eptesicus serotinus
Cluster4072,Eptesicus serotinus
Cluster4097,Eptesicus serotinus
Cluster4114,Eptesicus serotinus
Cluster4141,Eptesicus serotinus
Cluster4143,Eptesicus serotinus
Cluster4147,Eptesicus serotinus
Cluster4151,Eptesicus serotinus
Cluster4190,Eptesicus serotinus
Cluster4194,Eptesicus serotinus
Cluster4210,Eptesicus serotinus
Cluster4257,Eptesicus serotinus
Cluster4261,Eptesicus serotinus
Cluster4270,Eptesicus serotinus
Cluster4277,Eptesicus serotinus
Cluster4281,Eptesicus serotinus
Cluster4289,Eptesicus serotinus
Cluster4290,Eptesicus serotinus
Cluster4324,Eptesicus serotinus
Cluster4352,Eptesicus serotinus
Cluster4387,Eptesicus serotinus
Cluster4440,Eptesicus serotinus
Cluster4468,Eptesicus serotinus
Cluster4470,Eptesicus serotinus
Cluster4474,Eptesicus serotinus
Cluster4536,Eptesicus serotinus
Cluster4579,Eptesicus serotinus
Cluster4588,Eptesicus serotinus
Cluster4605,Eptesicus serotinus
Cluster4627,Eptesicus serotinus
Cluster4639,Eptesicus serotinus
Cluster4656,Eptesicus serotinus
Cluster4698,Eptesicus serotinus
Cluster4715,Eptesicus serotinus
Cluster4776,Eptesicus serotinus
Cluster4910,Eptesicus serotinus
Cluster4924,Eptesicus serotinus
Cluster4927,Eptesicus serotinus
Cluster4962,Eptesicus serotinus
Cluster5010,Eptesicus serotinus
Cluster5063,Eptesicus serotinus
Cluster5105,Eptesicus serotinus
Cluster5129,Eptesicus serotinus
Cluster5153,Eptesicus serotinus
Cluster5158,Eptesicus serotinus
Cluster5183,Eptesicus serotinus
Cluster5193,Eptesicus serotinus
Cluster5212,Eptesicus serotinus
Cluster5221,Eptesicus serotinus
Cluster5253,Eptesicus serotinus
Cluster5261,Eptesicus serotinus
Cluster5264,Eptesicus serotinus
Cluster5266,Eptesicus serotinus
Cluster5282,Eptesicus serotinus
Cluster5346,Eptesicus serotinus
Cluster5357,Eptesicus serotinus
Cluster5368,Eptesicus serotinus
Cluster5387,Eptesicus serotinus
Cluster5452,Eptesicus serotinus
Cluster5475,Eptesicus serotinus
Cluster5543,Eptesicus serotinus
Cluster5664,Eptesicus serotinus
Cluster5701,Eptesicus serotinus
Cluster5719,Eptesicus serotinus
Cluster5720,Eptesicus serotinus
Cluster5734,Eptesicus serotinus
Cluster5874,Eptesicus serotinus
Cluster5886,Eptesicus serotinus
Cluster5888,Eptesicus serotinus
Cluster5926,Eptesicus serotinus
Cluster6011,Eptesicus serotinus
Cluster6015,Eptesicus serotinus
Cluster6057,Eptesicus serotinus
Cluster6065,Eptesicus serotinus
Cluster6078,Eptesicus serotinus
Cluster6152,Eptesicus serotinus
Cluster6156,Eptesicus serotinus
Cluster6176,Eptesicus serotinus
Cluster6192,Eptesicus serotinus
Cluster6229,Eptesicus serotinus
Cluster6336,Eptesicus serotinus
Cluster6355,Eptesicus serotinus
Cluster6381,Eptesicus serotinus
Cluster6408,Eptesicus serotinus
Cluster6423,Eptesicus serotinus
Cluster6441,Eptesicus serotinus
Cluster6469,Eptesicus serotinus
Cluster6497,Eptesicus serotinus
Cluster6561,Eptesicus serotinus
Cluster6568,Eptesicus serotinus
Cluster6574,Eptesicus serotinus
Cluster6589,Eptesicus serotinus
Cluster6611,Eptesicus serotinus
Cluster6697,Eptesicus serotinus
Cluster6788,Eptesicus serotinus
Cluster6799,Eptesicus serotinus
Cluster6827,Eptesicus serotinus
Cluster6838,Eptesicus serotinus
Cluster6891,Eptesicus serotinus
Cluster6910,Eptesicus serotinus
Cluster6915,Eptesicus serotinus
Cluster6971,Eptesicus serotinus
Cluster7004,Eptesicus serotinus
Cluster7057,Eptesicus serotinus
Cluster7079,Eptesicus serotinus
Cluster7098,Eptesicus serotinus
Cluster7107,Eptesicus serotinus
Cluster7113,Eptesicus serotinus
Cluster7134,Eptesicus serotinus
Cluster7200,Eptesicus serotinus
Cluster7253,Eptesicus serotinus
Cluster7260,Eptesicus serotinus
Cluster7304,Eptesicus serotinus
Cluster7334,Eptesicus serotinus
Cluster7413,Eptesicus serotinus
Cluster7430,Eptesicus serotinus
Cluster7433,Eptesicus serotinus
Cluster7450,Eptesicus serotinus
Cluster7468,Eptesicus serotinus
Cluster7521,Eptesicus serotinus
Cluster7532,Eptesicus serotinus
Cluster7569,Eptesicus serotinus
Cluster7588,Eptesicus serotinus
Cluster7600,Eptesicus serotinus
Cluster7618,Eptesicus serotinus
Cluster7668,Eptesicus serotinus
Cluster7669,Eptesicus serotinus
Cluster7681,Eptesicus serotinus
Cluster7703,Eptesicus serotinus
Cluster7753,Eptesicus serotinus
Cluster7894,Eptesicus serotinus
Cluster8194,Eptesicus serotinus
Cluster8199,Eptesicus serotinus
Cluster8200,Eptesicus serotinus
Cluster8201,Eptesicus serotinus
Cluster8221,Eptesicus serotinus
Cluster8275,Eptesicus serotinus
Cluster8327,Eptesicus serotinus
Cluster8353,Eptesicus serotinus
Cluster8356,Eptesicus serotinus
Cluster8357,Eptesicus serotinus
Cluster8363,Eptesicus serotinus
Cluster8399,Eptesicus serotinus
Cluster8431,Eptesicus serotinus
Cluster8432,Eptesicus serotinus
Cluster8454,Eptesicus serotinus
Cluster8481,Eptesicus serotinus
Cluster8486,Eptesicus serotinus
Cluster8493,Eptesicus serotinus
Cluster8558,Eptesicus serotinus
Cluster8595,Eptesicus serotinus
Cluster8618,Eptesicus serotinus
Cluster8704,Eptesicus serotinus
Cluster8731,Eptesicus serotinus
Cluster8735,Eptesicus serotinus
Cluster8753,Eptesicus serotinus
Cluster8799,Eptesicus serotinus
Cluster8817,Eptesicus serotinus
Cluster8818,Eptesicus serotinus
Cluster8849,Eptesicus serotinus
Cluster8911,Eptesicus serotinus
Cluster8932,Eptesicus serotinus
Cluster8953,Eptesicus serotinus
Cluster9026,Eptesicus serotinus
Cluster9048,Eptesicus serotinus
Cluster9124,Eptesicus serotinus
Cluster9130,Eptesicus serotinus
Cluster9137,Eptesicus serotinus
Cluster9142,Eptesicus serotinus
Cluster9160,Eptesicus serotinus
Cluster9243,Eptesicus serotinus
Cluster9246,Eptesicus serotinus
Cluster9275,Eptesicus serotinus
Cluster9371,Eptesicus serotinus
Cluster9387,Eptesicus serotinus
Cluster9403,Eptesicus serotinus
Cluster9424,Eptesicus serotinus
Cluster9425,Eptesicus serotinus
Cluster9489,Eptesicus serotinus
Cluster9494,Eptesicus serotinus
Cluster9511,Eptesicus serotinus
Cluster9518,Eptesicus serotinus
Cluster9543,Eptesicus serotinus
Cluster9560,Eptesicus serotinus
Cluster9605,Eptesicus serotinus
Cluster9619,Eptesicus serotinus
Cluster9654,Eptesicus serotinus
Cluster9679,Eptesicus serotinus
Cluster9681,Eptesicus serotinus
Cluster9760,Eptesicus serotinus
Cluster9785,Eptesicus serotinus
Cluster9796,Eptesicus serotinus
Cluster9814,Eptesicus serotinus
Cluster9839,Eptesicus serotinus
Cluster9844,Eptesicus serotinus
Cluster9866,Eptesicus serotinus
Cluster9874,Eptesicus serotinus
Cluster9898,Eptesicus serotinus
Cluster9917,Eptesicus serotinus
Cluster9931,Eptesicus serotinus
Cluster9968,Eptesicus serotinus
Cluster10001,Eptesicus serotinus
Cluster10006,Eptesicus serotinus
Cluster10017,Eptesicus serotinus
Cluster10035,Eptesicus serotinus
Cluster10040,Eptesicus serotinus
Cluster10060,Eptesicus serotinus
Cluster10081,Eptesicus serotinus
Cluster10115,Eptesicus serotinus
Cluster10159,Eptesicus serotinus
Cluster10194,Eptesicus serotinus
Cluster10208,Eptesicus serotinus
Cluster10209,Eptesicus serotinus
Cluster10212,Eptesicus serotinus
Cluster10230,Eptesicus serotinus
Cluster10298,Eptesicus serotinus
Cluster10330,Eptesicus serotinus
Cluster10352,Eptesicus serotinus
Cluster10383,Eptesicus serotinus
Cluster10404,Eptesicus serotinus
Cluster10416,Eptesicus serotinus
Cluster10426,Eptesicus serotinus
Cluster10429,Eptesicus serotinus
Cluster10432,Eptesicus serotinus
Cluster10434,Eptesicus serotinus
Cluster10450,Eptesicus serotinus
Cluster10454,Eptesicus serotinus
Cluster10482,Eptesicus serotinus
Cluster10575,Eptesicus serotinus
Cluster10594,Eptesicus serotinus
Cluster10615,Eptesicus serotinus
Cluster10617,Eptesicus serotinus
Cluster10623,Eptesicus serotinus
Cluster10624,Eptesicus serotinus
Cluster10731,Eptesicus serotinus
Cluster10863,Eptesicus serotinus
Cluster10919,Eptesicus serotinus
Cluster10929,Eptesicus serotinus
Cluster10931,Eptesicus serotinus
Cluster10946,Eptesicus serotinus
Cluster11003,Eptesicus serotinus
Cluster11013,Eptesicus serotinus
Cluster11034,Eptesicus serotinus
Cluster11040,Eptesicus serotinus
Cluster11058,Eptesicus serotinus
Cluster11112,Eptesicus serotinus
Cluster11119,Eptesicus serotinus
Cluster11132,Eptesicus serotinus
Cluster11267,Eptesicus serotinus
Cluster11297,Eptesicus serotinus
Cluster11303,Eptesicus serotinus
Cluster11328,Eptesicus serotinus
Cluster11350,Eptesicus serotinus
Cluster11376,Eptesicus serotinus
Cluster11418,Eptesicus serotinus
Cluster11472,Eptesicus serotinus
Cluster11473,Eptesicus serotinus
Cluster11532,Eptesicus serotinus
Cluster11562,Eptesicus serotinus
Cluster11594,Eptesicus serotinus
Cluster11609,Eptesicus serotinus
Cluster11613,Eptesicus serotinus
Cluster11621,Eptesicus serotinus
Cluster11626,Eptesicus serotinus
Cluster11634,Eptesicus serotinus
Cluster11680,Eptesicus serotinus
Cluster11694,Eptesicus serotinus
Cluster11747,Eptesicus serotinus
Cluster11787,Eptesicus serotinus
Cluster11830,Eptesicus serotinus
Cluster11834,Eptesicus serotinus
Cluster11843,Eptesicus serotinus
Cluster11873,Eptesicus serotinus
Cluster11881,Eptesicus serotinus
Cluster11905,Eptesicus serotinus
Cluster11937,Eptesicus serotinus
Cluster11946,Eptesicus serotinus
Cluster11963,Eptesicus serotinus
Cluster12055,Eptesicus serotinus
Cluster12061,Eptesicus serotinus
Cluster12107,Eptesicus serotinus
Cluster12131,Eptesicus serotinus
Cluster12247,Eptesicus serotinus
Cluster12337,Eptesicus serotinus
Cluster12353,Eptesicus serotinus
Cluster12358,Eptesicus serotinus
Cluster12360,Eptesicus serotinus
Cluster12370,Eptesicus serotinus
Cluster12387,Eptesicus serotinus
Cluster12432,Eptesicus serotinus
Cluster12586,Eptesicus serotinus
Cluster12595,Eptesicus serotinus
Cluster12601,Eptesicus serotinus
Cluster12668,Eptesicus serotinus
Cluster12686,Eptesicus serotinus
Cluster12688,Eptesicus serotinus
Cluster12716,Eptesicus serotinus
Cluster12739,Eptesicus serotinus
Cluster12789,Eptesicus serotinus
Cluster12793,Eptesicus serotinus
Cluster12854,Eptesicus serotinus
Cluster12856,Eptesicus serotinus
Cluster12876,Eptesicus serotinus
Cluster12886,Eptesicus serotinus
Cluster12900,Eptesicus serotinus
Cluster12946,Eptesicus serotinus
Cluster396,Hipposideros armiger
Cluster491,Hipposideros armiger
Cluster527,Hipposideros armiger
Cluster1013,Hipposideros armiger
Cluster1018,Hipposideros armiger
Cluster1025,Hipposideros armiger
Cluster1108,Hipposideros armiger
Cluster1280,Hipposideros armiger
Cluster1357,Hipposideros armiger
Cluster1457,Hipposideros armiger
Cluster2067,Hipposideros armiger
Cluster2206,Hipposideros armiger
Cluster2494,Hipposideros armiger
Cluster2700,Hipposideros armiger
Cluster3449,Hipposideros armiger
Cluster3511,Hipposideros armiger
Cluster3882,Hipposideros armiger
Cluster3927,Hipposideros armiger
Cluster4035,Hipposideros armiger
Cluster4510,Hipposideros armiger
Cluster4759,Hipposideros armiger
Cluster5463,Hipposideros armiger
Cluster5545,Hipposideros armiger
Cluster5592,Hipposideros armiger
Cluster5650,Hipposideros armiger
Cluster5654,Hipposideros armiger
Cluster5816,Hipposideros armiger
Cluster6091,Hipposideros armiger
Cluster6512,Hipposideros armiger
Cluster7025,Hipposideros armiger
Cluster7099,Hipposideros armiger
Cluster7882,Hipposideros armiger
Cluster8019,Hipposideros armiger
Cluster8689,Hipposideros armiger
Cluster8769,Hipposideros armiger
Cluster8974,Hipposideros armiger
Cluster9399,Hipposideros armiger
Cluster9702,Hipposideros armiger
Cluster9745,Hipposideros armiger
Cluster10714,Hipposideros armiger
Cluster10720,Hipposideros armiger
Cluster10973,Hipposideros armiger
Cluster11906,Hipposideros armiger
Cluster11959,Hipposideros armiger
Cluster70,Hipposideros cineraceus
Cluster614,Hipposideros cineraceus
Cluster1077,Hipposideros cineraceus
Cluster1431,Hipposideros cineraceus
Cluster1598,Hipposideros cineraceus
Cluster1699,Hipposideros cineraceus
Cluster2000,Hipposideros cineraceus
Cluster2001,Hipposideros cineraceus
Cluster2072,Hipposideros cineraceus
Cluster2570,Hipposideros cineraceus
Cluster2899,Hipposideros cineraceus
Cluster3163,Hipposideros cineraceus
Cluster3274,Hipposideros cineraceus
Cluster3741,Hipposideros cineraceus
Cluster3906,Hipposideros cineraceus
Cluster4919,Hipposideros cineraceus
Cluster5069,Hipposideros cineraceus
Cluster5799,Hipposideros cineraceus
Cluster6226,Hipposideros cineraceus
Cluster6430,Hipposideros cineraceus
Cluster6614,Hipposideros cineraceus
Cluster7498,Hipposideros cineraceus
Cluster8254,Hipposideros cineraceus
Cluster9312,Hipposideros cineraceus
Cluster9406,Hipposideros cineraceus
Cluster10884,Hipposideros cineraceus
Cluster11201,Hipposideros cineraceus
Cluster12620,Hipposideros cineraceus
Cluster12715,Hipposideros cineraceus
Cluster42,Hipposideros larvatus
Cluster88,Hipposideros larvatus
Cluster98,Hipposideros larvatus
Cluster106,Hipposideros larvatus
Cluster139,Hipposideros larvatus
Cluster195,Hipposideros larvatus
Cluster247,Hipposideros larvatus
Cluster320,Hipposideros larvatus
Cluster530,Hipposideros larvatus
Cluster682,Hipposideros larvatus
Cluster766,Hipposideros larvatus
Cluster810,Hipposideros larvatus
Cluster814,Hipposideros larvatus
Cluster863,Hipposideros larvatus
Cluster932,Hipposideros larvatus
Cluster1063,Hipposideros larvatus
Cluster1092,Hipposideros larvatus
Cluster1144,Hipposideros larvatus
Cluster1149,Hipposideros larvatus
Cluster1165,Hipposideros larvatus
Cluster1188,Hipposideros larvatus
Cluster1194,Hipposideros larvatus
Cluster1226,Hipposideros larvatus
Cluster1248,Hipposideros larvatus
Cluster1263,Hipposideros larvatus
Cluster1264,Hipposideros larvatus
Cluster1282,Hipposideros larvatus
Cluster1315,Hipposideros larvatus
Cluster1354,Hipposideros larvatus
Cluster1368,Hipposideros larvatus
Cluster1375,Hipposideros larvatus
Cluster1391,Hipposideros larvatus
Cluster1417,Hipposideros larvatus
Cluster1519,Hipposideros larvatus
Cluster1531,Hipposideros larvatus
Cluster1563,Hipposideros larvatus
Cluster1565,Hipposideros larvatus
Cluster1585,Hipposideros larvatus
Cluster1590,Hipposideros larvatus
Cluster1598,Hipposideros larvatus
Cluster1612,Hipposideros larvatus
Cluster1642,Hipposideros larvatus
Cluster1678,Hipposideros larvatus
Cluster1715,Hipposideros larvatus
Cluster1730,Hipposideros larvatus
Cluster1738,Hipposideros larvatus
Cluster1745,Hipposideros larvatus
Cluster1816,Hipposideros larvatus
Cluster1830,Hipposideros larvatus
Cluster1834,Hipposideros larvatus
Cluster1840,Hipposideros larvatus
Cluster1844,Hipposideros larvatus
Cluster1847,Hipposideros larvatus
Cluster1848,Hipposideros larvatus
Cluster1853,Hipposideros larvatus
Cluster1865,Hipposideros larvatus
Cluster1882,Hipposideros larvatus
Cluster1941,Hipposideros larvatus
Cluster2015,Hipposideros larvatus
Cluster2037,Hipposideros larvatus
Cluster2305,Hipposideros larvatus
Cluster2353,Hipposideros larvatus
Cluster2382,Hipposideros larvatus
Cluster2407,Hipposideros larvatus
Cluster2425,Hipposideros larvatus
Cluster2450,Hipposideros larvatus
Cluster2482,Hipposideros larvatus
Cluster2593,Hipposideros larvatus
Cluster2649,Hipposideros larvatus
Cluster2666,Hipposideros larvatus
Cluster2720,Hipposideros larvatus
Cluster2733,Hipposideros larvatus
Cluster2753,Hipposideros larvatus
Cluster2780,Hipposideros larvatus
Cluster2836,Hipposideros larvatus
Cluster2858,Hipposideros larvatus
Cluster2863,Hipposideros larvatus
Cluster2926,Hipposideros larvatus
Cluster2940,Hipposideros larvatus
Cluster2951,Hipposideros larvatus
Cluster2961,Hipposideros larvatus
Cluster2983,Hipposideros larvatus
Cluster3025,Hipposideros larvatus
Cluster3036,Hipposideros larvatus
Cluster3134,Hipposideros larvatus
Cluster3215,Hipposideros larvatus
Cluster3220,Hipposideros larvatus
Cluster3258,Hipposideros larvatus
Cluster3291,Hipposideros larvatus
Cluster3368,Hipposideros larvatus
Cluster3369,Hipposideros larvatus
Cluster3390,Hipposideros larvatus
Cluster3400,Hipposideros larvatus
Cluster3433,Hipposideros larvatus
Cluster3504,Hipposideros larvatus
Cluster3514,Hipposideros larvatus
Cluster3549,Hipposideros larvatus
Cluster3551,Hipposideros larvatus
Cluster3559,Hipposideros larvatus
Cluster3593,Hipposideros larvatus
Cluster3606,Hipposideros larvatus
Cluster3645,Hipposideros larvatus
Cluster3659,Hipposideros larvatus
Cluster3708,Hipposideros larvatus
Cluster3744,Hipposideros larvatus
Cluster3813,Hipposideros larvatus
Cluster3909,Hipposideros larvatus
Cluster3928,Hipposideros larvatus
Cluster3968,Hipposideros larvatus
Cluster3974,Hipposideros larvatus
Cluster3985,Hipposideros larvatus
Cluster3988,Hipposideros larvatus
Cluster3996,Hipposideros larvatus
Cluster3997,Hipposideros larvatus
Cluster4002,Hipposideros larvatus
Cluster4020,Hipposideros larvatus
Cluster4054,Hipposideros larvatus
Cluster4071,Hipposideros larvatus
Cluster4076,Hipposideros larvatus
Cluster4105,Hipposideros larvatus
Cluster4107,Hipposideros larvatus
Cluster4113,Hipposideros larvatus
Cluster4157,Hipposideros larvatus
Cluster4159,Hipposideros larvatus
Cluster4160,Hipposideros larvatus
Cluster4172,Hipposideros larvatus
Cluster4183,Hipposideros larvatus
Cluster4191,Hipposideros larvatus
Cluster4223,Hipposideros larvatus
Cluster4261,Hipposideros larvatus
Cluster4262,Hipposideros larvatus
Cluster4306,Hipposideros larvatus
Cluster4351,Hipposideros larvatus
Cluster4378,Hipposideros larvatus
Cluster4454,Hipposideros larvatus
Cluster4480,Hipposideros larvatus
Cluster4481,Hipposideros larvatus
Cluster4496,Hipposideros larvatus
Cluster4518,Hipposideros larvatus
Cluster4542,Hipposideros larvatus
Cluster4556,Hipposideros larvatus
Cluster4591,Hipposideros larvatus
Cluster4638,Hipposideros larvatus
Cluster4645,Hipposideros larvatus
Cluster4665,Hipposideros larvatus
Cluster4671,Hipposideros larvatus
Cluster4676,Hipposideros larvatus
Cluster4679,Hipposideros larvatus
Cluster4688,Hipposideros larvatus
Cluster4721,Hipposideros larvatus
Cluster4744,Hipposideros larvatus
Cluster4758,Hipposideros larvatus
Cluster4760,Hipposideros larvatus
Cluster4770,Hipposideros larvatus
Cluster4771,Hipposideros larvatus
Cluster4804,Hipposideros larvatus
Cluster4840,Hipposideros larvatus
Cluster4889,Hipposideros larvatus
Cluster4951,Hipposideros larvatus
Cluster5041,Hipposideros larvatus
Cluster5047,Hipposideros larvatus
Cluster5056,Hipposideros larvatus
Cluster5102,Hipposideros larvatus
Cluster5170,Hipposideros larvatus
Cluster5227,Hipposideros larvatus
Cluster5254,Hipposideros larvatus
Cluster5332,Hipposideros larvatus
Cluster5343,Hipposideros larvatus
Cluster5348,Hipposideros larvatus
Cluster5366,Hipposideros larvatus
Cluster5390,Hipposideros larvatus
Cluster5391,Hipposideros larvatus
Cluster5409,Hipposideros larvatus
Cluster5441,Hipposideros larvatus
Cluster5453,Hipposideros larvatus
Cluster5503,Hipposideros larvatus
Cluster5576,Hipposideros larvatus
Cluster5584,Hipposideros larvatus
Cluster5639,Hipposideros larvatus
Cluster5646,Hipposideros larvatus
Cluster5700,Hipposideros larvatus
Cluster5706,Hipposideros larvatus
Cluster5709,Hipposideros larvatus
Cluster5721,Hipposideros larvatus
Cluster5780,Hipposideros larvatus
Cluster5784,Hipposideros larvatus
Cluster5808,Hipposideros larvatus
Cluster5845,Hipposideros larvatus
Cluster5864,Hipposideros larvatus
Cluster5879,Hipposideros larvatus
Cluster5891,Hipposideros larvatus
Cluster5892,Hipposideros larvatus
Cluster5905,Hipposideros larvatus
Cluster5930,Hipposideros larvatus
Cluster5980,Hipposideros larvatus
Cluster6019,Hipposideros larvatus
Cluster6036,Hipposideros larvatus
Cluster6039,Hipposideros larvatus
Cluster6074,Hipposideros larvatus
Cluster6089,Hipposideros larvatus
Cluster6154,Hipposideros larvatus
Cluster6157,Hipposideros larvatus
Cluster6180,Hipposideros larvatus
Cluster6190,Hipposideros larvatus
Cluster6191,Hipposideros larvatus
Cluster6252,Hipposideros larvatus
Cluster6264,Hipposideros larvatus
Cluster6349,Hipposideros larvatus
Cluster6390,Hipposideros larvatus
Cluster6401,Hipposideros larvatus
Cluster6414,Hipposideros larvatus
Cluster6450,Hipposideros larvatus
Cluster6490,Hipposideros larvatus
Cluster6493,Hipposideros larvatus
Cluster6496,Hipposideros larvatus
Cluster6521,Hipposideros larvatus
Cluster6536,Hipposideros larvatus
Cluster6581,Hipposideros larvatus
Cluster6631,Hipposideros larvatus
Cluster6648,Hipposideros larvatus
Cluster6652,Hipposideros larvatus
Cluster6680,Hipposideros larvatus
Cluster6696,Hipposideros larvatus
Cluster6705,Hipposideros larvatus
Cluster6716,Hipposideros larvatus
Cluster6755,Hipposideros larvatus
Cluster6786,Hipposideros larvatus
Cluster6792,Hipposideros larvatus
Cluster6823,Hipposideros larvatus
Cluster6848,Hipposideros larvatus
Cluster6862,Hipposideros larvatus
Cluster6925,Hipposideros larvatus
Cluster6956,Hipposideros larvatus
Cluster6960,Hipposideros larvatus
Cluster6999,Hipposideros larvatus
Cluster7021,Hipposideros larvatus
Cluster7026,Hipposideros larvatus
Cluster7081,Hipposideros larvatus
Cluster7095,Hipposideros larvatus
Cluster7144,Hipposideros larvatus
Cluster7146,Hipposideros larvatus
Cluster7150,Hipposideros larvatus
Cluster7182,Hipposideros larvatus
Cluster7195,Hipposideros larvatus
Cluster7270,Hipposideros larvatus
Cluster7296,Hipposideros larvatus
Cluster7367,Hipposideros larvatus
Cluster7392,Hipposideros larvatus
Cluster7422,Hipposideros larvatus
Cluster7565,Hipposideros larvatus
Cluster7574,Hipposideros larvatus
Cluster7625,Hipposideros larvatus
Cluster7629,Hipposideros larvatus
Cluster7644,Hipposideros larvatus
Cluster7685,Hipposideros larvatus
Cluster7697,Hipposideros larvatus
Cluster7712,Hipposideros larvatus
Cluster7781,Hipposideros larvatus
Cluster7808,Hipposideros larvatus
Cluster7848,Hipposideros larvatus
Cluster7857,Hipposideros larvatus
Cluster7880,Hipposideros larvatus
Cluster7884,Hipposideros larvatus
Cluster7907,Hipposideros larvatus
Cluster7927,Hipposideros larvatus
Cluster7944,Hipposideros larvatus
Cluster7998,Hipposideros larvatus
Cluster8047,Hipposideros larvatus
Cluster8104,Hipposideros larvatus
Cluster8126,Hipposideros larvatus
Cluster8166,Hipposideros larvatus
Cluster8179,Hipposideros larvatus
Cluster8205,Hipposideros larvatus
Cluster8219,Hipposideros larvatus
Cluster8229,Hipposideros larvatus
Cluster8237,Hipposideros larvatus
Cluster8268,Hipposideros larvatus
Cluster8279,Hipposideros larvatus
Cluster8302,Hipposideros larvatus
Cluster8365,Hipposideros larvatus
Cluster8371,Hipposideros larvatus
Cluster8376,Hipposideros larvatus
Cluster8410,Hipposideros larvatus
Cluster8414,Hipposideros larvatus
Cluster8417,Hipposideros larvatus
Cluster8455,Hipposideros larvatus
Cluster8544,Hipposideros larvatus
Cluster8604,Hipposideros larvatus
Cluster8608,Hipposideros larvatus
Cluster8617,Hipposideros larvatus
Cluster8657,Hipposideros larvatus
Cluster8668,Hipposideros larvatus
Cluster8674,Hipposideros larvatus
Cluster8682,Hipposideros larvatus
Cluster8715,Hipposideros larvatus
Cluster8743,Hipposideros larvatus
Cluster8777,Hipposideros larvatus
Cluster8793,Hipposideros larvatus
Cluster8800,Hipposideros larvatus
Cluster8827,Hipposideros larvatus
Cluster8829,Hipposideros larvatus
Cluster8851,Hipposideros larvatus
Cluster8866,Hipposideros larvatus
Cluster8883,Hipposideros larvatus
Cluster8891,Hipposideros larvatus
Cluster8892,Hipposideros larvatus
Cluster8948,Hipposideros larvatus
Cluster8986,Hipposideros larvatus
Cluster9089,Hipposideros larvatus
Cluster9116,Hipposideros larvatus
Cluster9146,Hipposideros larvatus
Cluster9190,Hipposideros larvatus
Cluster9222,Hipposideros larvatus
Cluster9296,Hipposideros larvatus
Cluster9305,Hipposideros larvatus
Cluster9316,Hipposideros larvatus
Cluster9349,Hipposideros larvatus
Cluster9363,Hipposideros larvatus
Cluster9390,Hipposideros larvatus
Cluster9407,Hipposideros larvatus
Cluster9452,Hipposideros larvatus
Cluster9486,Hipposideros larvatus
Cluster9547,Hipposideros larvatus
Cluster9566,Hipposideros larvatus
Cluster9615,Hipposideros larvatus
Cluster9778,Hipposideros larvatus
Cluster9786,Hipposideros larvatus
Cluster9813,Hipposideros larvatus
Cluster9911,Hipposideros larvatus
Cluster9958,Hipposideros larvatus
Cluster10015,Hipposideros larvatus
Cluster10082,Hipposideros larvatus
Cluster10103,Hipposideros larvatus
Cluster10106,Hipposideros larvatus
Cluster10141,Hipposideros larvatus
Cluster10189,Hipposideros larvatus
Cluster10237,Hipposideros larvatus
Cluster10243,Hipposideros larvatus
Cluster10266,Hipposideros larvatus
Cluster10314,Hipposideros larvatus
Cluster10319,Hipposideros larvatus
Cluster10350,Hipposideros larvatus
Cluster10357,Hipposideros larvatus
Cluster10358,Hipposideros larvatus
Cluster10376,Hipposideros larvatus
Cluster10386,Hipposideros larvatus
Cluster10451,Hipposideros larvatus
Cluster10510,Hipposideros larvatus
Cluster10517,Hipposideros larvatus
Cluster10574,Hipposideros larvatus
Cluster10619,Hipposideros larvatus
Cluster10638,Hipposideros larvatus
Cluster10762,Hipposideros larvatus
Cluster10784,Hipposideros larvatus
Cluster10807,Hipposideros larvatus
Cluster10848,Hipposideros larvatus
Cluster10869,Hipposideros larvatus
Cluster10872,Hipposideros larvatus
Cluster10895,Hipposideros larvatus
Cluster10898,Hipposideros larvatus
Cluster10912,Hipposideros larvatus
Cluster10935,Hipposideros larvatus
Cluster10962,Hipposideros larvatus
Cluster10979,Hipposideros larvatus
Cluster10981,Hipposideros larvatus
Cluster11095,Hipposideros larvatus
Cluster11150,Hipposideros larvatus
Cluster11214,Hipposideros larvatus
Cluster11220,Hipposideros larvatus
Cluster11277,Hipposideros larvatus
Cluster11300,Hipposideros larvatus
Cluster11314,Hipposideros larvatus
Cluster11351,Hipposideros larvatus
Cluster11352,Hipposideros larvatus
Cluster11368,Hipposideros larvatus
Cluster11494,Hipposideros larvatus
Cluster11510,Hipposideros larvatus
Cluster11560,Hipposideros larvatus
Cluster11628,Hipposideros larvatus
Cluster11644,Hipposideros larvatus
Cluster11711,Hipposideros larvatus
Cluster11719,Hipposideros larvatus
Cluster11720,Hipposideros larvatus
Cluster11741,Hipposideros larvatus
Cluster11749,Hipposideros larvatus
Cluster11771,Hipposideros larvatus
Cluster11775,Hipposideros larvatus
Cluster11885,Hipposideros larvatus
Cluster11931,Hipposideros larvatus
Cluster11992,Hipposideros larvatus
Cluster12010,Hipposideros larvatus
Cluster12021,Hipposideros larvatus
Cluster12037,Hipposideros larvatus
Cluster12040,Hipposideros larvatus
Cluster12048,Hipposideros larvatus
Cluster12053,Hipposideros larvatus
Cluster12092,Hipposideros larvatus
Cluster12094,Hipposideros larvatus
Cluster12156,Hipposideros larvatus
Cluster12160,Hipposideros larvatus
Cluster12193,Hipposideros larvatus
Cluster12218,Hipposideros larvatus
Cluster12335,Hipposideros larvatus
Cluster12367,Hipposideros larvatus
Cluster12377,Hipposideros larvatus
Cluster12379,Hipposideros larvatus
Cluster12404,Hipposideros larvatus
Cluster12416,Hipposideros larvatus
Cluster12429,Hipposideros larvatus
Cluster12471,Hipposideros larvatus
Cluster12473,Hipposideros larvatus
Cluster12482,Hipposideros larvatus
Cluster12500,Hipposideros larvatus
Cluster12509,Hipposideros larvatus
Cluster12543,Hipposideros larvatus
Cluster12547,Hipposideros larvatus
Cluster12556,Hipposideros larvatus
Cluster12636,Hipposideros larvatus
Cluster12653,Hipposideros larvatus
Cluster12670,Hipposideros larvatus
Cluster12701,Hipposideros larvatus
Cluster12718,Hipposideros larvatus
Cluster12791,Hipposideros larvatus
Cluster12861,Hipposideros larvatus
Cluster12923,Hipposideros larvatus
Cluster12930,Hipposideros larvatus
Cluster0,Hipposideros pomona
Cluster1,Hipposideros pomona
Cluster2,Hipposideros pomona
Cluster3,Hipposideros pomona
Cluster4,Hipposideros pomona
Cluster10,Hipposideros pomona
Cluster13,Hipposideros pomona
Cluster23,Hipposideros pomona
Cluster24,Hipposideros pomona
Cluster25,Hipposideros pomona
Cluster43,Hipposideros pomona
Cluster50,Hipposideros pomona
Cluster76,Hipposideros pomona
Cluster132,Hipposideros pomona
Cluster177,Hipposideros pomona
Cluster251,Hipposideros pomona
Cluster574,Hipposideros pomona
Cluster586,Hipposideros pomona
Cluster592,Hipposideros pomona
Cluster613,Hipposideros pomona
Cluster843,Hipposideros pomona
Cluster876,Hipposideros pomona
Cluster881,Hipposideros pomona
Cluster1008,Hipposideros pomona
Cluster1291,Hipposideros pomona
Cluster1326,Hipposideros pomona
Cluster1397,Hipposideros pomona
Cluster1445,Hipposideros pomona
Cluster1463,Hipposideros pomona
Cluster1564,Hipposideros pomona
Cluster1654,Hipposideros pomona
Cluster1685,Hipposideros pomona
Cluster1871,Hipposideros pomona
Cluster2284,Hipposideros pomona
Cluster2597,Hipposideros pomona
Cluster2625,Hipposideros pomona
Cluster2818,Hipposideros pomona
Cluster3118,Hipposideros pomona
Cluster3177,Hipposideros pomona
Cluster3201,Hipposideros pomona
Cluster3513,Hipposideros pomona
Cluster3655,Hipposideros pomona
Cluster3709,Hipposideros pomona
Cluster3754,Hipposideros pomona
Cluster3891,Hipposideros pomona
Cluster3930,Hipposideros pomona
Cluster4023,Hipposideros pomona
Cluster4123,Hipposideros pomona
Cluster4197,Hipposideros pomona
Cluster4348,Hipposideros pomona
Cluster4356,Hipposideros pomona
Cluster4374,Hipposideros pomona
Cluster4592,Hipposideros pomona
Cluster4617,Hipposideros pomona
Cluster4701,Hipposideros pomona
Cluster4897,Hipposideros pomona
Cluster4998,Hipposideros pomona
Cluster5151,Hipposideros pomona
Cluster5404,Hipposideros pomona
Cluster5456,Hipposideros pomona
Cluster5548,Hipposideros pomona
Cluster5589,Hipposideros pomona
Cluster5690,Hipposideros pomona
Cluster5713,Hipposideros pomona
Cluster5815,Hipposideros pomona
Cluster5851,Hipposideros pomona
Cluster6105,Hipposideros pomona
Cluster6115,Hipposideros pomona
Cluster6301,Hipposideros pomona
Cluster6675,Hipposideros pomona
Cluster7034,Hipposideros pomona
Cluster7154,Hipposideros pomona
Cluster7213,Hipposideros pomona
Cluster7322,Hipposideros pomona
Cluster7536,Hipposideros pomona
Cluster7722,Hipposideros pomona
Cluster7727,Hipposideros pomona
Cluster7817,Hipposideros pomona
Cluster7868,Hipposideros pomona
Cluster7938,Hipposideros pomona
Cluster8091,Hipposideros pomona
Cluster8214,Hipposideros pomona
Cluster8495,Hipposideros pomona
Cluster8525,Hipposideros pomona
Cluster8543,Hipposideros pomona
Cluster8591,Hipposideros pomona
Cluster8599,Hipposideros pomona
Cluster8820,Hipposideros pomona
Cluster8956,Hipposideros pomona
Cluster8972,Hipposideros pomona
Cluster9293,Hipposideros pomona
Cluster9612,Hipposideros pomona
Cluster9671,Hipposideros pomona
Cluster9769,Hipposideros pomona
Cluster9791,Hipposideros pomona
Cluster9942,Hipposideros pomona
Cluster10199,Hipposideros pomona
Cluster10240,Hipposideros pomona
Cluster10645,Hipposideros pomona
Cluster10809,Hipposideros pomona
Cluster10814,Hipposideros pomona
Cluster10964,Hipposideros pomona
Cluster10998,Hipposideros pomona
Cluster11043,Hipposideros pomona
Cluster11136,Hipposideros pomona
Cluster11247,Hipposideros pomona
Cluster11281,Hipposideros pomona
Cluster11367,Hipposideros pomona
Cluster11543,Hipposideros pomona
Cluster11654,Hipposideros pomona
Cluster11664,Hipposideros pomona
Cluster11704,Hipposideros pomona
Cluster11799,Hipposideros pomona
Cluster12151,Hipposideros pomona
Cluster12228,Hipposideros pomona
Cluster12279,Hipposideros pomona
Cluster12294,Hipposideros pomona
Cluster12344,Hipposideros pomona
Cluster12696,Hipposideros pomona
Cluster12724,Hipposideros pomona
Cluster2,Hipposideros pratti
Cluster3,Hipposideros pratti
Cluster4,Hipposideros pratti
Cluster9,Hipposideros pratti
Cluster13,Hipposideros pratti
Cluster14,Hipposideros pratti
Cluster23,Hipposideros pratti
Cluster43,Hipposideros pratti
Cluster44,Hipposideros pratti
Cluster53,Hipposideros pratti
Cluster66,Hipposideros pratti
Cluster98,Hipposideros pratti
Cluster106,Hipposideros pratti
Cluster132,Hipposideros pratti
Cluster153,Hipposideros pratti
Cluster190,Hipposideros pratti
Cluster195,Hipposideros pratti
Cluster289,Hipposideros pratti
Cluster292,Hipposideros pratti
Cluster363,Hipposideros pratti
Cluster365,Hipposideros pratti
Cluster396,Hipposideros pratti
Cluster472,Hipposideros pratti
Cluster655,Hipposideros pratti
Cluster738,Hipposideros pratti
Cluster841,Hipposideros pratti
Cluster913,Hipposideros pratti
Cluster932,Hipposideros pratti
Cluster1008,Hipposideros pratti
Cluster1011,Hipposideros pratti
Cluster1040,Hipposideros pratti
Cluster1140,Hipposideros pratti
Cluster1175,Hipposideros pratti
Cluster1496,Hipposideros pratti
Cluster1637,Hipposideros pratti
Cluster1716,Hipposideros pratti
Cluster1900,Hipposideros pratti
Cluster1934,Hipposideros pratti
Cluster2021,Hipposideros pratti
Cluster2182,Hipposideros pratti
Cluster2213,Hipposideros pratti
Cluster2216,Hipposideros pratti
Cluster2241,Hipposideros pratti
Cluster2358,Hipposideros pratti
Cluster2422,Hipposideros pratti
Cluster2517,Hipposideros pratti
Cluster2525,Hipposideros pratti
Cluster2545,Hipposideros pratti
Cluster2612,Hipposideros pratti
Cluster2718,Hipposideros pratti
Cluster2739,Hipposideros pratti
Cluster2876,Hipposideros pratti
Cluster2896,Hipposideros pratti
Cluster3054,Hipposideros pratti
Cluster3056,Hipposideros pratti
Cluster3062,Hipposideros pratti
Cluster3093,Hipposideros pratti
Cluster3263,Hipposideros pratti
Cluster3285,Hipposideros pratti
Cluster3579,Hipposideros pratti
Cluster3623,Hipposideros pratti
Cluster3724,Hipposideros pratti
Cluster3749,Hipposideros pratti
Cluster3830,Hipposideros pratti
Cluster3984,Hipposideros pratti
Cluster4246,Hipposideros pratti
Cluster4265,Hipposideros pratti
Cluster4274,Hipposideros pratti
Cluster4446,Hipposideros pratti
Cluster4455,Hipposideros pratti
Cluster4819,Hipposideros pratti
Cluster4903,Hipposideros pratti
Cluster4968,Hipposideros pratti
Cluster4983,Hipposideros pratti
Cluster5033,Hipposideros pratti
Cluster5043,Hipposideros pratti
Cluster5126,Hipposideros pratti
Cluster5135,Hipposideros pratti
Cluster5191,Hipposideros pratti
Cluster5262,Hipposideros pratti
Cluster5291,Hipposideros pratti
Cluster5349,Hipposideros pratti
Cluster5495,Hipposideros pratti
Cluster5657,Hipposideros pratti
Cluster5723,Hipposideros pratti
Cluster5844,Hipposideros pratti
Cluster5881,Hipposideros pratti
Cluster5975,Hipposideros pratti
Cluster6023,Hipposideros pratti
Cluster6066,Hipposideros pratti
Cluster6129,Hipposideros pratti
Cluster6213,Hipposideros pratti
Cluster6284,Hipposideros pratti
Cluster6364,Hipposideros pratti
Cluster6389,Hipposideros pratti
Cluster6508,Hipposideros pratti
Cluster6542,Hipposideros pratti
Cluster6553,Hipposideros pratti
Cluster6987,Hipposideros pratti
Cluster7119,Hipposideros pratti
Cluster7541,Hipposideros pratti
Cluster7568,Hipposideros pratti
Cluster7577,Hipposideros pratti
Cluster7860,Hipposideros pratti
Cluster7934,Hipposideros pratti
Cluster7983,Hipposideros pratti
Cluster8040,Hipposideros pratti
Cluster8071,Hipposideros pratti
Cluster8106,Hipposideros pratti
Cluster8220,Hipposideros pratti
Cluster8423,Hipposideros pratti
Cluster8461,Hipposideros pratti
Cluster8465,Hipposideros pratti
Cluster8528,Hipposideros pratti
Cluster8535,Hipposideros pratti
Cluster8669,Hipposideros pratti
Cluster9027,Hipposideros pratti
Cluster9132,Hipposideros pratti
Cluster9284,Hipposideros pratti
Cluster9321,Hipposideros pratti
Cluster9345,Hipposideros pratti
Cluster9441,Hipposideros pratti
Cluster9675,Hipposideros pratti
Cluster9706,Hipposideros pratti
Cluster9855,Hipposideros pratti
Cluster9862,Hipposideros pratti
Cluster10049,Hipposideros pratti
Cluster10174,Hipposideros pratti
Cluster10201,Hipposideros pratti
Cluster10344,Hipposideros pratti
Cluster10459,Hipposideros pratti
Cluster10484,Hipposideros pratti
Cluster10664,Hipposideros pratti
Cluster10829,Hipposideros pratti
Cluster10871,Hipposideros pratti
Cluster11006,Hipposideros pratti
Cluster11010,Hipposideros pratti
Cluster11011,Hipposideros pratti
Cluster11016,Hipposideros pratti
Cluster11124,Hipposideros pratti
Cluster11156,Hipposideros pratti
Cluster11397,Hipposideros pratti
Cluster11445,Hipposideros pratti
Cluster11622,Hipposideros pratti
Cluster11655,Hipposideros pratti
Cluster11657,Hipposideros pratti
Cluster11705,Hipposideros pratti
Cluster12464,Hipposideros pratti
Cluster12523,Hipposideros pratti
Cluster134,Megaderma lyra
Cluster180,Megaderma lyra
Cluster350,Megaderma lyra
Cluster2269,Megaderma lyra
Cluster3372,Megaderma lyra
Cluster3459,Megaderma lyra
Cluster4893,Megaderma lyra
Cluster5082,Megaderma lyra
Cluster5767,Megaderma lyra
Cluster6306,Megaderma lyra
Cluster6634,Megaderma lyra
Cluster7428,Megaderma lyra
Cluster7624,Megaderma lyra
Cluster8374,Megaderma lyra
Cluster8438,Megaderma lyra
Cluster9394,Megaderma lyra
Cluster9550,Megaderma lyra
Cluster10056,Megaderma lyra
Cluster0,Miniopterus schreibersii
Cluster1,Miniopterus schreibersii
Cluster2,Miniopterus schreibersii
Cluster3,Miniopterus schreibersii
Cluster4,Miniopterus schreibersii
Cluster6,Miniopterus schreibersii
Cluster9,Miniopterus schreibersii
Cluster10,Miniopterus schreibersii
Cluster13,Miniopterus schreibersii
Cluster14,Miniopterus schreibersii
Cluster23,Miniopterus schreibersii
Cluster43,Miniopterus schreibersii
Cluster50,Miniopterus schreibersii
Cluster55,Miniopterus schreibersii
Cluster68,Miniopterus schreibersii
Cluster69,Miniopterus schreibersii
Cluster70,Miniopterus schreibersii
Cluster73,Miniopterus schreibersii
Cluster111,Miniopterus schreibersii
Cluster119,Miniopterus schreibersii
Cluster132,Miniopterus schreibersii
Cluster136,Miniopterus schreibersii
Cluster153,Miniopterus schreibersii
Cluster171,Miniopterus schreibersii
Cluster177,Miniopterus schreibersii
Cluster251,Miniopterus schreibersii
Cluster308,Miniopterus schreibersii
Cluster363,Miniopterus schreibersii
Cluster377,Miniopterus schreibersii
Cluster476,Miniopterus schreibersii
Cluster573,Miniopterus schreibersii
Cluster583,Miniopterus schreibersii
Cluster614,Miniopterus schreibersii
Cluster664,Miniopterus schreibersii
Cluster780,Miniopterus schreibersii
Cluster784,Miniopterus schreibersii
Cluster889,Miniopterus schreibersii
Cluster898,Miniopterus schreibersii
Cluster1008,Miniopterus schreibersii
Cluster1017,Miniopterus schreibersii
Cluster1358,Miniopterus schreibersii
Cluster1431,Miniopterus schreibersii
Cluster1706,Miniopterus schreibersii
Cluster1741,Miniopterus schreibersii
Cluster1796,Miniopterus schreibersii
Cluster1851,Miniopterus schreibersii
Cluster1948,Miniopterus schreibersii
Cluster1959,Miniopterus schreibersii
Cluster2050,Miniopterus schreibersii
Cluster2262,Miniopterus schreibersii
Cluster2422,Miniopterus schreibersii
Cluster2431,Miniopterus schreibersii
Cluster2605,Miniopterus schreibersii
Cluster2675,Miniopterus schreibersii
Cluster2877,Miniopterus schreibersii
Cluster2904,Miniopterus schreibersii
Cluster2978,Miniopterus schreibersii
Cluster3080,Miniopterus schreibersii
Cluster3245,Miniopterus schreibersii
Cluster3306,Miniopterus schreibersii
Cluster3384,Miniopterus schreibersii
Cluster3445,Miniopterus schreibersii
Cluster3484,Miniopterus schreibersii
Cluster3858,Miniopterus schreibersii
Cluster4086,Miniopterus schreibersii
Cluster4135,Miniopterus schreibersii
Cluster4459,Miniopterus schreibersii
Cluster4851,Miniopterus schreibersii
Cluster5190,Miniopterus schreibersii
Cluster5196,Miniopterus schreibersii
Cluster5224,Miniopterus schreibersii
Cluster5307,Miniopterus schreibersii
Cluster5455,Miniopterus schreibersii
Cluster5565,Miniopterus schreibersii
Cluster5603,Miniopterus schreibersii
Cluster5695,Miniopterus schreibersii
Cluster5698,Miniopterus schreibersii
Cluster5740,Miniopterus schreibersii
Cluster5788,Miniopterus schreibersii
Cluster5912,Miniopterus schreibersii
Cluster5998,Miniopterus schreibersii
Cluster6104,Miniopterus schreibersii
Cluster6138,Miniopterus schreibersii
Cluster6163,Miniopterus schreibersii
Cluster6186,Miniopterus schreibersii
Cluster6256,Miniopterus schreibersii
Cluster6395,Miniopterus schreibersii
Cluster6681,Miniopterus schreibersii
Cluster7094,Miniopterus schreibersii
Cluster7203,Miniopterus schreibersii
Cluster7278,Miniopterus schreibersii
Cluster7729,Miniopterus schreibersii
Cluster7962,Miniopterus schreibersii
Cluster7973,Miniopterus schreibersii
Cluster8138,Miniopterus schreibersii
Cluster8247,Miniopterus schreibersii
Cluster8296,Miniopterus schreibersii
Cluster8369,Miniopterus schreibersii
Cluster8605,Miniopterus schreibersii
Cluster8760,Miniopterus schreibersii
Cluster8801,Miniopterus schreibersii
Cluster8946,Miniopterus schreibersii
Cluster8992,Miniopterus schreibersii
Cluster9198,Miniopterus schreibersii
Cluster9397,Miniopterus schreibersii
Cluster9523,Miniopterus schreibersii
Cluster10048,Miniopterus schreibersii
Cluster10052,Miniopterus schreibersii
Cluster10261,Miniopterus schreibersii
Cluster10276,Miniopterus schreibersii
Cluster10392,Miniopterus schreibersii
Cluster10425,Miniopterus schreibersii
Cluster10625,Miniopterus schreibersii
Cluster10656,Miniopterus schreibersii
Cluster10691,Miniopterus schreibersii
Cluster10717,Miniopterus schreibersii
Cluster11030,Miniopterus schreibersii
Cluster11033,Miniopterus schreibersii
Cluster11036,Miniopterus schreibersii
Cluster11263,Miniopterus schreibersii
Cluster11716,Miniopterus schreibersii
Cluster11842,Miniopterus schreibersii
Cluster11845,Miniopterus schreibersii
Cluster11928,Miniopterus schreibersii
Cluster12026,Miniopterus schreibersii
Cluster12087,Miniopterus schreibersii
Cluster12100,Miniopterus schreibersii
Cluster12487,Miniopterus schreibersii
Cluster12606,Miniopterus schreibersii
Cluster12638,Miniopterus schreibersii
Cluster12772,Miniopterus schreibersii
Cluster12786,Miniopterus schreibersii
Cluster12836,Miniopterus schreibersii
Cluster12868,Miniopterus schreibersii
Cluster109,Murina huttoni
Cluster2316,Murina huttoni
Cluster3629,Murina huttoni
Cluster4431,Murina huttoni
Cluster4987,Murina huttoni
Cluster6562,Murina huttoni
Cluster7490,Murina huttoni
Cluster8182,Murina huttoni
Cluster8693,Murina huttoni
Cluster9038,Murina huttoni
Cluster9393,Murina huttoni
Cluster9955,Murina huttoni
Cluster10835,Murina huttoni
Cluster12687,Murina huttoni
Cluster2,Murina leucogaster
Cluster3,Murina leucogaster
Cluster4,Murina leucogaster
Cluster5,Murina leucogaster
Cluster13,Murina leucogaster
Cluster14,Murina leucogaster
Cluster23,Murina leucogaster
Cluster34,Murina leucogaster
Cluster38,Murina leucogaster
Cluster43,Murina leucogaster
Cluster50,Murina leucogaster
Cluster53,Murina leucogaster
Cluster61,Murina leucogaster
Cluster111,Murina leucogaster
Cluster132,Murina leucogaster
Cluster148,Murina leucogaster
Cluster153,Murina leucogaster
Cluster154,Murina leucogaster
Cluster171,Murina leucogaster
Cluster196,Murina leucogaster
Cluster251,Murina leucogaster
Cluster813,Murina leucogaster
Cluster841,Murina leucogaster
Cluster1008,Murina leucogaster
Cluster1040,Murina leucogaster
Cluster1976,Murina leucogaster
Cluster2405,Murina leucogaster
Cluster3158,Murina leucogaster
Cluster3535,Murina leucogaster
Cluster3766,Murina leucogaster
Cluster3904,Murina leucogaster
Cluster4111,Murina leucogaster
Cluster4571,Murina leucogaster
Cluster4694,Murina leucogaster
Cluster4723,Murina leucogaster
Cluster4805,Murina leucogaster
Cluster5741,Murina leucogaster
Cluster5777,Murina leucogaster
Cluster6480,Murina leucogaster
Cluster7154,Murina leucogaster
Cluster8089,Murina leucogaster
Cluster8648,Murina leucogaster
Cluster9185,Murina leucogaster
Cluster11675,Murina leucogaster
Cluster12794,Murina leucogaster
Cluster150,Myotis chinensis
Cluster188,Myotis chinensis
Cluster305,Myotis chinensis
Cluster320,Myotis chinensis
Cluster372,Myotis chinensis
Cluster376,Myotis chinensis
Cluster381,Myotis chinensis
Cluster386,Myotis chinensis
Cluster396,Myotis chinensis
Cluster403,Myotis chinensis
Cluster406,Myotis chinensis
Cluster426,Myotis chinensis
Cluster481,Myotis chinensis
Cluster487,Myotis chinensis
Cluster491,Myotis chinensis
Cluster548,Myotis chinensis
Cluster559,Myotis chinensis
Cluster561,Myotis chinensis
Cluster615,Myotis chinensis
Cluster649,Myotis chinensis
Cluster677,Myotis chinensis
Cluster698,Myotis chinensis
Cluster722,Myotis chinensis
Cluster733,Myotis chinensis
Cluster734,Myotis chinensis
Cluster744,Myotis chinensis
Cluster796,Myotis chinensis
Cluster800,Myotis chinensis
Cluster821,Myotis chinensis
Cluster871,Myotis chinensis
Cluster894,Myotis chinensis
Cluster951,Myotis chinensis
Cluster952,Myotis chinensis
Cluster990,Myotis chinensis
Cluster1018,Myotis chinensis
Cluster1084,Myotis chinensis
Cluster1108,Myotis chinensis
Cluster1115,Myotis chinensis
Cluster1121,Myotis chinensis
Cluster1152,Myotis chinensis
Cluster1174,Myotis chinensis
Cluster1212,Myotis chinensis
Cluster1243,Myotis chinensis
Cluster1268,Myotis chinensis
Cluster1270,Myotis chinensis
Cluster1287,Myotis chinensis
Cluster1288,Myotis chinensis
Cluster1340,Myotis chinensis
Cluster1368,Myotis chinensis
Cluster1417,Myotis chinensis
Cluster1424,Myotis chinensis
Cluster1432,Myotis chinensis
Cluster1441,Myotis chinensis
Cluster1457,Myotis chinensis
Cluster1462,Myotis chinensis
Cluster1483,Myotis chinensis
Cluster1487,Myotis chinensis
Cluster1495,Myotis chinensis
Cluster1502,Myotis chinensis
Cluster1560,Myotis chinensis
Cluster1581,Myotis chinensis
Cluster1584,Myotis chinensis
Cluster1627,Myotis chinensis
Cluster1657,Myotis chinensis
Cluster1688,Myotis chinensis
Cluster1744,Myotis chinensis
Cluster1753,Myotis chinensis
Cluster1771,Myotis chinensis
Cluster1802,Myotis chinensis
Cluster1813,Myotis chinensis
Cluster1886,Myotis chinensis
Cluster1904,Myotis chinensis
Cluster1908,Myotis chinensis
Cluster1954,Myotis chinensis
Cluster1955,Myotis chinensis
Cluster2063,Myotis chinensis
Cluster2070,Myotis chinensis
Cluster2077,Myotis chinensis
Cluster2079,Myotis chinensis
Cluster2101,Myotis chinensis
Cluster2163,Myotis chinensis
Cluster2174,Myotis chinensis
Cluster2249,Myotis chinensis
Cluster2261,Myotis chinensis
Cluster2263,Myotis chinensis
Cluster2272,Myotis chinensis
Cluster2285,Myotis chinensis
Cluster2286,Myotis chinensis
Cluster2293,Myotis chinensis
Cluster2304,Myotis chinensis
Cluster2308,Myotis chinensis
Cluster2321,Myotis chinensis
Cluster2345,Myotis chinensis
Cluster2369,Myotis chinensis
Cluster2403,Myotis chinensis
Cluster2409,Myotis chinensis
Cluster2428,Myotis chinensis
Cluster2429,Myotis chinensis
Cluster2435,Myotis chinensis
Cluster2478,Myotis chinensis
Cluster2574,Myotis chinensis
Cluster2606,Myotis chinensis
Cluster2644,Myotis chinensis
Cluster2660,Myotis chinensis
Cluster2667,Myotis chinensis
Cluster2692,Myotis chinensis
Cluster2696,Myotis chinensis
Cluster2721,Myotis chinensis
Cluster2764,Myotis chinensis
Cluster2770,Myotis chinensis
Cluster2780,Myotis chinensis
Cluster2867,Myotis chinensis
Cluster2888,Myotis chinensis
Cluster2919,Myotis chinensis
Cluster2925,Myotis chinensis
Cluster2952,Myotis chinensis
Cluster2980,Myotis chinensis
Cluster3002,Myotis chinensis
Cluster3013,Myotis chinensis
Cluster3019,Myotis chinensis
Cluster3055,Myotis chinensis
Cluster3141,Myotis chinensis
Cluster3153,Myotis chinensis
Cluster3191,Myotis chinensis
Cluster3193,Myotis chinensis
Cluster3238,Myotis chinensis
Cluster3248,Myotis chinensis
Cluster3265,Myotis chinensis
Cluster3312,Myotis chinensis
Cluster3317,Myotis chinensis
Cluster3342,Myotis chinensis
Cluster3380,Myotis chinensis
Cluster3417,Myotis chinensis
Cluster3437,Myotis chinensis
Cluster3511,Myotis chinensis
Cluster3544,Myotis chinensis
Cluster3564,Myotis chinensis
Cluster3571,Myotis chinensis
Cluster3599,Myotis chinensis
Cluster3608,Myotis chinensis
Cluster3658,Myotis chinensis
Cluster3672,Myotis chinensis
Cluster3677,Myotis chinensis
Cluster3697,Myotis chinensis
Cluster3720,Myotis chinensis
Cluster3722,Myotis chinensis
Cluster3727,Myotis chinensis
Cluster3739,Myotis chinensis
Cluster3759,Myotis chinensis
Cluster3851,Myotis chinensis
Cluster3868,Myotis chinensis
Cluster3878,Myotis chinensis
Cluster3894,Myotis chinensis
Cluster3895,Myotis chinensis
Cluster3919,Myotis chinensis
Cluster3949,Myotis chinensis
Cluster3977,Myotis chinensis
Cluster3986,Myotis chinensis
Cluster4014,Myotis chinensis
Cluster4055,Myotis chinensis
Cluster4081,Myotis chinensis
Cluster4093,Myotis chinensis
Cluster4126,Myotis chinensis
Cluster4242,Myotis chinensis
Cluster4295,Myotis chinensis
Cluster4297,Myotis chinensis
Cluster4322,Myotis chinensis
Cluster4362,Myotis chinensis
Cluster4379,Myotis chinensis
Cluster4385,Myotis chinensis
Cluster4406,Myotis chinensis
Cluster4416,Myotis chinensis
Cluster4457,Myotis chinensis
Cluster4466,Myotis chinensis
Cluster4510,Myotis chinensis
Cluster4514,Myotis chinensis
Cluster4529,Myotis chinensis
Cluster4582,Myotis chinensis
Cluster4619,Myotis chinensis
Cluster4622,Myotis chinensis
Cluster4686,Myotis chinensis
Cluster4700,Myotis chinensis
Cluster4730,Myotis chinensis
Cluster4736,Myotis chinensis
Cluster4801,Myotis chinensis
Cluster4835,Myotis chinensis
Cluster4871,Myotis chinensis
Cluster4895,Myotis chinensis
Cluster4912,Myotis chinensis
Cluster4925,Myotis chinensis
Cluster4952,Myotis chinensis
Cluster5001,Myotis chinensis
Cluster5005,Myotis chinensis
Cluster5019,Myotis chinensis
Cluster5038,Myotis chinensis
Cluster5051,Myotis chinensis
Cluster5057,Myotis chinensis
Cluster5092,Myotis chinensis
Cluster5093,Myotis chinensis
Cluster5095,Myotis chinensis
Cluster5165,Myotis chinensis
Cluster5228,Myotis chinensis
Cluster5270,Myotis chinensis
Cluster5281,Myotis chinensis
Cluster5283,Myotis chinensis
Cluster5293,Myotis chinensis
Cluster5355,Myotis chinensis
Cluster5381,Myotis chinensis
Cluster5389,Myotis chinensis
Cluster5431,Myotis chinensis
Cluster5450,Myotis chinensis
Cluster5454,Myotis chinensis
Cluster5465,Myotis chinensis
Cluster5479,Myotis chinensis
Cluster5482,Myotis chinensis
Cluster5502,Myotis chinensis
Cluster5508,Myotis chinensis
Cluster5527,Myotis chinensis
Cluster5540,Myotis chinensis
Cluster5546,Myotis chinensis
Cluster5549,Myotis chinensis
Cluster5572,Myotis chinensis
Cluster5592,Myotis chinensis
Cluster5596,Myotis chinensis
Cluster5602,Myotis chinensis
Cluster5623,Myotis chinensis
Cluster5638,Myotis chinensis
Cluster5683,Myotis chinensis
Cluster5735,Myotis chinensis
Cluster5743,Myotis chinensis
Cluster5774,Myotis chinensis
Cluster5867,Myotis chinensis
Cluster5871,Myotis chinensis
Cluster5884,Myotis chinensis
Cluster5892,Myotis chinensis
Cluster5952,Myotis chinensis
Cluster5960,Myotis chinensis
Cluster5963,Myotis chinensis
Cluster5967,Myotis chinensis
Cluster5968,Myotis chinensis
Cluster5978,Myotis chinensis
Cluster6072,Myotis chinensis
Cluster6118,Myotis chinensis
Cluster6125,Myotis chinensis
Cluster6194,Myotis chinensis
Cluster6206,Myotis chinensis
Cluster6221,Myotis chinensis
Cluster6227,Myotis chinensis
Cluster6230,Myotis chinensis
Cluster6253,Myotis chinensis
Cluster6277,Myotis chinensis
Cluster6316,Myotis chinensis
Cluster6320,Myotis chinensis
Cluster6323,Myotis chinensis
Cluster6339,Myotis chinensis
Cluster6375,Myotis chinensis
Cluster6376,Myotis chinensis
Cluster6378,Myotis chinensis
Cluster6394,Myotis chinensis
Cluster6431,Myotis chinensis
Cluster6465,Myotis chinensis
Cluster6473,Myotis chinensis
Cluster6506,Myotis chinensis
Cluster6507,Myotis chinensis
Cluster6526,Myotis chinensis
Cluster6566,Myotis chinensis
Cluster6601,Myotis chinensis
Cluster6609,Myotis chinensis
Cluster6636,Myotis chinensis
Cluster6676,Myotis chinensis
Cluster6723,Myotis chinensis
Cluster6735,Myotis chinensis
Cluster6744,Myotis chinensis
Cluster6764,Myotis chinensis
Cluster6798,Myotis chinensis
Cluster6800,Myotis chinensis
Cluster6801,Myotis chinensis
Cluster6806,Myotis chinensis
Cluster6815,Myotis chinensis
Cluster6831,Myotis chinensis
Cluster6833,Myotis chinensis
Cluster6865,Myotis chinensis
Cluster6866,Myotis chinensis
Cluster6872,Myotis chinensis
Cluster6932,Myotis chinensis
Cluster6969,Myotis chinensis
Cluster7038,Myotis chinensis
Cluster7053,Myotis chinensis
Cluster7056,Myotis chinensis
Cluster7126,Myotis chinensis
Cluster7127,Myotis chinensis
Cluster7152,Myotis chinensis
Cluster7194,Myotis chinensis
Cluster7295,Myotis chinensis
Cluster7338,Myotis chinensis
Cluster7344,Myotis chinensis
Cluster7373,Myotis chinensis
Cluster7374,Myotis chinensis
Cluster7376,Myotis chinensis
Cluster7382,Myotis chinensis
Cluster7442,Myotis chinensis
Cluster7452,Myotis chinensis
Cluster7510,Myotis chinensis
Cluster7545,Myotis chinensis
Cluster7550,Myotis chinensis
Cluster7593,Myotis chinensis
Cluster7609,Myotis chinensis
Cluster7612,Myotis chinensis
Cluster7623,Myotis chinensis
Cluster7635,Myotis chinensis
Cluster7663,Myotis chinensis
Cluster7694,Myotis chinensis
Cluster7706,Myotis chinensis
Cluster7710,Myotis chinensis
Cluster7715,Myotis chinensis
Cluster7738,Myotis chinensis
Cluster7748,Myotis chinensis
Cluster7756,Myotis chinensis
Cluster7765,Myotis chinensis
Cluster7777,Myotis chinensis
Cluster7803,Myotis chinensis
Cluster7825,Myotis chinensis
Cluster7863,Myotis chinensis
Cluster7972,Myotis chinensis
Cluster7990,Myotis chinensis
Cluster8035,Myotis chinensis
Cluster8099,Myotis chinensis
Cluster8109,Myotis chinensis
Cluster8119,Myotis chinensis
Cluster8137,Myotis chinensis
Cluster8141,Myotis chinensis
Cluster8181,Myotis chinensis
Cluster8236,Myotis chinensis
Cluster8282,Myotis chinensis
Cluster8298,Myotis chinensis
Cluster8314,Myotis chinensis
Cluster8316,Myotis chinensis
Cluster8342,Myotis chinensis
Cluster8346,Myotis chinensis
Cluster8383,Myotis chinensis
Cluster8390,Myotis chinensis
Cluster8475,Myotis chinensis
Cluster8489,Myotis chinensis
Cluster8513,Myotis chinensis
Cluster8536,Myotis chinensis
Cluster8545,Myotis chinensis
Cluster8562,Myotis chinensis
Cluster8563,Myotis chinensis
Cluster8575,Myotis chinensis
Cluster8578,Myotis chinensis
Cluster8588,Myotis chinensis
Cluster8593,Myotis chinensis
Cluster8601,Myotis chinensis
Cluster8613,Myotis chinensis
Cluster8618,Myotis chinensis
Cluster8619,Myotis chinensis
Cluster8628,Myotis chinensis
Cluster8659,Myotis chinensis
Cluster8724,Myotis chinensis
Cluster8728,Myotis chinensis
Cluster8739,Myotis chinensis
Cluster8781,Myotis chinensis
Cluster8783,Myotis chinensis
Cluster8821,Myotis chinensis
Cluster8842,Myotis chinensis
Cluster8854,Myotis chinensis
Cluster8878,Myotis chinensis
Cluster8886,Myotis chinensis
Cluster8888,Myotis chinensis
Cluster9036,Myotis chinensis
Cluster9046,Myotis chinensis
Cluster9087,Myotis chinensis
Cluster9109,Myotis chinensis
Cluster9240,Myotis chinensis
Cluster9255,Myotis chinensis
Cluster9271,Myotis chinensis
Cluster9280,Myotis chinensis
Cluster9289,Myotis chinensis
Cluster9301,Myotis chinensis
Cluster9322,Myotis chinensis
Cluster9331,Myotis chinensis
Cluster9332,Myotis chinensis
Cluster9348,Myotis chinensis
Cluster9418,Myotis chinensis
Cluster9432,Myotis chinensis
Cluster9467,Myotis chinensis
Cluster9475,Myotis chinensis
Cluster9484,Myotis chinensis
Cluster9502,Myotis chinensis
Cluster9514,Myotis chinensis
Cluster9526,Myotis chinensis
Cluster9527,Myotis chinensis
Cluster9558,Myotis chinensis
Cluster9588,Myotis chinensis
Cluster9630,Myotis chinensis
Cluster9676,Myotis chinensis
Cluster9707,Myotis chinensis
Cluster9717,Myotis chinensis
Cluster9728,Myotis chinensis
Cluster9764,Myotis chinensis
Cluster9783,Myotis chinensis
Cluster9801,Myotis chinensis
Cluster9803,Myotis chinensis
Cluster9851,Myotis chinensis
Cluster9853,Myotis chinensis
Cluster9867,Myotis chinensis
Cluster9921,Myotis chinensis
Cluster9977,Myotis chinensis
Cluster10019,Myotis chinensis
Cluster10111,Myotis chinensis
Cluster10206,Myotis chinensis
Cluster10233,Myotis chinensis
Cluster10235,Myotis chinensis
Cluster10256,Myotis chinensis
Cluster10288,Myotis chinensis
Cluster10312,Myotis chinensis
Cluster10324,Myotis chinensis
Cluster10336,Myotis chinensis
Cluster10345,Myotis chinensis
Cluster10412,Myotis chinensis
Cluster10446,Myotis chinensis
Cluster10522,Myotis chinensis
Cluster10609,Myotis chinensis
Cluster10614,Myotis chinensis
Cluster10634,Myotis chinensis
Cluster10680,Myotis chinensis
Cluster10705,Myotis chinensis
Cluster10790,Myotis chinensis
Cluster10806,Myotis chinensis
Cluster10815,Myotis chinensis
Cluster10820,Myotis chinensis
Cluster10842,Myotis chinensis
Cluster10897,Myotis chinensis
Cluster10999,Myotis chinensis
Cluster11093,Myotis chinensis
Cluster11101,Myotis chinensis
Cluster11159,Myotis chinensis
Cluster11186,Myotis chinensis
Cluster11187,Myotis chinensis
Cluster11228,Myotis chinensis
Cluster11240,Myotis chinensis
Cluster11242,Myotis chinensis
Cluster11258,Myotis chinensis
Cluster11292,Myotis chinensis
Cluster11339,Myotis chinensis
Cluster11344,Myotis chinensis
Cluster11421,Myotis chinensis
Cluster11435,Myotis chinensis
Cluster11444,Myotis chinensis
Cluster11460,Myotis chinensis
Cluster11470,Myotis chinensis
Cluster11498,Myotis chinensis
Cluster11522,Myotis chinensis
Cluster11556,Myotis chinensis
Cluster11589,Myotis chinensis
Cluster11602,Myotis chinensis
Cluster11606,Myotis chinensis
Cluster11635,Myotis chinensis
Cluster11638,Myotis chinensis
Cluster11692,Myotis chinensis
Cluster11718,Myotis chinensis
Cluster11728,Myotis chinensis
Cluster11730,Myotis chinensis
Cluster11732,Myotis chinensis
Cluster11733,Myotis chinensis
Cluster11752,Myotis chinensis
Cluster11791,Myotis chinensis
Cluster11801,Myotis chinensis
Cluster11815,Myotis chinensis
Cluster11848,Myotis chinensis
Cluster11947,Myotis chinensis
Cluster11956,Myotis chinensis
Cluster11958,Myotis chinensis
Cluster12005,Myotis chinensis
Cluster12022,Myotis chinensis
Cluster12058,Myotis chinensis
Cluster12108,Myotis chinensis
Cluster12200,Myotis chinensis
Cluster12287,Myotis chinensis
Cluster12298,Myotis chinensis
Cluster12318,Myotis chinensis
Cluster12321,Myotis chinensis
Cluster12325,Myotis chinensis
Cluster12342,Myotis chinensis
Cluster12414,Myotis chinensis
Cluster12425,Myotis chinensis
Cluster12470,Myotis chinensis
Cluster12493,Myotis chinensis
Cluster12495,Myotis chinensis
Cluster12502,Myotis chinensis
Cluster12524,Myotis chinensis
Cluster12578,Myotis chinensis
Cluster12614,Myotis chinensis
Cluster12615,Myotis chinensis
Cluster12621,Myotis chinensis
Cluster12629,Myotis chinensis
Cluster12644,Myotis chinensis
Cluster12651,Myotis chinensis
Cluster12714,Myotis chinensis
Cluster12729,Myotis chinensis
Cluster12756,Myotis chinensis
Cluster12763,Myotis chinensis
Cluster12771,Myotis chinensis
Cluster12781,Myotis chinensis
Cluster12797,Myotis chinensis
Cluster12798,Myotis chinensis
Cluster12830,Myotis chinensis
Cluster12865,Myotis chinensis
Cluster12912,Myotis chinensis
Cluster12937,Myotis chinensis
Cluster0,Myotis daubentonii
Cluster2,Myotis daubentonii
Cluster3,Myotis daubentonii
Cluster4,Myotis daubentonii
Cluster5,Myotis daubentonii
Cluster6,Myotis daubentonii
Cluster9,Myotis daubentonii
Cluster13,Myotis daubentonii
Cluster14,Myotis daubentonii
Cluster23,Myotis daubentonii
Cluster27,Myotis daubentonii
Cluster34,Myotis daubentonii
Cluster38,Myotis daubentonii
Cluster43,Myotis daubentonii
Cluster50,Myotis daubentonii
Cluster52,Myotis daubentonii
Cluster53,Myotis daubentonii
Cluster61,Myotis daubentonii
Cluster76,Myotis daubentonii
Cluster80,Myotis daubentonii
Cluster87,Myotis daubentonii
Cluster103,Myotis daubentonii
Cluster110,Myotis daubentonii
Cluster119,Myotis daubentonii
Cluster123,Myotis daubentonii
Cluster132,Myotis daubentonii
Cluster153,Myotis daubentonii
Cluster171,Myotis daubentonii
Cluster182,Myotis daubentonii
Cluster210,Myotis daubentonii
Cluster251,Myotis daubentonii
Cluster274,Myotis daubentonii
Cluster283,Myotis daubentonii
Cluster304,Myotis daubentonii
Cluster338,Myotis daubentonii
Cluster363,Myotis daubentonii
Cluster388,Myotis daubentonii
Cluster396,Myotis daubentonii
Cluster540,Myotis daubentonii
Cluster623,Myotis daubentonii
Cluster642,Myotis daubentonii
Cluster674,Myotis daubentonii
Cluster695,Myotis daubentonii
Cluster784,Myotis daubentonii
Cluster786,Myotis daubentonii
Cluster801,Myotis daubentonii
Cluster805,Myotis daubentonii
Cluster909,Myotis daubentonii
Cluster936,Myotis daubentonii
Cluster941,Myotis daubentonii
Cluster971,Myotis daubentonii
Cluster1008,Myotis daubentonii
Cluster1011,Myotis daubentonii
Cluster1017,Myotis daubentonii
Cluster1040,Myotis daubentonii
Cluster1055,Myotis daubentonii
Cluster1139,Myotis daubentonii
Cluster1220,Myotis daubentonii
Cluster1264,Myotis daubentonii
Cluster1325,Myotis daubentonii
Cluster1413,Myotis daubentonii
Cluster1422,Myotis daubentonii
Cluster1439,Myotis daubentonii
Cluster1496,Myotis daubentonii
Cluster1571,Myotis daubentonii
Cluster1576,Myotis daubentonii
Cluster1675,Myotis daubentonii
Cluster1735,Myotis daubentonii
Cluster1746,Myotis daubentonii
Cluster1923,Myotis daubentonii
Cluster2016,Myotis daubentonii
Cluster2053,Myotis daubentonii
Cluster2093,Myotis daubentonii
Cluster2099,Myotis daubentonii
Cluster2115,Myotis daubentonii
Cluster2210,Myotis daubentonii
Cluster2226,Myotis daubentonii
Cluster2258,Myotis daubentonii
Cluster2380,Myotis daubentonii
Cluster2398,Myotis daubentonii
Cluster2445,Myotis daubentonii
Cluster2517,Myotis daubentonii
Cluster2554,Myotis daubentonii
Cluster2562,Myotis daubentonii
Cluster2572,Myotis daubentonii
Cluster2648,Myotis daubentonii
Cluster2651,Myotis daubentonii
Cluster2732,Myotis daubentonii
Cluster2740,Myotis daubentonii
Cluster2752,Myotis daubentonii
Cluster2792,Myotis daubentonii
Cluster2819,Myotis daubentonii
Cluster2870,Myotis daubentonii
Cluster2892,Myotis daubentonii
Cluster2904,Myotis daubentonii
Cluster2921,Myotis daubentonii
Cluster2942,Myotis daubentonii
Cluster2944,Myotis daubentonii
Cluster2974,Myotis daubentonii
Cluster3042,Myotis daubentonii
Cluster3044,Myotis daubentonii
Cluster3112,Myotis daubentonii
Cluster3152,Myotis daubentonii
Cluster3158,Myotis daubentonii
Cluster3161,Myotis daubentonii
Cluster3216,Myotis daubentonii
Cluster3298,Myotis daubentonii
Cluster3313,Myotis daubentonii
Cluster3451,Myotis daubentonii
Cluster3500,Myotis daubentonii
Cluster3535,Myotis daubentonii
Cluster3587,Myotis daubentonii
Cluster3600,Myotis daubentonii
Cluster3632,Myotis daubentonii
Cluster3844,Myotis daubentonii
Cluster3884,Myotis daubentonii
Cluster3887,Myotis daubentonii
Cluster3964,Myotis daubentonii
Cluster4025,Myotis daubentonii
Cluster4058,Myotis daubentonii
Cluster4132,Myotis daubentonii
Cluster4241,Myotis daubentonii
Cluster4303,Myotis daubentonii
Cluster4365,Myotis daubentonii
Cluster4424,Myotis daubentonii
Cluster4441,Myotis daubentonii
Cluster4448,Myotis daubentonii
Cluster4485,Myotis daubentonii
Cluster4528,Myotis daubentonii
Cluster4555,Myotis daubentonii
Cluster4609,Myotis daubentonii
Cluster4669,Myotis daubentonii
Cluster4682,Myotis daubentonii
Cluster4690,Myotis daubentonii
Cluster4691,Myotis daubentonii
Cluster4714,Myotis daubentonii
Cluster4756,Myotis daubentonii
Cluster4768,Myotis daubentonii
Cluster4772,Myotis daubentonii
Cluster4846,Myotis daubentonii
Cluster4882,Myotis daubentonii
Cluster4887,Myotis daubentonii
Cluster4928,Myotis daubentonii
Cluster4937,Myotis daubentonii
Cluster5034,Myotis daubentonii
Cluster5037,Myotis daubentonii
Cluster5142,Myotis daubentonii
Cluster5187,Myotis daubentonii
Cluster5430,Myotis daubentonii
Cluster5469,Myotis daubentonii
Cluster5557,Myotis daubentonii
Cluster5641,Myotis daubentonii
Cluster5742,Myotis daubentonii
Cluster5813,Myotis daubentonii
Cluster6058,Myotis daubentonii
Cluster6129,Myotis daubentonii
Cluster6185,Myotis daubentonii
Cluster6189,Myotis daubentonii
Cluster6199,Myotis daubentonii
Cluster6200,Myotis daubentonii
Cluster6220,Myotis daubentonii
Cluster6393,Myotis daubentonii
Cluster6422,Myotis daubentonii
Cluster6435,Myotis daubentonii
Cluster6460,Myotis daubentonii
Cluster6471,Myotis daubentonii
Cluster6498,Myotis daubentonii
Cluster6528,Myotis daubentonii
Cluster6534,Myotis daubentonii
Cluster6600,Myotis daubentonii
Cluster6626,Myotis daubentonii
Cluster6647,Myotis daubentonii
Cluster6721,Myotis daubentonii
Cluster6790,Myotis daubentonii
Cluster6829,Myotis daubentonii
Cluster6843,Myotis daubentonii
Cluster6844,Myotis daubentonii
Cluster6917,Myotis daubentonii
Cluster6974,Myotis daubentonii
Cluster6977,Myotis daubentonii
Cluster7039,Myotis daubentonii
Cluster7077,Myotis daubentonii
Cluster7171,Myotis daubentonii
Cluster7240,Myotis daubentonii
Cluster7287,Myotis daubentonii
Cluster7305,Myotis daubentonii
Cluster7384,Myotis daubentonii
Cluster7494,Myotis daubentonii
Cluster7601,Myotis daubentonii
Cluster7607,Myotis daubentonii
Cluster7638,Myotis daubentonii
Cluster7649,Myotis daubentonii
Cluster7660,Myotis daubentonii
Cluster7746,Myotis daubentonii
Cluster7783,Myotis daubentonii
Cluster7785,Myotis daubentonii
Cluster7877,Myotis daubentonii
Cluster7974,Myotis daubentonii
Cluster8038,Myotis daubentonii
Cluster8048,Myotis daubentonii
Cluster8070,Myotis daubentonii
Cluster8083,Myotis daubentonii
Cluster8124,Myotis daubentonii
Cluster8230,Myotis daubentonii
Cluster8430,Myotis daubentonii
Cluster8504,Myotis daubentonii
Cluster8546,Myotis daubentonii
Cluster8584,Myotis daubentonii
Cluster8676,Myotis daubentonii
Cluster8698,Myotis daubentonii
Cluster8721,Myotis daubentonii
Cluster8782,Myotis daubentonii
Cluster8816,Myotis daubentonii
Cluster8840,Myotis daubentonii
Cluster8844,Myotis daubentonii
Cluster9042,Myotis daubentonii
Cluster9045,Myotis daubentonii
Cluster9091,Myotis daubentonii
Cluster9184,Myotis daubentonii
Cluster9194,Myotis daubentonii
Cluster9221,Myotis daubentonii
Cluster9227,Myotis daubentonii
Cluster9273,Myotis daubentonii
Cluster9277,Myotis daubentonii
Cluster9282,Myotis daubentonii
Cluster9420,Myotis daubentonii
Cluster9534,Myotis daubentonii
Cluster9577,Myotis daubentonii
Cluster9606,Myotis daubentonii
Cluster9770,Myotis daubentonii
Cluster9776,Myotis daubentonii
Cluster9818,Myotis daubentonii
Cluster9899,Myotis daubentonii
Cluster9900,Myotis daubentonii
Cluster9975,Myotis daubentonii
Cluster10105,Myotis daubentonii
Cluster10200,Myotis daubentonii
Cluster10270,Myotis daubentonii
Cluster10333,Myotis daubentonii
Cluster10351,Myotis daubentonii
Cluster10435,Myotis daubentonii
Cluster10518,Myotis daubentonii
Cluster10643,Myotis daubentonii
Cluster10878,Myotis daubentonii
Cluster10891,Myotis daubentonii
Cluster10896,Myotis daubentonii
Cluster11017,Myotis daubentonii
Cluster11103,Myotis daubentonii
Cluster11374,Myotis daubentonii
Cluster11402,Myotis daubentonii
Cluster11436,Myotis daubentonii
Cluster11629,Myotis daubentonii
Cluster11709,Myotis daubentonii
Cluster11770,Myotis daubentonii
Cluster11826,Myotis daubentonii
Cluster11853,Myotis daubentonii
Cluster11961,Myotis daubentonii
Cluster11995,Myotis daubentonii
Cluster12083,Myotis daubentonii
Cluster12169,Myotis daubentonii
Cluster12172,Myotis daubentonii
Cluster12263,Myotis daubentonii
Cluster12375,Myotis daubentonii
Cluster12460,Myotis daubentonii
Cluster12569,Myotis daubentonii
Cluster12677,Myotis daubentonii
Cluster12722,Myotis daubentonii
Cluster12743,Myotis daubentonii
Cluster12807,Myotis daubentonii
Cluster12864,Myotis daubentonii
Cluster12869,Myotis daubentonii
Cluster12943,Myotis daubentonii
Cluster212,Myotis davidii
Cluster4999,Myotis davidii
Cluster9652,Myotis davidii
Cluster10787,Myotis davidii
Cluster10925,Myotis davidii
Cluster68,Myotis fimbriatus
Cluster69,Myotis fimbriatus
Cluster70,Myotis fimbriatus
Cluster87,Myotis fimbriatus
Cluster89,Myotis fimbriatus
Cluster122,Myotis fimbriatus
Cluster138,Myotis fimbriatus
Cluster193,Myotis fimbriatus
Cluster198,Myotis fimbriatus
Cluster201,Myotis fimbriatus
Cluster230,Myotis fimbriatus
Cluster240,Myotis fimbriatus
Cluster255,Myotis fimbriatus
Cluster267,Myotis fimbriatus
Cluster284,Myotis fimbriatus
Cluster299,Myotis fimbriatus
Cluster306,Myotis fimbriatus
Cluster314,Myotis fimbriatus
Cluster316,Myotis fimbriatus
Cluster318,Myotis fimbriatus
Cluster323,Myotis fimbriatus
Cluster362,Myotis fimbriatus
Cluster363,Myotis fimbriatus
Cluster365,Myotis fimbriatus
Cluster367,Myotis fimbriatus
Cluster368,Myotis fimbriatus
Cluster383,Myotis fimbriatus
Cluster389,Myotis fimbriatus
Cluster408,Myotis fimbriatus
Cluster412,Myotis fimbriatus
Cluster415,Myotis fimbriatus
Cluster418,Myotis fimbriatus
Cluster420,Myotis fimbriatus
Cluster434,Myotis fimbriatus
Cluster435,Myotis fimbriatus
Cluster436,Myotis fimbriatus
Cluster441,Myotis fimbriatus
Cluster448,Myotis fimbriatus
Cluster458,Myotis fimbriatus
Cluster469,Myotis fimbriatus
Cluster479,Myotis fimbriatus
Cluster485,Myotis fimbriatus
Cluster487,Myotis fimbriatus
Cluster497,Myotis fimbriatus
Cluster502,Myotis fimbriatus
Cluster545,Myotis fimbriatus
Cluster547,Myotis fimbriatus
Cluster554,Myotis fimbriatus
Cluster563,Myotis fimbriatus
Cluster564,Myotis fimbriatus
Cluster566,Myotis fimbriatus
Cluster608,Myotis fimbriatus
Cluster621,Myotis fimbriatus
Cluster658,Myotis fimbriatus
Cluster690,Myotis fimbriatus
Cluster693,Myotis fimbriatus
Cluster701,Myotis fimbriatus
Cluster716,Myotis fimbriatus
Cluster725,Myotis fimbriatus
Cluster733,Myotis fimbriatus
Cluster742,Myotis fimbriatus
Cluster747,Myotis fimbriatus
Cluster770,Myotis fimbriatus
Cluster784,Myotis fimbriatus
Cluster799,Myotis fimbriatus
Cluster816,Myotis fimbriatus
Cluster821,Myotis fimbriatus
Cluster838,Myotis fimbriatus
Cluster846,Myotis fimbriatus
Cluster865,Myotis fimbriatus
Cluster874,Myotis fimbriatus
Cluster883,Myotis fimbriatus
Cluster911,Myotis fimbriatus
Cluster918,Myotis fimbriatus
Cluster966,Myotis fimbriatus
Cluster976,Myotis fimbriatus
Cluster990,Myotis fimbriatus
Cluster1001,Myotis fimbriatus
Cluster1034,Myotis fimbriatus
Cluster1054,Myotis fimbriatus
Cluster1100,Myotis fimbriatus
Cluster1103,Myotis fimbriatus
Cluster1106,Myotis fimbriatus
Cluster1119,Myotis fimbriatus
Cluster1130,Myotis fimbriatus
Cluster1131,Myotis fimbriatus
Cluster1159,Myotis fimbriatus
Cluster1167,Myotis fimbriatus
Cluster1201,Myotis fimbriatus
Cluster1206,Myotis fimbriatus
Cluster1214,Myotis fimbriatus
Cluster1217,Myotis fimbriatus
Cluster1223,Myotis fimbriatus
Cluster1239,Myotis fimbriatus
Cluster1243,Myotis fimbriatus
Cluster1244,Myotis fimbriatus
Cluster1246,Myotis fimbriatus
Cluster1247,Myotis fimbriatus
Cluster1257,Myotis fimbriatus
Cluster1264,Myotis fimbriatus
Cluster1265,Myotis fimbriatus
Cluster1266,Myotis fimbriatus
Cluster1297,Myotis fimbriatus
Cluster1303,Myotis fimbriatus
Cluster1304,Myotis fimbriatus
Cluster1324,Myotis fimbriatus
Cluster1330,Myotis fimbriatus
Cluster1358,Myotis fimbriatus
Cluster1363,Myotis fimbriatus
Cluster1364,Myotis fimbriatus
Cluster1368,Myotis fimbriatus
Cluster1371,Myotis fimbriatus
Cluster1417,Myotis fimbriatus
Cluster1453,Myotis fimbriatus
Cluster1469,Myotis fimbriatus
Cluster1492,Myotis fimbriatus
Cluster1503,Myotis fimbriatus
Cluster1523,Myotis fimbriatus
Cluster1540,Myotis fimbriatus
Cluster1598,Myotis fimbriatus
Cluster1606,Myotis fimbriatus
Cluster1614,Myotis fimbriatus
Cluster1631,Myotis fimbriatus
Cluster1648,Myotis fimbriatus
Cluster1684,Myotis fimbriatus
Cluster1691,Myotis fimbriatus
Cluster1721,Myotis fimbriatus
Cluster1741,Myotis fimbriatus
Cluster1749,Myotis fimbriatus
Cluster1786,Myotis fimbriatus
Cluster1800,Myotis fimbriatus
Cluster1802,Myotis fimbriatus
Cluster1827,Myotis fimbriatus
Cluster1836,Myotis fimbriatus
Cluster1862,Myotis fimbriatus
Cluster1884,Myotis fimbriatus
Cluster1901,Myotis fimbriatus
Cluster1967,Myotis fimbriatus
Cluster1978,Myotis fimbriatus
Cluster1984,Myotis fimbriatus
Cluster1985,Myotis fimbriatus
Cluster1997,Myotis fimbriatus
Cluster2017,Myotis fimbriatus
Cluster2029,Myotis fimbriatus
Cluster2040,Myotis fimbriatus
Cluster2079,Myotis fimbriatus
Cluster2102,Myotis fimbriatus
Cluster2117,Myotis fimbriatus
Cluster2123,Myotis fimbriatus
Cluster2138,Myotis fimbriatus
Cluster2148,Myotis fimbriatus
Cluster2149,Myotis fimbriatus
Cluster2151,Myotis fimbriatus
Cluster2172,Myotis fimbriatus
Cluster2173,Myotis fimbriatus
Cluster2196,Myotis fimbriatus
Cluster2203,Myotis fimbriatus
Cluster2244,Myotis fimbriatus
Cluster2256,Myotis fimbriatus
Cluster2279,Myotis fimbriatus
Cluster2300,Myotis fimbriatus
Cluster2337,Myotis fimbriatus
Cluster2344,Myotis fimbriatus
Cluster2356,Myotis fimbriatus
Cluster2372,Myotis fimbriatus
Cluster2442,Myotis fimbriatus
Cluster2448,Myotis fimbriatus
Cluster2475,Myotis fimbriatus
Cluster2504,Myotis fimbriatus
Cluster2517,Myotis fimbriatus
Cluster2524,Myotis fimbriatus
Cluster2556,Myotis fimbriatus
Cluster2609,Myotis fimbriatus
Cluster2640,Myotis fimbriatus
Cluster2692,Myotis fimbriatus
Cluster2704,Myotis fimbriatus
Cluster2724,Myotis fimbriatus
Cluster2780,Myotis fimbriatus
Cluster2793,Myotis fimbriatus
Cluster2801,Myotis fimbriatus
Cluster2813,Myotis fimbriatus
Cluster2836,Myotis fimbriatus
Cluster2903,Myotis fimbriatus
Cluster2904,Myotis fimbriatus
Cluster2929,Myotis fimbriatus
Cluster2932,Myotis fimbriatus
Cluster2940,Myotis fimbriatus
Cluster2950,Myotis fimbriatus
Cluster2953,Myotis fimbriatus
Cluster3035,Myotis fimbriatus
Cluster3040,Myotis fimbriatus
Cluster3080,Myotis fimbriatus
Cluster3097,Myotis fimbriatus
Cluster3127,Myotis fimbriatus
Cluster3158,Myotis fimbriatus
Cluster3210,Myotis fimbriatus
Cluster3234,Myotis fimbriatus
Cluster3255,Myotis fimbriatus
Cluster3287,Myotis fimbriatus
Cluster3289,Myotis fimbriatus
Cluster3299,Myotis fimbriatus
Cluster3300,Myotis fimbriatus
Cluster3338,Myotis fimbriatus
Cluster3345,Myotis fimbriatus
Cluster3347,Myotis fimbriatus
Cluster3377,Myotis fimbriatus
Cluster3381,Myotis fimbriatus
Cluster3389,Myotis fimbriatus
Cluster3396,Myotis fimbriatus
Cluster3398,Myotis fimbriatus
Cluster3494,Myotis fimbriatus
Cluster3511,Myotis fimbriatus
Cluster3533,Myotis fimbriatus
Cluster3535,Myotis fimbriatus
Cluster3537,Myotis fimbriatus
Cluster3565,Myotis fimbriatus
Cluster3586,Myotis fimbriatus
Cluster3604,Myotis fimbriatus
Cluster3635,Myotis fimbriatus
Cluster3653,Myotis fimbriatus
Cluster3662,Myotis fimbriatus
Cluster3665,Myotis fimbriatus
Cluster3669,Myotis fimbriatus
Cluster3683,Myotis fimbriatus
Cluster3688,Myotis fimbriatus
Cluster3694,Myotis fimbriatus
Cluster3710,Myotis fimbriatus
Cluster3734,Myotis fimbriatus
Cluster3755,Myotis fimbriatus
Cluster3769,Myotis fimbriatus
Cluster3771,Myotis fimbriatus
Cluster3800,Myotis fimbriatus
Cluster3803,Myotis fimbriatus
Cluster3827,Myotis fimbriatus
Cluster3834,Myotis fimbriatus
Cluster3846,Myotis fimbriatus
Cluster3847,Myotis fimbriatus
Cluster3856,Myotis fimbriatus
Cluster3860,Myotis fimbriatus
Cluster3861,Myotis fimbriatus
Cluster3871,Myotis fimbriatus
Cluster3875,Myotis fimbriatus
Cluster3881,Myotis fimbriatus
Cluster3901,Myotis fimbriatus
Cluster3912,Myotis fimbriatus
Cluster3931,Myotis fimbriatus
Cluster3940,Myotis fimbriatus
Cluster3942,Myotis fimbriatus
Cluster3957,Myotis fimbriatus
Cluster3968,Myotis fimbriatus
Cluster3973,Myotis fimbriatus
Cluster3976,Myotis fimbriatus
Cluster4005,Myotis fimbriatus
Cluster4008,Myotis fimbriatus
Cluster4011,Myotis fimbriatus
Cluster4036,Myotis fimbriatus
Cluster4040,Myotis fimbriatus
Cluster4078,Myotis fimbriatus
Cluster4092,Myotis fimbriatus
Cluster4100,Myotis fimbriatus
Cluster4166,Myotis fimbriatus
Cluster4168,Myotis fimbriatus
Cluster4210,Myotis fimbriatus
Cluster4215,Myotis fimbriatus
Cluster4236,Myotis fimbriatus
Cluster4256,Myotis fimbriatus
Cluster4284,Myotis fimbriatus
Cluster4286,Myotis fimbriatus
Cluster4298,Myotis fimbriatus
Cluster4315,Myotis fimbriatus
Cluster4336,Myotis fimbriatus
Cluster4342,Myotis fimbriatus
Cluster4350,Myotis fimbriatus
Cluster4352,Myotis fimbriatus
Cluster4355,Myotis fimbriatus
Cluster4380,Myotis fimbriatus
Cluster4417,Myotis fimbriatus
Cluster4420,Myotis fimbriatus
Cluster4432,Myotis fimbriatus
Cluster4445,Myotis fimbriatus
Cluster4473,Myotis fimbriatus
Cluster4501,Myotis fimbriatus
Cluster4505,Myotis fimbriatus
Cluster4511,Myotis fimbriatus
Cluster4531,Myotis fimbriatus
Cluster4550,Myotis fimbriatus
Cluster4552,Myotis fimbriatus
Cluster4584,Myotis fimbriatus
Cluster4621,Myotis fimbriatus
Cluster4629,Myotis fimbriatus
Cluster4635,Myotis fimbriatus
Cluster4653,Myotis fimbriatus
Cluster4657,Myotis fimbriatus
Cluster4670,Myotis fimbriatus
Cluster4677,Myotis fimbriatus
Cluster4733,Myotis fimbriatus
Cluster4766,Myotis fimbriatus
Cluster4775,Myotis fimbriatus
Cluster4783,Myotis fimbriatus
Cluster4796,Myotis fimbriatus
Cluster4811,Myotis fimbriatus
Cluster4820,Myotis fimbriatus
Cluster4853,Myotis fimbriatus
Cluster4856,Myotis fimbriatus
Cluster4873,Myotis fimbriatus
Cluster4876,Myotis fimbriatus
Cluster4880,Myotis fimbriatus
Cluster4922,Myotis fimbriatus
Cluster4924,Myotis fimbriatus
Cluster4934,Myotis fimbriatus
Cluster4936,Myotis fimbriatus
Cluster4958,Myotis fimbriatus
Cluster4978,Myotis fimbriatus
Cluster4990,Myotis fimbriatus
Cluster4995,Myotis fimbriatus
Cluster5001,Myotis fimbriatus
Cluster5027,Myotis fimbriatus
Cluster5030,Myotis fimbriatus
Cluster5060,Myotis fimbriatus
Cluster5085,Myotis fimbriatus
Cluster5106,Myotis fimbriatus
Cluster5139,Myotis fimbriatus
Cluster5203,Myotis fimbriatus
Cluster5217,Myotis fimbriatus
Cluster5247,Myotis fimbriatus
Cluster5311,Myotis fimbriatus
Cluster5314,Myotis fimbriatus
Cluster5364,Myotis fimbriatus
Cluster5367,Myotis fimbriatus
Cluster5370,Myotis fimbriatus
Cluster5373,Myotis fimbriatus
Cluster5383,Myotis fimbriatus
Cluster5385,Myotis fimbriatus
Cluster5414,Myotis fimbriatus
Cluster5425,Myotis fimbriatus
Cluster5432,Myotis fimbriatus
Cluster5462,Myotis fimbriatus
Cluster5472,Myotis fimbriatus
Cluster5514,Myotis fimbriatus
Cluster5515,Myotis fimbriatus
Cluster5524,Myotis fimbriatus
Cluster5525,Myotis fimbriatus
Cluster5528,Myotis fimbriatus
Cluster5534,Myotis fimbriatus
Cluster5550,Myotis fimbriatus
Cluster5553,Myotis fimbriatus
Cluster5560,Myotis fimbriatus
Cluster5566,Myotis fimbriatus
Cluster5567,Myotis fimbriatus
Cluster5582,Myotis fimbriatus
Cluster5590,Myotis fimbriatus
Cluster5593,Myotis fimbriatus
Cluster5594,Myotis fimbriatus
Cluster5597,Myotis fimbriatus
Cluster5608,Myotis fimbriatus
Cluster5609,Myotis fimbriatus
Cluster5611,Myotis fimbriatus
Cluster5622,Myotis fimbriatus
Cluster5643,Myotis fimbriatus
Cluster5665,Myotis fimbriatus
Cluster5689,Myotis fimbriatus
Cluster5692,Myotis fimbriatus
Cluster5762,Myotis fimbriatus
Cluster5770,Myotis fimbriatus
Cluster5787,Myotis fimbriatus
Cluster5794,Myotis fimbriatus
Cluster5810,Myotis fimbriatus
Cluster5812,Myotis fimbriatus
Cluster5818,Myotis fimbriatus
Cluster5826,Myotis fimbriatus
Cluster5854,Myotis fimbriatus
Cluster5858,Myotis fimbriatus
Cluster5872,Myotis fimbriatus
Cluster5890,Myotis fimbriatus
Cluster5902,Myotis fimbriatus
Cluster5915,Myotis fimbriatus
Cluster5982,Myotis fimbriatus
Cluster6002,Myotis fimbriatus
Cluster6003,Myotis fimbriatus
Cluster6008,Myotis fimbriatus
Cluster6014,Myotis fimbriatus
Cluster6020,Myotis fimbriatus
Cluster6031,Myotis fimbriatus
Cluster6033,Myotis fimbriatus
Cluster6062,Myotis fimbriatus
Cluster6069,Myotis fimbriatus
Cluster6081,Myotis fimbriatus
Cluster6100,Myotis fimbriatus
Cluster6101,Myotis fimbriatus
Cluster6108,Myotis fimbriatus
Cluster6117,Myotis fimbriatus
Cluster6120,Myotis fimbriatus
Cluster6144,Myotis fimbriatus
Cluster6147,Myotis fimbriatus
Cluster6151,Myotis fimbriatus
Cluster6170,Myotis fimbriatus
Cluster6211,Myotis fimbriatus
Cluster6214,Myotis fimbriatus
Cluster6274,Myotis fimbriatus
Cluster6281,Myotis fimbriatus
Cluster6283,Myotis fimbriatus
Cluster6292,Myotis fimbriatus
Cluster6351,Myotis fimbriatus
Cluster6362,Myotis fimbriatus
Cluster6370,Myotis fimbriatus
Cluster6399,Myotis fimbriatus
Cluster6423,Myotis fimbriatus
Cluster6427,Myotis fimbriatus
Cluster6439,Myotis fimbriatus
Cluster6466,Myotis fimbriatus
Cluster6477,Myotis fimbriatus
Cluster6497,Myotis fimbriatus
Cluster6510,Myotis fimbriatus
Cluster6539,Myotis fimbriatus
Cluster6540,Myotis fimbriatus
Cluster6589,Myotis fimbriatus
Cluster6594,Myotis fimbriatus
Cluster6607,Myotis fimbriatus
Cluster6617,Myotis fimbriatus
Cluster6620,Myotis fimbriatus
Cluster6637,Myotis fimbriatus
Cluster6638,Myotis fimbriatus
Cluster6660,Myotis fimbriatus
Cluster6667,Myotis fimbriatus
Cluster6670,Myotis fimbriatus
Cluster6699,Myotis fimbriatus
Cluster6700,Myotis fimbriatus
Cluster6710,Myotis fimbriatus
Cluster6720,Myotis fimbriatus
Cluster6738,Myotis fimbriatus
Cluster6746,Myotis fimbriatus
Cluster6749,Myotis fimbriatus
Cluster6785,Myotis fimbriatus
Cluster6795,Myotis fimbriatus
Cluster6803,Myotis fimbriatus
Cluster6816,Myotis fimbriatus
Cluster6836,Myotis fimbriatus
Cluster6864,Myotis fimbriatus
Cluster6876,Myotis fimbriatus
Cluster6878,Myotis fimbriatus
Cluster6913,Myotis fimbriatus
Cluster6922,Myotis fimbriatus
Cluster6938,Myotis fimbriatus
Cluster6948,Myotis fimbriatus
Cluster6955,Myotis fimbriatus
Cluster6965,Myotis fimbriatus
Cluster6976,Myotis fimbriatus
Cluster6990,Myotis fimbriatus
Cluster7032,Myotis fimbriatus
Cluster7041,Myotis fimbriatus
Cluster7061,Myotis fimbriatus
Cluster7102,Myotis fimbriatus
Cluster7124,Myotis fimbriatus
Cluster7129,Myotis fimbriatus
Cluster7142,Myotis fimbriatus
Cluster7149,Myotis fimbriatus
Cluster7178,Myotis fimbriatus
Cluster7179,Myotis fimbriatus
Cluster7193,Myotis fimbriatus
Cluster7194,Myotis fimbriatus
Cluster7200,Myotis fimbriatus
Cluster7208,Myotis fimbriatus
Cluster7209,Myotis fimbriatus
Cluster7224,Myotis fimbriatus
Cluster7267,Myotis fimbriatus
Cluster7285,Myotis fimbriatus
Cluster7289,Myotis fimbriatus
Cluster7294,Myotis fimbriatus
Cluster7311,Myotis fimbriatus
Cluster7315,Myotis fimbriatus
Cluster7327,Myotis fimbriatus
Cluster7386,Myotis fimbriatus
Cluster7390,Myotis fimbriatus
Cluster7408,Myotis fimbriatus
Cluster7410,Myotis fimbriatus
Cluster7413,Myotis fimbriatus
Cluster7440,Myotis fimbriatus
Cluster7441,Myotis fimbriatus
Cluster7454,Myotis fimbriatus
Cluster7462,Myotis fimbriatus
Cluster7473,Myotis fimbriatus
Cluster7500,Myotis fimbriatus
Cluster7506,Myotis fimbriatus
Cluster7508,Myotis fimbriatus
Cluster7523,Myotis fimbriatus
Cluster7562,Myotis fimbriatus
Cluster7587,Myotis fimbriatus
Cluster7613,Myotis fimbriatus
Cluster7634,Myotis fimbriatus
Cluster7673,Myotis fimbriatus
Cluster7688,Myotis fimbriatus
Cluster7707,Myotis fimbriatus
Cluster7710,Myotis fimbriatus
Cluster7759,Myotis fimbriatus
Cluster7760,Myotis fimbriatus
Cluster7762,Myotis fimbriatus
Cluster7774,Myotis fimbriatus
Cluster7799,Myotis fimbriatus
Cluster7806,Myotis fimbriatus
Cluster7821,Myotis fimbriatus
Cluster7824,Myotis fimbriatus
Cluster7840,Myotis fimbriatus
Cluster7845,Myotis fimbriatus
Cluster7869,Myotis fimbriatus
Cluster7887,Myotis fimbriatus
Cluster7892,Myotis fimbriatus
Cluster7930,Myotis fimbriatus
Cluster7949,Myotis fimbriatus
Cluster8003,Myotis fimbriatus
Cluster8033,Myotis fimbriatus
Cluster8039,Myotis fimbriatus
Cluster8042,Myotis fimbriatus
Cluster8050,Myotis fimbriatus
Cluster8059,Myotis fimbriatus
Cluster8066,Myotis fimbriatus
Cluster8093,Myotis fimbriatus
Cluster8120,Myotis fimbriatus
Cluster8146,Myotis fimbriatus
Cluster8165,Myotis fimbriatus
Cluster8250,Myotis fimbriatus
Cluster8269,Myotis fimbriatus
Cluster8289,Myotis fimbriatus
Cluster8290,Myotis fimbriatus
Cluster8301,Myotis fimbriatus
Cluster8305,Myotis fimbriatus
Cluster8307,Myotis fimbriatus
Cluster8308,Myotis fimbriatus
Cluster8329,Myotis fimbriatus
Cluster8336,Myotis fimbriatus
Cluster8343,Myotis fimbriatus
Cluster8344,Myotis fimbriatus
Cluster8351,Myotis fimbriatus
Cluster8367,Myotis fimbriatus
Cluster8385,Myotis fimbriatus
Cluster8395,Myotis fimbriatus
Cluster8425,Myotis fimbriatus
Cluster8431,Myotis fimbriatus
Cluster8509,Myotis fimbriatus
Cluster8526,Myotis fimbriatus
Cluster8533,Myotis fimbriatus
Cluster8534,Myotis fimbriatus
Cluster8561,Myotis fimbriatus
Cluster8586,Myotis fimbriatus
Cluster8597,Myotis fimbriatus
Cluster8615,Myotis fimbriatus
Cluster8631,Myotis fimbriatus
Cluster8643,Myotis fimbriatus
Cluster8652,Myotis fimbriatus
Cluster8664,Myotis fimbriatus
Cluster8671,Myotis fimbriatus
Cluster8675,Myotis fimbriatus
Cluster8706,Myotis fimbriatus
Cluster8710,Myotis fimbriatus
Cluster8719,Myotis fimbriatus
Cluster8722,Myotis fimbriatus
Cluster8738,Myotis fimbriatus
Cluster8755,Myotis fimbriatus
Cluster8779,Myotis fimbriatus
Cluster8789,Myotis fimbriatus
Cluster8803,Myotis fimbriatus
Cluster8805,Myotis fimbriatus
Cluster8814,Myotis fimbriatus
Cluster8831,Myotis fimbriatus
Cluster8843,Myotis fimbriatus
Cluster8864,Myotis fimbriatus
Cluster8876,Myotis fimbriatus
Cluster8893,Myotis fimbriatus
Cluster8897,Myotis fimbriatus
Cluster8912,Myotis fimbriatus
Cluster8936,Myotis fimbriatus
Cluster8945,Myotis fimbriatus
Cluster8963,Myotis fimbriatus
Cluster8975,Myotis fimbriatus
Cluster8977,Myotis fimbriatus
Cluster8978,Myotis fimbriatus
Cluster9004,Myotis fimbriatus
Cluster9005,Myotis fimbriatus
Cluster9018,Myotis fimbriatus
Cluster9034,Myotis fimbriatus
Cluster9037,Myotis fimbriatus
Cluster9041,Myotis fimbriatus
Cluster9044,Myotis fimbriatus
Cluster9049,Myotis fimbriatus
Cluster9088,Myotis fimbriatus
Cluster9104,Myotis fimbriatus
Cluster9125,Myotis fimbriatus
Cluster9129,Myotis fimbriatus
Cluster9140,Myotis fimbriatus
Cluster9148,Myotis fimbriatus
Cluster9171,Myotis fimbriatus
Cluster9196,Myotis fimbriatus
Cluster9213,Myotis fimbriatus
Cluster9215,Myotis fimbriatus
Cluster9217,Myotis fimbriatus
Cluster9244,Myotis fimbriatus
Cluster9264,Myotis fimbriatus
Cluster9276,Myotis fimbriatus
Cluster9286,Myotis fimbriatus
Cluster9290,Myotis fimbriatus
Cluster9300,Myotis fimbriatus
Cluster9325,Myotis fimbriatus
Cluster9340,Myotis fimbriatus
Cluster9344,Myotis fimbriatus
Cluster9358,Myotis fimbriatus
Cluster9376,Myotis fimbriatus
Cluster9396,Myotis fimbriatus
Cluster9409,Myotis fimbriatus
Cluster9411,Myotis fimbriatus
Cluster9427,Myotis fimbriatus
Cluster9437,Myotis fimbriatus
Cluster9453,Myotis fimbriatus
Cluster9472,Myotis fimbriatus
Cluster9492,Myotis fimbriatus
Cluster9497,Myotis fimbriatus
Cluster9600,Myotis fimbriatus
Cluster9623,Myotis fimbriatus
Cluster9624,Myotis fimbriatus
Cluster9627,Myotis fimbriatus
Cluster9628,Myotis fimbriatus
Cluster9648,Myotis fimbriatus
Cluster9720,Myotis fimbriatus
Cluster9740,Myotis fimbriatus
Cluster9742,Myotis fimbriatus
Cluster9744,Myotis fimbriatus
Cluster9757,Myotis fimbriatus
Cluster9763,Myotis fimbriatus
Cluster9771,Myotis fimbriatus
Cluster9774,Myotis fimbriatus
Cluster9787,Myotis fimbriatus
Cluster9788,Myotis fimbriatus
Cluster9804,Myotis fimbriatus
Cluster9839,Myotis fimbriatus
Cluster9857,Myotis fimbriatus
Cluster9880,Myotis fimbriatus
Cluster9881,Myotis fimbriatus
Cluster9884,Myotis fimbriatus
Cluster9892,Myotis fimbriatus
Cluster9910,Myotis fimbriatus
Cluster9922,Myotis fimbriatus
Cluster9937,Myotis fimbriatus
Cluster9941,Myotis fimbriatus
Cluster9948,Myotis fimbriatus
Cluster9959,Myotis fimbriatus
Cluster9982,Myotis fimbriatus
Cluster9997,Myotis fimbriatus
Cluster9999,Myotis fimbriatus
Cluster10003,Myotis fimbriatus
Cluster10062,Myotis fimbriatus
Cluster10066,Myotis fimbriatus
Cluster10085,Myotis fimbriatus
Cluster10110,Myotis fimbriatus
Cluster10145,Myotis fimbriatus
Cluster10179,Myotis fimbriatus
Cluster10187,Myotis fimbriatus
Cluster10217,Myotis fimbriatus
Cluster10224,Myotis fimbriatus
Cluster10246,Myotis fimbriatus
Cluster10248,Myotis fimbriatus
Cluster10253,Myotis fimbriatus
Cluster10255,Myotis fimbriatus
Cluster10285,Myotis fimbriatus
Cluster10327,Myotis fimbriatus
Cluster10328,Myotis fimbriatus
Cluster10381,Myotis fimbriatus
Cluster10390,Myotis fimbriatus
Cluster10398,Myotis fimbriatus
Cluster10409,Myotis fimbriatus
Cluster10418,Myotis fimbriatus
Cluster10419,Myotis fimbriatus
Cluster10420,Myotis fimbriatus
Cluster10423,Myotis fimbriatus
Cluster10452,Myotis fimbriatus
Cluster10465,Myotis fimbriatus
Cluster10467,Myotis fimbriatus
Cluster10490,Myotis fimbriatus
Cluster10492,Myotis fimbriatus
Cluster10507,Myotis fimbriatus
Cluster10515,Myotis fimbriatus
Cluster10531,Myotis fimbriatus
Cluster10538,Myotis fimbriatus
Cluster10564,Myotis fimbriatus
Cluster10580,Myotis fimbriatus
Cluster10618,Myotis fimbriatus
Cluster10621,Myotis fimbriatus
Cluster10626,Myotis fimbriatus
Cluster10639,Myotis fimbriatus
Cluster10640,Myotis fimbriatus
Cluster10668,Myotis fimbriatus
Cluster10685,Myotis fimbriatus
Cluster10694,Myotis fimbriatus
Cluster10706,Myotis fimbriatus
Cluster10713,Myotis fimbriatus
Cluster10733,Myotis fimbriatus
Cluster10764,Myotis fimbriatus
Cluster10768,Myotis fimbriatus
Cluster10786,Myotis fimbriatus
Cluster10794,Myotis fimbriatus
Cluster10797,Myotis fimbriatus
Cluster10800,Myotis fimbriatus
Cluster10813,Myotis fimbriatus
Cluster10819,Myotis fimbriatus
Cluster10850,Myotis fimbriatus
Cluster10858,Myotis fimbriatus
Cluster10874,Myotis fimbriatus
Cluster10875,Myotis fimbriatus
Cluster10879,Myotis fimbriatus
Cluster10882,Myotis fimbriatus
Cluster10886,Myotis fimbriatus
Cluster10889,Myotis fimbriatus
Cluster10910,Myotis fimbriatus
Cluster10927,Myotis fimbriatus
Cluster10928,Myotis fimbriatus
Cluster10930,Myotis fimbriatus
Cluster10936,Myotis fimbriatus
Cluster10992,Myotis fimbriatus
Cluster11001,Myotis fimbriatus
Cluster11048,Myotis fimbriatus
Cluster11061,Myotis fimbriatus
Cluster11063,Myotis fimbriatus
Cluster11132,Myotis fimbriatus
Cluster11140,Myotis fimbriatus
Cluster11157,Myotis fimbriatus
Cluster11172,Myotis fimbriatus
Cluster11178,Myotis fimbriatus
Cluster11213,Myotis fimbriatus
Cluster11231,Myotis fimbriatus
Cluster11251,Myotis fimbriatus
Cluster11253,Myotis fimbriatus
Cluster11257,Myotis fimbriatus
Cluster11260,Myotis fimbriatus
Cluster11282,Myotis fimbriatus
Cluster11287,Myotis fimbriatus
Cluster11296,Myotis fimbriatus
Cluster11298,Myotis fimbriatus
Cluster11321,Myotis fimbriatus
Cluster11330,Myotis fimbriatus
Cluster11333,Myotis fimbriatus
Cluster11334,Myotis fimbriatus
Cluster11338,Myotis fimbriatus
Cluster11346,Myotis fimbriatus
Cluster11348,Myotis fimbriatus
Cluster11349,Myotis fimbriatus
Cluster11357,Myotis fimbriatus
Cluster11385,Myotis fimbriatus
Cluster11410,Myotis fimbriatus
Cluster11419,Myotis fimbriatus
Cluster11432,Myotis fimbriatus
Cluster11441,Myotis fimbriatus
Cluster11450,Myotis fimbriatus
Cluster11458,Myotis fimbriatus
Cluster11489,Myotis fimbriatus
Cluster11508,Myotis fimbriatus
Cluster11518,Myotis fimbriatus
Cluster11545,Myotis fimbriatus
Cluster11553,Myotis fimbriatus
Cluster11559,Myotis fimbriatus
Cluster11564,Myotis fimbriatus
Cluster11597,Myotis fimbriatus
Cluster11603,Myotis fimbriatus
Cluster11608,Myotis fimbriatus
Cluster11623,Myotis fimbriatus
Cluster11646,Myotis fimbriatus
Cluster11647,Myotis fimbriatus
Cluster11671,Myotis fimbriatus
Cluster11677,Myotis fimbriatus
Cluster11729,Myotis fimbriatus
Cluster11736,Myotis fimbriatus
Cluster11743,Myotis fimbriatus
Cluster11750,Myotis fimbriatus
Cluster11780,Myotis fimbriatus
Cluster11790,Myotis fimbriatus
Cluster11835,Myotis fimbriatus
Cluster11844,Myotis fimbriatus
Cluster11846,Myotis fimbriatus
Cluster11855,Myotis fimbriatus
Cluster11869,Myotis fimbriatus
Cluster11872,Myotis fimbriatus
Cluster11877,Myotis fimbriatus
Cluster11878,Myotis fimbriatus
Cluster11912,Myotis fimbriatus
Cluster11917,Myotis fimbriatus
Cluster11957,Myotis fimbriatus
Cluster11967,Myotis fimbriatus
Cluster11981,Myotis fimbriatus
Cluster12020,Myotis fimbriatus
Cluster12023,Myotis fimbriatus
Cluster12038,Myotis fimbriatus
Cluster12046,Myotis fimbriatus
Cluster12051,Myotis fimbriatus
Cluster12056,Myotis fimbriatus
Cluster12073,Myotis fimbriatus
Cluster12079,Myotis fimbriatus
Cluster12080,Myotis fimbriatus
Cluster12081,Myotis fimbriatus
Cluster12086,Myotis fimbriatus
Cluster12089,Myotis fimbriatus
Cluster12101,Myotis fimbriatus
Cluster12106,Myotis fimbriatus
Cluster12114,Myotis fimbriatus
Cluster12140,Myotis fimbriatus
Cluster12157,Myotis fimbriatus
Cluster12186,Myotis fimbriatus
Cluster12189,Myotis fimbriatus
Cluster12210,Myotis fimbriatus
Cluster12223,Myotis fimbriatus
Cluster12277,Myotis fimbriatus
Cluster12310,Myotis fimbriatus
Cluster12316,Myotis fimbriatus
Cluster12320,Myotis fimbriatus
Cluster12330,Myotis fimbriatus
Cluster12346,Myotis fimbriatus
Cluster12415,Myotis fimbriatus
Cluster12424,Myotis fimbriatus
Cluster12443,Myotis fimbriatus
Cluster12480,Myotis fimbriatus
Cluster12535,Myotis fimbriatus
Cluster12555,Myotis fimbriatus
Cluster12557,Myotis fimbriatus
Cluster12604,Myotis fimbriatus
Cluster12608,Myotis fimbriatus
Cluster12625,Myotis fimbriatus
Cluster12634,Myotis fimbriatus
Cluster12639,Myotis fimbriatus
Cluster12643,Myotis fimbriatus
Cluster12648,Myotis fimbriatus
Cluster12656,Myotis fimbriatus
Cluster12692,Myotis fimbriatus
Cluster12707,Myotis fimbriatus
Cluster12711,Myotis fimbriatus
Cluster12713,Myotis fimbriatus
Cluster12719,Myotis fimbriatus
Cluster12725,Myotis fimbriatus
Cluster12727,Myotis fimbriatus
Cluster12759,Myotis fimbriatus
Cluster12766,Myotis fimbriatus
Cluster12767,Myotis fimbriatus
Cluster12812,Myotis fimbriatus
Cluster12822,Myotis fimbriatus
Cluster12825,Myotis fimbriatus
Cluster12832,Myotis fimbriatus
Cluster12834,Myotis fimbriatus
Cluster12883,Myotis fimbriatus
Cluster12914,Myotis fimbriatus
Cluster12920,Myotis fimbriatus
Cluster12924,Myotis fimbriatus
Cluster12938,Myotis fimbriatus
Cluster0,Myotis formosus
Cluster3,Myotis formosus
Cluster4,Myotis formosus
Cluster13,Myotis formosus
Cluster23,Myotis formosus
Cluster153,Myotis formosus
Cluster567,Myotis formosus
Cluster665,Myotis formosus
Cluster2421,Myotis formosus
Cluster2488,Myotis formosus
Cluster3009,Myotis formosus
Cluster3181,Myotis formosus
Cluster3496,Myotis formosus
Cluster4343,Myotis formosus
Cluster4599,Myotis formosus
Cluster4655,Myotis formosus
Cluster5149,Myotis formosus
Cluster5341,Myotis formosus
Cluster6951,Myotis formosus
Cluster7245,Myotis formosus
Cluster7616,Myotis formosus
Cluster7678,Myotis formosus
Cluster7835,Myotis formosus
Cluster7922,Myotis formosus
Cluster8090,Myotis formosus
Cluster8758,Myotis formosus
Cluster9211,Myotis formosus
Cluster9833,Myotis formosus
Cluster9938,Myotis formosus
Cluster9978,Myotis formosus
Cluster10306,Myotis formosus
Cluster10548,Myotis formosus
Cluster10711,Myotis formosus
Cluster10795,Myotis formosus
Cluster11076,Myotis formosus
Cluster11772,Myotis formosus
Cluster12633,Myotis formosus
Cluster85,Myotis horsfieldii
Cluster362,Myotis horsfieldii
Cluster862,Myotis horsfieldii
Cluster879,Myotis horsfieldii
Cluster880,Myotis horsfieldii
Cluster990,Myotis horsfieldii
Cluster1036,Myotis horsfieldii
Cluster1070,Myotis horsfieldii
Cluster1081,Myotis horsfieldii
Cluster1085,Myotis horsfieldii
Cluster1216,Myotis horsfieldii
Cluster1225,Myotis horsfieldii
Cluster1239,Myotis horsfieldii
Cluster1243,Myotis horsfieldii
Cluster1456,Myotis horsfieldii
Cluster1478,Myotis horsfieldii
Cluster1509,Myotis horsfieldii
Cluster1545,Myotis horsfieldii
Cluster1626,Myotis horsfieldii
Cluster1658,Myotis horsfieldii
Cluster1784,Myotis horsfieldii
Cluster1823,Myotis horsfieldii
Cluster1875,Myotis horsfieldii
Cluster1885,Myotis horsfieldii
Cluster2031,Myotis horsfieldii
Cluster2079,Myotis horsfieldii
Cluster2107,Myotis horsfieldii
Cluster2109,Myotis horsfieldii
Cluster2130,Myotis horsfieldii
Cluster2135,Myotis horsfieldii
Cluster2197,Myotis horsfieldii
Cluster2242,Myotis horsfieldii
Cluster2279,Myotis horsfieldii
Cluster2335,Myotis horsfieldii
Cluster2360,Myotis horsfieldii
Cluster2460,Myotis horsfieldii
Cluster2536,Myotis horsfieldii
Cluster2552,Myotis horsfieldii
Cluster2558,Myotis horsfieldii
Cluster2571,Myotis horsfieldii
Cluster2584,Myotis horsfieldii
Cluster2621,Myotis horsfieldii
Cluster2634,Myotis horsfieldii
Cluster2635,Myotis horsfieldii
Cluster2707,Myotis horsfieldii
Cluster2728,Myotis horsfieldii
Cluster2763,Myotis horsfieldii
Cluster2803,Myotis horsfieldii
Cluster2854,Myotis horsfieldii
Cluster3122,Myotis horsfieldii
Cluster3179,Myotis horsfieldii
Cluster3183,Myotis horsfieldii
Cluster3246,Myotis horsfieldii
Cluster3275,Myotis horsfieldii
Cluster3300,Myotis horsfieldii
Cluster3352,Myotis horsfieldii
Cluster3354,Myotis horsfieldii
Cluster3364,Myotis horsfieldii
Cluster3430,Myotis horsfieldii
Cluster3438,Myotis horsfieldii
Cluster3526,Myotis horsfieldii
Cluster3527,Myotis horsfieldii
Cluster3531,Myotis horsfieldii
Cluster3573,Myotis horsfieldii
Cluster3624,Myotis horsfieldii
Cluster3687,Myotis horsfieldii
Cluster3758,Myotis horsfieldii
Cluster3804,Myotis horsfieldii
Cluster3893,Myotis horsfieldii
Cluster3896,Myotis horsfieldii
Cluster4054,Myotis horsfieldii
Cluster4079,Myotis horsfieldii
Cluster4083,Myotis horsfieldii
Cluster4128,Myotis horsfieldii
Cluster4152,Myotis horsfieldii
Cluster4163,Myotis horsfieldii
Cluster4252,Myotis horsfieldii
Cluster4256,Myotis horsfieldii
Cluster4261,Myotis horsfieldii
Cluster4275,Myotis horsfieldii
Cluster4308,Myotis horsfieldii
Cluster4329,Myotis horsfieldii
Cluster4332,Myotis horsfieldii
Cluster4358,Myotis horsfieldii
Cluster4451,Myotis horsfieldii
Cluster4559,Myotis horsfieldii
Cluster4594,Myotis horsfieldii
Cluster4608,Myotis horsfieldii
Cluster4757,Myotis horsfieldii
Cluster4821,Myotis horsfieldii
Cluster4859,Myotis horsfieldii
Cluster4886,Myotis horsfieldii
Cluster5069,Myotis horsfieldii
Cluster5087,Myotis horsfieldii
Cluster5140,Myotis horsfieldii
Cluster5159,Myotis horsfieldii
Cluster5205,Myotis horsfieldii
Cluster5251,Myotis horsfieldii
Cluster5257,Myotis horsfieldii
Cluster5300,Myotis horsfieldii
Cluster5329,Myotis horsfieldii
Cluster5335,Myotis horsfieldii
Cluster5379,Myotis horsfieldii
Cluster5393,Myotis horsfieldii
Cluster5474,Myotis horsfieldii
Cluster5499,Myotis horsfieldii
Cluster5577,Myotis horsfieldii
Cluster5579,Myotis horsfieldii
Cluster5635,Myotis horsfieldii
Cluster5708,Myotis horsfieldii
Cluster5715,Myotis horsfieldii
Cluster5801,Myotis horsfieldii
Cluster5987,Myotis horsfieldii
Cluster5991,Myotis horsfieldii
Cluster6083,Myotis horsfieldii
Cluster6110,Myotis horsfieldii
Cluster6164,Myotis horsfieldii
Cluster6175,Myotis horsfieldii
Cluster6249,Myotis horsfieldii
Cluster6275,Myotis horsfieldii
Cluster6293,Myotis horsfieldii
Cluster6374,Myotis horsfieldii
Cluster6382,Myotis horsfieldii
Cluster6407,Myotis horsfieldii
Cluster6491,Myotis horsfieldii
Cluster6582,Myotis horsfieldii
Cluster6633,Myotis horsfieldii
Cluster6659,Myotis horsfieldii
Cluster6773,Myotis horsfieldii
Cluster6940,Myotis horsfieldii
Cluster6947,Myotis horsfieldii
Cluster7023,Myotis horsfieldii
Cluster7046,Myotis horsfieldii
Cluster7104,Myotis horsfieldii
Cluster7114,Myotis horsfieldii
Cluster7199,Myotis horsfieldii
Cluster7228,Myotis horsfieldii
Cluster7265,Myotis horsfieldii
Cluster7293,Myotis horsfieldii
Cluster7298,Myotis horsfieldii
Cluster7309,Myotis horsfieldii
Cluster7409,Myotis horsfieldii
Cluster7526,Myotis horsfieldii
Cluster7576,Myotis horsfieldii
Cluster7599,Myotis horsfieldii
Cluster7604,Myotis horsfieldii
Cluster7709,Myotis horsfieldii
Cluster7744,Myotis horsfieldii
Cluster7778,Myotis horsfieldii
Cluster7831,Myotis horsfieldii
Cluster7846,Myotis horsfieldii
Cluster7864,Myotis horsfieldii
Cluster7991,Myotis horsfieldii
Cluster8051,Myotis horsfieldii
Cluster8075,Myotis horsfieldii
Cluster8095,Myotis horsfieldii
Cluster8145,Myotis horsfieldii
Cluster8208,Myotis horsfieldii
Cluster8227,Myotis horsfieldii
Cluster8322,Myotis horsfieldii
Cluster8386,Myotis horsfieldii
Cluster8396,Myotis horsfieldii
Cluster8407,Myotis horsfieldii
Cluster8422,Myotis horsfieldii
Cluster8452,Myotis horsfieldii
Cluster8476,Myotis horsfieldii
Cluster8517,Myotis horsfieldii
Cluster8534,Myotis horsfieldii
Cluster8538,Myotis horsfieldii
Cluster8559,Myotis horsfieldii
Cluster8577,Myotis horsfieldii
Cluster8614,Myotis horsfieldii
Cluster8736,Myotis horsfieldii
Cluster8874,Myotis horsfieldii
Cluster8894,Myotis horsfieldii
Cluster8968,Myotis horsfieldii
Cluster8989,Myotis horsfieldii
Cluster9143,Myotis horsfieldii
Cluster9161,Myotis horsfieldii
Cluster9308,Myotis horsfieldii
Cluster9431,Myotis horsfieldii
Cluster9444,Myotis horsfieldii
Cluster9535,Myotis horsfieldii
Cluster9545,Myotis horsfieldii
Cluster9641,Myotis horsfieldii
Cluster9775,Myotis horsfieldii
Cluster9794,Myotis horsfieldii
Cluster9895,Myotis horsfieldii
Cluster9906,Myotis horsfieldii
Cluster10079,Myotis horsfieldii
Cluster10097,Myotis horsfieldii
Cluster10190,Myotis horsfieldii
Cluster10244,Myotis horsfieldii
Cluster10257,Myotis horsfieldii
Cluster10303,Myotis horsfieldii
Cluster10320,Myotis horsfieldii
Cluster10321,Myotis horsfieldii
Cluster10329,Myotis horsfieldii
Cluster10331,Myotis horsfieldii
Cluster10385,Myotis horsfieldii
Cluster10421,Myotis horsfieldii
Cluster10442,Myotis horsfieldii
Cluster10445,Myotis horsfieldii
Cluster10491,Myotis horsfieldii
Cluster10579,Myotis horsfieldii
Cluster10605,Myotis horsfieldii
Cluster10649,Myotis horsfieldii
Cluster10653,Myotis horsfieldii
Cluster10725,Myotis horsfieldii
Cluster10841,Myotis horsfieldii
Cluster10852,Myotis horsfieldii
Cluster10899,Myotis horsfieldii
Cluster10986,Myotis horsfieldii
Cluster11074,Myotis horsfieldii
Cluster11111,Myotis horsfieldii
Cluster11115,Myotis horsfieldii
Cluster11306,Myotis horsfieldii
Cluster11398,Myotis horsfieldii
Cluster11407,Myotis horsfieldii
Cluster11409,Myotis horsfieldii
Cluster11519,Myotis horsfieldii
Cluster11582,Myotis horsfieldii
Cluster11672,Myotis horsfieldii
Cluster11763,Myotis horsfieldii
Cluster11764,Myotis horsfieldii
Cluster11932,Myotis horsfieldii
Cluster11999,Myotis horsfieldii
Cluster12036,Myotis horsfieldii
Cluster12068,Myotis horsfieldii
Cluster12155,Myotis horsfieldii
Cluster12206,Myotis horsfieldii
Cluster12221,Myotis horsfieldii
Cluster12264,Myotis horsfieldii
Cluster12331,Myotis horsfieldii
Cluster12385,Myotis horsfieldii
Cluster12420,Myotis horsfieldii
Cluster12435,Myotis horsfieldii
Cluster12457,Myotis horsfieldii
Cluster12567,Myotis horsfieldii
Cluster12568,Myotis horsfieldii
Cluster12605,Myotis horsfieldii
Cluster12669,Myotis horsfieldii
Cluster12717,Myotis horsfieldii
Cluster12762,Myotis horsfieldii
Cluster12783,Myotis horsfieldii
Cluster12905,Myotis horsfieldii
Cluster12928,Myotis horsfieldii
Cluster263,Myotis indochinensis
Cluster451,Myotis indochinensis
Cluster548,Myotis indochinensis
Cluster1598,Myotis indochinensis
Cluster2542,Myotis indochinensis
Cluster3661,Myotis indochinensis
Cluster5533,Myotis indochinensis
Cluster5862,Myotis indochinensis
Cluster7089,Myotis indochinensis
Cluster7519,Myotis indochinensis
Cluster8966,Myotis indochinensis
Cluster9580,Myotis indochinensis
Cluster9725,Myotis indochinensis
Cluster10972,Myotis indochinensis
Cluster11023,Myotis indochinensis
Cluster12266,Myotis indochinensis
Cluster12362,Myotis indochinensis
Cluster2692,Myotis laniger
Cluster2709,Myotis laniger
Cluster5269,Myotis laniger
Cluster6419,Myotis laniger
Cluster6786,Myotis laniger
Cluster7606,Myotis laniger
Cluster7686,Myotis laniger
Cluster8332,Myotis laniger
Cluster9486,Myotis laniger
Cluster9724,Myotis laniger
Cluster10654,Myotis laniger
Cluster11590,Myotis laniger
Cluster11673,Myotis laniger
Cluster11911,Myotis laniger
Cluster0,Myotis lucifugus
Cluster2,Myotis lucifugus
Cluster3,Myotis lucifugus
Cluster4,Myotis lucifugus
Cluster8,Myotis lucifugus
Cluster9,Myotis lucifugus
Cluster13,Myotis lucifugus
Cluster14,Myotis lucifugus
Cluster43,Myotis lucifugus
Cluster53,Myotis lucifugus
Cluster80,Myotis lucifugus
Cluster119,Myotis lucifugus
Cluster132,Myotis lucifugus
Cluster311,Myotis lucifugus
Cluster335,Myotis lucifugus
Cluster360,Myotis lucifugus
Cluster695,Myotis lucifugus
Cluster1245,Myotis lucifugus
Cluster2106,Myotis lucifugus
Cluster3008,Myotis lucifugus
Cluster3386,Myotis lucifugus
Cluster4189,Myotis lucifugus
Cluster4802,Myotis lucifugus
Cluster6223,Myotis lucifugus
Cluster7024,Myotis lucifugus
Cluster8340,Myotis lucifugus
Cluster8860,Myotis lucifugus
Cluster9400,Myotis lucifugus
Cluster9797,Myotis lucifugus
Cluster10050,Myotis lucifugus
Cluster10161,Myotis lucifugus
Cluster10251,Myotis lucifugus
Cluster11665,Myotis lucifugus
Cluster11689,Myotis lucifugus
Cluster11943,Myotis lucifugus
Cluster115,Myotis ricketti
Cluster332,Myotis ricketti
Cluster435,Myotis ricketti
Cluster449,Myotis ricketti
Cluster561,Myotis ricketti
Cluster566,Myotis ricketti
Cluster644,Myotis ricketti
Cluster816,Myotis ricketti
Cluster963,Myotis ricketti
Cluster981,Myotis ricketti
Cluster990,Myotis ricketti
Cluster1096,Myotis ricketti
Cluster1164,Myotis ricketti
Cluster1186,Myotis ricketti
Cluster1215,Myotis ricketti
Cluster1243,Myotis ricketti
Cluster1265,Myotis ricketti
Cluster1300,Myotis ricketti
Cluster1304,Myotis ricketti
Cluster1326,Myotis ricketti
Cluster1330,Myotis ricketti
Cluster1353,Myotis ricketti
Cluster1392,Myotis ricketti
Cluster1396,Myotis ricketti
Cluster1401,Myotis ricketti
Cluster1430,Myotis ricketti
Cluster1484,Myotis ricketti
Cluster1556,Myotis ricketti
Cluster1572,Myotis ricketti
Cluster1586,Myotis ricketti
Cluster1697,Myotis ricketti
Cluster1701,Myotis ricketti
Cluster1800,Myotis ricketti
Cluster1802,Myotis ricketti
Cluster1870,Myotis ricketti
Cluster1960,Myotis ricketti
Cluster1972,Myotis ricketti
Cluster2005,Myotis ricketti
Cluster2047,Myotis ricketti
Cluster2164,Myotis ricketti
Cluster2203,Myotis ricketti
Cluster2291,Myotis ricketti
Cluster2424,Myotis ricketti
Cluster2438,Myotis ricketti
Cluster2527,Myotis ricketti
Cluster2672,Myotis ricketti
Cluster2694,Myotis ricketti
Cluster2864,Myotis ricketti
Cluster2884,Myotis ricketti
Cluster3024,Myotis ricketti
Cluster3045,Myotis ricketti
Cluster3107,Myotis ricketti
Cluster3228,Myotis ricketti
Cluster3256,Myotis ricketti
Cluster3363,Myotis ricketti
Cluster3370,Myotis ricketti
Cluster3473,Myotis ricketti
Cluster3480,Myotis ricketti
Cluster3620,Myotis ricketti
Cluster3662,Myotis ricketti
Cluster3703,Myotis ricketti
Cluster3807,Myotis ricketti
Cluster4005,Myotis ricketti
Cluster4008,Myotis ricketti
Cluster4153,Myotis ricketti
Cluster4176,Myotis ricketti
Cluster4237,Myotis ricketti
Cluster4326,Myotis ricketti
Cluster4435,Myotis ricketti
Cluster4580,Myotis ricketti
Cluster4830,Myotis ricketti
Cluster4959,Myotis ricketti
Cluster4982,Myotis ricketti
Cluster5000,Myotis ricketti
Cluster5066,Myotis ricketti
Cluster5097,Myotis ricketti
Cluster5294,Myotis ricketti
Cluster5374,Myotis ricketti
Cluster5408,Myotis ricketti
Cluster5556,Myotis ricketti
Cluster5779,Myotis ricketti
Cluster5878,Myotis ricketti
Cluster5931,Myotis ricketti
Cluster6093,Myotis ricketti
Cluster6142,Myotis ricketti
Cluster6206,Myotis ricketti
Cluster6302,Myotis ricketti
Cluster6367,Myotis ricketti
Cluster6579,Myotis ricketti
Cluster6618,Myotis ricketti
Cluster6781,Myotis ricketti
Cluster6885,Myotis ricketti
Cluster6934,Myotis ricketti
Cluster6964,Myotis ricketti
Cluster7090,Myotis ricketti
Cluster7291,Myotis ricketti
Cluster7370,Myotis ricketti
Cluster7602,Myotis ricketti
Cluster7652,Myotis ricketti
Cluster7910,Myotis ricketti
Cluster8030,Myotis ricketti
Cluster8102,Myotis ricketti
Cluster8185,Myotis ricketti
Cluster8226,Myotis ricketti
Cluster8294,Myotis ricketti
Cluster8468,Myotis ricketti
Cluster8469,Myotis ricketti
Cluster8505,Myotis ricketti
Cluster8549,Myotis ricketti
Cluster8551,Myotis ricketti
Cluster8770,Myotis ricketti
Cluster8928,Myotis ricketti
Cluster8957,Myotis ricketti
Cluster9047,Myotis ricketti
Cluster9126,Myotis ricketti
Cluster9141,Myotis ricketti
Cluster9361,Myotis ricketti
Cluster9488,Myotis ricketti
Cluster9522,Myotis ricketti
Cluster9700,Myotis ricketti
Cluster9810,Myotis ricketti
Cluster9845,Myotis ricketti
Cluster9847,Myotis ricketti
Cluster9908,Myotis ricketti
Cluster10191,Myotis ricketti
Cluster10265,Myotis ricketti
Cluster10292,Myotis ricketti
Cluster10302,Myotis ricketti
Cluster10369,Myotis ricketti
Cluster10563,Myotis ricketti
Cluster10716,Myotis ricketti
Cluster10903,Myotis ricketti
Cluster10915,Myotis ricketti
Cluster11026,Myotis ricketti
Cluster11195,Myotis ricketti
Cluster11216,Myotis ricketti
Cluster11280,Myotis ricketti
Cluster11320,Myotis ricketti
Cluster11324,Myotis ricketti
Cluster11438,Myotis ricketti
Cluster11512,Myotis ricketti
Cluster11526,Myotis ricketti
Cluster11555,Myotis ricketti
Cluster11642,Myotis ricketti
Cluster11651,Myotis ricketti
Cluster11660,Myotis ricketti
Cluster11784,Myotis ricketti
Cluster11858,Myotis ricketti
Cluster11990,Myotis ricketti
Cluster12529,Myotis ricketti
Cluster12600,Myotis ricketti
Cluster12673,Myotis ricketti
Cluster12681,Myotis ricketti
Cluster12790,Myotis ricketti
Cluster12880,Myotis ricketti
Cluster68,Nyctalus plancyi
Cluster69,Nyctalus plancyi
Cluster70,Nyctalus plancyi
Cluster73,Nyctalus plancyi
Cluster81,Nyctalus plancyi
Cluster88,Nyctalus plancyi
Cluster122,Nyctalus plancyi
Cluster168,Nyctalus plancyi
Cluster213,Nyctalus plancyi
Cluster241,Nyctalus plancyi
Cluster254,Nyctalus plancyi
Cluster255,Nyctalus plancyi
Cluster256,Nyctalus plancyi
Cluster267,Nyctalus plancyi
Cluster299,Nyctalus plancyi
Cluster306,Nyctalus plancyi
Cluster314,Nyctalus plancyi
Cluster318,Nyctalus plancyi
Cluster323,Nyctalus plancyi
Cluster326,Nyctalus plancyi
Cluster340,Nyctalus plancyi
Cluster357,Nyctalus plancyi
Cluster363,Nyctalus plancyi
Cluster368,Nyctalus plancyi
Cluster384,Nyctalus plancyi
Cluster389,Nyctalus plancyi
Cluster401,Nyctalus plancyi
Cluster403,Nyctalus plancyi
Cluster412,Nyctalus plancyi
Cluster418,Nyctalus plancyi
Cluster419,Nyctalus plancyi
Cluster426,Nyctalus plancyi
Cluster436,Nyctalus plancyi
Cluster442,Nyctalus plancyi
Cluster447,Nyctalus plancyi
Cluster470,Nyctalus plancyi
Cluster479,Nyctalus plancyi
Cluster482,Nyctalus plancyi
Cluster520,Nyctalus plancyi
Cluster527,Nyctalus plancyi
Cluster531,Nyctalus plancyi
Cluster533,Nyctalus plancyi
Cluster558,Nyctalus plancyi
Cluster608,Nyctalus plancyi
Cluster665,Nyctalus plancyi
Cluster685,Nyctalus plancyi
Cluster693,Nyctalus plancyi
Cluster699,Nyctalus plancyi
Cluster701,Nyctalus plancyi
Cluster725,Nyctalus plancyi
Cluster747,Nyctalus plancyi
Cluster771,Nyctalus plancyi
Cluster784,Nyctalus plancyi
Cluster794,Nyctalus plancyi
Cluster825,Nyctalus plancyi
Cluster833,Nyctalus plancyi
Cluster844,Nyctalus plancyi
Cluster865,Nyctalus plancyi
Cluster906,Nyctalus plancyi
Cluster916,Nyctalus plancyi
Cluster924,Nyctalus plancyi
Cluster937,Nyctalus plancyi
Cluster976,Nyctalus plancyi
Cluster990,Nyctalus plancyi
Cluster998,Nyctalus plancyi
Cluster1004,Nyctalus plancyi
Cluster1024,Nyctalus plancyi
Cluster1037,Nyctalus plancyi
Cluster1041,Nyctalus plancyi
Cluster1072,Nyctalus plancyi
Cluster1090,Nyctalus plancyi
Cluster1126,Nyctalus plancyi
Cluster1142,Nyctalus plancyi
Cluster1150,Nyctalus plancyi
Cluster1155,Nyctalus plancyi
Cluster1172,Nyctalus plancyi
Cluster1214,Nyctalus plancyi
Cluster1217,Nyctalus plancyi
Cluster1243,Nyctalus plancyi
Cluster1247,Nyctalus plancyi
Cluster1264,Nyctalus plancyi
Cluster1265,Nyctalus plancyi
Cluster1290,Nyctalus plancyi
Cluster1302,Nyctalus plancyi
Cluster1303,Nyctalus plancyi
Cluster1309,Nyctalus plancyi
Cluster1330,Nyctalus plancyi
Cluster1378,Nyctalus plancyi
Cluster1528,Nyctalus plancyi
Cluster1543,Nyctalus plancyi
Cluster1593,Nyctalus plancyi
Cluster1598,Nyctalus plancyi
Cluster1650,Nyctalus plancyi
Cluster1652,Nyctalus plancyi
Cluster1677,Nyctalus plancyi
Cluster1684,Nyctalus plancyi
Cluster1728,Nyctalus plancyi
Cluster1737,Nyctalus plancyi
Cluster1835,Nyctalus plancyi
Cluster2002,Nyctalus plancyi
Cluster2151,Nyctalus plancyi
Cluster2165,Nyctalus plancyi
Cluster2177,Nyctalus plancyi
Cluster2231,Nyctalus plancyi
Cluster2254,Nyctalus plancyi
Cluster2256,Nyctalus plancyi
Cluster2257,Nyctalus plancyi
Cluster2266,Nyctalus plancyi
Cluster2271,Nyctalus plancyi
Cluster2279,Nyctalus plancyi
Cluster2305,Nyctalus plancyi
Cluster2322,Nyctalus plancyi
Cluster2331,Nyctalus plancyi
Cluster2337,Nyctalus plancyi
Cluster2365,Nyctalus plancyi
Cluster2386,Nyctalus plancyi
Cluster2430,Nyctalus plancyi
Cluster2437,Nyctalus plancyi
Cluster2443,Nyctalus plancyi
Cluster2451,Nyctalus plancyi
Cluster2456,Nyctalus plancyi
Cluster2470,Nyctalus plancyi
Cluster2503,Nyctalus plancyi
Cluster2510,Nyctalus plancyi
Cluster2528,Nyctalus plancyi
Cluster2594,Nyctalus plancyi
Cluster2598,Nyctalus plancyi
Cluster2614,Nyctalus plancyi
Cluster2682,Nyctalus plancyi
Cluster2684,Nyctalus plancyi
Cluster2713,Nyctalus plancyi
Cluster2780,Nyctalus plancyi
Cluster2811,Nyctalus plancyi
Cluster2906,Nyctalus plancyi
Cluster2907,Nyctalus plancyi
Cluster2922,Nyctalus plancyi
Cluster2929,Nyctalus plancyi
Cluster2953,Nyctalus plancyi
Cluster2988,Nyctalus plancyi
Cluster3039,Nyctalus plancyi
Cluster3078,Nyctalus plancyi
Cluster3116,Nyctalus plancyi
Cluster3180,Nyctalus plancyi
Cluster3210,Nyctalus plancyi
Cluster3221,Nyctalus plancyi
Cluster3233,Nyctalus plancyi
Cluster3240,Nyctalus plancyi
Cluster3279,Nyctalus plancyi
Cluster3282,Nyctalus plancyi
Cluster3322,Nyctalus plancyi
Cluster3327,Nyctalus plancyi
Cluster3401,Nyctalus plancyi
Cluster3408,Nyctalus plancyi
Cluster3431,Nyctalus plancyi
Cluster3443,Nyctalus plancyi
Cluster3445,Nyctalus plancyi
Cluster3575,Nyctalus plancyi
Cluster3576,Nyctalus plancyi
Cluster3588,Nyctalus plancyi
Cluster3594,Nyctalus plancyi
Cluster3647,Nyctalus plancyi
Cluster3715,Nyctalus plancyi
Cluster3720,Nyctalus plancyi
Cluster3849,Nyctalus plancyi
Cluster3890,Nyctalus plancyi
Cluster3893,Nyctalus plancyi
Cluster3912,Nyctalus plancyi
Cluster3937,Nyctalus plancyi
Cluster3938,Nyctalus plancyi
Cluster3968,Nyctalus plancyi
Cluster4011,Nyctalus plancyi
Cluster4028,Nyctalus plancyi
Cluster4031,Nyctalus plancyi
Cluster4068,Nyctalus plancyi
Cluster4122,Nyctalus plancyi
Cluster4145,Nyctalus plancyi
Cluster4222,Nyctalus plancyi
Cluster4266,Nyctalus plancyi
Cluster4291,Nyctalus plancyi
Cluster4338,Nyctalus plancyi
Cluster4355,Nyctalus plancyi
Cluster4357,Nyctalus plancyi
Cluster4364,Nyctalus plancyi
Cluster4366,Nyctalus plancyi
Cluster4376,Nyctalus plancyi
Cluster4382,Nyctalus plancyi
Cluster4404,Nyctalus plancyi
Cluster4411,Nyctalus plancyi
Cluster4417,Nyctalus plancyi
Cluster4428,Nyctalus plancyi
Cluster4432,Nyctalus plancyi
Cluster4455,Nyctalus plancyi
Cluster4468,Nyctalus plancyi
Cluster4470,Nyctalus plancyi
Cluster4486,Nyctalus plancyi
Cluster4491,Nyctalus plancyi
Cluster4576,Nyctalus plancyi
Cluster4578,Nyctalus plancyi
Cluster4607,Nyctalus plancyi
Cluster4665,Nyctalus plancyi
Cluster4707,Nyctalus plancyi
Cluster4717,Nyctalus plancyi
Cluster4739,Nyctalus plancyi
Cluster4759,Nyctalus plancyi
Cluster4789,Nyctalus plancyi
Cluster4795,Nyctalus plancyi
Cluster4799,Nyctalus plancyi
Cluster4835,Nyctalus plancyi
Cluster4847,Nyctalus plancyi
Cluster4873,Nyctalus plancyi
Cluster5005,Nyctalus plancyi
Cluster5036,Nyctalus plancyi
Cluster5047,Nyctalus plancyi
Cluster5104,Nyctalus plancyi
Cluster5117,Nyctalus plancyi
Cluster5119,Nyctalus plancyi
Cluster5129,Nyctalus plancyi
Cluster5132,Nyctalus plancyi
Cluster5166,Nyctalus plancyi
Cluster5183,Nyctalus plancyi
Cluster5185,Nyctalus plancyi
Cluster5229,Nyctalus plancyi
Cluster5280,Nyctalus plancyi
Cluster5298,Nyctalus plancyi
Cluster5308,Nyctalus plancyi
Cluster5358,Nyctalus plancyi
Cluster5371,Nyctalus plancyi
Cluster5382,Nyctalus plancyi
Cluster5396,Nyctalus plancyi
Cluster5399,Nyctalus plancyi
Cluster5490,Nyctalus plancyi
Cluster5519,Nyctalus plancyi
Cluster5525,Nyctalus plancyi
Cluster5545,Nyctalus plancyi
Cluster5598,Nyctalus plancyi
Cluster5599,Nyctalus plancyi
Cluster5634,Nyctalus plancyi
Cluster5636,Nyctalus plancyi
Cluster5658,Nyctalus plancyi
Cluster5733,Nyctalus plancyi
Cluster5794,Nyctalus plancyi
Cluster5811,Nyctalus plancyi
Cluster5821,Nyctalus plancyi
Cluster5859,Nyctalus plancyi
Cluster5916,Nyctalus plancyi
Cluster5933,Nyctalus plancyi
Cluster5999,Nyctalus plancyi
Cluster6070,Nyctalus plancyi
Cluster6085,Nyctalus plancyi
Cluster6182,Nyctalus plancyi
Cluster6187,Nyctalus plancyi
Cluster6333,Nyctalus plancyi
Cluster6397,Nyctalus plancyi
Cluster6423,Nyctalus plancyi
Cluster6432,Nyctalus plancyi
Cluster6446,Nyctalus plancyi
Cluster6479,Nyctalus plancyi
Cluster6624,Nyctalus plancyi
Cluster6627,Nyctalus plancyi
Cluster6629,Nyctalus plancyi
Cluster6657,Nyctalus plancyi
Cluster6664,Nyctalus plancyi
Cluster6684,Nyctalus plancyi
Cluster6787,Nyctalus plancyi
Cluster6874,Nyctalus plancyi
Cluster6890,Nyctalus plancyi
Cluster6894,Nyctalus plancyi
Cluster6928,Nyctalus plancyi
Cluster6935,Nyctalus plancyi
Cluster6979,Nyctalus plancyi
Cluster6984,Nyctalus plancyi
Cluster7218,Nyctalus plancyi
Cluster7235,Nyctalus plancyi
Cluster7243,Nyctalus plancyi
Cluster7290,Nyctalus plancyi
Cluster7324,Nyctalus plancyi
Cluster7335,Nyctalus plancyi
Cluster7349,Nyctalus plancyi
Cluster7366,Nyctalus plancyi
Cluster7398,Nyctalus plancyi
Cluster7415,Nyctalus plancyi
Cluster7420,Nyctalus plancyi
Cluster7608,Nyctalus plancyi
Cluster7684,Nyctalus plancyi
Cluster7705,Nyctalus plancyi
Cluster7741,Nyctalus plancyi
Cluster7747,Nyctalus plancyi
Cluster7793,Nyctalus plancyi
Cluster7797,Nyctalus plancyi
Cluster7800,Nyctalus plancyi
Cluster7854,Nyctalus plancyi
Cluster7899,Nyctalus plancyi
Cluster7909,Nyctalus plancyi
Cluster7931,Nyctalus plancyi
Cluster8017,Nyctalus plancyi
Cluster8086,Nyctalus plancyi
Cluster8105,Nyctalus plancyi
Cluster8150,Nyctalus plancyi
Cluster8154,Nyctalus plancyi
Cluster8193,Nyctalus plancyi
Cluster8215,Nyctalus plancyi
Cluster8224,Nyctalus plancyi
Cluster8246,Nyctalus plancyi
Cluster8318,Nyctalus plancyi
Cluster8425,Nyctalus plancyi
Cluster8453,Nyctalus plancyi
Cluster8579,Nyctalus plancyi
Cluster8587,Nyctalus plancyi
Cluster8611,Nyctalus plancyi
Cluster8615,Nyctalus plancyi
Cluster8624,Nyctalus plancyi
Cluster8647,Nyctalus plancyi
Cluster8656,Nyctalus plancyi
Cluster8752,Nyctalus plancyi
Cluster8795,Nyctalus plancyi
Cluster8823,Nyctalus plancyi
Cluster8827,Nyctalus plancyi
Cluster8877,Nyctalus plancyi
Cluster8942,Nyctalus plancyi
Cluster8947,Nyctalus plancyi
Cluster8959,Nyctalus plancyi
Cluster9000,Nyctalus plancyi
Cluster9014,Nyctalus plancyi
Cluster9023,Nyctalus plancyi
Cluster9050,Nyctalus plancyi
Cluster9069,Nyctalus plancyi
Cluster9079,Nyctalus plancyi
Cluster9188,Nyctalus plancyi
Cluster9209,Nyctalus plancyi
Cluster9272,Nyctalus plancyi
Cluster9319,Nyctalus plancyi
Cluster9416,Nyctalus plancyi
Cluster9459,Nyctalus plancyi
Cluster9489,Nyctalus plancyi
Cluster9495,Nyctalus plancyi
Cluster9498,Nyctalus plancyi
Cluster9581,Nyctalus plancyi
Cluster9596,Nyctalus plancyi
Cluster9602,Nyctalus plancyi
Cluster9625,Nyctalus plancyi
Cluster9653,Nyctalus plancyi
Cluster9656,Nyctalus plancyi
Cluster9669,Nyctalus plancyi
Cluster9689,Nyctalus plancyi
Cluster9767,Nyctalus plancyi
Cluster9772,Nyctalus plancyi
Cluster9779,Nyctalus plancyi
Cluster9807,Nyctalus plancyi
Cluster9809,Nyctalus plancyi
Cluster9815,Nyctalus plancyi
Cluster9865,Nyctalus plancyi
Cluster9886,Nyctalus plancyi
Cluster9903,Nyctalus plancyi
Cluster9946,Nyctalus plancyi
Cluster9949,Nyctalus plancyi
Cluster9969,Nyctalus plancyi
Cluster9972,Nyctalus plancyi
Cluster9977,Nyctalus plancyi
Cluster9984,Nyctalus plancyi
Cluster9985,Nyctalus plancyi
Cluster10016,Nyctalus plancyi
Cluster10064,Nyctalus plancyi
Cluster10070,Nyctalus plancyi
Cluster10132,Nyctalus plancyi
Cluster10133,Nyctalus plancyi
Cluster10137,Nyctalus plancyi
Cluster10163,Nyctalus plancyi
Cluster10178,Nyctalus plancyi
Cluster10204,Nyctalus plancyi
Cluster10263,Nyctalus plancyi
Cluster10309,Nyctalus plancyi
Cluster10370,Nyctalus plancyi
Cluster10378,Nyctalus plancyi
Cluster10550,Nyctalus plancyi
Cluster10584,Nyctalus plancyi
Cluster10597,Nyctalus plancyi
Cluster10658,Nyctalus plancyi
Cluster10671,Nyctalus plancyi
Cluster10679,Nyctalus plancyi
Cluster10707,Nyctalus plancyi
Cluster10743,Nyctalus plancyi
Cluster10752,Nyctalus plancyi
Cluster10765,Nyctalus plancyi
Cluster10776,Nyctalus plancyi
Cluster10821,Nyctalus plancyi
Cluster10938,Nyctalus plancyi
Cluster10941,Nyctalus plancyi
Cluster10971,Nyctalus plancyi
Cluster11028,Nyctalus plancyi
Cluster11068,Nyctalus plancyi
Cluster11073,Nyctalus plancyi
Cluster11082,Nyctalus plancyi
Cluster11146,Nyctalus plancyi
Cluster11149,Nyctalus plancyi
Cluster11154,Nyctalus plancyi
Cluster11176,Nyctalus plancyi
Cluster11193,Nyctalus plancyi
Cluster11204,Nyctalus plancyi
Cluster11221,Nyctalus plancyi
Cluster11238,Nyctalus plancyi
Cluster11294,Nyctalus plancyi
Cluster11422,Nyctalus plancyi
Cluster11454,Nyctalus plancyi
Cluster11469,Nyctalus plancyi
Cluster11517,Nyctalus plancyi
Cluster11619,Nyctalus plancyi
Cluster11679,Nyctalus plancyi
Cluster11697,Nyctalus plancyi
Cluster11726,Nyctalus plancyi
Cluster11800,Nyctalus plancyi
Cluster11924,Nyctalus plancyi
Cluster11941,Nyctalus plancyi
Cluster11951,Nyctalus plancyi
Cluster12006,Nyctalus plancyi
Cluster12076,Nyctalus plancyi
Cluster12152,Nyctalus plancyi
Cluster12175,Nyctalus plancyi
Cluster12208,Nyctalus plancyi
Cluster12265,Nyctalus plancyi
Cluster12268,Nyctalus plancyi
Cluster12286,Nyctalus plancyi
Cluster12291,Nyctalus plancyi
Cluster12311,Nyctalus plancyi
Cluster12326,Nyctalus plancyi
Cluster12373,Nyctalus plancyi
Cluster12394,Nyctalus plancyi
Cluster12421,Nyctalus plancyi
Cluster12427,Nyctalus plancyi
Cluster12440,Nyctalus plancyi
Cluster12447,Nyctalus plancyi
Cluster12520,Nyctalus plancyi
Cluster12579,Nyctalus plancyi
Cluster12587,Nyctalus plancyi
Cluster12607,Nyctalus plancyi
Cluster12609,Nyctalus plancyi
Cluster12630,Nyctalus plancyi
Cluster12700,Nyctalus plancyi
Cluster12815,Nyctalus plancyi
Cluster12889,Nyctalus plancyi
Cluster12910,Nyctalus plancyi
Cluster12917,Nyctalus plancyi
Cluster12918,Nyctalus plancyi
Cluster68,Pipistrellus abramus
Cluster69,Pipistrellus abramus
Cluster70,Pipistrellus abramus
Cluster71,Pipistrellus abramus
Cluster72,Pipistrellus abramus
Cluster73,Pipistrellus abramus
Cluster74,Pipistrellus abramus
Cluster85,Pipistrellus abramus
Cluster89,Pipistrellus abramus
Cluster91,Pipistrellus abramus
Cluster113,Pipistrellus abramus
Cluster120,Pipistrellus abramus
Cluster122,Pipistrellus abramus
Cluster136,Pipistrellus abramus
Cluster191,Pipistrellus abramus
Cluster201,Pipistrellus abramus
Cluster209,Pipistrellus abramus
Cluster215,Pipistrellus abramus
Cluster216,Pipistrellus abramus
Cluster230,Pipistrellus abramus
Cluster255,Pipistrellus abramus
Cluster256,Pipistrellus abramus
Cluster257,Pipistrellus abramus
Cluster258,Pipistrellus abramus
Cluster267,Pipistrellus abramus
Cluster281,Pipistrellus abramus
Cluster287,Pipistrellus abramus
Cluster290,Pipistrellus abramus
Cluster291,Pipistrellus abramus
Cluster292,Pipistrellus abramus
Cluster295,Pipistrellus abramus
Cluster299,Pipistrellus abramus
Cluster302,Pipistrellus abramus
Cluster303,Pipistrellus abramus
Cluster306,Pipistrellus abramus
Cluster310,Pipistrellus abramus
Cluster311,Pipistrellus abramus
Cluster313,Pipistrellus abramus
Cluster314,Pipistrellus abramus
Cluster318,Pipistrellus abramus
Cluster323,Pipistrellus abramus
Cluster326,Pipistrellus abramus
Cluster328,Pipistrellus abramus
Cluster334,Pipistrellus abramus
Cluster340,Pipistrellus abramus
Cluster343,Pipistrellus abramus
Cluster351,Pipistrellus abramus
Cluster352,Pipistrellus abramus
Cluster354,Pipistrellus abramus
Cluster357,Pipistrellus abramus
Cluster362,Pipistrellus abramus
Cluster363,Pipistrellus abramus
Cluster365,Pipistrellus abramus
Cluster367,Pipistrellus abramus
Cluster368,Pipistrellus abramus
Cluster370,Pipistrellus abramus
Cluster373,Pipistrellus abramus
Cluster374,Pipistrellus abramus
Cluster384,Pipistrellus abramus
Cluster389,Pipistrellus abramus
Cluster391,Pipistrellus abramus
Cluster396,Pipistrellus abramus
Cluster401,Pipistrellus abramus
Cluster402,Pipistrellus abramus
Cluster405,Pipistrellus abramus
Cluster408,Pipistrellus abramus
Cluster410,Pipistrellus abramus
Cluster412,Pipistrellus abramus
Cluster418,Pipistrellus abramus
Cluster420,Pipistrellus abramus
Cluster426,Pipistrellus abramus
Cluster434,Pipistrellus abramus
Cluster436,Pipistrellus abramus
Cluster437,Pipistrellus abramus
Cluster440,Pipistrellus abramus
Cluster442,Pipistrellus abramus
Cluster443,Pipistrellus abramus
Cluster447,Pipistrellus abramus
Cluster448,Pipistrellus abramus
Cluster452,Pipistrellus abramus
Cluster457,Pipistrellus abramus
Cluster459,Pipistrellus abramus
Cluster469,Pipistrellus abramus
Cluster470,Pipistrellus abramus
Cluster471,Pipistrellus abramus
Cluster476,Pipistrellus abramus
Cluster479,Pipistrellus abramus
Cluster483,Pipistrellus abramus
Cluster484,Pipistrellus abramus
Cluster487,Pipistrellus abramus
Cluster499,Pipistrellus abramus
Cluster501,Pipistrellus abramus
Cluster520,Pipistrellus abramus
Cluster521,Pipistrellus abramus
Cluster522,Pipistrellus abramus
Cluster558,Pipistrellus abramus
Cluster564,Pipistrellus abramus
Cluster573,Pipistrellus abramus
Cluster576,Pipistrellus abramus
Cluster579,Pipistrellus abramus
Cluster602,Pipistrellus abramus
Cluster605,Pipistrellus abramus
Cluster607,Pipistrellus abramus
Cluster608,Pipistrellus abramus
Cluster616,Pipistrellus abramus
Cluster626,Pipistrellus abramus
Cluster639,Pipistrellus abramus
Cluster645,Pipistrellus abramus
Cluster649,Pipistrellus abramus
Cluster664,Pipistrellus abramus
Cluster665,Pipistrellus abramus
Cluster670,Pipistrellus abramus
Cluster686,Pipistrellus abramus
Cluster693,Pipistrellus abramus
Cluster694,Pipistrellus abramus
Cluster701,Pipistrellus abramus
Cluster705,Pipistrellus abramus
Cluster709,Pipistrellus abramus
Cluster713,Pipistrellus abramus
Cluster716,Pipistrellus abramus
Cluster717,Pipistrellus abramus
Cluster724,Pipistrellus abramus
Cluster725,Pipistrellus abramus
Cluster729,Pipistrellus abramus
Cluster739,Pipistrellus abramus
Cluster742,Pipistrellus abramus
Cluster746,Pipistrellus abramus
Cluster747,Pipistrellus abramus
Cluster780,Pipistrellus abramus
Cluster784,Pipistrellus abramus
Cluster787,Pipistrellus abramus
Cluster794,Pipistrellus abramus
Cluster799,Pipistrellus abramus
Cluster802,Pipistrellus abramus
Cluster804,Pipistrellus abramus
Cluster819,Pipistrellus abramus
Cluster820,Pipistrellus abramus
Cluster833,Pipistrellus abramus
Cluster838,Pipistrellus abramus
Cluster857,Pipistrellus abramus
Cluster858,Pipistrellus abramus
Cluster859,Pipistrellus abramus
Cluster865,Pipistrellus abramus
Cluster870,Pipistrellus abramus
Cluster883,Pipistrellus abramus
Cluster889,Pipistrellus abramus
Cluster891,Pipistrellus abramus
Cluster893,Pipistrellus abramus
Cluster895,Pipistrellus abramus
Cluster896,Pipistrellus abramus
Cluster898,Pipistrellus abramus
Cluster904,Pipistrellus abramus
Cluster906,Pipistrellus abramus
Cluster916,Pipistrellus abramus
Cluster933,Pipistrellus abramus
Cluster934,Pipistrellus abramus
Cluster937,Pipistrellus abramus
Cluster939,Pipistrellus abramus
Cluster945,Pipistrellus abramus
Cluster976,Pipistrellus abramus
Cluster977,Pipistrellus abramus
Cluster980,Pipistrellus abramus
Cluster984,Pipistrellus abramus
Cluster990,Pipistrellus abramus
Cluster992,Pipistrellus abramus
Cluster1001,Pipistrellus abramus
Cluster1004,Pipistrellus abramus
Cluster1007,Pipistrellus abramus
Cluster1012,Pipistrellus abramus
Cluster1014,Pipistrellus abramus
Cluster1019,Pipistrellus abramus
Cluster1020,Pipistrellus abramus
Cluster1024,Pipistrellus abramus
Cluster1026,Pipistrellus abramus
Cluster1033,Pipistrellus abramus
Cluster1037,Pipistrellus abramus
Cluster1039,Pipistrellus abramus
Cluster1041,Pipistrellus abramus
Cluster1051,Pipistrellus abramus
Cluster1054,Pipistrellus abramus
Cluster1061,Pipistrellus abramus
Cluster1062,Pipistrellus abramus
Cluster1067,Pipistrellus abramus
Cluster1068,Pipistrellus abramus
Cluster1070,Pipistrellus abramus
Cluster1072,Pipistrellus abramus
Cluster1087,Pipistrellus abramus
Cluster1088,Pipistrellus abramus
Cluster1094,Pipistrellus abramus
Cluster1097,Pipistrellus abramus
Cluster1099,Pipistrellus abramus
Cluster1100,Pipistrellus abramus
Cluster1106,Pipistrellus abramus
Cluster1112,Pipistrellus abramus
Cluster1117,Pipistrellus abramus
Cluster1118,Pipistrellus abramus
Cluster1119,Pipistrellus abramus
Cluster1126,Pipistrellus abramus
Cluster1128,Pipistrellus abramus
Cluster1129,Pipistrellus abramus
Cluster1131,Pipistrellus abramus
Cluster1142,Pipistrellus abramus
Cluster1143,Pipistrellus abramus
Cluster1150,Pipistrellus abramus
Cluster1158,Pipistrellus abramus
Cluster1163,Pipistrellus abramus
Cluster1169,Pipistrellus abramus
Cluster1176,Pipistrellus abramus
Cluster1192,Pipistrellus abramus
Cluster1195,Pipistrellus abramus
Cluster1198,Pipistrellus abramus
Cluster1206,Pipistrellus abramus
Cluster1214,Pipistrellus abramus
Cluster1217,Pipistrellus abramus
Cluster1221,Pipistrellus abramus
Cluster1225,Pipistrellus abramus
Cluster1229,Pipistrellus abramus
Cluster1230,Pipistrellus abramus
Cluster1239,Pipistrellus abramus
Cluster1243,Pipistrellus abramus
Cluster1246,Pipistrellus abramus
Cluster1247,Pipistrellus abramus
Cluster1250,Pipistrellus abramus
Cluster1252,Pipistrellus abramus
Cluster1253,Pipistrellus abramus
Cluster1259,Pipistrellus abramus
Cluster1260,Pipistrellus abramus
Cluster1264,Pipistrellus abramus
Cluster1265,Pipistrellus abramus
Cluster1274,Pipistrellus abramus
Cluster1289,Pipistrellus abramus
Cluster1290,Pipistrellus abramus
Cluster1294,Pipistrellus abramus
Cluster1302,Pipistrellus abramus
Cluster1303,Pipistrellus abramus
Cluster1308,Pipistrellus abramus
Cluster1309,Pipistrellus abramus
Cluster1313,Pipistrellus abramus
Cluster1331,Pipistrellus abramus
Cluster1337,Pipistrellus abramus
Cluster1344,Pipistrellus abramus
Cluster1355,Pipistrellus abramus
Cluster1358,Pipistrellus abramus
Cluster1362,Pipistrellus abramus
Cluster1363,Pipistrellus abramus
Cluster1366,Pipistrellus abramus
Cluster1368,Pipistrellus abramus
Cluster1376,Pipistrellus abramus
Cluster1408,Pipistrellus abramus
Cluster1413,Pipistrellus abramus
Cluster1416,Pipistrellus abramus
Cluster1417,Pipistrellus abramus
Cluster1431,Pipistrellus abramus
Cluster1434,Pipistrellus abramus
Cluster1438,Pipistrellus abramus
Cluster1443,Pipistrellus abramus
Cluster1456,Pipistrellus abramus
Cluster1471,Pipistrellus abramus
Cluster1476,Pipistrellus abramus
Cluster1480,Pipistrellus abramus
Cluster1485,Pipistrellus abramus
Cluster1486,Pipistrellus abramus
Cluster1489,Pipistrellus abramus
Cluster1492,Pipistrellus abramus
Cluster1498,Pipistrellus abramus
Cluster1506,Pipistrellus abramus
Cluster1509,Pipistrellus abramus
Cluster1512,Pipistrellus abramus
Cluster1525,Pipistrellus abramus
Cluster1528,Pipistrellus abramus
Cluster1543,Pipistrellus abramus
Cluster1544,Pipistrellus abramus
Cluster1550,Pipistrellus abramus
Cluster1558,Pipistrellus abramus
Cluster1569,Pipistrellus abramus
Cluster1578,Pipistrellus abramus
Cluster1582,Pipistrellus abramus
Cluster1598,Pipistrellus abramus
Cluster1609,Pipistrellus abramus
Cluster1614,Pipistrellus abramus
Cluster1620,Pipistrellus abramus
Cluster1631,Pipistrellus abramus
Cluster1634,Pipistrellus abramus
Cluster1644,Pipistrellus abramus
Cluster1650,Pipistrellus abramus
Cluster1651,Pipistrellus abramus
Cluster1653,Pipistrellus abramus
Cluster1661,Pipistrellus abramus
Cluster1662,Pipistrellus abramus
Cluster1681,Pipistrellus abramus
Cluster1684,Pipistrellus abramus
Cluster1690,Pipistrellus abramus
Cluster1691,Pipistrellus abramus
Cluster1693,Pipistrellus abramus
Cluster1736,Pipistrellus abramus
Cluster1741,Pipistrellus abramus
Cluster1748,Pipistrellus abramus
Cluster1749,Pipistrellus abramus
Cluster1751,Pipistrellus abramus
Cluster1762,Pipistrellus abramus
Cluster1780,Pipistrellus abramus
Cluster1786,Pipistrellus abramus
Cluster1787,Pipistrellus abramus
Cluster1794,Pipistrellus abramus
Cluster1797,Pipistrellus abramus
Cluster1808,Pipistrellus abramus
Cluster1815,Pipistrellus abramus
Cluster1830,Pipistrellus abramus
Cluster1835,Pipistrellus abramus
Cluster1842,Pipistrellus abramus
Cluster1850,Pipistrellus abramus
Cluster1856,Pipistrellus abramus
Cluster1857,Pipistrellus abramus
Cluster1862,Pipistrellus abramus
Cluster1885,Pipistrellus abramus
Cluster1888,Pipistrellus abramus
Cluster1894,Pipistrellus abramus
Cluster1901,Pipistrellus abramus
Cluster1906,Pipistrellus abramus
Cluster1907,Pipistrellus abramus
Cluster1922,Pipistrellus abramus
Cluster1926,Pipistrellus abramus
Cluster1930,Pipistrellus abramus
Cluster1934,Pipistrellus abramus
Cluster1937,Pipistrellus abramus
Cluster1940,Pipistrellus abramus
Cluster1979,Pipistrellus abramus
Cluster1987,Pipistrellus abramus
Cluster1989,Pipistrellus abramus
Cluster1991,Pipistrellus abramus
Cluster1995,Pipistrellus abramus
Cluster1998,Pipistrellus abramus
Cluster2002,Pipistrellus abramus
Cluster2004,Pipistrellus abramus
Cluster2018,Pipistrellus abramus
Cluster2033,Pipistrellus abramus
Cluster2034,Pipistrellus abramus
Cluster2045,Pipistrellus abramus
Cluster2046,Pipistrellus abramus
Cluster2061,Pipistrellus abramus
Cluster2079,Pipistrellus abramus
Cluster2081,Pipistrellus abramus
Cluster2092,Pipistrellus abramus
Cluster2095,Pipistrellus abramus
Cluster2096,Pipistrellus abramus
Cluster2097,Pipistrellus abramus
Cluster2100,Pipistrellus abramus
Cluster2117,Pipistrellus abramus
Cluster2121,Pipistrellus abramus
Cluster2127,Pipistrellus abramus
Cluster2136,Pipistrellus abramus
Cluster2143,Pipistrellus abramus
Cluster2151,Pipistrellus abramus
Cluster2153,Pipistrellus abramus
Cluster2161,Pipistrellus abramus
Cluster2165,Pipistrellus abramus
Cluster2168,Pipistrellus abramus
Cluster2170,Pipistrellus abramus
Cluster2172,Pipistrellus abramus
Cluster2175,Pipistrellus abramus
Cluster2180,Pipistrellus abramus
Cluster2181,Pipistrellus abramus
Cluster2184,Pipistrellus abramus
Cluster2186,Pipistrellus abramus
Cluster2189,Pipistrellus abramus
Cluster2190,Pipistrellus abramus
Cluster2193,Pipistrellus abramus
Cluster2198,Pipistrellus abramus
Cluster2200,Pipistrellus abramus
Cluster2206,Pipistrellus abramus
Cluster2217,Pipistrellus abramus
Cluster2218,Pipistrellus abramus
Cluster2224,Pipistrellus abramus
Cluster2228,Pipistrellus abramus
Cluster2229,Pipistrellus abramus
Cluster2240,Pipistrellus abramus
Cluster2242,Pipistrellus abramus
Cluster2248,Pipistrellus abramus
Cluster2250,Pipistrellus abramus
Cluster2254,Pipistrellus abramus
Cluster2256,Pipistrellus abramus
Cluster2267,Pipistrellus abramus
Cluster2269,Pipistrellus abramus
Cluster2275,Pipistrellus abramus
Cluster2279,Pipistrellus abramus
Cluster2305,Pipistrellus abramus
Cluster2309,Pipistrellus abramus
Cluster2312,Pipistrellus abramus
Cluster2314,Pipistrellus abramus
Cluster2316,Pipistrellus abramus
Cluster2325,Pipistrellus abramus
Cluster2332,Pipistrellus abramus
Cluster2337,Pipistrellus abramus
Cluster2338,Pipistrellus abramus
Cluster2351,Pipistrellus abramus
Cluster2356,Pipistrellus abramus
Cluster2372,Pipistrellus abramus
Cluster2376,Pipistrellus abramus
Cluster2389,Pipistrellus abramus
Cluster2390,Pipistrellus abramus
Cluster2392,Pipistrellus abramus
Cluster2404,Pipistrellus abramus
Cluster2406,Pipistrellus abramus
Cluster2416,Pipistrellus abramus
Cluster2419,Pipistrellus abramus
Cluster2422,Pipistrellus abramus
Cluster2430,Pipistrellus abramus
Cluster2462,Pipistrellus abramus
Cluster2479,Pipistrellus abramus
Cluster2491,Pipistrellus abramus
Cluster2503,Pipistrellus abramus
Cluster2506,Pipistrellus abramus
Cluster2517,Pipistrellus abramus
Cluster2526,Pipistrellus abramus
Cluster2534,Pipistrellus abramus
Cluster2551,Pipistrellus abramus
Cluster2553,Pipistrellus abramus
Cluster2556,Pipistrellus abramus
Cluster2563,Pipistrellus abramus
Cluster2567,Pipistrellus abramus
Cluster2569,Pipistrellus abramus
Cluster2579,Pipistrellus abramus
Cluster2582,Pipistrellus abramus
Cluster2587,Pipistrellus abramus
Cluster2602,Pipistrellus abramus
Cluster2604,Pipistrellus abramus
Cluster2615,Pipistrellus abramus
Cluster2632,Pipistrellus abramus
Cluster2639,Pipistrellus abramus
Cluster2640,Pipistrellus abramus
Cluster2645,Pipistrellus abramus
Cluster2646,Pipistrellus abramus
Cluster2663,Pipistrellus abramus
Cluster2671,Pipistrellus abramus
Cluster2692,Pipistrellus abramus
Cluster2704,Pipistrellus abramus
Cluster2708,Pipistrellus abramus
Cluster2709,Pipistrellus abramus
Cluster2724,Pipistrellus abramus
Cluster2730,Pipistrellus abramus
Cluster2737,Pipistrellus abramus
Cluster2751,Pipistrellus abramus
Cluster2755,Pipistrellus abramus
Cluster2776,Pipistrellus abramus
Cluster2786,Pipistrellus abramus
Cluster2804,Pipistrellus abramus
Cluster2807,Pipistrellus abramus
Cluster2813,Pipistrellus abramus
Cluster2838,Pipistrellus abramus
Cluster2840,Pipistrellus abramus
Cluster2841,Pipistrellus abramus
Cluster2848,Pipistrellus abramus
Cluster2868,Pipistrellus abramus
Cluster2880,Pipistrellus abramus
Cluster2882,Pipistrellus abramus
Cluster2895,Pipistrellus abramus
Cluster2898,Pipistrellus abramus
Cluster2904,Pipistrellus abramus
Cluster2906,Pipistrellus abramus
Cluster2907,Pipistrellus abramus
Cluster2928,Pipistrellus abramus
Cluster2929,Pipistrellus abramus
Cluster2933,Pipistrellus abramus
Cluster2935,Pipistrellus abramus
Cluster2937,Pipistrellus abramus
Cluster2939,Pipistrellus abramus
Cluster2940,Pipistrellus abramus
Cluster2953,Pipistrellus abramus
Cluster2957,Pipistrellus abramus
Cluster2979,Pipistrellus abramus
Cluster2985,Pipistrellus abramus
Cluster2989,Pipistrellus abramus
Cluster3017,Pipistrellus abramus
Cluster3018,Pipistrellus abramus
Cluster3035,Pipistrellus abramus
Cluster3038,Pipistrellus abramus
Cluster3040,Pipistrellus abramus
Cluster3050,Pipistrellus abramus
Cluster3058,Pipistrellus abramus
Cluster3059,Pipistrellus abramus
Cluster3067,Pipistrellus abramus
Cluster3072,Pipistrellus abramus
Cluster3073,Pipistrellus abramus
Cluster3079,Pipistrellus abramus
Cluster3080,Pipistrellus abramus
Cluster3083,Pipistrellus abramus
Cluster3086,Pipistrellus abramus
Cluster3090,Pipistrellus abramus
Cluster3109,Pipistrellus abramus
Cluster3113,Pipistrellus abramus
Cluster3120,Pipistrellus abramus
Cluster3128,Pipistrellus abramus
Cluster3142,Pipistrellus abramus
Cluster3144,Pipistrellus abramus
Cluster3154,Pipistrellus abramus
Cluster3161,Pipistrellus abramus
Cluster3163,Pipistrellus abramus
Cluster3169,Pipistrellus abramus
Cluster3172,Pipistrellus abramus
Cluster3173,Pipistrellus abramus
Cluster3178,Pipistrellus abramus
Cluster3186,Pipistrellus abramus
Cluster3189,Pipistrellus abramus
Cluster3192,Pipistrellus abramus
Cluster3195,Pipistrellus abramus
Cluster3200,Pipistrellus abramus
Cluster3210,Pipistrellus abramus
Cluster3221,Pipistrellus abramus
Cluster3223,Pipistrellus abramus
Cluster3242,Pipistrellus abramus
Cluster3247,Pipistrellus abramus
Cluster3252,Pipistrellus abramus
Cluster3253,Pipistrellus abramus
Cluster3259,Pipistrellus abramus
Cluster3267,Pipistrellus abramus
Cluster3272,Pipistrellus abramus
Cluster3287,Pipistrellus abramus
Cluster3293,Pipistrellus abramus
Cluster3300,Pipistrellus abramus
Cluster3314,Pipistrellus abramus
Cluster3322,Pipistrellus abramus
Cluster3327,Pipistrellus abramus
Cluster3331,Pipistrellus abramus
Cluster3338,Pipistrellus abramus
Cluster3344,Pipistrellus abramus
Cluster3346,Pipistrellus abramus
Cluster3349,Pipistrellus abramus
Cluster3350,Pipistrellus abramus
Cluster3381,Pipistrellus abramus
Cluster3408,Pipistrellus abramus
Cluster3422,Pipistrellus abramus
Cluster3431,Pipistrellus abramus
Cluster3436,Pipistrellus abramus
Cluster3443,Pipistrellus abramus
Cluster3445,Pipistrellus abramus
Cluster3449,Pipistrellus abramus
Cluster3458,Pipistrellus abramus
Cluster3462,Pipistrellus abramus
Cluster3465,Pipistrellus abramus
Cluster3467,Pipistrellus abramus
Cluster3468,Pipistrellus abramus
Cluster3474,Pipistrellus abramus
Cluster3490,Pipistrellus abramus
Cluster3493,Pipistrellus abramus
Cluster3506,Pipistrellus abramus
Cluster3507,Pipistrellus abramus
Cluster3511,Pipistrellus abramus
Cluster3529,Pipistrellus abramus
Cluster3534,Pipistrellus abramus
Cluster3539,Pipistrellus abramus
Cluster3566,Pipistrellus abramus
Cluster3578,Pipistrellus abramus
Cluster3588,Pipistrellus abramus
Cluster3591,Pipistrellus abramus
Cluster3595,Pipistrellus abramus
Cluster3598,Pipistrellus abramus
Cluster3605,Pipistrellus abramus
Cluster3607,Pipistrellus abramus
Cluster3636,Pipistrellus abramus
Cluster3652,Pipistrellus abramus
Cluster3657,Pipistrellus abramus
Cluster3663,Pipistrellus abramus
Cluster3665,Pipistrellus abramus
Cluster3666,Pipistrellus abramus
Cluster3669,Pipistrellus abramus
Cluster3670,Pipistrellus abramus
Cluster3689,Pipistrellus abramus
Cluster3691,Pipistrellus abramus
Cluster3693,Pipistrellus abramus
Cluster3694,Pipistrellus abramus
Cluster3701,Pipistrellus abramus
Cluster3702,Pipistrellus abramus
Cluster3720,Pipistrellus abramus
Cluster3771,Pipistrellus abramus
Cluster3775,Pipistrellus abramus
Cluster3788,Pipistrellus abramus
Cluster3792,Pipistrellus abramus
Cluster3804,Pipistrellus abramus
Cluster3814,Pipistrellus abramus
Cluster3815,Pipistrellus abramus
Cluster3817,Pipistrellus abramus
Cluster3818,Pipistrellus abramus
Cluster3822,Pipistrellus abramus
Cluster3834,Pipistrellus abramus
Cluster3836,Pipistrellus abramus
Cluster3841,Pipistrellus abramus
Cluster3843,Pipistrellus abramus
Cluster3857,Pipistrellus abramus
Cluster3860,Pipistrellus abramus
Cluster3863,Pipistrellus abramus
Cluster3869,Pipistrellus abramus
Cluster3876,Pipistrellus abramus
Cluster3881,Pipistrellus abramus
Cluster3897,Pipistrellus abramus
Cluster3908,Pipistrellus abramus
Cluster3912,Pipistrellus abramus
Cluster3915,Pipistrellus abramus
Cluster3918,Pipistrellus abramus
Cluster3920,Pipistrellus abramus
Cluster3921,Pipistrellus abramus
Cluster3932,Pipistrellus abramus
Cluster3950,Pipistrellus abramus
Cluster3955,Pipistrellus abramus
Cluster3963,Pipistrellus abramus
Cluster3965,Pipistrellus abramus
Cluster3969,Pipistrellus abramus
Cluster3972,Pipistrellus abramus
Cluster3975,Pipistrellus abramus
Cluster3989,Pipistrellus abramus
Cluster4009,Pipistrellus abramus
Cluster4011,Pipistrellus abramus
Cluster4016,Pipistrellus abramus
Cluster4021,Pipistrellus abramus
Cluster4029,Pipistrellus abramus
Cluster4030,Pipistrellus abramus
Cluster4037,Pipistrellus abramus
Cluster4052,Pipistrellus abramus
Cluster4053,Pipistrellus abramus
Cluster4054,Pipistrellus abramus
Cluster4072,Pipistrellus abramus
Cluster4075,Pipistrellus abramus
Cluster4085,Pipistrellus abramus
Cluster4094,Pipistrellus abramus
Cluster4100,Pipistrellus abramus
Cluster4103,Pipistrellus abramus
Cluster4112,Pipistrellus abramus
Cluster4114,Pipistrellus abramus
Cluster4116,Pipistrellus abramus
Cluster4117,Pipistrellus abramus
Cluster4120,Pipistrellus abramus
Cluster4121,Pipistrellus abramus
Cluster4131,Pipistrellus abramus
Cluster4133,Pipistrellus abramus
Cluster4144,Pipistrellus abramus
Cluster4151,Pipistrellus abramus
Cluster4169,Pipistrellus abramus
Cluster4195,Pipistrellus abramus
Cluster4210,Pipistrellus abramus
Cluster4215,Pipistrellus abramus
Cluster4217,Pipistrellus abramus
Cluster4223,Pipistrellus abramus
Cluster4251,Pipistrellus abramus
Cluster4260,Pipistrellus abramus
Cluster4263,Pipistrellus abramus
Cluster4288,Pipistrellus abramus
Cluster4292,Pipistrellus abramus
Cluster4294,Pipistrellus abramus
Cluster4300,Pipistrellus abramus
Cluster4307,Pipistrellus abramus
Cluster4318,Pipistrellus abramus
Cluster4338,Pipistrellus abramus
Cluster4349,Pipistrellus abramus
Cluster4352,Pipistrellus abramus
Cluster4371,Pipistrellus abramus
Cluster4375,Pipistrellus abramus
Cluster4387,Pipistrellus abramus
Cluster4396,Pipistrellus abramus
Cluster4399,Pipistrellus abramus
Cluster4410,Pipistrellus abramus
Cluster4417,Pipistrellus abramus
Cluster4422,Pipistrellus abramus
Cluster4427,Pipistrellus abramus
Cluster4432,Pipistrellus abramus
Cluster4442,Pipistrellus abramus
Cluster4452,Pipistrellus abramus
Cluster4459,Pipistrellus abramus
Cluster4470,Pipistrellus abramus
Cluster4473,Pipistrellus abramus
Cluster4506,Pipistrellus abramus
Cluster4513,Pipistrellus abramus
Cluster4516,Pipistrellus abramus
Cluster4519,Pipistrellus abramus
Cluster4523,Pipistrellus abramus
Cluster4530,Pipistrellus abramus
Cluster4531,Pipistrellus abramus
Cluster4547,Pipistrellus abramus
Cluster4548,Pipistrellus abramus
Cluster4561,Pipistrellus abramus
Cluster4570,Pipistrellus abramus
Cluster4581,Pipistrellus abramus
Cluster4585,Pipistrellus abramus
Cluster4589,Pipistrellus abramus
Cluster4593,Pipistrellus abramus
Cluster4601,Pipistrellus abramus
Cluster4607,Pipistrellus abramus
Cluster4620,Pipistrellus abramus
Cluster4624,Pipistrellus abramus
Cluster4627,Pipistrellus abramus
Cluster4632,Pipistrellus abramus
Cluster4644,Pipistrellus abramus
Cluster4666,Pipistrellus abramus
Cluster4667,Pipistrellus abramus
Cluster4687,Pipistrellus abramus
Cluster4691,Pipistrellus abramus
Cluster4695,Pipistrellus abramus
Cluster4696,Pipistrellus abramus
Cluster4698,Pipistrellus abramus
Cluster4704,Pipistrellus abramus
Cluster4717,Pipistrellus abramus
Cluster4726,Pipistrellus abramus
Cluster4732,Pipistrellus abramus
Cluster4747,Pipistrellus abramus
Cluster4754,Pipistrellus abramus
Cluster4763,Pipistrellus abramus
Cluster4776,Pipistrellus abramus
Cluster4788,Pipistrellus abramus
Cluster4794,Pipistrellus abramus
Cluster4803,Pipistrellus abramus
Cluster4817,Pipistrellus abramus
Cluster4820,Pipistrellus abramus
Cluster4833,Pipistrellus abramus
Cluster4841,Pipistrellus abramus
Cluster4842,Pipistrellus abramus
Cluster4843,Pipistrellus abramus
Cluster4844,Pipistrellus abramus
Cluster4852,Pipistrellus abramus
Cluster4861,Pipistrellus abramus
Cluster4863,Pipistrellus abramus
Cluster4868,Pipistrellus abramus
Cluster4869,Pipistrellus abramus
Cluster4870,Pipistrellus abramus
Cluster4873,Pipistrellus abramus
Cluster4874,Pipistrellus abramus
Cluster4882,Pipistrellus abramus
Cluster4883,Pipistrellus abramus
Cluster4884,Pipistrellus abramus
Cluster4890,Pipistrellus abramus
Cluster4901,Pipistrellus abramus
Cluster4902,Pipistrellus abramus
Cluster4909,Pipistrellus abramus
Cluster4918,Pipistrellus abramus
Cluster4927,Pipistrellus abramus
Cluster4935,Pipistrellus abramus
Cluster4936,Pipistrellus abramus
Cluster4939,Pipistrellus abramus
Cluster4941,Pipistrellus abramus
Cluster4943,Pipistrellus abramus
Cluster4945,Pipistrellus abramus
Cluster4951,Pipistrellus abramus
Cluster4955,Pipistrellus abramus
Cluster5008,Pipistrellus abramus
Cluster5013,Pipistrellus abramus
Cluster5016,Pipistrellus abramus
Cluster5026,Pipistrellus abramus
Cluster5031,Pipistrellus abramus
Cluster5035,Pipistrellus abramus
Cluster5045,Pipistrellus abramus
Cluster5046,Pipistrellus abramus
Cluster5047,Pipistrellus abramus
Cluster5049,Pipistrellus abramus
Cluster5061,Pipistrellus abramus
Cluster5065,Pipistrellus abramus
Cluster5073,Pipistrellus abramus
Cluster5084,Pipistrellus abramus
Cluster5104,Pipistrellus abramus
Cluster5115,Pipistrellus abramus
Cluster5117,Pipistrellus abramus
Cluster5119,Pipistrellus abramus
Cluster5125,Pipistrellus abramus
Cluster5129,Pipistrellus abramus
Cluster5130,Pipistrellus abramus
Cluster5132,Pipistrellus abramus
Cluster5139,Pipistrellus abramus
Cluster5148,Pipistrellus abramus
Cluster5155,Pipistrellus abramus
Cluster5156,Pipistrellus abramus
Cluster5171,Pipistrellus abramus
Cluster5172,Pipistrellus abramus
Cluster5175,Pipistrellus abramus
Cluster5178,Pipistrellus abramus
Cluster5181,Pipistrellus abramus
Cluster5185,Pipistrellus abramus
Cluster5195,Pipistrellus abramus
Cluster5200,Pipistrellus abramus
Cluster5203,Pipistrellus abramus
Cluster5213,Pipistrellus abramus
Cluster5229,Pipistrellus abramus
Cluster5231,Pipistrellus abramus
Cluster5233,Pipistrellus abramus
Cluster5238,Pipistrellus abramus
Cluster5240,Pipistrellus abramus
Cluster5242,Pipistrellus abramus
Cluster5249,Pipistrellus abramus
Cluster5254,Pipistrellus abramus
Cluster5260,Pipistrellus abramus
Cluster5264,Pipistrellus abramus
Cluster5266,Pipistrellus abramus
Cluster5272,Pipistrellus abramus
Cluster5277,Pipistrellus abramus
Cluster5286,Pipistrellus abramus
Cluster5287,Pipistrellus abramus
Cluster5288,Pipistrellus abramus
Cluster5290,Pipistrellus abramus
Cluster5297,Pipistrellus abramus
Cluster5301,Pipistrellus abramus
Cluster5304,Pipistrellus abramus
Cluster5317,Pipistrellus abramus
Cluster5330,Pipistrellus abramus
Cluster5331,Pipistrellus abramus
Cluster5332,Pipistrellus abramus
Cluster5333,Pipistrellus abramus
Cluster5339,Pipistrellus abramus
Cluster5354,Pipistrellus abramus
Cluster5356,Pipistrellus abramus
Cluster5366,Pipistrellus abramus
Cluster5377,Pipistrellus abramus
Cluster5382,Pipistrellus abramus
Cluster5392,Pipistrellus abramus
Cluster5403,Pipistrellus abramus
Cluster5405,Pipistrellus abramus
Cluster5413,Pipistrellus abramus
Cluster5416,Pipistrellus abramus
Cluster5417,Pipistrellus abramus
Cluster5418,Pipistrellus abramus
Cluster5435,Pipistrellus abramus
Cluster5440,Pipistrellus abramus
Cluster5443,Pipistrellus abramus
Cluster5445,Pipistrellus abramus
Cluster5446,Pipistrellus abramus
Cluster5452,Pipistrellus abramus
Cluster5458,Pipistrellus abramus
Cluster5468,Pipistrellus abramus
Cluster5472,Pipistrellus abramus
Cluster5473,Pipistrellus abramus
Cluster5475,Pipistrellus abramus
Cluster5492,Pipistrellus abramus
Cluster5500,Pipistrellus abramus
Cluster5505,Pipistrellus abramus
Cluster5507,Pipistrellus abramus
Cluster5517,Pipistrellus abramus
Cluster5534,Pipistrellus abramus
Cluster5551,Pipistrellus abramus
Cluster5555,Pipistrellus abramus
Cluster5557,Pipistrellus abramus
Cluster5562,Pipistrellus abramus
Cluster5575,Pipistrellus abramus
Cluster5578,Pipistrellus abramus
Cluster5583,Pipistrellus abramus
Cluster5606,Pipistrellus abramus
Cluster5608,Pipistrellus abramus
Cluster5609,Pipistrellus abramus
Cluster5612,Pipistrellus abramus
Cluster5613,Pipistrellus abramus
Cluster5619,Pipistrellus abramus
Cluster5622,Pipistrellus abramus
Cluster5626,Pipistrellus abramus
Cluster5629,Pipistrellus abramus
Cluster5630,Pipistrellus abramus
Cluster5638,Pipistrellus abramus
Cluster5640,Pipistrellus abramus
Cluster5642,Pipistrellus abramus
Cluster5674,Pipistrellus abramus
Cluster5677,Pipistrellus abramus
Cluster5680,Pipistrellus abramus
Cluster5686,Pipistrellus abramus
Cluster5692,Pipistrellus abramus
Cluster5701,Pipistrellus abramus
Cluster5702,Pipistrellus abramus
Cluster5703,Pipistrellus abramus
Cluster5707,Pipistrellus abramus
Cluster5714,Pipistrellus abramus
Cluster5716,Pipistrellus abramus
Cluster5729,Pipistrellus abramus
Cluster5745,Pipistrellus abramus
Cluster5759,Pipistrellus abramus
Cluster5760,Pipistrellus abramus
Cluster5769,Pipistrellus abramus
Cluster5776,Pipistrellus abramus
Cluster5778,Pipistrellus abramus
Cluster5793,Pipistrellus abramus
Cluster5795,Pipistrellus abramus
Cluster5800,Pipistrellus abramus
Cluster5801,Pipistrellus abramus
Cluster5804,Pipistrellus abramus
Cluster5807,Pipistrellus abramus
Cluster5819,Pipistrellus abramus
Cluster5820,Pipistrellus abramus
Cluster5821,Pipistrellus abramus
Cluster5825,Pipistrellus abramus
Cluster5830,Pipistrellus abramus
Cluster5831,Pipistrellus abramus
Cluster5847,Pipistrellus abramus
Cluster5850,Pipistrellus abramus
Cluster5855,Pipistrellus abramus
Cluster5866,Pipistrellus abramus
Cluster5868,Pipistrellus abramus
Cluster5870,Pipistrellus abramus
Cluster5875,Pipistrellus abramus
Cluster5885,Pipistrellus abramus
Cluster5887,Pipistrellus abramus
Cluster5900,Pipistrellus abramus
Cluster5901,Pipistrellus abramus
Cluster5902,Pipistrellus abramus
Cluster5905,Pipistrellus abramus
Cluster5910,Pipistrellus abramus
Cluster5918,Pipistrellus abramus
Cluster5919,Pipistrellus abramus
Cluster5920,Pipistrellus abramus
Cluster5928,Pipistrellus abramus
Cluster5934,Pipistrellus abramus
Cluster5935,Pipistrellus abramus
Cluster5940,Pipistrellus abramus
Cluster5951,Pipistrellus abramus
Cluster5954,Pipistrellus abramus
Cluster5974,Pipistrellus abramus
Cluster5977,Pipistrellus abramus
Cluster5979,Pipistrellus abramus
Cluster5983,Pipistrellus abramus
Cluster5992,Pipistrellus abramus
Cluster5999,Pipistrellus abramus
Cluster6012,Pipistrellus abramus
Cluster6037,Pipistrellus abramus
Cluster6040,Pipistrellus abramus
Cluster6044,Pipistrellus abramus
Cluster6047,Pipistrellus abramus
Cluster6060,Pipistrellus abramus
Cluster6065,Pipistrellus abramus
Cluster6079,Pipistrellus abramus
Cluster6087,Pipistrellus abramus
Cluster6089,Pipistrellus abramus
Cluster6097,Pipistrellus abramus
Cluster6098,Pipistrellus abramus
Cluster6100,Pipistrellus abramus
Cluster6109,Pipistrellus abramus
Cluster6112,Pipistrellus abramus
Cluster6132,Pipistrellus abramus
Cluster6134,Pipistrellus abramus
Cluster6136,Pipistrellus abramus
Cluster6141,Pipistrellus abramus
Cluster6146,Pipistrellus abramus
Cluster6149,Pipistrellus abramus
Cluster6150,Pipistrellus abramus
Cluster6153,Pipistrellus abramus
Cluster6157,Pipistrellus abramus
Cluster6159,Pipistrellus abramus
Cluster6168,Pipistrellus abramus
Cluster6172,Pipistrellus abramus
Cluster6177,Pipistrellus abramus
Cluster6179,Pipistrellus abramus
Cluster6182,Pipistrellus abramus
Cluster6192,Pipistrellus abramus
Cluster6203,Pipistrellus abramus
Cluster6217,Pipistrellus abramus
Cluster6240,Pipistrellus abramus
Cluster6241,Pipistrellus abramus
Cluster6245,Pipistrellus abramus
Cluster6248,Pipistrellus abramus
Cluster6251,Pipistrellus abramus
Cluster6254,Pipistrellus abramus
Cluster6262,Pipistrellus abramus
Cluster6267,Pipistrellus abramus
Cluster6269,Pipistrellus abramus
Cluster6288,Pipistrellus abramus
Cluster6289,Pipistrellus abramus
Cluster6298,Pipistrellus abramus
Cluster6304,Pipistrellus abramus
Cluster6324,Pipistrellus abramus
Cluster6325,Pipistrellus abramus
Cluster6326,Pipistrellus abramus
Cluster6334,Pipistrellus abramus
Cluster6361,Pipistrellus abramus
Cluster6366,Pipistrellus abramus
Cluster6373,Pipistrellus abramus
Cluster6377,Pipistrellus abramus
Cluster6379,Pipistrellus abramus
Cluster6385,Pipistrellus abramus
Cluster6397,Pipistrellus abramus
Cluster6398,Pipistrellus abramus
Cluster6402,Pipistrellus abramus
Cluster6416,Pipistrellus abramus
Cluster6423,Pipistrellus abramus
Cluster6437,Pipistrellus abramus
Cluster6440,Pipistrellus abramus
Cluster6453,Pipistrellus abramus
Cluster6461,Pipistrellus abramus
Cluster6464,Pipistrellus abramus
Cluster6466,Pipistrellus abramus
Cluster6467,Pipistrellus abramus
Cluster6468,Pipistrellus abramus
Cluster6484,Pipistrellus abramus
Cluster6489,Pipistrellus abramus
Cluster6494,Pipistrellus abramus
Cluster6509,Pipistrellus abramus
Cluster6513,Pipistrellus abramus
Cluster6519,Pipistrellus abramus
Cluster6527,Pipistrellus abramus
Cluster6529,Pipistrellus abramus
Cluster6546,Pipistrellus abramus
Cluster6557,Pipistrellus abramus
Cluster6560,Pipistrellus abramus
Cluster6563,Pipistrellus abramus
Cluster6569,Pipistrellus abramus
Cluster6571,Pipistrellus abramus
Cluster6575,Pipistrellus abramus
Cluster6576,Pipistrellus abramus
Cluster6580,Pipistrellus abramus
Cluster6583,Pipistrellus abramus
Cluster6592,Pipistrellus abramus
Cluster6593,Pipistrellus abramus
Cluster6602,Pipistrellus abramus
Cluster6630,Pipistrellus abramus
Cluster6632,Pipistrellus abramus
Cluster6644,Pipistrellus abramus
Cluster6645,Pipistrellus abramus
Cluster6650,Pipistrellus abramus
Cluster6662,Pipistrellus abramus
Cluster6663,Pipistrellus abramus
Cluster6687,Pipistrellus abramus
Cluster6690,Pipistrellus abramus
Cluster6704,Pipistrellus abramus
Cluster6708,Pipistrellus abramus
Cluster6718,Pipistrellus abramus
Cluster6724,Pipistrellus abramus
Cluster6727,Pipistrellus abramus
Cluster6729,Pipistrellus abramus
Cluster6751,Pipistrellus abramus
Cluster6754,Pipistrellus abramus
Cluster6762,Pipistrellus abramus
Cluster6771,Pipistrellus abramus
Cluster6778,Pipistrellus abramus
Cluster6793,Pipistrellus abramus
Cluster6799,Pipistrellus abramus
Cluster6802,Pipistrellus abramus
Cluster6804,Pipistrellus abramus
Cluster6809,Pipistrellus abramus
Cluster6811,Pipistrellus abramus
Cluster6822,Pipistrellus abramus
Cluster6825,Pipistrellus abramus
Cluster6828,Pipistrellus abramus
Cluster6846,Pipistrellus abramus
Cluster6851,Pipistrellus abramus
Cluster6860,Pipistrellus abramus
Cluster6864,Pipistrellus abramus
Cluster6875,Pipistrellus abramus
Cluster6879,Pipistrellus abramus
Cluster6888,Pipistrellus abramus
Cluster6895,Pipistrellus abramus
Cluster6899,Pipistrellus abramus
Cluster6907,Pipistrellus abramus
Cluster6909,Pipistrellus abramus
Cluster6911,Pipistrellus abramus
Cluster6918,Pipistrellus abramus
Cluster6923,Pipistrellus abramus
Cluster6933,Pipistrellus abramus
Cluster6936,Pipistrellus abramus
Cluster6937,Pipistrellus abramus
Cluster6939,Pipistrellus abramus
Cluster6942,Pipistrellus abramus
Cluster6949,Pipistrellus abramus
Cluster6959,Pipistrellus abramus
Cluster6962,Pipistrellus abramus
Cluster6970,Pipistrellus abramus
Cluster6995,Pipistrellus abramus
Cluster6996,Pipistrellus abramus
Cluster6997,Pipistrellus abramus
Cluster6998,Pipistrellus abramus
Cluster7019,Pipistrellus abramus
Cluster7030,Pipistrellus abramus
Cluster7031,Pipistrellus abramus
Cluster7036,Pipistrellus abramus
Cluster7064,Pipistrellus abramus
Cluster7073,Pipistrellus abramus
Cluster7078,Pipistrellus abramus
Cluster7085,Pipistrellus abramus
Cluster7087,Pipistrellus abramus
Cluster7091,Pipistrellus abramus
Cluster7097,Pipistrellus abramus
Cluster7110,Pipistrellus abramus
Cluster7113,Pipistrellus abramus
Cluster7123,Pipistrellus abramus
Cluster7134,Pipistrellus abramus
Cluster7138,Pipistrellus abramus
Cluster7139,Pipistrellus abramus
Cluster7142,Pipistrellus abramus
Cluster7151,Pipistrellus abramus
Cluster7157,Pipistrellus abramus
Cluster7173,Pipistrellus abramus
Cluster7177,Pipistrellus abramus
Cluster7180,Pipistrellus abramus
Cluster7196,Pipistrellus abramus
Cluster7199,Pipistrellus abramus
Cluster7202,Pipistrellus abramus
Cluster7216,Pipistrellus abramus
Cluster7219,Pipistrellus abramus
Cluster7229,Pipistrellus abramus
Cluster7232,Pipistrellus abramus
Cluster7234,Pipistrellus abramus
Cluster7237,Pipistrellus abramus
Cluster7241,Pipistrellus abramus
Cluster7243,Pipistrellus abramus
Cluster7251,Pipistrellus abramus
Cluster7254,Pipistrellus abramus
Cluster7255,Pipistrellus abramus
Cluster7256,Pipistrellus abramus
Cluster7257,Pipistrellus abramus
Cluster7260,Pipistrellus abramus
Cluster7263,Pipistrellus abramus
Cluster7271,Pipistrellus abramus
Cluster7272,Pipistrellus abramus
Cluster7274,Pipistrellus abramus
Cluster7275,Pipistrellus abramus
Cluster7283,Pipistrellus abramus
Cluster7288,Pipistrellus abramus
Cluster7302,Pipistrellus abramus
Cluster7317,Pipistrellus abramus
Cluster7337,Pipistrellus abramus
Cluster7342,Pipistrellus abramus
Cluster7345,Pipistrellus abramus
Cluster7346,Pipistrellus abramus
Cluster7347,Pipistrellus abramus
Cluster7352,Pipistrellus abramus
Cluster7360,Pipistrellus abramus
Cluster7361,Pipistrellus abramus
Cluster7365,Pipistrellus abramus
Cluster7377,Pipistrellus abramus
Cluster7391,Pipistrellus abramus
Cluster7400,Pipistrellus abramus
Cluster7402,Pipistrellus abramus
Cluster7403,Pipistrellus abramus
Cluster7406,Pipistrellus abramus
Cluster7411,Pipistrellus abramus
Cluster7415,Pipistrellus abramus
Cluster7416,Pipistrellus abramus
Cluster7417,Pipistrellus abramus
Cluster7419,Pipistrellus abramus
Cluster7426,Pipistrellus abramus
Cluster7434,Pipistrellus abramus
Cluster7447,Pipistrellus abramus
Cluster7464,Pipistrellus abramus
Cluster7469,Pipistrellus abramus
Cluster7470,Pipistrellus abramus
Cluster7471,Pipistrellus abramus
Cluster7480,Pipistrellus abramus
Cluster7484,Pipistrellus abramus
Cluster7485,Pipistrellus abramus
Cluster7486,Pipistrellus abramus
Cluster7487,Pipistrellus abramus
Cluster7488,Pipistrellus abramus
Cluster7493,Pipistrellus abramus
Cluster7498,Pipistrellus abramus
Cluster7499,Pipistrellus abramus
Cluster7503,Pipistrellus abramus
Cluster7504,Pipistrellus abramus
Cluster7508,Pipistrellus abramus
Cluster7511,Pipistrellus abramus
Cluster7524,Pipistrellus abramus
Cluster7530,Pipistrellus abramus
Cluster7531,Pipistrellus abramus
Cluster7533,Pipistrellus abramus
Cluster7535,Pipistrellus abramus
Cluster7549,Pipistrellus abramus
Cluster7557,Pipistrellus abramus
Cluster7561,Pipistrellus abramus
Cluster7566,Pipistrellus abramus
Cluster7571,Pipistrellus abramus
Cluster7579,Pipistrellus abramus
Cluster7583,Pipistrellus abramus
Cluster7585,Pipistrellus abramus
Cluster7592,Pipistrellus abramus
Cluster7595,Pipistrellus abramus
Cluster7598,Pipistrellus abramus
Cluster7627,Pipistrellus abramus
Cluster7634,Pipistrellus abramus
Cluster7638,Pipistrellus abramus
Cluster7642,Pipistrellus abramus
Cluster7647,Pipistrellus abramus
Cluster7653,Pipistrellus abramus
Cluster7655,Pipistrellus abramus
Cluster7656,Pipistrellus abramus
Cluster7658,Pipistrellus abramus
Cluster7670,Pipistrellus abramus
Cluster7674,Pipistrellus abramus
Cluster7680,Pipistrellus abramus
Cluster7690,Pipistrellus abramus
Cluster7692,Pipistrellus abramus
Cluster7699,Pipistrellus abramus
Cluster7704,Pipistrellus abramus
Cluster7718,Pipistrellus abramus
Cluster7720,Pipistrellus abramus
Cluster7724,Pipistrellus abramus
Cluster7725,Pipistrellus abramus
Cluster7730,Pipistrellus abramus
Cluster7745,Pipistrellus abramus
Cluster7754,Pipistrellus abramus
Cluster7794,Pipistrellus abramus
Cluster7798,Pipistrellus abramus
Cluster7807,Pipistrellus abramus
Cluster7814,Pipistrellus abramus
Cluster7816,Pipistrellus abramus
Cluster7818,Pipistrellus abramus
Cluster7822,Pipistrellus abramus
Cluster7828,Pipistrellus abramus
Cluster7832,Pipistrellus abramus
Cluster7834,Pipistrellus abramus
Cluster7836,Pipistrellus abramus
Cluster7837,Pipistrellus abramus
Cluster7841,Pipistrellus abramus
Cluster7842,Pipistrellus abramus
Cluster7850,Pipistrellus abramus
Cluster7851,Pipistrellus abramus
Cluster7855,Pipistrellus abramus
Cluster7861,Pipistrellus abramus
Cluster7866,Pipistrellus abramus
Cluster7881,Pipistrellus abramus
Cluster7892,Pipistrellus abramus
Cluster7898,Pipistrellus abramus
Cluster7902,Pipistrellus abramus
Cluster7907,Pipistrellus abramus
Cluster7909,Pipistrellus abramus
Cluster7915,Pipistrellus abramus
Cluster7920,Pipistrellus abramus
Cluster7932,Pipistrellus abramus
Cluster7936,Pipistrellus abramus
Cluster7950,Pipistrellus abramus
Cluster7954,Pipistrellus abramus
Cluster7955,Pipistrellus abramus
Cluster7960,Pipistrellus abramus
Cluster7967,Pipistrellus abramus
Cluster7982,Pipistrellus abramus
Cluster7985,Pipistrellus abramus
Cluster7993,Pipistrellus abramus
Cluster8000,Pipistrellus abramus
Cluster8005,Pipistrellus abramus
Cluster8007,Pipistrellus abramus
Cluster8009,Pipistrellus abramus
Cluster8016,Pipistrellus abramus
Cluster8021,Pipistrellus abramus
Cluster8025,Pipistrellus abramus
Cluster8027,Pipistrellus abramus
Cluster8056,Pipistrellus abramus
Cluster8057,Pipistrellus abramus
Cluster8069,Pipistrellus abramus
Cluster8078,Pipistrellus abramus
Cluster8080,Pipistrellus abramus
Cluster8082,Pipistrellus abramus
Cluster8084,Pipistrellus abramus
Cluster8092,Pipistrellus abramus
Cluster8096,Pipistrellus abramus
Cluster8100,Pipistrellus abramus
Cluster8110,Pipistrellus abramus
Cluster8117,Pipistrellus abramus
Cluster8122,Pipistrellus abramus
Cluster8127,Pipistrellus abramus
Cluster8130,Pipistrellus abramus
Cluster8131,Pipistrellus abramus
Cluster8140,Pipistrellus abramus
Cluster8143,Pipistrellus abramus
Cluster8144,Pipistrellus abramus
Cluster8155,Pipistrellus abramus
Cluster8158,Pipistrellus abramus
Cluster8164,Pipistrellus abramus
Cluster8168,Pipistrellus abramus
Cluster8169,Pipistrellus abramus
Cluster8171,Pipistrellus abramus
Cluster8175,Pipistrellus abramus
Cluster8176,Pipistrellus abramus
Cluster8189,Pipistrellus abramus
Cluster8198,Pipistrellus abramus
Cluster8212,Pipistrellus abramus
Cluster8228,Pipistrellus abramus
Cluster8233,Pipistrellus abramus
Cluster8240,Pipistrellus abramus
Cluster8253,Pipistrellus abramus
Cluster8259,Pipistrellus abramus
Cluster8260,Pipistrellus abramus
Cluster8263,Pipistrellus abramus
Cluster8271,Pipistrellus abramus
Cluster8277,Pipistrellus abramus
Cluster8285,Pipistrellus abramus
Cluster8289,Pipistrellus abramus
Cluster8300,Pipistrellus abramus
Cluster8301,Pipistrellus abramus
Cluster8311,Pipistrellus abramus
Cluster8312,Pipistrellus abramus
Cluster8313,Pipistrellus abramus
Cluster8325,Pipistrellus abramus
Cluster8326,Pipistrellus abramus
Cluster8328,Pipistrellus abramus
Cluster8333,Pipistrellus abramus
Cluster8337,Pipistrellus abramus
Cluster8350,Pipistrellus abramus
Cluster8351,Pipistrellus abramus
Cluster8354,Pipistrellus abramus
Cluster8358,Pipistrellus abramus
Cluster8360,Pipistrellus abramus
Cluster8367,Pipistrellus abramus
Cluster8382,Pipistrellus abramus
Cluster8389,Pipistrellus abramus
Cluster8392,Pipistrellus abramus
Cluster8397,Pipistrellus abramus
Cluster8401,Pipistrellus abramus
Cluster8408,Pipistrellus abramus
Cluster8419,Pipistrellus abramus
Cluster8429,Pipistrellus abramus
Cluster8434,Pipistrellus abramus
Cluster8435,Pipistrellus abramus
Cluster8440,Pipistrellus abramus
Cluster8448,Pipistrellus abramus
Cluster8449,Pipistrellus abramus
Cluster8450,Pipistrellus abramus
Cluster8460,Pipistrellus abramus
Cluster8463,Pipistrellus abramus
Cluster8464,Pipistrellus abramus
Cluster8470,Pipistrellus abramus
Cluster8471,Pipistrellus abramus
Cluster8473,Pipistrellus abramus
Cluster8480,Pipistrellus abramus
Cluster8481,Pipistrellus abramus
Cluster8485,Pipistrellus abramus
Cluster8494,Pipistrellus abramus
Cluster8496,Pipistrellus abramus
Cluster8499,Pipistrellus abramus
Cluster8512,Pipistrellus abramus
Cluster8515,Pipistrellus abramus
Cluster8518,Pipistrellus abramus
Cluster8519,Pipistrellus abramus
Cluster8522,Pipistrellus abramus
Cluster8527,Pipistrellus abramus
Cluster8531,Pipistrellus abramus
Cluster8554,Pipistrellus abramus
Cluster8557,Pipistrellus abramus
Cluster8564,Pipistrellus abramus
Cluster8565,Pipistrellus abramus
Cluster8580,Pipistrellus abramus
Cluster8585,Pipistrellus abramus
Cluster8618,Pipistrellus abramus
Cluster8633,Pipistrellus abramus
Cluster8635,Pipistrellus abramus
Cluster8637,Pipistrellus abramus
Cluster8642,Pipistrellus abramus
Cluster8646,Pipistrellus abramus
Cluster8651,Pipistrellus abramus
Cluster8654,Pipistrellus abramus
Cluster8660,Pipistrellus abramus
Cluster8663,Pipistrellus abramus
Cluster8667,Pipistrellus abramus
Cluster8681,Pipistrellus abramus
Cluster8685,Pipistrellus abramus
Cluster8686,Pipistrellus abramus
Cluster8690,Pipistrellus abramus
Cluster8691,Pipistrellus abramus
Cluster8701,Pipistrellus abramus
Cluster8702,Pipistrellus abramus
Cluster8713,Pipistrellus abramus
Cluster8720,Pipistrellus abramus
Cluster8723,Pipistrellus abramus
Cluster8726,Pipistrellus abramus
Cluster8740,Pipistrellus abramus
Cluster8744,Pipistrellus abramus
Cluster8745,Pipistrellus abramus
Cluster8748,Pipistrellus abramus
Cluster8751,Pipistrellus abramus
Cluster8763,Pipistrellus abramus
Cluster8766,Pipistrellus abramus
Cluster8785,Pipistrellus abramus
Cluster8786,Pipistrellus abramus
Cluster8792,Pipistrellus abramus
Cluster8794,Pipistrellus abramus
Cluster8808,Pipistrellus abramus
Cluster8809,Pipistrellus abramus
Cluster8830,Pipistrellus abramus
Cluster8836,Pipistrellus abramus
Cluster8845,Pipistrellus abramus
Cluster8853,Pipistrellus abramus
Cluster8871,Pipistrellus abramus
Cluster8873,Pipistrellus abramus
Cluster8880,Pipistrellus abramus
Cluster8896,Pipistrellus abramus
Cluster8898,Pipistrellus abramus
Cluster8901,Pipistrellus abramus
Cluster8902,Pipistrellus abramus
Cluster8904,Pipistrellus abramus
Cluster8912,Pipistrellus abramus
Cluster8914,Pipistrellus abramus
Cluster8915,Pipistrellus abramus
Cluster8916,Pipistrellus abramus
Cluster8918,Pipistrellus abramus
Cluster8922,Pipistrellus abramus
Cluster8931,Pipistrellus abramus
Cluster8937,Pipistrellus abramus
Cluster8939,Pipistrellus abramus
Cluster8950,Pipistrellus abramus
Cluster8954,Pipistrellus abramus
Cluster8967,Pipistrellus abramus
Cluster8973,Pipistrellus abramus
Cluster8981,Pipistrellus abramus
Cluster8988,Pipistrellus abramus
Cluster8994,Pipistrellus abramus
Cluster8999,Pipistrellus abramus
Cluster9006,Pipistrellus abramus
Cluster9010,Pipistrellus abramus
Cluster9013,Pipistrellus abramus
Cluster9016,Pipistrellus abramus
Cluster9020,Pipistrellus abramus
Cluster9024,Pipistrellus abramus
Cluster9028,Pipistrellus abramus
Cluster9035,Pipistrellus abramus
Cluster9051,Pipistrellus abramus
Cluster9056,Pipistrellus abramus
Cluster9057,Pipistrellus abramus
Cluster9058,Pipistrellus abramus
Cluster9062,Pipistrellus abramus
Cluster9064,Pipistrellus abramus
Cluster9067,Pipistrellus abramus
Cluster9070,Pipistrellus abramus
Cluster9071,Pipistrellus abramus
Cluster9076,Pipistrellus abramus
Cluster9083,Pipistrellus abramus
Cluster9094,Pipistrellus abramus
Cluster9098,Pipistrellus abramus
Cluster9101,Pipistrellus abramus
Cluster9102,Pipistrellus abramus
Cluster9106,Pipistrellus abramus
Cluster9119,Pipistrellus abramus
Cluster9124,Pipistrellus abramus
Cluster9136,Pipistrellus abramus
Cluster9151,Pipistrellus abramus
Cluster9152,Pipistrellus abramus
Cluster9154,Pipistrellus abramus
Cluster9155,Pipistrellus abramus
Cluster9162,Pipistrellus abramus
Cluster9174,Pipistrellus abramus
Cluster9181,Pipistrellus abramus
Cluster9182,Pipistrellus abramus
Cluster9189,Pipistrellus abramus
Cluster9191,Pipistrellus abramus
Cluster9193,Pipistrellus abramus
Cluster9197,Pipistrellus abramus
Cluster9199,Pipistrellus abramus
Cluster9203,Pipistrellus abramus
Cluster9204,Pipistrellus abramus
Cluster9215,Pipistrellus abramus
Cluster9218,Pipistrellus abramus
Cluster9225,Pipistrellus abramus
Cluster9232,Pipistrellus abramus
Cluster9236,Pipistrellus abramus
Cluster9238,Pipistrellus abramus
Cluster9241,Pipistrellus abramus
Cluster9244,Pipistrellus abramus
Cluster9245,Pipistrellus abramus
Cluster9248,Pipistrellus abramus
Cluster9249,Pipistrellus abramus
Cluster9254,Pipistrellus abramus
Cluster9256,Pipistrellus abramus
Cluster9260,Pipistrellus abramus
Cluster9262,Pipistrellus abramus
Cluster9263,Pipistrellus abramus
Cluster9268,Pipistrellus abramus
Cluster9283,Pipistrellus abramus
Cluster9287,Pipistrellus abramus
Cluster9291,Pipistrellus abramus
Cluster9292,Pipistrellus abramus
Cluster9297,Pipistrellus abramus
Cluster9299,Pipistrellus abramus
Cluster9304,Pipistrellus abramus
Cluster9310,Pipistrellus abramus
Cluster9318,Pipistrellus abramus
Cluster9329,Pipistrellus abramus
Cluster9337,Pipistrellus abramus
Cluster9339,Pipistrellus abramus
Cluster9341,Pipistrellus abramus
Cluster9342,Pipistrellus abramus
Cluster9346,Pipistrellus abramus
Cluster9353,Pipistrellus abramus
Cluster9356,Pipistrellus abramus
Cluster9362,Pipistrellus abramus
Cluster9364,Pipistrellus abramus
Cluster9368,Pipistrellus abramus
Cluster9372,Pipistrellus abramus
Cluster9378,Pipistrellus abramus
Cluster9379,Pipistrellus abramus
Cluster9395,Pipistrellus abramus
Cluster9401,Pipistrellus abramus
Cluster9410,Pipistrellus abramus
Cluster9412,Pipistrellus abramus
Cluster9415,Pipistrellus abramus
Cluster9417,Pipistrellus abramus
Cluster9448,Pipistrellus abramus
Cluster9463,Pipistrellus abramus
Cluster9468,Pipistrellus abramus
Cluster9470,Pipistrellus abramus
Cluster9476,Pipistrellus abramus
Cluster9478,Pipistrellus abramus
Cluster9490,Pipistrellus abramus
Cluster9491,Pipistrellus abramus
Cluster9495,Pipistrellus abramus
Cluster9500,Pipistrellus abramus
Cluster9512,Pipistrellus abramus
Cluster9517,Pipistrellus abramus
Cluster9538,Pipistrellus abramus
Cluster9544,Pipistrellus abramus
Cluster9546,Pipistrellus abramus
Cluster9548,Pipistrellus abramus
Cluster9553,Pipistrellus abramus
Cluster9557,Pipistrellus abramus
Cluster9567,Pipistrellus abramus
Cluster9575,Pipistrellus abramus
Cluster9576,Pipistrellus abramus
Cluster9578,Pipistrellus abramus
Cluster9586,Pipistrellus abramus
Cluster9593,Pipistrellus abramus
Cluster9599,Pipistrellus abramus
Cluster9607,Pipistrellus abramus
Cluster9610,Pipistrellus abramus
Cluster9611,Pipistrellus abramus
Cluster9614,Pipistrellus abramus
Cluster9618,Pipistrellus abramus
Cluster9621,Pipistrellus abramus
Cluster9634,Pipistrellus abramus
Cluster9635,Pipistrellus abramus
Cluster9636,Pipistrellus abramus
Cluster9639,Pipistrellus abramus
Cluster9643,Pipistrellus abramus
Cluster9644,Pipistrellus abramus
Cluster9647,Pipistrellus abramus
Cluster9650,Pipistrellus abramus
Cluster9659,Pipistrellus abramus
Cluster9660,Pipistrellus abramus
Cluster9662,Pipistrellus abramus
Cluster9673,Pipistrellus abramus
Cluster9684,Pipistrellus abramus
Cluster9691,Pipistrellus abramus
Cluster9694,Pipistrellus abramus
Cluster9696,Pipistrellus abramus
Cluster9704,Pipistrellus abramus
Cluster9708,Pipistrellus abramus
Cluster9711,Pipistrellus abramus
Cluster9712,Pipistrellus abramus
Cluster9713,Pipistrellus abramus
Cluster9714,Pipistrellus abramus
Cluster9722,Pipistrellus abramus
Cluster9730,Pipistrellus abramus
Cluster9734,Pipistrellus abramus
Cluster9736,Pipistrellus abramus
Cluster9737,Pipistrellus abramus
Cluster9746,Pipistrellus abramus
Cluster9754,Pipistrellus abramus
Cluster9771,Pipistrellus abramus
Cluster9773,Pipistrellus abramus
Cluster9784,Pipistrellus abramus
Cluster9805,Pipistrellus abramus
Cluster9816,Pipistrellus abramus
Cluster9819,Pipistrellus abramus
Cluster9820,Pipistrellus abramus
Cluster9821,Pipistrellus abramus
Cluster9822,Pipistrellus abramus
Cluster9823,Pipistrellus abramus
Cluster9830,Pipistrellus abramus
Cluster9841,Pipistrellus abramus
Cluster9842,Pipistrellus abramus
Cluster9843,Pipistrellus abramus
Cluster9869,Pipistrellus abramus
Cluster9871,Pipistrellus abramus
Cluster9873,Pipistrellus abramus
Cluster9879,Pipistrellus abramus
Cluster9888,Pipistrellus abramus
Cluster9889,Pipistrellus abramus
Cluster9904,Pipistrellus abramus
Cluster9913,Pipistrellus abramus
Cluster9920,Pipistrellus abramus
Cluster9926,Pipistrellus abramus
Cluster9928,Pipistrellus abramus
Cluster9933,Pipistrellus abramus
Cluster9945,Pipistrellus abramus
Cluster9951,Pipistrellus abramus
Cluster9953,Pipistrellus abramus
Cluster9960,Pipistrellus abramus
Cluster9961,Pipistrellus abramus
Cluster9965,Pipistrellus abramus
Cluster9966,Pipistrellus abramus
Cluster9971,Pipistrellus abramus
Cluster9983,Pipistrellus abramus
Cluster9989,Pipistrellus abramus
Cluster10002,Pipistrellus abramus
Cluster10011,Pipistrellus abramus
Cluster10013,Pipistrellus abramus
Cluster10016,Pipistrellus abramus
Cluster10018,Pipistrellus abramus
Cluster10020,Pipistrellus abramus
Cluster10024,Pipistrellus abramus
Cluster10025,Pipistrellus abramus
Cluster10027,Pipistrellus abramus
Cluster10030,Pipistrellus abramus
Cluster10038,Pipistrellus abramus
Cluster10042,Pipistrellus abramus
Cluster10058,Pipistrellus abramus
Cluster10063,Pipistrellus abramus
Cluster10065,Pipistrellus abramus
Cluster10068,Pipistrellus abramus
Cluster10072,Pipistrellus abramus
Cluster10075,Pipistrellus abramus
Cluster10076,Pipistrellus abramus
Cluster10081,Pipistrellus abramus
Cluster10084,Pipistrellus abramus
Cluster10087,Pipistrellus abramus
Cluster10090,Pipistrellus abramus
Cluster10096,Pipistrellus abramus
Cluster10102,Pipistrellus abramus
Cluster10109,Pipistrellus abramus
Cluster10121,Pipistrellus abramus
Cluster10123,Pipistrellus abramus
Cluster10124,Pipistrellus abramus
Cluster10125,Pipistrellus abramus
Cluster10126,Pipistrellus abramus
Cluster10138,Pipistrellus abramus
Cluster10140,Pipistrellus abramus
Cluster10142,Pipistrellus abramus
Cluster10147,Pipistrellus abramus
Cluster10149,Pipistrellus abramus
Cluster10151,Pipistrellus abramus
Cluster10155,Pipistrellus abramus
Cluster10158,Pipistrellus abramus
Cluster10166,Pipistrellus abramus
Cluster10169,Pipistrellus abramus
Cluster10171,Pipistrellus abramus
Cluster10181,Pipistrellus abramus
Cluster10196,Pipistrellus abramus
Cluster10209,Pipistrellus abramus
Cluster10216,Pipistrellus abramus
Cluster10223,Pipistrellus abramus
Cluster10225,Pipistrellus abramus
Cluster10231,Pipistrellus abramus
Cluster10234,Pipistrellus abramus
Cluster10239,Pipistrellus abramus
Cluster10245,Pipistrellus abramus
Cluster10258,Pipistrellus abramus
Cluster10268,Pipistrellus abramus
Cluster10269,Pipistrellus abramus
Cluster10271,Pipistrellus abramus
Cluster10272,Pipistrellus abramus
Cluster10274,Pipistrellus abramus
Cluster10277,Pipistrellus abramus
Cluster10278,Pipistrellus abramus
Cluster10281,Pipistrellus abramus
Cluster10282,Pipistrellus abramus
Cluster10294,Pipistrellus abramus
Cluster10296,Pipistrellus abramus
Cluster10300,Pipistrellus abramus
Cluster10301,Pipistrellus abramus
Cluster10310,Pipistrellus abramus
Cluster10318,Pipistrellus abramus
Cluster10326,Pipistrellus abramus
Cluster10339,Pipistrellus abramus
Cluster10360,Pipistrellus abramus
Cluster10367,Pipistrellus abramus
Cluster10374,Pipistrellus abramus
Cluster10377,Pipistrellus abramus
Cluster10379,Pipistrellus abramus
Cluster10384,Pipistrellus abramus
Cluster10391,Pipistrellus abramus
Cluster10408,Pipistrellus abramus
Cluster10417,Pipistrellus abramus
Cluster10436,Pipistrellus abramus
Cluster10438,Pipistrellus abramus
Cluster10444,Pipistrellus abramus
Cluster10473,Pipistrellus abramus
Cluster10477,Pipistrellus abramus
Cluster10487,Pipistrellus abramus
Cluster10488,Pipistrellus abramus
Cluster10489,Pipistrellus abramus
Cluster10496,Pipistrellus abramus
Cluster10497,Pipistrellus abramus
Cluster10498,Pipistrellus abramus
Cluster10499,Pipistrellus abramus
Cluster10501,Pipistrellus abramus
Cluster10512,Pipistrellus abramus
Cluster10516,Pipistrellus abramus
Cluster10521,Pipistrellus abramus
Cluster10525,Pipistrellus abramus
Cluster10539,Pipistrellus abramus
Cluster10541,Pipistrellus abramus
Cluster10542,Pipistrellus abramus
Cluster10547,Pipistrellus abramus
Cluster10553,Pipistrellus abramus
Cluster10558,Pipistrellus abramus
Cluster10567,Pipistrellus abramus
Cluster10568,Pipistrellus abramus
Cluster10576,Pipistrellus abramus
Cluster10577,Pipistrellus abramus
Cluster10582,Pipistrellus abramus
Cluster10585,Pipistrellus abramus
Cluster10591,Pipistrellus abramus
Cluster10599,Pipistrellus abramus
Cluster10616,Pipistrellus abramus
Cluster10640,Pipistrellus abramus
Cluster10642,Pipistrellus abramus
Cluster10648,Pipistrellus abramus
Cluster10660,Pipistrellus abramus
Cluster10662,Pipistrellus abramus
Cluster10666,Pipistrellus abramus
Cluster10673,Pipistrellus abramus
Cluster10682,Pipistrellus abramus
Cluster10696,Pipistrellus abramus
Cluster10697,Pipistrellus abramus
Cluster10702,Pipistrellus abramus
Cluster10709,Pipistrellus abramus
Cluster10710,Pipistrellus abramus
Cluster10712,Pipistrellus abramus
Cluster10721,Pipistrellus abramus
Cluster10724,Pipistrellus abramus
Cluster10726,Pipistrellus abramus
Cluster10728,Pipistrellus abramus
Cluster10729,Pipistrellus abramus
Cluster10739,Pipistrellus abramus
Cluster10742,Pipistrellus abramus
Cluster10745,Pipistrellus abramus
Cluster10747,Pipistrellus abramus
Cluster10748,Pipistrellus abramus
Cluster10757,Pipistrellus abramus
Cluster10761,Pipistrellus abramus
Cluster10771,Pipistrellus abramus
Cluster10775,Pipistrellus abramus
Cluster10778,Pipistrellus abramus
Cluster10779,Pipistrellus abramus
Cluster10798,Pipistrellus abramus
Cluster10805,Pipistrellus abramus
Cluster10816,Pipistrellus abramus
Cluster10826,Pipistrellus abramus
Cluster10827,Pipistrellus abramus
Cluster10844,Pipistrellus abramus
Cluster10846,Pipistrellus abramus
Cluster10849,Pipistrellus abramus
Cluster10853,Pipistrellus abramus
Cluster10854,Pipistrellus abramus
Cluster10856,Pipistrellus abramus
Cluster10857,Pipistrellus abramus
Cluster10864,Pipistrellus abramus
Cluster10866,Pipistrellus abramus
Cluster10877,Pipistrellus abramus
Cluster10880,Pipistrellus abramus
Cluster10881,Pipistrellus abramus
Cluster10893,Pipistrellus abramus
Cluster10900,Pipistrellus abramus
Cluster10906,Pipistrellus abramus
Cluster10907,Pipistrellus abramus
Cluster10908,Pipistrellus abramus
Cluster10917,Pipistrellus abramus
Cluster10918,Pipistrellus abramus
Cluster10923,Pipistrellus abramus
Cluster10924,Pipistrellus abramus
Cluster10934,Pipistrellus abramus
Cluster10939,Pipistrellus abramus
Cluster10944,Pipistrellus abramus
Cluster10952,Pipistrellus abramus
Cluster10954,Pipistrellus abramus
Cluster10955,Pipistrellus abramus
Cluster10983,Pipistrellus abramus
Cluster10987,Pipistrellus abramus
Cluster10990,Pipistrellus abramus
Cluster10993,Pipistrellus abramus
Cluster11002,Pipistrellus abramus
Cluster11007,Pipistrellus abramus
Cluster11012,Pipistrellus abramus
Cluster11025,Pipistrellus abramus
Cluster11035,Pipistrellus abramus
Cluster11037,Pipistrellus abramus
Cluster11039,Pipistrellus abramus
Cluster11042,Pipistrellus abramus
Cluster11044,Pipistrellus abramus
Cluster11056,Pipistrellus abramus
Cluster11060,Pipistrellus abramus
Cluster11071,Pipistrellus abramus
Cluster11078,Pipistrellus abramus
Cluster11084,Pipistrellus abramus
Cluster11091,Pipistrellus abramus
Cluster11096,Pipistrellus abramus
Cluster11098,Pipistrellus abramus
Cluster11099,Pipistrellus abramus
Cluster11104,Pipistrellus abramus
Cluster11108,Pipistrellus abramus
Cluster11116,Pipistrellus abramus
Cluster11122,Pipistrellus abramus
Cluster11123,Pipistrellus abramus
Cluster11126,Pipistrellus abramus
Cluster11128,Pipistrellus abramus
Cluster11131,Pipistrellus abramus
Cluster11144,Pipistrellus abramus
Cluster11153,Pipistrellus abramus
Cluster11160,Pipistrellus abramus
Cluster11161,Pipistrellus abramus
Cluster11165,Pipistrellus abramus
Cluster11166,Pipistrellus abramus
Cluster11168,Pipistrellus abramus
Cluster11172,Pipistrellus abramus
Cluster11175,Pipistrellus abramus
Cluster11183,Pipistrellus abramus
Cluster11185,Pipistrellus abramus
Cluster11191,Pipistrellus abramus
Cluster11194,Pipistrellus abramus
Cluster11197,Pipistrellus abramus
Cluster11208,Pipistrellus abramus
Cluster11212,Pipistrellus abramus
Cluster11215,Pipistrellus abramus
Cluster11219,Pipistrellus abramus
Cluster11230,Pipistrellus abramus
Cluster11233,Pipistrellus abramus
Cluster11235,Pipistrellus abramus
Cluster11237,Pipistrellus abramus
Cluster11245,Pipistrellus abramus
Cluster11246,Pipistrellus abramus
Cluster11248,Pipistrellus abramus
Cluster11249,Pipistrellus abramus
Cluster11252,Pipistrellus abramus
Cluster11262,Pipistrellus abramus
Cluster11265,Pipistrellus abramus
Cluster11274,Pipistrellus abramus
Cluster11278,Pipistrellus abramus
Cluster11290,Pipistrellus abramus
Cluster11299,Pipistrellus abramus
Cluster11317,Pipistrellus abramus
Cluster11322,Pipistrellus abramus
Cluster11327,Pipistrellus abramus
Cluster11329,Pipistrellus abramus
Cluster11341,Pipistrellus abramus
Cluster11343,Pipistrellus abramus
Cluster11347,Pipistrellus abramus
Cluster11355,Pipistrellus abramus
Cluster11362,Pipistrellus abramus
Cluster11363,Pipistrellus abramus
Cluster11364,Pipistrellus abramus
Cluster11369,Pipistrellus abramus
Cluster11377,Pipistrellus abramus
Cluster11378,Pipistrellus abramus
Cluster11387,Pipistrellus abramus
Cluster11388,Pipistrellus abramus
Cluster11389,Pipistrellus abramus
Cluster11391,Pipistrellus abramus
Cluster11393,Pipistrellus abramus
Cluster11401,Pipistrellus abramus
Cluster11406,Pipistrellus abramus
Cluster11412,Pipistrellus abramus
Cluster11426,Pipistrellus abramus
Cluster11430,Pipistrellus abramus
Cluster11431,Pipistrellus abramus
Cluster11440,Pipistrellus abramus
Cluster11442,Pipistrellus abramus
Cluster11446,Pipistrellus abramus
Cluster11451,Pipistrellus abramus
Cluster11452,Pipistrellus abramus
Cluster11453,Pipistrellus abramus
Cluster11462,Pipistrellus abramus
Cluster11465,Pipistrellus abramus
Cluster11466,Pipistrellus abramus
Cluster11467,Pipistrellus abramus
Cluster11474,Pipistrellus abramus
Cluster11479,Pipistrellus abramus
Cluster11480,Pipistrellus abramus
Cluster11482,Pipistrellus abramus
Cluster11483,Pipistrellus abramus
Cluster11485,Pipistrellus abramus
Cluster11488,Pipistrellus abramus
Cluster11490,Pipistrellus abramus
Cluster11495,Pipistrellus abramus
Cluster11496,Pipistrellus abramus
Cluster11499,Pipistrellus abramus
Cluster11501,Pipistrellus abramus
Cluster11505,Pipistrellus abramus
Cluster11511,Pipistrellus abramus
Cluster11520,Pipistrellus abramus
Cluster11524,Pipistrellus abramus
Cluster11525,Pipistrellus abramus
Cluster11528,Pipistrellus abramus
Cluster11530,Pipistrellus abramus
Cluster11533,Pipistrellus abramus
Cluster11537,Pipistrellus abramus
Cluster11538,Pipistrellus abramus
Cluster11547,Pipistrellus abramus
Cluster11554,Pipistrellus abramus
Cluster11561,Pipistrellus abramus
Cluster11568,Pipistrellus abramus
Cluster11578,Pipistrellus abramus
Cluster11581,Pipistrellus abramus
Cluster11586,Pipistrellus abramus
Cluster11592,Pipistrellus abramus
Cluster11593,Pipistrellus abramus
Cluster11599,Pipistrellus abramus
Cluster11600,Pipistrellus abramus
Cluster11601,Pipistrellus abramus
Cluster11604,Pipistrellus abramus
Cluster11610,Pipistrellus abramus
Cluster11611,Pipistrellus abramus
Cluster11614,Pipistrellus abramus
Cluster11615,Pipistrellus abramus
Cluster11620,Pipistrellus abramus
Cluster11627,Pipistrellus abramus
Cluster11649,Pipistrellus abramus
Cluster11650,Pipistrellus abramus
Cluster11652,Pipistrellus abramus
Cluster11659,Pipistrellus abramus
Cluster11663,Pipistrellus abramus
Cluster11674,Pipistrellus abramus
Cluster11683,Pipistrellus abramus
Cluster11696,Pipistrellus abramus
Cluster11707,Pipistrellus abramus
Cluster11712,Pipistrellus abramus
Cluster11713,Pipistrellus abramus
Cluster11725,Pipistrellus abramus
Cluster11727,Pipistrellus abramus
Cluster11731,Pipistrellus abramus
Cluster11735,Pipistrellus abramus
Cluster11745,Pipistrellus abramus
Cluster11746,Pipistrellus abramus
Cluster11751,Pipistrellus abramus
Cluster11758,Pipistrellus abramus
Cluster11766,Pipistrellus abramus
Cluster11767,Pipistrellus abramus
Cluster11773,Pipistrellus abramus
Cluster11776,Pipistrellus abramus
Cluster11783,Pipistrellus abramus
Cluster11785,Pipistrellus abramus
Cluster11793,Pipistrellus abramus
Cluster11806,Pipistrellus abramus
Cluster11817,Pipistrellus abramus
Cluster11822,Pipistrellus abramus
Cluster11828,Pipistrellus abramus
Cluster11831,Pipistrellus abramus
Cluster11832,Pipistrellus abramus
Cluster11841,Pipistrellus abramus
Cluster11850,Pipistrellus abramus
Cluster11852,Pipistrellus abramus
Cluster11857,Pipistrellus abramus
Cluster11879,Pipistrellus abramus
Cluster11884,Pipistrellus abramus
Cluster11886,Pipistrellus abramus
Cluster11907,Pipistrellus abramus
Cluster11909,Pipistrellus abramus
Cluster11910,Pipistrellus abramus
Cluster11914,Pipistrellus abramus
Cluster11915,Pipistrellus abramus
Cluster11919,Pipistrellus abramus
Cluster11920,Pipistrellus abramus
Cluster11921,Pipistrellus abramus
Cluster11922,Pipistrellus abramus
Cluster11923,Pipistrellus abramus
Cluster11927,Pipistrellus abramus
Cluster11936,Pipistrellus abramus
Cluster11942,Pipistrellus abramus
Cluster11944,Pipistrellus abramus
Cluster11954,Pipistrellus abramus
Cluster11960,Pipistrellus abramus
Cluster11970,Pipistrellus abramus
Cluster11971,Pipistrellus abramus
Cluster11974,Pipistrellus abramus
Cluster11993,Pipistrellus abramus
Cluster11998,Pipistrellus abramus
Cluster12001,Pipistrellus abramus
Cluster12007,Pipistrellus abramus
Cluster12008,Pipistrellus abramus
Cluster12016,Pipistrellus abramus
Cluster12017,Pipistrellus abramus
Cluster12024,Pipistrellus abramus
Cluster12031,Pipistrellus abramus
Cluster12043,Pipistrellus abramus
Cluster12049,Pipistrellus abramus
Cluster12062,Pipistrellus abramus
Cluster12065,Pipistrellus abramus
Cluster12070,Pipistrellus abramus
Cluster12075,Pipistrellus abramus
Cluster12078,Pipistrellus abramus
Cluster12084,Pipistrellus abramus
Cluster12090,Pipistrellus abramus
Cluster12091,Pipistrellus abramus
Cluster12099,Pipistrellus abramus
Cluster12103,Pipistrellus abramus
Cluster12104,Pipistrellus abramus
Cluster12116,Pipistrellus abramus
Cluster12117,Pipistrellus abramus
Cluster12121,Pipistrellus abramus
Cluster12123,Pipistrellus abramus
Cluster12125,Pipistrellus abramus
Cluster12134,Pipistrellus abramus
Cluster12142,Pipistrellus abramus
Cluster12145,Pipistrellus abramus
Cluster12146,Pipistrellus abramus
Cluster12150,Pipistrellus abramus
Cluster12153,Pipistrellus abramus
Cluster12167,Pipistrellus abramus
Cluster12179,Pipistrellus abramus
Cluster12180,Pipistrellus abramus
Cluster12181,Pipistrellus abramus
Cluster12182,Pipistrellus abramus
Cluster12190,Pipistrellus abramus
Cluster12192,Pipistrellus abramus
Cluster12209,Pipistrellus abramus
Cluster12212,Pipistrellus abramus
Cluster12213,Pipistrellus abramus
Cluster12222,Pipistrellus abramus
Cluster12224,Pipistrellus abramus
Cluster12232,Pipistrellus abramus
Cluster12233,Pipistrellus abramus
Cluster12236,Pipistrellus abramus
Cluster12241,Pipistrellus abramus
Cluster12244,Pipistrellus abramus
Cluster12245,Pipistrellus abramus
Cluster12246,Pipistrellus abramus
Cluster12249,Pipistrellus abramus
Cluster12252,Pipistrellus abramus
Cluster12261,Pipistrellus abramus
Cluster12262,Pipistrellus abramus
Cluster12270,Pipistrellus abramus
Cluster12278,Pipistrellus abramus
Cluster12280,Pipistrellus abramus
Cluster12293,Pipistrellus abramus
Cluster12301,Pipistrellus abramus
Cluster12307,Pipistrellus abramus
Cluster12323,Pipistrellus abramus
Cluster12324,Pipistrellus abramus
Cluster12341,Pipistrellus abramus
Cluster12345,Pipistrellus abramus
Cluster12350,Pipistrellus abramus
Cluster12357,Pipistrellus abramus
Cluster12359,Pipistrellus abramus
Cluster12361,Pipistrellus abramus
Cluster12374,Pipistrellus abramus
Cluster12376,Pipistrellus abramus
Cluster12383,Pipistrellus abramus
Cluster12384,Pipistrellus abramus
Cluster12389,Pipistrellus abramus
Cluster12392,Pipistrellus abramus
Cluster12396,Pipistrellus abramus
Cluster12397,Pipistrellus abramus
Cluster12402,Pipistrellus abramus
Cluster12403,Pipistrellus abramus
Cluster12405,Pipistrellus abramus
Cluster12406,Pipistrellus abramus
Cluster12409,Pipistrellus abramus
Cluster12419,Pipistrellus abramus
Cluster12422,Pipistrellus abramus
Cluster12430,Pipistrellus abramus
Cluster12437,Pipistrellus abramus
Cluster12441,Pipistrellus abramus
Cluster12442,Pipistrellus abramus
Cluster12445,Pipistrellus abramus
Cluster12446,Pipistrellus abramus
Cluster12449,Pipistrellus abramus
Cluster12454,Pipistrellus abramus
Cluster12467,Pipistrellus abramus
Cluster12468,Pipistrellus abramus
Cluster12478,Pipistrellus abramus
Cluster12486,Pipistrellus abramus
Cluster12498,Pipistrellus abramus
Cluster12499,Pipistrellus abramus
Cluster12503,Pipistrellus abramus
Cluster12506,Pipistrellus abramus
Cluster12510,Pipistrellus abramus
Cluster12521,Pipistrellus abramus
Cluster12525,Pipistrellus abramus
Cluster12528,Pipistrellus abramus
Cluster12530,Pipistrellus abramus
Cluster12534,Pipistrellus abramus
Cluster12536,Pipistrellus abramus
Cluster12539,Pipistrellus abramus
Cluster12545,Pipistrellus abramus
Cluster12550,Pipistrellus abramus
Cluster12554,Pipistrellus abramus
Cluster12560,Pipistrellus abramus
Cluster12565,Pipistrellus abramus
Cluster12573,Pipistrellus abramus
Cluster12575,Pipistrellus abramus
Cluster12580,Pipistrellus abramus
Cluster12588,Pipistrellus abramus
Cluster12590,Pipistrellus abramus
Cluster12593,Pipistrellus abramus
Cluster12594,Pipistrellus abramus
Cluster12596,Pipistrellus abramus
Cluster12610,Pipistrellus abramus
Cluster12617,Pipistrellus abramus
Cluster12622,Pipistrellus abramus
Cluster12626,Pipistrellus abramus
Cluster12631,Pipistrellus abramus
Cluster12632,Pipistrellus abramus
Cluster12635,Pipistrellus abramus
Cluster12642,Pipistrellus abramus
Cluster12649,Pipistrellus abramus
Cluster12654,Pipistrellus abramus
Cluster12655,Pipistrellus abramus
Cluster12659,Pipistrellus abramus
Cluster12665,Pipistrellus abramus
Cluster12678,Pipistrellus abramus
Cluster12680,Pipistrellus abramus
Cluster12685,Pipistrellus abramus
Cluster12693,Pipistrellus abramus
Cluster12694,Pipistrellus abramus
Cluster12705,Pipistrellus abramus
Cluster12709,Pipistrellus abramus
Cluster12733,Pipistrellus abramus
Cluster12735,Pipistrellus abramus
Cluster12737,Pipistrellus abramus
Cluster12740,Pipistrellus abramus
Cluster12741,Pipistrellus abramus
Cluster12747,Pipistrellus abramus
Cluster12748,Pipistrellus abramus
Cluster12752,Pipistrellus abramus
Cluster12754,Pipistrellus abramus
Cluster12757,Pipistrellus abramus
Cluster12758,Pipistrellus abramus
Cluster12760,Pipistrellus abramus
Cluster12774,Pipistrellus abramus
Cluster12775,Pipistrellus abramus
Cluster12778,Pipistrellus abramus
Cluster12787,Pipistrellus abramus
Cluster12792,Pipistrellus abramus
Cluster12808,Pipistrellus abramus
Cluster12819,Pipistrellus abramus
Cluster12821,Pipistrellus abramus
Cluster12824,Pipistrellus abramus
Cluster12827,Pipistrellus abramus
Cluster12829,Pipistrellus abramus
Cluster12837,Pipistrellus abramus
Cluster12839,Pipistrellus abramus
Cluster12840,Pipistrellus abramus
Cluster12841,Pipistrellus abramus
Cluster12852,Pipistrellus abramus
Cluster12853,Pipistrellus abramus
Cluster12859,Pipistrellus abramus
Cluster12860,Pipistrellus abramus
Cluster12862,Pipistrellus abramus
Cluster12870,Pipistrellus abramus
Cluster12873,Pipistrellus abramus
Cluster12875,Pipistrellus abramus
Cluster12877,Pipistrellus abramus
Cluster12881,Pipistrellus abramus
Cluster12891,Pipistrellus abramus
Cluster12892,Pipistrellus abramus
Cluster12896,Pipistrellus abramus
Cluster12897,Pipistrellus abramus
Cluster12911,Pipistrellus abramus
Cluster12921,Pipistrellus abramus
Cluster12922,Pipistrellus abramus
Cluster12925,Pipistrellus abramus
Cluster12927,Pipistrellus abramus
Cluster12936,Pipistrellus abramus
Cluster12939,Pipistrellus abramus
Cluster12944,Pipistrellus abramus
Cluster12948,Pipistrellus abramus
Cluster69,Hypsugo pulveratus
Cluster73,Hypsugo pulveratus
Cluster91,Hypsugo pulveratus
Cluster136,Hypsugo pulveratus
Cluster378,Hypsugo pulveratus
Cluster403,Hypsugo pulveratus
Cluster406,Hypsugo pulveratus
Cluster426,Hypsugo pulveratus
Cluster447,Hypsugo pulveratus
Cluster487,Hypsugo pulveratus
Cluster573,Hypsugo pulveratus
Cluster639,Hypsugo pulveratus
Cluster714,Hypsugo pulveratus
Cluster746,Hypsugo pulveratus
Cluster780,Hypsugo pulveratus
Cluster851,Hypsugo pulveratus
Cluster905,Hypsugo pulveratus
Cluster934,Hypsugo pulveratus
Cluster1172,Hypsugo pulveratus
Cluster1215,Hypsugo pulveratus
Cluster1270,Hypsugo pulveratus
Cluster1431,Hypsugo pulveratus
Cluster1498,Hypsugo pulveratus
Cluster1551,Hypsugo pulveratus
Cluster1706,Hypsugo pulveratus
Cluster1812,Hypsugo pulveratus
Cluster1830,Hypsugo pulveratus
Cluster1885,Hypsugo pulveratus
Cluster1942,Hypsugo pulveratus
Cluster1980,Hypsugo pulveratus
Cluster1998,Hypsugo pulveratus
Cluster2190,Hypsugo pulveratus
Cluster2207,Hypsugo pulveratus
Cluster2716,Hypsugo pulveratus
Cluster2920,Hypsugo pulveratus
Cluster3002,Hypsugo pulveratus
Cluster3070,Hypsugo pulveratus
Cluster3135,Hypsugo pulveratus
Cluster3211,Hypsugo pulveratus
Cluster3213,Hypsugo pulveratus
Cluster3297,Hypsugo pulveratus
Cluster3322,Hypsugo pulveratus
Cluster3519,Hypsugo pulveratus
Cluster3552,Hypsugo pulveratus
Cluster3609,Hypsugo pulveratus
Cluster3633,Hypsugo pulveratus
Cluster3682,Hypsugo pulveratus
Cluster3697,Hypsugo pulveratus
Cluster3848,Hypsugo pulveratus
Cluster3906,Hypsugo pulveratus
Cluster3907,Hypsugo pulveratus
Cluster4192,Hypsugo pulveratus
Cluster4219,Hypsugo pulveratus
Cluster4269,Hypsugo pulveratus
Cluster4419,Hypsugo pulveratus
Cluster4447,Hypsugo pulveratus
Cluster4460,Hypsugo pulveratus
Cluster4602,Hypsugo pulveratus
Cluster4662,Hypsugo pulveratus
Cluster4684,Hypsugo pulveratus
Cluster4873,Hypsugo pulveratus
Cluster4944,Hypsugo pulveratus
Cluster5023,Hypsugo pulveratus
Cluster5299,Hypsugo pulveratus
Cluster5360,Hypsugo pulveratus
Cluster5613,Hypsugo pulveratus
Cluster5645,Hypsugo pulveratus
Cluster5679,Hypsugo pulveratus
Cluster5738,Hypsugo pulveratus
Cluster5758,Hypsugo pulveratus
Cluster5763,Hypsugo pulveratus
Cluster5842,Hypsugo pulveratus
Cluster5906,Hypsugo pulveratus
Cluster6053,Hypsugo pulveratus
Cluster6183,Hypsugo pulveratus
Cluster6327,Hypsugo pulveratus
Cluster6410,Hypsugo pulveratus
Cluster6488,Hypsugo pulveratus
Cluster6585,Hypsugo pulveratus
Cluster6595,Hypsugo pulveratus
Cluster6596,Hypsugo pulveratus
Cluster6597,Hypsugo pulveratus
Cluster7055,Hypsugo pulveratus
Cluster7301,Hypsugo pulveratus
Cluster7736,Hypsugo pulveratus
Cluster7752,Hypsugo pulveratus
Cluster7769,Hypsugo pulveratus
Cluster8026,Hypsugo pulveratus
Cluster8134,Hypsugo pulveratus
Cluster8142,Hypsugo pulveratus
Cluster8203,Hypsugo pulveratus
Cluster8287,Hypsugo pulveratus
Cluster8405,Hypsugo pulveratus
Cluster8492,Hypsugo pulveratus
Cluster8508,Hypsugo pulveratus
Cluster8590,Hypsugo pulveratus
Cluster8662,Hypsugo pulveratus
Cluster8762,Hypsugo pulveratus
Cluster8923,Hypsugo pulveratus
Cluster8993,Hypsugo pulveratus
Cluster9084,Hypsugo pulveratus
Cluster9159,Hypsugo pulveratus
Cluster9173,Hypsugo pulveratus
Cluster9212,Hypsugo pulveratus
Cluster9323,Hypsugo pulveratus
Cluster9509,Hypsugo pulveratus
Cluster9613,Hypsugo pulveratus
Cluster9973,Hypsugo pulveratus
Cluster10279,Hypsugo pulveratus
Cluster10933,Hypsugo pulveratus
Cluster11029,Hypsugo pulveratus
Cluster11038,Hypsugo pulveratus
Cluster11155,Hypsugo pulveratus
Cluster11382,Hypsugo pulveratus
Cluster11535,Hypsugo pulveratus
Cluster11723,Hypsugo pulveratus
Cluster11742,Hypsugo pulveratus
Cluster11940,Hypsugo pulveratus
Cluster11945,Hypsugo pulveratus
Cluster12162,Hypsugo pulveratus
Cluster12187,Hypsugo pulveratus
Cluster12400,Hypsugo pulveratus
Cluster12462,Hypsugo pulveratus
Cluster12773,Hypsugo pulveratus
Cluster12820,Hypsugo pulveratus
Cluster12843,Hypsugo pulveratus
Cluster68,Pipistrellus tenuis
Cluster69,Pipistrellus tenuis
Cluster73,Pipistrellus tenuis
Cluster746,Pipistrellus tenuis
Cluster898,Pipistrellus tenuis
Cluster1358,Pipistrellus tenuis
Cluster1431,Pipistrellus tenuis
Cluster1706,Pipistrellus tenuis
Cluster7057,Pipistrellus tenuis
Cluster9111,Pipistrellus tenuis
Cluster9973,Pipistrellus tenuis
Cluster10023,Pipistrellus tenuis
Cluster11536,Pipistrellus tenuis
Cluster0,Rhinolophus affinis
Cluster1,Rhinolophus affinis
Cluster2,Rhinolophus affinis
Cluster3,Rhinolophus affinis
Cluster4,Rhinolophus affinis
Cluster5,Rhinolophus affinis
Cluster6,Rhinolophus affinis
Cluster7,Rhinolophus affinis
Cluster9,Rhinolophus affinis
Cluster10,Rhinolophus affinis
Cluster13,Rhinolophus affinis
Cluster14,Rhinolophus affinis
Cluster18,Rhinolophus affinis
Cluster23,Rhinolophus affinis
Cluster24,Rhinolophus affinis
Cluster25,Rhinolophus affinis
Cluster27,Rhinolophus affinis
Cluster31,Rhinolophus affinis
Cluster36,Rhinolophus affinis
Cluster38,Rhinolophus affinis
Cluster39,Rhinolophus affinis
Cluster43,Rhinolophus affinis
Cluster48,Rhinolophus affinis
Cluster50,Rhinolophus affinis
Cluster51,Rhinolophus affinis
Cluster53,Rhinolophus affinis
Cluster55,Rhinolophus affinis
Cluster76,Rhinolophus affinis
Cluster77,Rhinolophus affinis
Cluster80,Rhinolophus affinis
Cluster86,Rhinolophus affinis
Cluster92,Rhinolophus affinis
Cluster101,Rhinolophus affinis
Cluster102,Rhinolophus affinis
Cluster108,Rhinolophus affinis
Cluster111,Rhinolophus affinis
Cluster119,Rhinolophus affinis
Cluster132,Rhinolophus affinis
Cluster140,Rhinolophus affinis
Cluster142,Rhinolophus affinis
Cluster153,Rhinolophus affinis
Cluster169,Rhinolophus affinis
Cluster171,Rhinolophus affinis
Cluster174,Rhinolophus affinis
Cluster175,Rhinolophus affinis
Cluster214,Rhinolophus affinis
Cluster228,Rhinolophus affinis
Cluster242,Rhinolophus affinis
Cluster244,Rhinolophus affinis
Cluster246,Rhinolophus affinis
Cluster251,Rhinolophus affinis
Cluster264,Rhinolophus affinis
Cluster266,Rhinolophus affinis
Cluster278,Rhinolophus affinis
Cluster279,Rhinolophus affinis
Cluster298,Rhinolophus affinis
Cluster303,Rhinolophus affinis
Cluster309,Rhinolophus affinis
Cluster347,Rhinolophus affinis
Cluster348,Rhinolophus affinis
Cluster362,Rhinolophus affinis
Cluster409,Rhinolophus affinis
Cluster454,Rhinolophus affinis
Cluster463,Rhinolophus affinis
Cluster467,Rhinolophus affinis
Cluster474,Rhinolophus affinis
Cluster486,Rhinolophus affinis
Cluster491,Rhinolophus affinis
Cluster503,Rhinolophus affinis
Cluster505,Rhinolophus affinis
Cluster512,Rhinolophus affinis
Cluster517,Rhinolophus affinis
Cluster518,Rhinolophus affinis
Cluster526,Rhinolophus affinis
Cluster527,Rhinolophus affinis
Cluster529,Rhinolophus affinis
Cluster532,Rhinolophus affinis
Cluster536,Rhinolophus affinis
Cluster537,Rhinolophus affinis
Cluster539,Rhinolophus affinis
Cluster546,Rhinolophus affinis
Cluster548,Rhinolophus affinis
Cluster549,Rhinolophus affinis
Cluster550,Rhinolophus affinis
Cluster552,Rhinolophus affinis
Cluster553,Rhinolophus affinis
Cluster555,Rhinolophus affinis
Cluster556,Rhinolophus affinis
Cluster557,Rhinolophus affinis
Cluster560,Rhinolophus affinis
Cluster562,Rhinolophus affinis
Cluster565,Rhinolophus affinis
Cluster567,Rhinolophus affinis
Cluster568,Rhinolophus affinis
Cluster569,Rhinolophus affinis
Cluster575,Rhinolophus affinis
Cluster577,Rhinolophus affinis
Cluster578,Rhinolophus affinis
Cluster580,Rhinolophus affinis
Cluster582,Rhinolophus affinis
Cluster589,Rhinolophus affinis
Cluster592,Rhinolophus affinis
Cluster596,Rhinolophus affinis
Cluster597,Rhinolophus affinis
Cluster611,Rhinolophus affinis
Cluster612,Rhinolophus affinis
Cluster619,Rhinolophus affinis
Cluster627,Rhinolophus affinis
Cluster633,Rhinolophus affinis
Cluster641,Rhinolophus affinis
Cluster650,Rhinolophus affinis
Cluster659,Rhinolophus affinis
Cluster672,Rhinolophus affinis
Cluster679,Rhinolophus affinis
Cluster710,Rhinolophus affinis
Cluster735,Rhinolophus affinis
Cluster765,Rhinolophus affinis
Cluster767,Rhinolophus affinis
Cluster775,Rhinolophus affinis
Cluster781,Rhinolophus affinis
Cluster797,Rhinolophus affinis
Cluster815,Rhinolophus affinis
Cluster818,Rhinolophus affinis
Cluster840,Rhinolophus affinis
Cluster847,Rhinolophus affinis
Cluster850,Rhinolophus affinis
Cluster876,Rhinolophus affinis
Cluster886,Rhinolophus affinis
Cluster923,Rhinolophus affinis
Cluster928,Rhinolophus affinis
Cluster931,Rhinolophus affinis
Cluster946,Rhinolophus affinis
Cluster947,Rhinolophus affinis
Cluster955,Rhinolophus affinis
Cluster982,Rhinolophus affinis
Cluster983,Rhinolophus affinis
Cluster989,Rhinolophus affinis
Cluster1002,Rhinolophus affinis
Cluster1008,Rhinolophus affinis
Cluster1031,Rhinolophus affinis
Cluster1053,Rhinolophus affinis
Cluster1074,Rhinolophus affinis
Cluster1104,Rhinolophus affinis
Cluster1107,Rhinolophus affinis
Cluster1116,Rhinolophus affinis
Cluster1125,Rhinolophus affinis
Cluster1146,Rhinolophus affinis
Cluster1177,Rhinolophus affinis
Cluster1181,Rhinolophus affinis
Cluster1182,Rhinolophus affinis
Cluster1190,Rhinolophus affinis
Cluster1213,Rhinolophus affinis
Cluster1227,Rhinolophus affinis
Cluster1232,Rhinolophus affinis
Cluster1234,Rhinolophus affinis
Cluster1237,Rhinolophus affinis
Cluster1261,Rhinolophus affinis
Cluster1280,Rhinolophus affinis
Cluster1281,Rhinolophus affinis
Cluster1283,Rhinolophus affinis
Cluster1285,Rhinolophus affinis
Cluster1306,Rhinolophus affinis
Cluster1316,Rhinolophus affinis
Cluster1317,Rhinolophus affinis
Cluster1318,Rhinolophus affinis
Cluster1327,Rhinolophus affinis
Cluster1333,Rhinolophus affinis
Cluster1350,Rhinolophus affinis
Cluster1352,Rhinolophus affinis
Cluster1388,Rhinolophus affinis
Cluster1390,Rhinolophus affinis
Cluster1402,Rhinolophus affinis
Cluster1412,Rhinolophus affinis
Cluster1415,Rhinolophus affinis
Cluster1417,Rhinolophus affinis
Cluster1433,Rhinolophus affinis
Cluster1444,Rhinolophus affinis
Cluster1447,Rhinolophus affinis
Cluster1458,Rhinolophus affinis
Cluster1475,Rhinolophus affinis
Cluster1481,Rhinolophus affinis
Cluster1499,Rhinolophus affinis
Cluster1509,Rhinolophus affinis
Cluster1529,Rhinolophus affinis
Cluster1536,Rhinolophus affinis
Cluster1555,Rhinolophus affinis
Cluster1562,Rhinolophus affinis
Cluster1598,Rhinolophus affinis
Cluster1599,Rhinolophus affinis
Cluster1604,Rhinolophus affinis
Cluster1605,Rhinolophus affinis
Cluster1625,Rhinolophus affinis
Cluster1628,Rhinolophus affinis
Cluster1638,Rhinolophus affinis
Cluster1659,Rhinolophus affinis
Cluster1669,Rhinolophus affinis
Cluster1702,Rhinolophus affinis
Cluster1705,Rhinolophus affinis
Cluster1733,Rhinolophus affinis
Cluster1735,Rhinolophus affinis
Cluster1760,Rhinolophus affinis
Cluster1761,Rhinolophus affinis
Cluster1769,Rhinolophus affinis
Cluster1788,Rhinolophus affinis
Cluster1789,Rhinolophus affinis
Cluster1795,Rhinolophus affinis
Cluster1804,Rhinolophus affinis
Cluster1818,Rhinolophus affinis
Cluster1819,Rhinolophus affinis
Cluster1829,Rhinolophus affinis
Cluster1833,Rhinolophus affinis
Cluster1839,Rhinolophus affinis
Cluster1846,Rhinolophus affinis
Cluster1880,Rhinolophus affinis
Cluster1881,Rhinolophus affinis
Cluster1883,Rhinolophus affinis
Cluster1885,Rhinolophus affinis
Cluster1887,Rhinolophus affinis
Cluster1889,Rhinolophus affinis
Cluster1914,Rhinolophus affinis
Cluster1915,Rhinolophus affinis
Cluster1931,Rhinolophus affinis
Cluster1934,Rhinolophus affinis
Cluster1944,Rhinolophus affinis
Cluster1953,Rhinolophus affinis
Cluster1955,Rhinolophus affinis
Cluster1957,Rhinolophus affinis
Cluster1965,Rhinolophus affinis
Cluster1966,Rhinolophus affinis
Cluster1982,Rhinolophus affinis
Cluster1983,Rhinolophus affinis
Cluster1986,Rhinolophus affinis
Cluster2014,Rhinolophus affinis
Cluster2026,Rhinolophus affinis
Cluster2027,Rhinolophus affinis
Cluster2032,Rhinolophus affinis
Cluster2033,Rhinolophus affinis
Cluster2048,Rhinolophus affinis
Cluster2054,Rhinolophus affinis
Cluster2055,Rhinolophus affinis
Cluster2056,Rhinolophus affinis
Cluster2057,Rhinolophus affinis
Cluster2074,Rhinolophus affinis
Cluster2082,Rhinolophus affinis
Cluster2110,Rhinolophus affinis
Cluster2116,Rhinolophus affinis
Cluster2119,Rhinolophus affinis
Cluster2124,Rhinolophus affinis
Cluster2125,Rhinolophus affinis
Cluster2134,Rhinolophus affinis
Cluster2185,Rhinolophus affinis
Cluster2195,Rhinolophus affinis
Cluster2211,Rhinolophus affinis
Cluster2219,Rhinolophus affinis
Cluster2222,Rhinolophus affinis
Cluster2230,Rhinolophus affinis
Cluster2251,Rhinolophus affinis
Cluster2255,Rhinolophus affinis
Cluster2277,Rhinolophus affinis
Cluster2292,Rhinolophus affinis
Cluster2302,Rhinolophus affinis
Cluster2311,Rhinolophus affinis
Cluster2321,Rhinolophus affinis
Cluster2333,Rhinolophus affinis
Cluster2334,Rhinolophus affinis
Cluster2347,Rhinolophus affinis
Cluster2355,Rhinolophus affinis
Cluster2364,Rhinolophus affinis
Cluster2371,Rhinolophus affinis
Cluster2382,Rhinolophus affinis
Cluster2395,Rhinolophus affinis
Cluster2397,Rhinolophus affinis
Cluster2401,Rhinolophus affinis
Cluster2411,Rhinolophus affinis
Cluster2415,Rhinolophus affinis
Cluster2434,Rhinolophus affinis
Cluster2436,Rhinolophus affinis
Cluster2452,Rhinolophus affinis
Cluster2464,Rhinolophus affinis
Cluster2468,Rhinolophus affinis
Cluster2486,Rhinolophus affinis
Cluster2495,Rhinolophus affinis
Cluster2501,Rhinolophus affinis
Cluster2507,Rhinolophus affinis
Cluster2509,Rhinolophus affinis
Cluster2513,Rhinolophus affinis
Cluster2517,Rhinolophus affinis
Cluster2522,Rhinolophus affinis
Cluster2540,Rhinolophus affinis
Cluster2541,Rhinolophus affinis
Cluster2548,Rhinolophus affinis
Cluster2557,Rhinolophus affinis
Cluster2564,Rhinolophus affinis
Cluster2573,Rhinolophus affinis
Cluster2581,Rhinolophus affinis
Cluster2589,Rhinolophus affinis
Cluster2613,Rhinolophus affinis
Cluster2618,Rhinolophus affinis
Cluster2628,Rhinolophus affinis
Cluster2629,Rhinolophus affinis
Cluster2630,Rhinolophus affinis
Cluster2661,Rhinolophus affinis
Cluster2664,Rhinolophus affinis
Cluster2683,Rhinolophus affinis
Cluster2693,Rhinolophus affinis
Cluster2717,Rhinolophus affinis
Cluster2726,Rhinolophus affinis
Cluster2728,Rhinolophus affinis
Cluster2743,Rhinolophus affinis
Cluster2750,Rhinolophus affinis
Cluster2756,Rhinolophus affinis
Cluster2758,Rhinolophus affinis
Cluster2767,Rhinolophus affinis
Cluster2773,Rhinolophus affinis
Cluster2779,Rhinolophus affinis
Cluster2797,Rhinolophus affinis
Cluster2806,Rhinolophus affinis
Cluster2809,Rhinolophus affinis
Cluster2829,Rhinolophus affinis
Cluster2842,Rhinolophus affinis
Cluster2852,Rhinolophus affinis
Cluster2859,Rhinolophus affinis
Cluster2862,Rhinolophus affinis
Cluster2870,Rhinolophus affinis
Cluster2900,Rhinolophus affinis
Cluster2904,Rhinolophus affinis
Cluster2927,Rhinolophus affinis
Cluster2936,Rhinolophus affinis
Cluster2960,Rhinolophus affinis
Cluster2963,Rhinolophus affinis
Cluster2965,Rhinolophus affinis
Cluster2976,Rhinolophus affinis
Cluster2997,Rhinolophus affinis
Cluster3004,Rhinolophus affinis
Cluster3005,Rhinolophus affinis
Cluster3007,Rhinolophus affinis
Cluster3016,Rhinolophus affinis
Cluster3023,Rhinolophus affinis
Cluster3063,Rhinolophus affinis
Cluster3077,Rhinolophus affinis
Cluster3085,Rhinolophus affinis
Cluster3092,Rhinolophus affinis
Cluster3103,Rhinolophus affinis
Cluster3110,Rhinolophus affinis
Cluster3111,Rhinolophus affinis
Cluster3121,Rhinolophus affinis
Cluster3126,Rhinolophus affinis
Cluster3129,Rhinolophus affinis
Cluster3138,Rhinolophus affinis
Cluster3151,Rhinolophus affinis
Cluster3152,Rhinolophus affinis
Cluster3158,Rhinolophus affinis
Cluster3160,Rhinolophus affinis
Cluster3168,Rhinolophus affinis
Cluster3190,Rhinolophus affinis
Cluster3222,Rhinolophus affinis
Cluster3231,Rhinolophus affinis
Cluster3241,Rhinolophus affinis
Cluster3249,Rhinolophus affinis
Cluster3254,Rhinolophus affinis
Cluster3268,Rhinolophus affinis
Cluster3280,Rhinolophus affinis
Cluster3300,Rhinolophus affinis
Cluster3302,Rhinolophus affinis
Cluster3326,Rhinolophus affinis
Cluster3332,Rhinolophus affinis
Cluster3335,Rhinolophus affinis
Cluster3358,Rhinolophus affinis
Cluster3361,Rhinolophus affinis
Cluster3365,Rhinolophus affinis
Cluster3367,Rhinolophus affinis
Cluster3373,Rhinolophus affinis
Cluster3394,Rhinolophus affinis
Cluster3420,Rhinolophus affinis
Cluster3424,Rhinolophus affinis
Cluster3441,Rhinolophus affinis
Cluster3453,Rhinolophus affinis
Cluster3456,Rhinolophus affinis
Cluster3464,Rhinolophus affinis
Cluster3483,Rhinolophus affinis
Cluster3505,Rhinolophus affinis
Cluster3520,Rhinolophus affinis
Cluster3522,Rhinolophus affinis
Cluster3523,Rhinolophus affinis
Cluster3581,Rhinolophus affinis
Cluster3592,Rhinolophus affinis
Cluster3601,Rhinolophus affinis
Cluster3615,Rhinolophus affinis
Cluster3619,Rhinolophus affinis
Cluster3625,Rhinolophus affinis
Cluster3628,Rhinolophus affinis
Cluster3640,Rhinolophus affinis
Cluster3649,Rhinolophus affinis
Cluster3716,Rhinolophus affinis
Cluster3723,Rhinolophus affinis
Cluster3726,Rhinolophus affinis
Cluster3733,Rhinolophus affinis
Cluster3739,Rhinolophus affinis
Cluster3747,Rhinolophus affinis
Cluster3756,Rhinolophus affinis
Cluster3763,Rhinolophus affinis
Cluster3785,Rhinolophus affinis
Cluster3787,Rhinolophus affinis
Cluster3799,Rhinolophus affinis
Cluster3802,Rhinolophus affinis
Cluster3806,Rhinolophus affinis
Cluster3822,Rhinolophus affinis
Cluster3828,Rhinolophus affinis
Cluster3862,Rhinolophus affinis
Cluster3903,Rhinolophus affinis
Cluster3905,Rhinolophus affinis
Cluster3926,Rhinolophus affinis
Cluster3933,Rhinolophus affinis
Cluster3953,Rhinolophus affinis
Cluster3958,Rhinolophus affinis
Cluster3967,Rhinolophus affinis
Cluster3981,Rhinolophus affinis
Cluster4025,Rhinolophus affinis
Cluster4041,Rhinolophus affinis
Cluster4046,Rhinolophus affinis
Cluster4057,Rhinolophus affinis
Cluster4080,Rhinolophus affinis
Cluster4091,Rhinolophus affinis
Cluster4098,Rhinolophus affinis
Cluster4102,Rhinolophus affinis
Cluster4154,Rhinolophus affinis
Cluster4174,Rhinolophus affinis
Cluster4181,Rhinolophus affinis
Cluster4182,Rhinolophus affinis
Cluster4184,Rhinolophus affinis
Cluster4201,Rhinolophus affinis
Cluster4212,Rhinolophus affinis
Cluster4245,Rhinolophus affinis
Cluster4267,Rhinolophus affinis
Cluster4273,Rhinolophus affinis
Cluster4310,Rhinolophus affinis
Cluster4331,Rhinolophus affinis
Cluster4335,Rhinolophus affinis
Cluster4354,Rhinolophus affinis
Cluster4368,Rhinolophus affinis
Cluster4388,Rhinolophus affinis
Cluster4393,Rhinolophus affinis
Cluster4396,Rhinolophus affinis
Cluster4421,Rhinolophus affinis
Cluster4429,Rhinolophus affinis
Cluster4477,Rhinolophus affinis
Cluster4503,Rhinolophus affinis
Cluster4520,Rhinolophus affinis
Cluster4545,Rhinolophus affinis
Cluster4565,Rhinolophus affinis
Cluster4567,Rhinolophus affinis
Cluster4572,Rhinolophus affinis
Cluster4595,Rhinolophus affinis
Cluster4630,Rhinolophus affinis
Cluster4643,Rhinolophus affinis
Cluster4648,Rhinolophus affinis
Cluster4651,Rhinolophus affinis
Cluster4664,Rhinolophus affinis
Cluster4678,Rhinolophus affinis
Cluster4689,Rhinolophus affinis
Cluster4708,Rhinolophus affinis
Cluster4738,Rhinolophus affinis
Cluster4751,Rhinolophus affinis
Cluster4753,Rhinolophus affinis
Cluster4755,Rhinolophus affinis
Cluster4773,Rhinolophus affinis
Cluster4779,Rhinolophus affinis
Cluster4815,Rhinolophus affinis
Cluster4824,Rhinolophus affinis
Cluster4827,Rhinolophus affinis
Cluster4855,Rhinolophus affinis
Cluster4875,Rhinolophus affinis
Cluster4899,Rhinolophus affinis
Cluster4900,Rhinolophus affinis
Cluster4911,Rhinolophus affinis
Cluster4917,Rhinolophus affinis
Cluster4920,Rhinolophus affinis
Cluster4923,Rhinolophus affinis
Cluster4931,Rhinolophus affinis
Cluster4932,Rhinolophus affinis
Cluster4940,Rhinolophus affinis
Cluster4953,Rhinolophus affinis
Cluster4954,Rhinolophus affinis
Cluster4961,Rhinolophus affinis
Cluster4965,Rhinolophus affinis
Cluster4969,Rhinolophus affinis
Cluster4972,Rhinolophus affinis
Cluster4991,Rhinolophus affinis
Cluster5050,Rhinolophus affinis
Cluster5080,Rhinolophus affinis
Cluster5091,Rhinolophus affinis
Cluster5099,Rhinolophus affinis
Cluster5100,Rhinolophus affinis
Cluster5128,Rhinolophus affinis
Cluster5134,Rhinolophus affinis
Cluster5141,Rhinolophus affinis
Cluster5146,Rhinolophus affinis
Cluster5152,Rhinolophus affinis
Cluster5174,Rhinolophus affinis
Cluster5184,Rhinolophus affinis
Cluster5201,Rhinolophus affinis
Cluster5207,Rhinolophus affinis
Cluster5211,Rhinolophus affinis
Cluster5230,Rhinolophus affinis
Cluster5234,Rhinolophus affinis
Cluster5255,Rhinolophus affinis
Cluster5256,Rhinolophus affinis
Cluster5268,Rhinolophus affinis
Cluster5271,Rhinolophus affinis
Cluster5289,Rhinolophus affinis
Cluster5342,Rhinolophus affinis
Cluster5363,Rhinolophus affinis
Cluster5420,Rhinolophus affinis
Cluster5421,Rhinolophus affinis
Cluster5422,Rhinolophus affinis
Cluster5423,Rhinolophus affinis
Cluster5439,Rhinolophus affinis
Cluster5457,Rhinolophus affinis
Cluster5464,Rhinolophus affinis
Cluster5486,Rhinolophus affinis
Cluster5489,Rhinolophus affinis
Cluster5491,Rhinolophus affinis
Cluster5510,Rhinolophus affinis
Cluster5559,Rhinolophus affinis
Cluster5580,Rhinolophus affinis
Cluster5585,Rhinolophus affinis
Cluster5588,Rhinolophus affinis
Cluster5592,Rhinolophus affinis
Cluster5600,Rhinolophus affinis
Cluster5610,Rhinolophus affinis
Cluster5632,Rhinolophus affinis
Cluster5647,Rhinolophus affinis
Cluster5656,Rhinolophus affinis
Cluster5687,Rhinolophus affinis
Cluster5717,Rhinolophus affinis
Cluster5718,Rhinolophus affinis
Cluster5761,Rhinolophus affinis
Cluster5771,Rhinolophus affinis
Cluster5785,Rhinolophus affinis
Cluster5803,Rhinolophus affinis
Cluster5834,Rhinolophus affinis
Cluster5837,Rhinolophus affinis
Cluster5846,Rhinolophus affinis
Cluster5856,Rhinolophus affinis
Cluster5893,Rhinolophus affinis
Cluster5894,Rhinolophus affinis
Cluster5903,Rhinolophus affinis
Cluster5909,Rhinolophus affinis
Cluster5927,Rhinolophus affinis
Cluster5932,Rhinolophus affinis
Cluster5945,Rhinolophus affinis
Cluster5949,Rhinolophus affinis
Cluster5966,Rhinolophus affinis
Cluster5970,Rhinolophus affinis
Cluster5971,Rhinolophus affinis
Cluster5986,Rhinolophus affinis
Cluster5995,Rhinolophus affinis
Cluster6006,Rhinolophus affinis
Cluster6018,Rhinolophus affinis
Cluster6022,Rhinolophus affinis
Cluster6025,Rhinolophus affinis
Cluster6030,Rhinolophus affinis
Cluster6052,Rhinolophus affinis
Cluster6061,Rhinolophus affinis
Cluster6067,Rhinolophus affinis
Cluster6068,Rhinolophus affinis
Cluster6086,Rhinolophus affinis
Cluster6088,Rhinolophus affinis
Cluster6099,Rhinolophus affinis
Cluster6106,Rhinolophus affinis
Cluster6114,Rhinolophus affinis
Cluster6119,Rhinolophus affinis
Cluster6122,Rhinolophus affinis
Cluster6135,Rhinolophus affinis
Cluster6137,Rhinolophus affinis
Cluster6158,Rhinolophus affinis
Cluster6160,Rhinolophus affinis
Cluster6161,Rhinolophus affinis
Cluster6193,Rhinolophus affinis
Cluster6208,Rhinolophus affinis
Cluster6218,Rhinolophus affinis
Cluster6250,Rhinolophus affinis
Cluster6259,Rhinolophus affinis
Cluster6261,Rhinolophus affinis
Cluster6265,Rhinolophus affinis
Cluster6296,Rhinolophus affinis
Cluster6297,Rhinolophus affinis
Cluster6307,Rhinolophus affinis
Cluster6337,Rhinolophus affinis
Cluster6346,Rhinolophus affinis
Cluster6353,Rhinolophus affinis
Cluster6358,Rhinolophus affinis
Cluster6372,Rhinolophus affinis
Cluster6384,Rhinolophus affinis
Cluster6392,Rhinolophus affinis
Cluster6417,Rhinolophus affinis
Cluster6429,Rhinolophus affinis
Cluster6443,Rhinolophus affinis
Cluster6454,Rhinolophus affinis
Cluster6503,Rhinolophus affinis
Cluster6505,Rhinolophus affinis
Cluster6511,Rhinolophus affinis
Cluster6515,Rhinolophus affinis
Cluster6531,Rhinolophus affinis
Cluster6535,Rhinolophus affinis
Cluster6538,Rhinolophus affinis
Cluster6545,Rhinolophus affinis
Cluster6556,Rhinolophus affinis
Cluster6565,Rhinolophus affinis
Cluster6599,Rhinolophus affinis
Cluster6615,Rhinolophus affinis
Cluster6635,Rhinolophus affinis
Cluster6656,Rhinolophus affinis
Cluster6674,Rhinolophus affinis
Cluster6677,Rhinolophus affinis
Cluster6709,Rhinolophus affinis
Cluster6714,Rhinolophus affinis
Cluster6715,Rhinolophus affinis
Cluster6731,Rhinolophus affinis
Cluster6753,Rhinolophus affinis
Cluster6756,Rhinolophus affinis
Cluster6769,Rhinolophus affinis
Cluster6776,Rhinolophus affinis
Cluster6778,Rhinolophus affinis
Cluster6797,Rhinolophus affinis
Cluster6839,Rhinolophus affinis
Cluster6852,Rhinolophus affinis
Cluster6854,Rhinolophus affinis
Cluster6869,Rhinolophus affinis
Cluster6884,Rhinolophus affinis
Cluster6898,Rhinolophus affinis
Cluster6930,Rhinolophus affinis
Cluster6968,Rhinolophus affinis
Cluster6978,Rhinolophus affinis
Cluster6989,Rhinolophus affinis
Cluster7002,Rhinolophus affinis
Cluster7011,Rhinolophus affinis
Cluster7018,Rhinolophus affinis
Cluster7028,Rhinolophus affinis
Cluster7044,Rhinolophus affinis
Cluster7045,Rhinolophus affinis
Cluster7059,Rhinolophus affinis
Cluster7068,Rhinolophus affinis
Cluster7071,Rhinolophus affinis
Cluster7086,Rhinolophus affinis
Cluster7109,Rhinolophus affinis
Cluster7111,Rhinolophus affinis
Cluster7128,Rhinolophus affinis
Cluster7131,Rhinolophus affinis
Cluster7160,Rhinolophus affinis
Cluster7162,Rhinolophus affinis
Cluster7183,Rhinolophus affinis
Cluster7184,Rhinolophus affinis
Cluster7185,Rhinolophus affinis
Cluster7187,Rhinolophus affinis
Cluster7189,Rhinolophus affinis
Cluster7192,Rhinolophus affinis
Cluster7205,Rhinolophus affinis
Cluster7212,Rhinolophus affinis
Cluster7227,Rhinolophus affinis
Cluster7252,Rhinolophus affinis
Cluster7258,Rhinolophus affinis
Cluster7277,Rhinolophus affinis
Cluster7297,Rhinolophus affinis
Cluster7325,Rhinolophus affinis
Cluster7329,Rhinolophus affinis
Cluster7343,Rhinolophus affinis
Cluster7348,Rhinolophus affinis
Cluster7350,Rhinolophus affinis
Cluster7353,Rhinolophus affinis
Cluster7394,Rhinolophus affinis
Cluster7423,Rhinolophus affinis
Cluster7425,Rhinolophus affinis
Cluster7445,Rhinolophus affinis
Cluster7466,Rhinolophus affinis
Cluster7472,Rhinolophus affinis
Cluster7505,Rhinolophus affinis
Cluster7516,Rhinolophus affinis
Cluster7518,Rhinolophus affinis
Cluster7543,Rhinolophus affinis
Cluster7552,Rhinolophus affinis
Cluster7580,Rhinolophus affinis
Cluster7581,Rhinolophus affinis
Cluster7590,Rhinolophus affinis
Cluster7614,Rhinolophus affinis
Cluster7622,Rhinolophus affinis
Cluster7648,Rhinolophus affinis
Cluster7664,Rhinolophus affinis
Cluster7666,Rhinolophus affinis
Cluster7691,Rhinolophus affinis
Cluster7696,Rhinolophus affinis
Cluster7735,Rhinolophus affinis
Cluster7750,Rhinolophus affinis
Cluster7757,Rhinolophus affinis
Cluster7779,Rhinolophus affinis
Cluster7782,Rhinolophus affinis
Cluster7784,Rhinolophus affinis
Cluster7795,Rhinolophus affinis
Cluster7800,Rhinolophus affinis
Cluster7805,Rhinolophus affinis
Cluster7813,Rhinolophus affinis
Cluster7819,Rhinolophus affinis
Cluster7820,Rhinolophus affinis
Cluster7823,Rhinolophus affinis
Cluster7827,Rhinolophus affinis
Cluster7849,Rhinolophus affinis
Cluster7853,Rhinolophus affinis
Cluster7893,Rhinolophus affinis
Cluster7904,Rhinolophus affinis
Cluster7918,Rhinolophus affinis
Cluster7924,Rhinolophus affinis
Cluster7926,Rhinolophus affinis
Cluster7928,Rhinolophus affinis
Cluster7999,Rhinolophus affinis
Cluster8011,Rhinolophus affinis
Cluster8012,Rhinolophus affinis
Cluster8044,Rhinolophus affinis
Cluster8054,Rhinolophus affinis
Cluster8068,Rhinolophus affinis
Cluster8081,Rhinolophus affinis
Cluster8088,Rhinolophus affinis
Cluster8090,Rhinolophus affinis
Cluster8125,Rhinolophus affinis
Cluster8129,Rhinolophus affinis
Cluster8148,Rhinolophus affinis
Cluster8152,Rhinolophus affinis
Cluster8163,Rhinolophus affinis
Cluster8172,Rhinolophus affinis
Cluster8178,Rhinolophus affinis
Cluster8196,Rhinolophus affinis
Cluster8204,Rhinolophus affinis
Cluster8217,Rhinolophus affinis
Cluster8218,Rhinolophus affinis
Cluster8225,Rhinolophus affinis
Cluster8231,Rhinolophus affinis
Cluster8266,Rhinolophus affinis
Cluster8303,Rhinolophus affinis
Cluster8304,Rhinolophus affinis
Cluster8306,Rhinolophus affinis
Cluster8315,Rhinolophus affinis
Cluster8335,Rhinolophus affinis
Cluster8338,Rhinolophus affinis
Cluster8362,Rhinolophus affinis
Cluster8378,Rhinolophus affinis
Cluster8400,Rhinolophus affinis
Cluster8402,Rhinolophus affinis
Cluster8406,Rhinolophus affinis
Cluster8412,Rhinolophus affinis
Cluster8435,Rhinolophus affinis
Cluster8458,Rhinolophus affinis
Cluster8459,Rhinolophus affinis
Cluster8462,Rhinolophus affinis
Cluster8466,Rhinolophus affinis
Cluster8477,Rhinolophus affinis
Cluster8479,Rhinolophus affinis
Cluster8502,Rhinolophus affinis
Cluster8555,Rhinolophus affinis
Cluster8571,Rhinolophus affinis
Cluster8612,Rhinolophus affinis
Cluster8634,Rhinolophus affinis
Cluster8636,Rhinolophus affinis
Cluster8638,Rhinolophus affinis
Cluster8670,Rhinolophus affinis
Cluster8683,Rhinolophus affinis
Cluster8699,Rhinolophus affinis
Cluster8708,Rhinolophus affinis
Cluster8749,Rhinolophus affinis
Cluster8759,Rhinolophus affinis
Cluster8767,Rhinolophus affinis
Cluster8784,Rhinolophus affinis
Cluster8791,Rhinolophus affinis
Cluster8797,Rhinolophus affinis
Cluster8806,Rhinolophus affinis
Cluster8822,Rhinolophus affinis
Cluster8834,Rhinolophus affinis
Cluster8835,Rhinolophus affinis
Cluster8838,Rhinolophus affinis
Cluster8841,Rhinolophus affinis
Cluster8908,Rhinolophus affinis
Cluster8920,Rhinolophus affinis
Cluster8941,Rhinolophus affinis
Cluster8949,Rhinolophus affinis
Cluster8962,Rhinolophus affinis
Cluster8970,Rhinolophus affinis
Cluster8980,Rhinolophus affinis
Cluster8987,Rhinolophus affinis
Cluster9001,Rhinolophus affinis
Cluster9002,Rhinolophus affinis
Cluster9033,Rhinolophus affinis
Cluster9052,Rhinolophus affinis
Cluster9055,Rhinolophus affinis
Cluster9080,Rhinolophus affinis
Cluster9092,Rhinolophus affinis
Cluster9105,Rhinolophus affinis
Cluster9118,Rhinolophus affinis
Cluster9122,Rhinolophus affinis
Cluster9128,Rhinolophus affinis
Cluster9135,Rhinolophus affinis
Cluster9145,Rhinolophus affinis
Cluster9156,Rhinolophus affinis
Cluster9163,Rhinolophus affinis
Cluster9168,Rhinolophus affinis
Cluster9201,Rhinolophus affinis
Cluster9202,Rhinolophus affinis
Cluster9208,Rhinolophus affinis
Cluster9226,Rhinolophus affinis
Cluster9258,Rhinolophus affinis
Cluster9261,Rhinolophus affinis
Cluster9266,Rhinolophus affinis
Cluster9313,Rhinolophus affinis
Cluster9320,Rhinolophus affinis
Cluster9335,Rhinolophus affinis
Cluster9336,Rhinolophus affinis
Cluster9338,Rhinolophus affinis
Cluster9369,Rhinolophus affinis
Cluster9374,Rhinolophus affinis
Cluster9383,Rhinolophus affinis
Cluster9433,Rhinolophus affinis
Cluster9451,Rhinolophus affinis
Cluster9465,Rhinolophus affinis
Cluster9482,Rhinolophus affinis
Cluster9508,Rhinolophus affinis
Cluster9515,Rhinolophus affinis
Cluster9525,Rhinolophus affinis
Cluster9540,Rhinolophus affinis
Cluster9542,Rhinolophus affinis
Cluster9579,Rhinolophus affinis
Cluster9582,Rhinolophus affinis
Cluster9591,Rhinolophus affinis
Cluster9594,Rhinolophus affinis
Cluster9601,Rhinolophus affinis
Cluster9626,Rhinolophus affinis
Cluster9637,Rhinolophus affinis
Cluster9646,Rhinolophus affinis
Cluster9663,Rhinolophus affinis
Cluster9672,Rhinolophus affinis
Cluster9680,Rhinolophus affinis
Cluster9682,Rhinolophus affinis
Cluster9692,Rhinolophus affinis
Cluster9697,Rhinolophus affinis
Cluster9699,Rhinolophus affinis
Cluster9750,Rhinolophus affinis
Cluster9752,Rhinolophus affinis
Cluster9755,Rhinolophus affinis
Cluster9781,Rhinolophus affinis
Cluster9802,Rhinolophus affinis
Cluster9824,Rhinolophus affinis
Cluster9836,Rhinolophus affinis
Cluster9872,Rhinolophus affinis
Cluster9875,Rhinolophus affinis
Cluster9878,Rhinolophus affinis
Cluster9891,Rhinolophus affinis
Cluster9902,Rhinolophus affinis
Cluster9909,Rhinolophus affinis
Cluster9947,Rhinolophus affinis
Cluster9950,Rhinolophus affinis
Cluster9957,Rhinolophus affinis
Cluster9967,Rhinolophus affinis
Cluster10004,Rhinolophus affinis
Cluster10010,Rhinolophus affinis
Cluster10022,Rhinolophus affinis
Cluster10045,Rhinolophus affinis
Cluster10093,Rhinolophus affinis
Cluster10095,Rhinolophus affinis
Cluster10098,Rhinolophus affinis
Cluster10117,Rhinolophus affinis
Cluster10122,Rhinolophus affinis
Cluster10128,Rhinolophus affinis
Cluster10136,Rhinolophus affinis
Cluster10139,Rhinolophus affinis
Cluster10184,Rhinolophus affinis
Cluster10193,Rhinolophus affinis
Cluster10220,Rhinolophus affinis
Cluster10226,Rhinolophus affinis
Cluster10238,Rhinolophus affinis
Cluster10242,Rhinolophus affinis
Cluster10299,Rhinolophus affinis
Cluster10306,Rhinolophus affinis
Cluster10308,Rhinolophus affinis
Cluster10311,Rhinolophus affinis
Cluster10316,Rhinolophus affinis
Cluster10341,Rhinolophus affinis
Cluster10342,Rhinolophus affinis
Cluster10356,Rhinolophus affinis
Cluster10365,Rhinolophus affinis
Cluster10388,Rhinolophus affinis
Cluster10395,Rhinolophus affinis
Cluster10424,Rhinolophus affinis
Cluster10430,Rhinolophus affinis
Cluster10460,Rhinolophus affinis
Cluster10466,Rhinolophus affinis
Cluster10472,Rhinolophus affinis
Cluster10478,Rhinolophus affinis
Cluster10479,Rhinolophus affinis
Cluster10480,Rhinolophus affinis
Cluster10511,Rhinolophus affinis
Cluster10529,Rhinolophus affinis
Cluster10534,Rhinolophus affinis
Cluster10589,Rhinolophus affinis
Cluster10601,Rhinolophus affinis
Cluster10606,Rhinolophus affinis
Cluster10627,Rhinolophus affinis
Cluster10646,Rhinolophus affinis
Cluster10657,Rhinolophus affinis
Cluster10661,Rhinolophus affinis
Cluster10663,Rhinolophus affinis
Cluster10677,Rhinolophus affinis
Cluster10678,Rhinolophus affinis
Cluster10686,Rhinolophus affinis
Cluster10723,Rhinolophus affinis
Cluster10730,Rhinolophus affinis
Cluster10753,Rhinolophus affinis
Cluster10772,Rhinolophus affinis
Cluster10780,Rhinolophus affinis
Cluster10785,Rhinolophus affinis
Cluster10792,Rhinolophus affinis
Cluster10803,Rhinolophus affinis
Cluster10811,Rhinolophus affinis
Cluster10818,Rhinolophus affinis
Cluster10847,Rhinolophus affinis
Cluster10901,Rhinolophus affinis
Cluster10905,Rhinolophus affinis
Cluster10911,Rhinolophus affinis
Cluster10913,Rhinolophus affinis
Cluster10914,Rhinolophus affinis
Cluster10948,Rhinolophus affinis
Cluster10959,Rhinolophus affinis
Cluster10977,Rhinolophus affinis
Cluster10980,Rhinolophus affinis
Cluster10994,Rhinolophus affinis
Cluster11004,Rhinolophus affinis
Cluster11051,Rhinolophus affinis
Cluster11052,Rhinolophus affinis
Cluster11062,Rhinolophus affinis
Cluster11100,Rhinolophus affinis
Cluster11102,Rhinolophus affinis
Cluster11120,Rhinolophus affinis
Cluster11121,Rhinolophus affinis
Cluster11127,Rhinolophus affinis
Cluster11135,Rhinolophus affinis
Cluster11137,Rhinolophus affinis
Cluster11171,Rhinolophus affinis
Cluster11180,Rhinolophus affinis
Cluster11223,Rhinolophus affinis
Cluster11227,Rhinolophus affinis
Cluster11232,Rhinolophus affinis
Cluster11234,Rhinolophus affinis
Cluster11236,Rhinolophus affinis
Cluster11243,Rhinolophus affinis
Cluster11255,Rhinolophus affinis
Cluster11261,Rhinolophus affinis
Cluster11264,Rhinolophus affinis
Cluster11284,Rhinolophus affinis
Cluster11289,Rhinolophus affinis
Cluster11308,Rhinolophus affinis
Cluster11309,Rhinolophus affinis
Cluster11311,Rhinolophus affinis
Cluster11325,Rhinolophus affinis
Cluster11326,Rhinolophus affinis
Cluster11345,Rhinolophus affinis
Cluster11360,Rhinolophus affinis
Cluster11386,Rhinolophus affinis
Cluster11390,Rhinolophus affinis
Cluster11395,Rhinolophus affinis
Cluster11396,Rhinolophus affinis
Cluster11403,Rhinolophus affinis
Cluster11408,Rhinolophus affinis
Cluster11428,Rhinolophus affinis
Cluster11433,Rhinolophus affinis
Cluster11448,Rhinolophus affinis
Cluster11461,Rhinolophus affinis
Cluster11468,Rhinolophus affinis
Cluster11475,Rhinolophus affinis
Cluster11478,Rhinolophus affinis
Cluster11503,Rhinolophus affinis
Cluster11515,Rhinolophus affinis
Cluster11523,Rhinolophus affinis
Cluster11546,Rhinolophus affinis
Cluster11588,Rhinolophus affinis
Cluster11624,Rhinolophus affinis
Cluster11632,Rhinolophus affinis
Cluster11637,Rhinolophus affinis
Cluster11639,Rhinolophus affinis
Cluster11669,Rhinolophus affinis
Cluster11682,Rhinolophus affinis
Cluster11693,Rhinolophus affinis
Cluster11698,Rhinolophus affinis
Cluster11699,Rhinolophus affinis
Cluster11700,Rhinolophus affinis
Cluster11724,Rhinolophus affinis
Cluster11759,Rhinolophus affinis
Cluster11761,Rhinolophus affinis
Cluster11777,Rhinolophus affinis
Cluster11798,Rhinolophus affinis
Cluster11802,Rhinolophus affinis
Cluster11809,Rhinolophus affinis
Cluster11818,Rhinolophus affinis
Cluster11823,Rhinolophus affinis
Cluster11829,Rhinolophus affinis
Cluster11847,Rhinolophus affinis
Cluster11883,Rhinolophus affinis
Cluster11892,Rhinolophus affinis
Cluster11902,Rhinolophus affinis
Cluster11965,Rhinolophus affinis
Cluster11978,Rhinolophus affinis
Cluster11980,Rhinolophus affinis
Cluster11985,Rhinolophus affinis
Cluster11987,Rhinolophus affinis
Cluster12003,Rhinolophus affinis
Cluster12029,Rhinolophus affinis
Cluster12032,Rhinolophus affinis
Cluster12093,Rhinolophus affinis
Cluster12095,Rhinolophus affinis
Cluster12098,Rhinolophus affinis
Cluster12102,Rhinolophus affinis
Cluster12105,Rhinolophus affinis
Cluster12119,Rhinolophus affinis
Cluster12126,Rhinolophus affinis
Cluster12132,Rhinolophus affinis
Cluster12138,Rhinolophus affinis
Cluster12159,Rhinolophus affinis
Cluster12161,Rhinolophus affinis
Cluster12171,Rhinolophus affinis
Cluster12201,Rhinolophus affinis
Cluster12204,Rhinolophus affinis
Cluster12217,Rhinolophus affinis
Cluster12229,Rhinolophus affinis
Cluster12237,Rhinolophus affinis
Cluster12242,Rhinolophus affinis
Cluster12269,Rhinolophus affinis
Cluster12271,Rhinolophus affinis
Cluster12276,Rhinolophus affinis
Cluster12282,Rhinolophus affinis
Cluster12290,Rhinolophus affinis
Cluster12296,Rhinolophus affinis
Cluster12303,Rhinolophus affinis
Cluster12343,Rhinolophus affinis
Cluster12348,Rhinolophus affinis
Cluster12368,Rhinolophus affinis
Cluster12378,Rhinolophus affinis
Cluster12381,Rhinolophus affinis
Cluster12386,Rhinolophus affinis
Cluster12395,Rhinolophus affinis
Cluster12438,Rhinolophus affinis
Cluster12466,Rhinolophus affinis
Cluster12475,Rhinolophus affinis
Cluster12476,Rhinolophus affinis
Cluster12489,Rhinolophus affinis
Cluster12490,Rhinolophus affinis
Cluster12491,Rhinolophus affinis
Cluster12497,Rhinolophus affinis
Cluster12527,Rhinolophus affinis
Cluster12553,Rhinolophus affinis
Cluster12623,Rhinolophus affinis
Cluster12624,Rhinolophus affinis
Cluster12641,Rhinolophus affinis
Cluster12646,Rhinolophus affinis
Cluster12647,Rhinolophus affinis
Cluster12650,Rhinolophus affinis
Cluster12664,Rhinolophus affinis
Cluster12672,Rhinolophus affinis
Cluster12675,Rhinolophus affinis
Cluster12676,Rhinolophus affinis
Cluster12679,Rhinolophus affinis
Cluster12683,Rhinolophus affinis
Cluster12703,Rhinolophus affinis
Cluster12721,Rhinolophus affinis
Cluster12731,Rhinolophus affinis
Cluster12800,Rhinolophus affinis
Cluster12828,Rhinolophus affinis
Cluster12838,Rhinolophus affinis
Cluster12847,Rhinolophus affinis
Cluster12849,Rhinolophus affinis
Cluster12866,Rhinolophus affinis
Cluster12867,Rhinolophus affinis
Cluster12878,Rhinolophus affinis
Cluster12888,Rhinolophus affinis
Cluster12895,Rhinolophus affinis
Cluster12903,Rhinolophus affinis
Cluster12913,Rhinolophus affinis
Cluster12929,Rhinolophus affinis
Cluster12933,Rhinolophus affinis
Cluster12935,Rhinolophus affinis
Cluster12942,Rhinolophus affinis
Cluster0,Rhinolophus ferrumequinum
Cluster2,Rhinolophus ferrumequinum
Cluster3,Rhinolophus ferrumequinum
Cluster4,Rhinolophus ferrumequinum
Cluster5,Rhinolophus ferrumequinum
Cluster9,Rhinolophus ferrumequinum
Cluster13,Rhinolophus ferrumequinum
Cluster38,Rhinolophus ferrumequinum
Cluster43,Rhinolophus ferrumequinum
Cluster50,Rhinolophus ferrumequinum
Cluster55,Rhinolophus ferrumequinum
Cluster88,Rhinolophus ferrumequinum
Cluster153,Rhinolophus ferrumequinum
Cluster213,Rhinolophus ferrumequinum
Cluster257,Rhinolophus ferrumequinum
Cluster320,Rhinolophus ferrumequinum
Cluster403,Rhinolophus ferrumequinum
Cluster406,Rhinolophus ferrumequinum
Cluster480,Rhinolophus ferrumequinum
Cluster527,Rhinolophus ferrumequinum
Cluster567,Rhinolophus ferrumequinum
Cluster681,Rhinolophus ferrumequinum
Cluster689,Rhinolophus ferrumequinum
Cluster809,Rhinolophus ferrumequinum
Cluster958,Rhinolophus ferrumequinum
Cluster990,Rhinolophus ferrumequinum
Cluster1008,Rhinolophus ferrumequinum
Cluster1069,Rhinolophus ferrumequinum
Cluster1090,Rhinolophus ferrumequinum
Cluster1136,Rhinolophus ferrumequinum
Cluster1151,Rhinolophus ferrumequinum
Cluster1172,Rhinolophus ferrumequinum
Cluster1191,Rhinolophus ferrumequinum
Cluster1265,Rhinolophus ferrumequinum
Cluster1270,Rhinolophus ferrumequinum
Cluster1581,Rhinolophus ferrumequinum
Cluster1885,Rhinolophus ferrumequinum
Cluster1966,Rhinolophus ferrumequinum
Cluster1996,Rhinolophus ferrumequinum
Cluster2012,Rhinolophus ferrumequinum
Cluster2066,Rhinolophus ferrumequinum
Cluster2198,Rhinolophus ferrumequinum
Cluster2199,Rhinolophus ferrumequinum
Cluster2330,Rhinolophus ferrumequinum
Cluster2540,Rhinolophus ferrumequinum
Cluster2598,Rhinolophus ferrumequinum
Cluster2686,Rhinolophus ferrumequinum
Cluster2756,Rhinolophus ferrumequinum
Cluster3166,Rhinolophus ferrumequinum
Cluster3181,Rhinolophus ferrumequinum
Cluster3470,Rhinolophus ferrumequinum
Cluster3815,Rhinolophus ferrumequinum
Cluster3864,Rhinolophus ferrumequinum
Cluster4334,Rhinolophus ferrumequinum
Cluster4343,Rhinolophus ferrumequinum
Cluster4382,Rhinolophus ferrumequinum
Cluster4522,Rhinolophus ferrumequinum
Cluster4907,Rhinolophus ferrumequinum
Cluster5083,Rhinolophus ferrumequinum
Cluster5137,Rhinolophus ferrumequinum
Cluster5380,Rhinolophus ferrumequinum
Cluster5488,Rhinolophus ferrumequinum
Cluster6536,Rhinolophus ferrumequinum
Cluster7247,Rhinolophus ferrumequinum
Cluster7330,Rhinolophus ferrumequinum
Cluster7364,Rhinolophus ferrumequinum
Cluster7399,Rhinolophus ferrumequinum
Cluster7474,Rhinolophus ferrumequinum
Cluster7711,Rhinolophus ferrumequinum
Cluster7734,Rhinolophus ferrumequinum
Cluster8090,Rhinolophus ferrumequinum
Cluster8192,Rhinolophus ferrumequinum
Cluster8427,Rhinolophus ferrumequinum
Cluster8620,Rhinolophus ferrumequinum
Cluster8790,Rhinolophus ferrumequinum
Cluster8879,Rhinolophus ferrumequinum
Cluster9380,Rhinolophus ferrumequinum
Cluster9430,Rhinolophus ferrumequinum
Cluster9529,Rhinolophus ferrumequinum
Cluster10470,Rhinolophus ferrumequinum
Cluster10756,Rhinolophus ferrumequinum
Cluster10859,Rhinolophus ferrumequinum
Cluster10961,Rhinolophus ferrumequinum
Cluster11069,Rhinolophus ferrumequinum
Cluster11075,Rhinolophus ferrumequinum
Cluster11285,Rhinolophus ferrumequinum
Cluster11643,Rhinolophus ferrumequinum
Cluster11661,Rhinolophus ferrumequinum
Cluster11666,Rhinolophus ferrumequinum
Cluster12028,Rhinolophus ferrumequinum
Cluster12551,Rhinolophus ferrumequinum
Cluster12645,Rhinolophus ferrumequinum
Cluster831,Rhinolophus luctus
Cluster1270,Rhinolophus luctus
Cluster1330,Rhinolophus luctus
Cluster1392,Rhinolophus luctus
Cluster1509,Rhinolophus luctus
Cluster2329,Rhinolophus luctus
Cluster3194,Rhinolophus luctus
Cluster3300,Rhinolophus luctus
Cluster3697,Rhinolophus luctus
Cluster3893,Rhinolophus luctus
Cluster4570,Rhinolophus luctus
Cluster4829,Rhinolophus luctus
Cluster5090,Rhinolophus luctus
Cluster5098,Rhinolophus luctus
Cluster5254,Rhinolophus luctus
Cluster5275,Rhinolophus luctus
Cluster5278,Rhinolophus luctus
Cluster5344,Rhinolophus luctus
Cluster5605,Rhinolophus luctus
Cluster5696,Rhinolophus luctus
Cluster5757,Rhinolophus luctus
Cluster6107,Rhinolophus luctus
Cluster6679,Rhinolophus luctus
Cluster6748,Rhinolophus luctus
Cluster6861,Rhinolophus luctus
Cluster7000,Rhinolophus luctus
Cluster7088,Rhinolophus luctus
Cluster7591,Rhinolophus luctus
Cluster7620,Rhinolophus luctus
Cluster7737,Rhinolophus luctus
Cluster7882,Rhinolophus luctus
Cluster8291,Rhinolophus luctus
Cluster8384,Rhinolophus luctus
Cluster8478,Rhinolophus luctus
Cluster8501,Rhinolophus luctus
Cluster8553,Rhinolophus luctus
Cluster8855,Rhinolophus luctus
Cluster8927,Rhinolophus luctus
Cluster9487,Rhinolophus luctus
Cluster9556,Rhinolophus luctus
Cluster9789,Rhinolophus luctus
Cluster9790,Rhinolophus luctus
Cluster9929,Rhinolophus luctus
Cluster10211,Rhinolophus luctus
Cluster10221,Rhinolophus luctus
Cluster10382,Rhinolophus luctus
Cluster10449,Rhinolophus luctus
Cluster10592,Rhinolophus luctus
Cluster10669,Rhinolophus luctus
Cluster10838,Rhinolophus luctus
Cluster11130,Rhinolophus luctus
Cluster12112,Rhinolophus luctus
Cluster12188,Rhinolophus luctus
Cluster12300,Rhinolophus luctus
Cluster2,Rhinolophus macrotis
Cluster3,Rhinolophus macrotis
Cluster4,Rhinolophus macrotis
Cluster9,Rhinolophus macrotis
Cluster13,Rhinolophus macrotis
Cluster14,Rhinolophus macrotis
Cluster15,Rhinolophus macrotis
Cluster23,Rhinolophus macrotis
Cluster24,Rhinolophus macrotis
Cluster43,Rhinolophus macrotis
Cluster50,Rhinolophus macrotis
Cluster53,Rhinolophus macrotis
Cluster80,Rhinolophus macrotis
Cluster132,Rhinolophus macrotis
Cluster153,Rhinolophus macrotis
Cluster500,Rhinolophus macrotis
Cluster841,Rhinolophus macrotis
Cluster1008,Rhinolophus macrotis
Cluster4467,Rhinolophus macrotis
Cluster6757,Rhinolophus macrotis
Cluster7119,Rhinolophus macrotis
Cluster7358,Rhinolophus macrotis
Cluster8648,Rhinolophus macrotis
Cluster9053,Rhinolophus macrotis
Cluster966,Rhinolophus malayanus
Cluster1242,Rhinolophus malayanus
Cluster1435,Rhinolophus malayanus
Cluster1962,Rhinolophus malayanus
Cluster2059,Rhinolophus malayanus
Cluster2399,Rhinolophus malayanus
Cluster2484,Rhinolophus malayanus
Cluster2706,Rhinolophus malayanus
Cluster2789,Rhinolophus malayanus
Cluster4564,Rhinolophus malayanus
Cluster4598,Rhinolophus malayanus
Cluster5017,Rhinolophus malayanus
Cluster5218,Rhinolophus malayanus
Cluster6290,Rhinolophus malayanus
Cluster7659,Rhinolophus malayanus
Cluster8281,Rhinolophus malayanus
Cluster8576,Rhinolophus malayanus
Cluster8641,Rhinolophus malayanus
Cluster8757,Rhinolophus malayanus
Cluster8852,Rhinolophus malayanus
Cluster9474,Rhinolophus malayanus
Cluster10583,Rhinolophus malayanus
Cluster10789,Rhinolophus malayanus
Cluster10887,Rhinolophus malayanus
Cluster11641,Rhinolophus malayanus
Cluster11953,Rhinolophus malayanus
Cluster12751,Rhinolophus malayanus
Cluster12810,Rhinolophus malayanus
Cluster0,Rhinolophus pearsonii
Cluster1,Rhinolophus pearsonii
Cluster2,Rhinolophus pearsonii
Cluster3,Rhinolophus pearsonii
Cluster4,Rhinolophus pearsonii
Cluster5,Rhinolophus pearsonii
Cluster6,Rhinolophus pearsonii
Cluster8,Rhinolophus pearsonii
Cluster9,Rhinolophus pearsonii
Cluster10,Rhinolophus pearsonii
Cluster11,Rhinolophus pearsonii
Cluster12,Rhinolophus pearsonii
Cluster13,Rhinolophus pearsonii
Cluster14,Rhinolophus pearsonii
Cluster23,Rhinolophus pearsonii
Cluster26,Rhinolophus pearsonii
Cluster27,Rhinolophus pearsonii
Cluster29,Rhinolophus pearsonii
Cluster38,Rhinolophus pearsonii
Cluster43,Rhinolophus pearsonii
Cluster44,Rhinolophus pearsonii
Cluster48,Rhinolophus pearsonii
Cluster50,Rhinolophus pearsonii
Cluster53,Rhinolophus pearsonii
Cluster55,Rhinolophus pearsonii
Cluster60,Rhinolophus pearsonii
Cluster80,Rhinolophus pearsonii
Cluster102,Rhinolophus pearsonii
Cluster105,Rhinolophus pearsonii
Cluster106,Rhinolophus pearsonii
Cluster111,Rhinolophus pearsonii
Cluster114,Rhinolophus pearsonii
Cluster117,Rhinolophus pearsonii
Cluster118,Rhinolophus pearsonii
Cluster119,Rhinolophus pearsonii
Cluster132,Rhinolophus pearsonii
Cluster146,Rhinolophus pearsonii
Cluster148,Rhinolophus pearsonii
Cluster153,Rhinolophus pearsonii
Cluster170,Rhinolophus pearsonii
Cluster171,Rhinolophus pearsonii
Cluster190,Rhinolophus pearsonii
Cluster196,Rhinolophus pearsonii
Cluster197,Rhinolophus pearsonii
Cluster202,Rhinolophus pearsonii
Cluster212,Rhinolophus pearsonii
Cluster213,Rhinolophus pearsonii
Cluster231,Rhinolophus pearsonii
Cluster251,Rhinolophus pearsonii
Cluster264,Rhinolophus pearsonii
Cluster301,Rhinolophus pearsonii
Cluster308,Rhinolophus pearsonii
Cluster315,Rhinolophus pearsonii
Cluster327,Rhinolophus pearsonii
Cluster331,Rhinolophus pearsonii
Cluster505,Rhinolophus pearsonii
Cluster535,Rhinolophus pearsonii
Cluster588,Rhinolophus pearsonii
Cluster620,Rhinolophus pearsonii
Cluster663,Rhinolophus pearsonii
Cluster667,Rhinolophus pearsonii
Cluster683,Rhinolophus pearsonii
Cluster730,Rhinolophus pearsonii
Cluster753,Rhinolophus pearsonii
Cluster769,Rhinolophus pearsonii
Cluster788,Rhinolophus pearsonii
Cluster791,Rhinolophus pearsonii
Cluster841,Rhinolophus pearsonii
Cluster861,Rhinolophus pearsonii
Cluster876,Rhinolophus pearsonii
Cluster897,Rhinolophus pearsonii
Cluster914,Rhinolophus pearsonii
Cluster922,Rhinolophus pearsonii
Cluster931,Rhinolophus pearsonii
Cluster990,Rhinolophus pearsonii
Cluster1008,Rhinolophus pearsonii
Cluster1015,Rhinolophus pearsonii
Cluster1029,Rhinolophus pearsonii
Cluster1040,Rhinolophus pearsonii
Cluster1076,Rhinolophus pearsonii
Cluster1105,Rhinolophus pearsonii
Cluster1187,Rhinolophus pearsonii
Cluster1231,Rhinolophus pearsonii
Cluster1275,Rhinolophus pearsonii
Cluster1399,Rhinolophus pearsonii
Cluster1428,Rhinolophus pearsonii
Cluster1493,Rhinolophus pearsonii
Cluster1494,Rhinolophus pearsonii
Cluster1552,Rhinolophus pearsonii
Cluster1570,Rhinolophus pearsonii
Cluster1595,Rhinolophus pearsonii
Cluster1597,Rhinolophus pearsonii
Cluster1645,Rhinolophus pearsonii
Cluster1663,Rhinolophus pearsonii
Cluster1694,Rhinolophus pearsonii
Cluster1741,Rhinolophus pearsonii
Cluster1778,Rhinolophus pearsonii
Cluster1806,Rhinolophus pearsonii
Cluster1832,Rhinolophus pearsonii
Cluster1933,Rhinolophus pearsonii
Cluster1934,Rhinolophus pearsonii
Cluster1974,Rhinolophus pearsonii
Cluster1993,Rhinolophus pearsonii
Cluster1996,Rhinolophus pearsonii
Cluster1999,Rhinolophus pearsonii
Cluster2036,Rhinolophus pearsonii
Cluster2068,Rhinolophus pearsonii
Cluster2079,Rhinolophus pearsonii
Cluster2084,Rhinolophus pearsonii
Cluster2137,Rhinolophus pearsonii
Cluster2142,Rhinolophus pearsonii
Cluster2208,Rhinolophus pearsonii
Cluster2282,Rhinolophus pearsonii
Cluster2357,Rhinolophus pearsonii
Cluster2487,Rhinolophus pearsonii
Cluster2493,Rhinolophus pearsonii
Cluster2532,Rhinolophus pearsonii
Cluster2540,Rhinolophus pearsonii
Cluster2575,Rhinolophus pearsonii
Cluster2605,Rhinolophus pearsonii
Cluster2657,Rhinolophus pearsonii
Cluster2662,Rhinolophus pearsonii
Cluster2835,Rhinolophus pearsonii
Cluster2860,Rhinolophus pearsonii
Cluster2889,Rhinolophus pearsonii
Cluster2923,Rhinolophus pearsonii
Cluster2999,Rhinolophus pearsonii
Cluster3091,Rhinolophus pearsonii
Cluster3104,Rhinolophus pearsonii
Cluster3119,Rhinolophus pearsonii
Cluster3152,Rhinolophus pearsonii
Cluster3158,Rhinolophus pearsonii
Cluster3161,Rhinolophus pearsonii
Cluster3165,Rhinolophus pearsonii
Cluster3308,Rhinolophus pearsonii
Cluster3334,Rhinolophus pearsonii
Cluster3348,Rhinolophus pearsonii
Cluster3357,Rhinolophus pearsonii
Cluster3418,Rhinolophus pearsonii
Cluster3435,Rhinolophus pearsonii
Cluster3492,Rhinolophus pearsonii
Cluster3536,Rhinolophus pearsonii
Cluster3562,Rhinolophus pearsonii
Cluster3570,Rhinolophus pearsonii
Cluster3634,Rhinolophus pearsonii
Cluster3767,Rhinolophus pearsonii
Cluster3779,Rhinolophus pearsonii
Cluster3845,Rhinolophus pearsonii
Cluster3852,Rhinolophus pearsonii
Cluster3865,Rhinolophus pearsonii
Cluster3893,Rhinolophus pearsonii
Cluster3948,Rhinolophus pearsonii
Cluster4025,Rhinolophus pearsonii
Cluster4069,Rhinolophus pearsonii
Cluster4124,Rhinolophus pearsonii
Cluster4327,Rhinolophus pearsonii
Cluster4373,Rhinolophus pearsonii
Cluster4458,Rhinolophus pearsonii
Cluster4535,Rhinolophus pearsonii
Cluster4537,Rhinolophus pearsonii
Cluster4553,Rhinolophus pearsonii
Cluster4560,Rhinolophus pearsonii
Cluster4574,Rhinolophus pearsonii
Cluster4606,Rhinolophus pearsonii
Cluster4628,Rhinolophus pearsonii
Cluster4633,Rhinolophus pearsonii
Cluster4718,Rhinolophus pearsonii
Cluster4731,Rhinolophus pearsonii
Cluster4745,Rhinolophus pearsonii
Cluster4793,Rhinolophus pearsonii
Cluster4835,Rhinolophus pearsonii
Cluster4854,Rhinolophus pearsonii
Cluster4858,Rhinolophus pearsonii
Cluster4879,Rhinolophus pearsonii
Cluster4957,Rhinolophus pearsonii
Cluster4963,Rhinolophus pearsonii
Cluster4980,Rhinolophus pearsonii
Cluster5096,Rhinolophus pearsonii
Cluster5103,Rhinolophus pearsonii
Cluster5202,Rhinolophus pearsonii
Cluster5306,Rhinolophus pearsonii
Cluster5324,Rhinolophus pearsonii
Cluster5372,Rhinolophus pearsonii
Cluster5558,Rhinolophus pearsonii
Cluster5573,Rhinolophus pearsonii
Cluster5662,Rhinolophus pearsonii
Cluster5739,Rhinolophus pearsonii
Cluster5836,Rhinolophus pearsonii
Cluster5865,Rhinolophus pearsonii
Cluster5961,Rhinolophus pearsonii
Cluster5996,Rhinolophus pearsonii
Cluster6001,Rhinolophus pearsonii
Cluster6041,Rhinolophus pearsonii
Cluster6128,Rhinolophus pearsonii
Cluster6129,Rhinolophus pearsonii
Cluster6255,Rhinolophus pearsonii
Cluster6263,Rhinolophus pearsonii
Cluster6330,Rhinolophus pearsonii
Cluster6352,Rhinolophus pearsonii
Cluster6404,Rhinolophus pearsonii
Cluster6415,Rhinolophus pearsonii
Cluster6445,Rhinolophus pearsonii
Cluster6462,Rhinolophus pearsonii
Cluster6470,Rhinolophus pearsonii
Cluster6481,Rhinolophus pearsonii
Cluster6483,Rhinolophus pearsonii
Cluster6499,Rhinolophus pearsonii
Cluster6548,Rhinolophus pearsonii
Cluster6610,Rhinolophus pearsonii
Cluster6628,Rhinolophus pearsonii
Cluster6689,Rhinolophus pearsonii
Cluster6692,Rhinolophus pearsonii
Cluster6702,Rhinolophus pearsonii
Cluster6784,Rhinolophus pearsonii
Cluster6961,Rhinolophus pearsonii
Cluster7008,Rhinolophus pearsonii
Cluster7020,Rhinolophus pearsonii
Cluster7033,Rhinolophus pearsonii
Cluster7049,Rhinolophus pearsonii
Cluster7092,Rhinolophus pearsonii
Cluster7106,Rhinolophus pearsonii
Cluster7147,Rhinolophus pearsonii
Cluster7170,Rhinolophus pearsonii
Cluster7248,Rhinolophus pearsonii
Cluster7320,Rhinolophus pearsonii
Cluster7491,Rhinolophus pearsonii
Cluster7514,Rhinolophus pearsonii
Cluster7584,Rhinolophus pearsonii
Cluster7645,Rhinolophus pearsonii
Cluster7651,Rhinolophus pearsonii
Cluster7717,Rhinolophus pearsonii
Cluster7767,Rhinolophus pearsonii
Cluster7772,Rhinolophus pearsonii
Cluster7787,Rhinolophus pearsonii
Cluster7951,Rhinolophus pearsonii
Cluster7959,Rhinolophus pearsonii
Cluster7968,Rhinolophus pearsonii
Cluster8037,Rhinolophus pearsonii
Cluster8049,Rhinolophus pearsonii
Cluster8062,Rhinolophus pearsonii
Cluster8087,Rhinolophus pearsonii
Cluster8123,Rhinolophus pearsonii
Cluster8190,Rhinolophus pearsonii
Cluster8194,Rhinolophus pearsonii
Cluster8270,Rhinolophus pearsonii
Cluster8310,Rhinolophus pearsonii
Cluster8377,Rhinolophus pearsonii
Cluster8388,Rhinolophus pearsonii
Cluster8472,Rhinolophus pearsonii
Cluster8566,Rhinolophus pearsonii
Cluster8569,Rhinolophus pearsonii
Cluster8600,Rhinolophus pearsonii
Cluster8734,Rhinolophus pearsonii
Cluster8870,Rhinolophus pearsonii
Cluster8889,Rhinolophus pearsonii
Cluster8926,Rhinolophus pearsonii
Cluster8961,Rhinolophus pearsonii
Cluster9073,Rhinolophus pearsonii
Cluster9169,Rhinolophus pearsonii
Cluster9172,Rhinolophus pearsonii
Cluster9214,Rhinolophus pearsonii
Cluster9307,Rhinolophus pearsonii
Cluster9359,Rhinolophus pearsonii
Cluster9375,Rhinolophus pearsonii
Cluster9519,Rhinolophus pearsonii
Cluster9537,Rhinolophus pearsonii
Cluster9570,Rhinolophus pearsonii
Cluster9665,Rhinolophus pearsonii
Cluster9666,Rhinolophus pearsonii
Cluster9701,Rhinolophus pearsonii
Cluster9827,Rhinolophus pearsonii
Cluster9897,Rhinolophus pearsonii
Cluster10033,Rhinolophus pearsonii
Cluster10113,Rhinolophus pearsonii
Cluster10146,Rhinolophus pearsonii
Cluster10150,Rhinolophus pearsonii
Cluster10229,Rhinolophus pearsonii
Cluster10389,Rhinolophus pearsonii
Cluster10428,Rhinolophus pearsonii
Cluster10440,Rhinolophus pearsonii
Cluster10462,Rhinolophus pearsonii
Cluster10549,Rhinolophus pearsonii
Cluster10565,Rhinolophus pearsonii
Cluster10622,Rhinolophus pearsonii
Cluster10751,Rhinolophus pearsonii
Cluster10758,Rhinolophus pearsonii
Cluster10793,Rhinolophus pearsonii
Cluster10833,Rhinolophus pearsonii
Cluster10920,Rhinolophus pearsonii
Cluster10989,Rhinolophus pearsonii
Cluster11020,Rhinolophus pearsonii
Cluster11072,Rhinolophus pearsonii
Cluster11158,Rhinolophus pearsonii
Cluster11184,Rhinolophus pearsonii
Cluster11224,Rhinolophus pearsonii
Cluster11239,Rhinolophus pearsonii
Cluster11310,Rhinolophus pearsonii
Cluster11315,Rhinolophus pearsonii
Cluster11380,Rhinolophus pearsonii
Cluster11504,Rhinolophus pearsonii
Cluster11509,Rhinolophus pearsonii
Cluster11527,Rhinolophus pearsonii
Cluster11645,Rhinolophus pearsonii
Cluster11908,Rhinolophus pearsonii
Cluster11934,Rhinolophus pearsonii
Cluster11975,Rhinolophus pearsonii
Cluster12096,Rhinolophus pearsonii
Cluster12097,Rhinolophus pearsonii
Cluster12130,Rhinolophus pearsonii
Cluster12234,Rhinolophus pearsonii
Cluster12288,Rhinolophus pearsonii
Cluster12349,Rhinolophus pearsonii
Cluster12351,Rhinolophus pearsonii
Cluster12496,Rhinolophus pearsonii
Cluster12508,Rhinolophus pearsonii
Cluster12513,Rhinolophus pearsonii
Cluster12544,Rhinolophus pearsonii
Cluster12612,Rhinolophus pearsonii
Cluster12666,Rhinolophus pearsonii
Cluster12704,Rhinolophus pearsonii
Cluster12796,Rhinolophus pearsonii
Cluster12887,Rhinolophus pearsonii
Cluster0,Rhinolophus pusillus
Cluster2,Rhinolophus pusillus
Cluster3,Rhinolophus pusillus
Cluster4,Rhinolophus pusillus
Cluster5,Rhinolophus pusillus
Cluster6,Rhinolophus pusillus
Cluster9,Rhinolophus pusillus
Cluster10,Rhinolophus pusillus
Cluster13,Rhinolophus pusillus
Cluster14,Rhinolophus pusillus
Cluster23,Rhinolophus pusillus
Cluster24,Rhinolophus pusillus
Cluster25,Rhinolophus pusillus
Cluster26,Rhinolophus pusillus
Cluster27,Rhinolophus pusillus
Cluster38,Rhinolophus pusillus
Cluster43,Rhinolophus pusillus
Cluster44,Rhinolophus pusillus
Cluster50,Rhinolophus pusillus
Cluster52,Rhinolophus pusillus
Cluster53,Rhinolophus pusillus
Cluster54,Rhinolophus pusillus
Cluster55,Rhinolophus pusillus
Cluster61,Rhinolophus pusillus
Cluster71,Rhinolophus pusillus
Cluster75,Rhinolophus pusillus
Cluster76,Rhinolophus pusillus
Cluster77,Rhinolophus pusillus
Cluster78,Rhinolophus pusillus
Cluster80,Rhinolophus pusillus
Cluster88,Rhinolophus pusillus
Cluster111,Rhinolophus pusillus
Cluster119,Rhinolophus pusillus
Cluster127,Rhinolophus pusillus
Cluster132,Rhinolophus pusillus
Cluster148,Rhinolophus pusillus
Cluster153,Rhinolophus pusillus
Cluster162,Rhinolophus pusillus
Cluster171,Rhinolophus pusillus
Cluster177,Rhinolophus pusillus
Cluster203,Rhinolophus pusillus
Cluster211,Rhinolophus pusillus
Cluster213,Rhinolophus pusillus
Cluster251,Rhinolophus pusillus
Cluster263,Rhinolophus pusillus
Cluster270,Rhinolophus pusillus
Cluster296,Rhinolophus pusillus
Cluster297,Rhinolophus pusillus
Cluster301,Rhinolophus pusillus
Cluster308,Rhinolophus pusillus
Cluster311,Rhinolophus pusillus
Cluster317,Rhinolophus pusillus
Cluster322,Rhinolophus pusillus
Cluster335,Rhinolophus pusillus
Cluster340,Rhinolophus pusillus
Cluster342,Rhinolophus pusillus
Cluster351,Rhinolophus pusillus
Cluster358,Rhinolophus pusillus
Cluster359,Rhinolophus pusillus
Cluster363,Rhinolophus pusillus
Cluster364,Rhinolophus pusillus
Cluster366,Rhinolophus pusillus
Cluster372,Rhinolophus pusillus
Cluster396,Rhinolophus pusillus
Cluster397,Rhinolophus pusillus
Cluster398,Rhinolophus pusillus
Cluster403,Rhinolophus pusillus
Cluster406,Rhinolophus pusillus
Cluster407,Rhinolophus pusillus
Cluster408,Rhinolophus pusillus
Cluster428,Rhinolophus pusillus
Cluster444,Rhinolophus pusillus
Cluster445,Rhinolophus pusillus
Cluster451,Rhinolophus pusillus
Cluster452,Rhinolophus pusillus
Cluster466,Rhinolophus pusillus
Cluster509,Rhinolophus pusillus
Cluster516,Rhinolophus pusillus
Cluster527,Rhinolophus pusillus
Cluster528,Rhinolophus pusillus
Cluster533,Rhinolophus pusillus
Cluster548,Rhinolophus pusillus
Cluster567,Rhinolophus pusillus
Cluster571,Rhinolophus pusillus
Cluster572,Rhinolophus pusillus
Cluster581,Rhinolophus pusillus
Cluster584,Rhinolophus pusillus
Cluster592,Rhinolophus pusillus
Cluster595,Rhinolophus pusillus
Cluster599,Rhinolophus pusillus
Cluster622,Rhinolophus pusillus
Cluster634,Rhinolophus pusillus
Cluster665,Rhinolophus pusillus
Cluster668,Rhinolophus pusillus
Cluster678,Rhinolophus pusillus
Cluster695,Rhinolophus pusillus
Cluster703,Rhinolophus pusillus
Cluster711,Rhinolophus pusillus
Cluster718,Rhinolophus pusillus
Cluster754,Rhinolophus pusillus
Cluster757,Rhinolophus pusillus
Cluster759,Rhinolophus pusillus
Cluster773,Rhinolophus pusillus
Cluster775,Rhinolophus pusillus
Cluster777,Rhinolophus pusillus
Cluster779,Rhinolophus pusillus
Cluster783,Rhinolophus pusillus
Cluster789,Rhinolophus pusillus
Cluster803,Rhinolophus pusillus
Cluster841,Rhinolophus pusillus
Cluster843,Rhinolophus pusillus
Cluster851,Rhinolophus pusillus
Cluster876,Rhinolophus pusillus
Cluster885,Rhinolophus pusillus
Cluster899,Rhinolophus pusillus
Cluster915,Rhinolophus pusillus
Cluster920,Rhinolophus pusillus
Cluster923,Rhinolophus pusillus
Cluster940,Rhinolophus pusillus
Cluster943,Rhinolophus pusillus
Cluster944,Rhinolophus pusillus
Cluster970,Rhinolophus pusillus
Cluster973,Rhinolophus pusillus
Cluster975,Rhinolophus pusillus
Cluster981,Rhinolophus pusillus
Cluster990,Rhinolophus pusillus
Cluster1008,Rhinolophus pusillus
Cluster1011,Rhinolophus pusillus
Cluster1012,Rhinolophus pusillus
Cluster1017,Rhinolophus pusillus
Cluster1040,Rhinolophus pusillus
Cluster1049,Rhinolophus pusillus
Cluster1065,Rhinolophus pusillus
Cluster1069,Rhinolophus pusillus
Cluster1073,Rhinolophus pusillus
Cluster1078,Rhinolophus pusillus
Cluster1101,Rhinolophus pusillus
Cluster1102,Rhinolophus pusillus
Cluster1111,Rhinolophus pusillus
Cluster1114,Rhinolophus pusillus
Cluster1127,Rhinolophus pusillus
Cluster1141,Rhinolophus pusillus
Cluster1145,Rhinolophus pusillus
Cluster1154,Rhinolophus pusillus
Cluster1155,Rhinolophus pusillus
Cluster1161,Rhinolophus pusillus
Cluster1166,Rhinolophus pusillus
Cluster1172,Rhinolophus pusillus
Cluster1173,Rhinolophus pusillus
Cluster1193,Rhinolophus pusillus
Cluster1200,Rhinolophus pusillus
Cluster1203,Rhinolophus pusillus
Cluster1210,Rhinolophus pusillus
Cluster1228,Rhinolophus pusillus
Cluster1235,Rhinolophus pusillus
Cluster1238,Rhinolophus pusillus
Cluster1240,Rhinolophus pusillus
Cluster1242,Rhinolophus pusillus
Cluster1249,Rhinolophus pusillus
Cluster1258,Rhinolophus pusillus
Cluster1264,Rhinolophus pusillus
Cluster1265,Rhinolophus pusillus
Cluster1270,Rhinolophus pusillus
Cluster1280,Rhinolophus pusillus
Cluster1281,Rhinolophus pusillus
Cluster1284,Rhinolophus pusillus
Cluster1301,Rhinolophus pusillus
Cluster1307,Rhinolophus pusillus
Cluster1312,Rhinolophus pusillus
Cluster1314,Rhinolophus pusillus
Cluster1320,Rhinolophus pusillus
Cluster1322,Rhinolophus pusillus
Cluster1330,Rhinolophus pusillus
Cluster1336,Rhinolophus pusillus
Cluster1365,Rhinolophus pusillus
Cluster1367,Rhinolophus pusillus
Cluster1383,Rhinolophus pusillus
Cluster1385,Rhinolophus pusillus
Cluster1392,Rhinolophus pusillus
Cluster1405,Rhinolophus pusillus
Cluster1418,Rhinolophus pusillus
Cluster1421,Rhinolophus pusillus
Cluster1424,Rhinolophus pusillus
Cluster1472,Rhinolophus pusillus
Cluster1476,Rhinolophus pusillus
Cluster1480,Rhinolophus pusillus
Cluster1481,Rhinolophus pusillus
Cluster1483,Rhinolophus pusillus
Cluster1496,Rhinolophus pusillus
Cluster1497,Rhinolophus pusillus
Cluster1509,Rhinolophus pusillus
Cluster1511,Rhinolophus pusillus
Cluster1516,Rhinolophus pusillus
Cluster1532,Rhinolophus pusillus
Cluster1533,Rhinolophus pusillus
Cluster1537,Rhinolophus pusillus
Cluster1542,Rhinolophus pusillus
Cluster1549,Rhinolophus pusillus
Cluster1569,Rhinolophus pusillus
Cluster1575,Rhinolophus pusillus
Cluster1581,Rhinolophus pusillus
Cluster1603,Rhinolophus pusillus
Cluster1608,Rhinolophus pusillus
Cluster1616,Rhinolophus pusillus
Cluster1618,Rhinolophus pusillus
Cluster1619,Rhinolophus pusillus
Cluster1641,Rhinolophus pusillus
Cluster1664,Rhinolophus pusillus
Cluster1667,Rhinolophus pusillus
Cluster1671,Rhinolophus pusillus
Cluster1711,Rhinolophus pusillus
Cluster1713,Rhinolophus pusillus
Cluster1718,Rhinolophus pusillus
Cluster1735,Rhinolophus pusillus
Cluster1741,Rhinolophus pusillus
Cluster1754,Rhinolophus pusillus
Cluster1763,Rhinolophus pusillus
Cluster1765,Rhinolophus pusillus
Cluster1767,Rhinolophus pusillus
Cluster1783,Rhinolophus pusillus
Cluster1796,Rhinolophus pusillus
Cluster1799,Rhinolophus pusillus
Cluster1838,Rhinolophus pusillus
Cluster1861,Rhinolophus pusillus
Cluster1885,Rhinolophus pusillus
Cluster1935,Rhinolophus pusillus
Cluster1938,Rhinolophus pusillus
Cluster1946,Rhinolophus pusillus
Cluster1950,Rhinolophus pusillus
Cluster1955,Rhinolophus pusillus
Cluster1963,Rhinolophus pusillus
Cluster1966,Rhinolophus pusillus
Cluster1971,Rhinolophus pusillus
Cluster1975,Rhinolophus pusillus
Cluster1996,Rhinolophus pusillus
Cluster2003,Rhinolophus pusillus
Cluster2022,Rhinolophus pusillus
Cluster2030,Rhinolophus pusillus
Cluster2039,Rhinolophus pusillus
Cluster2076,Rhinolophus pusillus
Cluster2078,Rhinolophus pusillus
Cluster2079,Rhinolophus pusillus
Cluster2086,Rhinolophus pusillus
Cluster2091,Rhinolophus pusillus
Cluster2094,Rhinolophus pusillus
Cluster2098,Rhinolophus pusillus
Cluster2114,Rhinolophus pusillus
Cluster2129,Rhinolophus pusillus
Cluster2141,Rhinolophus pusillus
Cluster2144,Rhinolophus pusillus
Cluster2162,Rhinolophus pusillus
Cluster2166,Rhinolophus pusillus
Cluster2171,Rhinolophus pusillus
Cluster2187,Rhinolophus pusillus
Cluster2220,Rhinolophus pusillus
Cluster2227,Rhinolophus pusillus
Cluster2233,Rhinolophus pusillus
Cluster2236,Rhinolophus pusillus
Cluster2237,Rhinolophus pusillus
Cluster2265,Rhinolophus pusillus
Cluster2268,Rhinolophus pusillus
Cluster2269,Rhinolophus pusillus
Cluster2278,Rhinolophus pusillus
Cluster2301,Rhinolophus pusillus
Cluster2314,Rhinolophus pusillus
Cluster2315,Rhinolophus pusillus
Cluster2316,Rhinolophus pusillus
Cluster2317,Rhinolophus pusillus
Cluster2321,Rhinolophus pusillus
Cluster2349,Rhinolophus pusillus
Cluster2350,Rhinolophus pusillus
Cluster2361,Rhinolophus pusillus
Cluster2366,Rhinolophus pusillus
Cluster2377,Rhinolophus pusillus
Cluster2381,Rhinolophus pusillus
Cluster2387,Rhinolophus pusillus
Cluster2391,Rhinolophus pusillus
Cluster2393,Rhinolophus pusillus
Cluster2397,Rhinolophus pusillus
Cluster2408,Rhinolophus pusillus
Cluster2422,Rhinolophus pusillus
Cluster2423,Rhinolophus pusillus
Cluster2432,Rhinolophus pusillus
Cluster2437,Rhinolophus pusillus
Cluster2439,Rhinolophus pusillus
Cluster2440,Rhinolophus pusillus
Cluster2444,Rhinolophus pusillus
Cluster2446,Rhinolophus pusillus
Cluster2453,Rhinolophus pusillus
Cluster2458,Rhinolophus pusillus
Cluster2472,Rhinolophus pusillus
Cluster2476,Rhinolophus pusillus
Cluster2483,Rhinolophus pusillus
Cluster2492,Rhinolophus pusillus
Cluster2505,Rhinolophus pusillus
Cluster2512,Rhinolophus pusillus
Cluster2515,Rhinolophus pusillus
Cluster2523,Rhinolophus pusillus
Cluster2540,Rhinolophus pusillus
Cluster2542,Rhinolophus pusillus
Cluster2544,Rhinolophus pusillus
Cluster2561,Rhinolophus pusillus
Cluster2566,Rhinolophus pusillus
Cluster2577,Rhinolophus pusillus
Cluster2580,Rhinolophus pusillus
Cluster2586,Rhinolophus pusillus
Cluster2607,Rhinolophus pusillus
Cluster2616,Rhinolophus pusillus
Cluster2626,Rhinolophus pusillus
Cluster2637,Rhinolophus pusillus
Cluster2642,Rhinolophus pusillus
Cluster2673,Rhinolophus pusillus
Cluster2677,Rhinolophus pusillus
Cluster2705,Rhinolophus pusillus
Cluster2708,Rhinolophus pusillus
Cluster2709,Rhinolophus pusillus
Cluster2712,Rhinolophus pusillus
Cluster2716,Rhinolophus pusillus
Cluster2723,Rhinolophus pusillus
Cluster2728,Rhinolophus pusillus
Cluster2734,Rhinolophus pusillus
Cluster2735,Rhinolophus pusillus
Cluster2736,Rhinolophus pusillus
Cluster2746,Rhinolophus pusillus
Cluster2756,Rhinolophus pusillus
Cluster2757,Rhinolophus pusillus
Cluster2769,Rhinolophus pusillus
Cluster2771,Rhinolophus pusillus
Cluster2784,Rhinolophus pusillus
Cluster2785,Rhinolophus pusillus
Cluster2788,Rhinolophus pusillus
Cluster2796,Rhinolophus pusillus
Cluster2819,Rhinolophus pusillus
Cluster2834,Rhinolophus pusillus
Cluster2846,Rhinolophus pusillus
Cluster2853,Rhinolophus pusillus
Cluster2861,Rhinolophus pusillus
Cluster2862,Rhinolophus pusillus
Cluster2866,Rhinolophus pusillus
Cluster2875,Rhinolophus pusillus
Cluster2878,Rhinolophus pusillus
Cluster2890,Rhinolophus pusillus
Cluster2897,Rhinolophus pusillus
Cluster2904,Rhinolophus pusillus
Cluster2914,Rhinolophus pusillus
Cluster2916,Rhinolophus pusillus
Cluster2930,Rhinolophus pusillus
Cluster2938,Rhinolophus pusillus
Cluster2941,Rhinolophus pusillus
Cluster2946,Rhinolophus pusillus
Cluster2947,Rhinolophus pusillus
Cluster2967,Rhinolophus pusillus
Cluster2975,Rhinolophus pusillus
Cluster2977,Rhinolophus pusillus
Cluster2991,Rhinolophus pusillus
Cluster2994,Rhinolophus pusillus
Cluster3011,Rhinolophus pusillus
Cluster3026,Rhinolophus pusillus
Cluster3027,Rhinolophus pusillus
Cluster3028,Rhinolophus pusillus
Cluster3037,Rhinolophus pusillus
Cluster3049,Rhinolophus pusillus
Cluster3052,Rhinolophus pusillus
Cluster3053,Rhinolophus pusillus
Cluster3069,Rhinolophus pusillus
Cluster3078,Rhinolophus pusillus
Cluster3088,Rhinolophus pusillus
Cluster3095,Rhinolophus pusillus
Cluster3136,Rhinolophus pusillus
Cluster3137,Rhinolophus pusillus
Cluster3143,Rhinolophus pusillus
Cluster3155,Rhinolophus pusillus
Cluster3158,Rhinolophus pusillus
Cluster3164,Rhinolophus pusillus
Cluster3170,Rhinolophus pusillus
Cluster3171,Rhinolophus pusillus
Cluster3174,Rhinolophus pusillus
Cluster3181,Rhinolophus pusillus
Cluster3203,Rhinolophus pusillus
Cluster3207,Rhinolophus pusillus
Cluster3210,Rhinolophus pusillus
Cluster3212,Rhinolophus pusillus
Cluster3217,Rhinolophus pusillus
Cluster3229,Rhinolophus pusillus
Cluster3230,Rhinolophus pusillus
Cluster3241,Rhinolophus pusillus
Cluster3244,Rhinolophus pusillus
Cluster3264,Rhinolophus pusillus
Cluster3277,Rhinolophus pusillus
Cluster3278,Rhinolophus pusillus
Cluster3283,Rhinolophus pusillus
Cluster3292,Rhinolophus pusillus
Cluster3296,Rhinolophus pusillus
Cluster3300,Rhinolophus pusillus
Cluster3303,Rhinolophus pusillus
Cluster3306,Rhinolophus pusillus
Cluster3315,Rhinolophus pusillus
Cluster3319,Rhinolophus pusillus
Cluster3328,Rhinolophus pusillus
Cluster3333,Rhinolophus pusillus
Cluster3343,Rhinolophus pusillus
Cluster3351,Rhinolophus pusillus
Cluster3356,Rhinolophus pusillus
Cluster3360,Rhinolophus pusillus
Cluster3366,Rhinolophus pusillus
Cluster3376,Rhinolophus pusillus
Cluster3379,Rhinolophus pusillus
Cluster3395,Rhinolophus pusillus
Cluster3399,Rhinolophus pusillus
Cluster3402,Rhinolophus pusillus
Cluster3411,Rhinolophus pusillus
Cluster3420,Rhinolophus pusillus
Cluster3425,Rhinolophus pusillus
Cluster3426,Rhinolophus pusillus
Cluster3439,Rhinolophus pusillus
Cluster3441,Rhinolophus pusillus
Cluster3446,Rhinolophus pusillus
Cluster3472,Rhinolophus pusillus
Cluster3476,Rhinolophus pusillus
Cluster3479,Rhinolophus pusillus
Cluster3491,Rhinolophus pusillus
Cluster3509,Rhinolophus pusillus
Cluster3512,Rhinolophus pusillus
Cluster3515,Rhinolophus pusillus
Cluster3547,Rhinolophus pusillus
Cluster3555,Rhinolophus pusillus
Cluster3574,Rhinolophus pusillus
Cluster3577,Rhinolophus pusillus
Cluster3612,Rhinolophus pusillus
Cluster3617,Rhinolophus pusillus
Cluster3621,Rhinolophus pusillus
Cluster3626,Rhinolophus pusillus
Cluster3632,Rhinolophus pusillus
Cluster3638,Rhinolophus pusillus
Cluster3643,Rhinolophus pusillus
Cluster3644,Rhinolophus pusillus
Cluster3668,Rhinolophus pusillus
Cluster3674,Rhinolophus pusillus
Cluster3676,Rhinolophus pusillus
Cluster3681,Rhinolophus pusillus
Cluster3685,Rhinolophus pusillus
Cluster3697,Rhinolophus pusillus
Cluster3711,Rhinolophus pusillus
Cluster3721,Rhinolophus pusillus
Cluster3728,Rhinolophus pusillus
Cluster3730,Rhinolophus pusillus
Cluster3731,Rhinolophus pusillus
Cluster3738,Rhinolophus pusillus
Cluster3739,Rhinolophus pusillus
Cluster3746,Rhinolophus pusillus
Cluster3748,Rhinolophus pusillus
Cluster3752,Rhinolophus pusillus
Cluster3753,Rhinolophus pusillus
Cluster3765,Rhinolophus pusillus
Cluster3780,Rhinolophus pusillus
Cluster3790,Rhinolophus pusillus
Cluster3805,Rhinolophus pusillus
Cluster3808,Rhinolophus pusillus
Cluster3809,Rhinolophus pusillus
Cluster3810,Rhinolophus pusillus
Cluster3812,Rhinolophus pusillus
Cluster3815,Rhinolophus pusillus
Cluster3820,Rhinolophus pusillus
Cluster3822,Rhinolophus pusillus
Cluster3828,Rhinolophus pusillus
Cluster3837,Rhinolophus pusillus
Cluster3839,Rhinolophus pusillus
Cluster3850,Rhinolophus pusillus
Cluster3867,Rhinolophus pusillus
Cluster3870,Rhinolophus pusillus
Cluster3874,Rhinolophus pusillus
Cluster3880,Rhinolophus pusillus
Cluster3885,Rhinolophus pusillus
Cluster3888,Rhinolophus pusillus
Cluster3892,Rhinolophus pusillus
Cluster3898,Rhinolophus pusillus
Cluster3900,Rhinolophus pusillus
Cluster3902,Rhinolophus pusillus
Cluster3910,Rhinolophus pusillus
Cluster3917,Rhinolophus pusillus
Cluster3921,Rhinolophus pusillus
Cluster3922,Rhinolophus pusillus
Cluster3932,Rhinolophus pusillus
Cluster3934,Rhinolophus pusillus
Cluster3941,Rhinolophus pusillus
Cluster3943,Rhinolophus pusillus
Cluster3944,Rhinolophus pusillus
Cluster3945,Rhinolophus pusillus
Cluster3946,Rhinolophus pusillus
Cluster3952,Rhinolophus pusillus
Cluster3955,Rhinolophus pusillus
Cluster3956,Rhinolophus pusillus
Cluster3960,Rhinolophus pusillus
Cluster3971,Rhinolophus pusillus
Cluster4012,Rhinolophus pusillus
Cluster4015,Rhinolophus pusillus
Cluster4019,Rhinolophus pusillus
Cluster4025,Rhinolophus pusillus
Cluster4111,Rhinolophus pusillus
Cluster4125,Rhinolophus pusillus
Cluster4127,Rhinolophus pusillus
Cluster4130,Rhinolophus pusillus
Cluster4150,Rhinolophus pusillus
Cluster4154,Rhinolophus pusillus
Cluster4156,Rhinolophus pusillus
Cluster4167,Rhinolophus pusillus
Cluster4170,Rhinolophus pusillus
Cluster4200,Rhinolophus pusillus
Cluster4206,Rhinolophus pusillus
Cluster4208,Rhinolophus pusillus
Cluster4211,Rhinolophus pusillus
Cluster4216,Rhinolophus pusillus
Cluster4227,Rhinolophus pusillus
Cluster4231,Rhinolophus pusillus
Cluster4232,Rhinolophus pusillus
Cluster4235,Rhinolophus pusillus
Cluster4238,Rhinolophus pusillus
Cluster4248,Rhinolophus pusillus
Cluster4264,Rhinolophus pusillus
Cluster4268,Rhinolophus pusillus
Cluster4276,Rhinolophus pusillus
Cluster4299,Rhinolophus pusillus
Cluster4311,Rhinolophus pusillus
Cluster4312,Rhinolophus pusillus
Cluster4317,Rhinolophus pusillus
Cluster4323,Rhinolophus pusillus
Cluster4340,Rhinolophus pusillus
Cluster4369,Rhinolophus pusillus
Cluster4381,Rhinolophus pusillus
Cluster4388,Rhinolophus pusillus
Cluster4390,Rhinolophus pusillus
Cluster4398,Rhinolophus pusillus
Cluster4408,Rhinolophus pusillus
Cluster4436,Rhinolophus pusillus
Cluster4449,Rhinolophus pusillus
Cluster4450,Rhinolophus pusillus
Cluster4462,Rhinolophus pusillus
Cluster4476,Rhinolophus pusillus
Cluster4478,Rhinolophus pusillus
Cluster4488,Rhinolophus pusillus
Cluster4497,Rhinolophus pusillus
Cluster4498,Rhinolophus pusillus
Cluster4509,Rhinolophus pusillus
Cluster4514,Rhinolophus pusillus
Cluster4521,Rhinolophus pusillus
Cluster4539,Rhinolophus pusillus
Cluster4540,Rhinolophus pusillus
Cluster4544,Rhinolophus pusillus
Cluster4545,Rhinolophus pusillus
Cluster4549,Rhinolophus pusillus
Cluster4573,Rhinolophus pusillus
Cluster4600,Rhinolophus pusillus
Cluster4607,Rhinolophus pusillus
Cluster4613,Rhinolophus pusillus
Cluster4650,Rhinolophus pusillus
Cluster4654,Rhinolophus pusillus
Cluster4668,Rhinolophus pusillus
Cluster4674,Rhinolophus pusillus
Cluster4675,Rhinolophus pusillus
Cluster4693,Rhinolophus pusillus
Cluster4703,Rhinolophus pusillus
Cluster4710,Rhinolophus pusillus
Cluster4712,Rhinolophus pusillus
Cluster4727,Rhinolophus pusillus
Cluster4729,Rhinolophus pusillus
Cluster4740,Rhinolophus pusillus
Cluster4743,Rhinolophus pusillus
Cluster4752,Rhinolophus pusillus
Cluster4759,Rhinolophus pusillus
Cluster4761,Rhinolophus pusillus
Cluster4778,Rhinolophus pusillus
Cluster4782,Rhinolophus pusillus
Cluster4785,Rhinolophus pusillus
Cluster4791,Rhinolophus pusillus
Cluster4805,Rhinolophus pusillus
Cluster4819,Rhinolophus pusillus
Cluster4820,Rhinolophus pusillus
Cluster4823,Rhinolophus pusillus
Cluster4828,Rhinolophus pusillus
Cluster4867,Rhinolophus pusillus
Cluster4877,Rhinolophus pusillus
Cluster4887,Rhinolophus pusillus
Cluster4888,Rhinolophus pusillus
Cluster4894,Rhinolophus pusillus
Cluster4898,Rhinolophus pusillus
Cluster4908,Rhinolophus pusillus
Cluster4926,Rhinolophus pusillus
Cluster4933,Rhinolophus pusillus
Cluster4937,Rhinolophus pusillus
Cluster4947,Rhinolophus pusillus
Cluster4949,Rhinolophus pusillus
Cluster4964,Rhinolophus pusillus
Cluster4993,Rhinolophus pusillus
Cluster5007,Rhinolophus pusillus
Cluster5011,Rhinolophus pusillus
Cluster5015,Rhinolophus pusillus
Cluster5018,Rhinolophus pusillus
Cluster5021,Rhinolophus pusillus
Cluster5024,Rhinolophus pusillus
Cluster5039,Rhinolophus pusillus
Cluster5053,Rhinolophus pusillus
Cluster5054,Rhinolophus pusillus
Cluster5074,Rhinolophus pusillus
Cluster5077,Rhinolophus pusillus
Cluster5078,Rhinolophus pusillus
Cluster5081,Rhinolophus pusillus
Cluster5083,Rhinolophus pusillus
Cluster5107,Rhinolophus pusillus
Cluster5109,Rhinolophus pusillus
Cluster5111,Rhinolophus pusillus
Cluster5116,Rhinolophus pusillus
Cluster5136,Rhinolophus pusillus
Cluster5138,Rhinolophus pusillus
Cluster5145,Rhinolophus pusillus
Cluster5161,Rhinolophus pusillus
Cluster5164,Rhinolophus pusillus
Cluster5177,Rhinolophus pusillus
Cluster5179,Rhinolophus pusillus
Cluster5188,Rhinolophus pusillus
Cluster5197,Rhinolophus pusillus
Cluster5206,Rhinolophus pusillus
Cluster5209,Rhinolophus pusillus
Cluster5214,Rhinolophus pusillus
Cluster5216,Rhinolophus pusillus
Cluster5225,Rhinolophus pusillus
Cluster5237,Rhinolophus pusillus
Cluster5243,Rhinolophus pusillus
Cluster5246,Rhinolophus pusillus
Cluster5250,Rhinolophus pusillus
Cluster5252,Rhinolophus pusillus
Cluster5274,Rhinolophus pusillus
Cluster5292,Rhinolophus pusillus
Cluster5315,Rhinolophus pusillus
Cluster5319,Rhinolophus pusillus
Cluster5369,Rhinolophus pusillus
Cluster5376,Rhinolophus pusillus
Cluster5394,Rhinolophus pusillus
Cluster5395,Rhinolophus pusillus
Cluster5397,Rhinolophus pusillus
Cluster5436,Rhinolophus pusillus
Cluster5447,Rhinolophus pusillus
Cluster5451,Rhinolophus pusillus
Cluster5459,Rhinolophus pusillus
Cluster5460,Rhinolophus pusillus
Cluster5461,Rhinolophus pusillus
Cluster5476,Rhinolophus pusillus
Cluster5487,Rhinolophus pusillus
Cluster5493,Rhinolophus pusillus
Cluster5497,Rhinolophus pusillus
Cluster5504,Rhinolophus pusillus
Cluster5520,Rhinolophus pusillus
Cluster5526,Rhinolophus pusillus
Cluster5531,Rhinolophus pusillus
Cluster5532,Rhinolophus pusillus
Cluster5536,Rhinolophus pusillus
Cluster5546,Rhinolophus pusillus
Cluster5561,Rhinolophus pusillus
Cluster5563,Rhinolophus pusillus
Cluster5587,Rhinolophus pusillus
Cluster5591,Rhinolophus pusillus
Cluster5617,Rhinolophus pusillus
Cluster5620,Rhinolophus pusillus
Cluster5625,Rhinolophus pusillus
Cluster5651,Rhinolophus pusillus
Cluster5652,Rhinolophus pusillus
Cluster5670,Rhinolophus pusillus
Cluster5676,Rhinolophus pusillus
Cluster5678,Rhinolophus pusillus
Cluster5684,Rhinolophus pusillus
Cluster5691,Rhinolophus pusillus
Cluster5727,Rhinolophus pusillus
Cluster5728,Rhinolophus pusillus
Cluster5753,Rhinolophus pusillus
Cluster5763,Rhinolophus pusillus
Cluster5774,Rhinolophus pusillus
Cluster5775,Rhinolophus pusillus
Cluster5786,Rhinolophus pusillus
Cluster5790,Rhinolophus pusillus
Cluster5791,Rhinolophus pusillus
Cluster5802,Rhinolophus pusillus
Cluster5806,Rhinolophus pusillus
Cluster5823,Rhinolophus pusillus
Cluster5839,Rhinolophus pusillus
Cluster5841,Rhinolophus pusillus
Cluster5873,Rhinolophus pusillus
Cluster5877,Rhinolophus pusillus
Cluster5880,Rhinolophus pusillus
Cluster5882,Rhinolophus pusillus
Cluster5883,Rhinolophus pusillus
Cluster5899,Rhinolophus pusillus
Cluster5904,Rhinolophus pusillus
Cluster5907,Rhinolophus pusillus
Cluster5908,Rhinolophus pusillus
Cluster5921,Rhinolophus pusillus
Cluster5923,Rhinolophus pusillus
Cluster5929,Rhinolophus pusillus
Cluster5942,Rhinolophus pusillus
Cluster5947,Rhinolophus pusillus
Cluster5955,Rhinolophus pusillus
Cluster5956,Rhinolophus pusillus
Cluster5964,Rhinolophus pusillus
Cluster5969,Rhinolophus pusillus
Cluster5972,Rhinolophus pusillus
Cluster5976,Rhinolophus pusillus
Cluster5985,Rhinolophus pusillus
Cluster5997,Rhinolophus pusillus
Cluster6005,Rhinolophus pusillus
Cluster6007,Rhinolophus pusillus
Cluster6013,Rhinolophus pusillus
Cluster6017,Rhinolophus pusillus
Cluster6038,Rhinolophus pusillus
Cluster6043,Rhinolophus pusillus
Cluster6051,Rhinolophus pusillus
Cluster6053,Rhinolophus pusillus
Cluster6059,Rhinolophus pusillus
Cluster6071,Rhinolophus pusillus
Cluster6075,Rhinolophus pusillus
Cluster6090,Rhinolophus pusillus
Cluster6102,Rhinolophus pusillus
Cluster6111,Rhinolophus pusillus
Cluster6126,Rhinolophus pusillus
Cluster6127,Rhinolophus pusillus
Cluster6139,Rhinolophus pusillus
Cluster6201,Rhinolophus pusillus
Cluster6209,Rhinolophus pusillus
Cluster6219,Rhinolophus pusillus
Cluster6224,Rhinolophus pusillus
Cluster6234,Rhinolophus pusillus
Cluster6237,Rhinolophus pusillus
Cluster6258,Rhinolophus pusillus
Cluster6259,Rhinolophus pusillus
Cluster6266,Rhinolophus pusillus
Cluster6276,Rhinolophus pusillus
Cluster6285,Rhinolophus pusillus
Cluster6287,Rhinolophus pusillus
Cluster6300,Rhinolophus pusillus
Cluster6338,Rhinolophus pusillus
Cluster6342,Rhinolophus pusillus
Cluster6354,Rhinolophus pusillus
Cluster6400,Rhinolophus pusillus
Cluster6418,Rhinolophus pusillus
Cluster6421,Rhinolophus pusillus
Cluster6425,Rhinolophus pusillus
Cluster6434,Rhinolophus pusillus
Cluster6447,Rhinolophus pusillus
Cluster6452,Rhinolophus pusillus
Cluster6475,Rhinolophus pusillus
Cluster6476,Rhinolophus pusillus
Cluster6486,Rhinolophus pusillus
Cluster6500,Rhinolophus pusillus
Cluster6501,Rhinolophus pusillus
Cluster6514,Rhinolophus pusillus
Cluster6523,Rhinolophus pusillus
Cluster6532,Rhinolophus pusillus
Cluster6552,Rhinolophus pusillus
Cluster6564,Rhinolophus pusillus
Cluster6578,Rhinolophus pusillus
Cluster6586,Rhinolophus pusillus
Cluster6603,Rhinolophus pusillus
Cluster6608,Rhinolophus pusillus
Cluster6646,Rhinolophus pusillus
Cluster6649,Rhinolophus pusillus
Cluster6656,Rhinolophus pusillus
Cluster6661,Rhinolophus pusillus
Cluster6672,Rhinolophus pusillus
Cluster6682,Rhinolophus pusillus
Cluster6712,Rhinolophus pusillus
Cluster6728,Rhinolophus pusillus
Cluster6739,Rhinolophus pusillus
Cluster6741,Rhinolophus pusillus
Cluster6742,Rhinolophus pusillus
Cluster6767,Rhinolophus pusillus
Cluster6779,Rhinolophus pusillus
Cluster6791,Rhinolophus pusillus
Cluster6798,Rhinolophus pusillus
Cluster6814,Rhinolophus pusillus
Cluster6826,Rhinolophus pusillus
Cluster6830,Rhinolophus pusillus
Cluster6834,Rhinolophus pusillus
Cluster6839,Rhinolophus pusillus
Cluster6841,Rhinolophus pusillus
Cluster6847,Rhinolophus pusillus
Cluster6849,Rhinolophus pusillus
Cluster6855,Rhinolophus pusillus
Cluster6857,Rhinolophus pusillus
Cluster6859,Rhinolophus pusillus
Cluster6870,Rhinolophus pusillus
Cluster6871,Rhinolophus pusillus
Cluster6880,Rhinolophus pusillus
Cluster6881,Rhinolophus pusillus
Cluster6882,Rhinolophus pusillus
Cluster6894,Rhinolophus pusillus
Cluster6896,Rhinolophus pusillus
Cluster6902,Rhinolophus pusillus
Cluster6909,Rhinolophus pusillus
Cluster6912,Rhinolophus pusillus
Cluster6919,Rhinolophus pusillus
Cluster6927,Rhinolophus pusillus
Cluster6929,Rhinolophus pusillus
Cluster6931,Rhinolophus pusillus
Cluster6950,Rhinolophus pusillus
Cluster6957,Rhinolophus pusillus
Cluster6973,Rhinolophus pusillus
Cluster6975,Rhinolophus pusillus
Cluster6981,Rhinolophus pusillus
Cluster7001,Rhinolophus pusillus
Cluster7003,Rhinolophus pusillus
Cluster7006,Rhinolophus pusillus
Cluster7007,Rhinolophus pusillus
Cluster7013,Rhinolophus pusillus
Cluster7015,Rhinolophus pusillus
Cluster7027,Rhinolophus pusillus
Cluster7037,Rhinolophus pusillus
Cluster7047,Rhinolophus pusillus
Cluster7051,Rhinolophus pusillus
Cluster7062,Rhinolophus pusillus
Cluster7063,Rhinolophus pusillus
Cluster7065,Rhinolophus pusillus
Cluster7069,Rhinolophus pusillus
Cluster7080,Rhinolophus pusillus
Cluster7083,Rhinolophus pusillus
Cluster7084,Rhinolophus pusillus
Cluster7096,Rhinolophus pusillus
Cluster7115,Rhinolophus pusillus
Cluster7116,Rhinolophus pusillus
Cluster7125,Rhinolophus pusillus
Cluster7156,Rhinolophus pusillus
Cluster7161,Rhinolophus pusillus
Cluster7165,Rhinolophus pusillus
Cluster7167,Rhinolophus pusillus
Cluster7172,Rhinolophus pusillus
Cluster7189,Rhinolophus pusillus
Cluster7197,Rhinolophus pusillus
Cluster7210,Rhinolophus pusillus
Cluster7233,Rhinolophus pusillus
Cluster7244,Rhinolophus pusillus
Cluster7262,Rhinolophus pusillus
Cluster7264,Rhinolophus pusillus
Cluster7273,Rhinolophus pusillus
Cluster7286,Rhinolophus pusillus
Cluster7295,Rhinolophus pusillus
Cluster7299,Rhinolophus pusillus
Cluster7300,Rhinolophus pusillus
Cluster7301,Rhinolophus pusillus
Cluster7312,Rhinolophus pusillus
Cluster7313,Rhinolophus pusillus
Cluster7316,Rhinolophus pusillus
Cluster7321,Rhinolophus pusillus
Cluster7335,Rhinolophus pusillus
Cluster7339,Rhinolophus pusillus
Cluster7340,Rhinolophus pusillus
Cluster7354,Rhinolophus pusillus
Cluster7355,Rhinolophus pusillus
Cluster7364,Rhinolophus pusillus
Cluster7380,Rhinolophus pusillus
Cluster7381,Rhinolophus pusillus
Cluster7405,Rhinolophus pusillus
Cluster7407,Rhinolophus pusillus
Cluster7424,Rhinolophus pusillus
Cluster7439,Rhinolophus pusillus
Cluster7458,Rhinolophus pusillus
Cluster7459,Rhinolophus pusillus
Cluster7497,Rhinolophus pusillus
Cluster7520,Rhinolophus pusillus
Cluster7525,Rhinolophus pusillus
Cluster7527,Rhinolophus pusillus
Cluster7546,Rhinolophus pusillus
Cluster7551,Rhinolophus pusillus
Cluster7553,Rhinolophus pusillus
Cluster7560,Rhinolophus pusillus
Cluster7586,Rhinolophus pusillus
Cluster7591,Rhinolophus pusillus
Cluster7594,Rhinolophus pusillus
Cluster7596,Rhinolophus pusillus
Cluster7605,Rhinolophus pusillus
Cluster7611,Rhinolophus pusillus
Cluster7617,Rhinolophus pusillus
Cluster7628,Rhinolophus pusillus
Cluster7630,Rhinolophus pusillus
Cluster7631,Rhinolophus pusillus
Cluster7632,Rhinolophus pusillus
Cluster7633,Rhinolophus pusillus
Cluster7636,Rhinolophus pusillus
Cluster7641,Rhinolophus pusillus
Cluster7646,Rhinolophus pusillus
Cluster7650,Rhinolophus pusillus
Cluster7662,Rhinolophus pusillus
Cluster7665,Rhinolophus pusillus
Cluster7675,Rhinolophus pusillus
Cluster7676,Rhinolophus pusillus
Cluster7679,Rhinolophus pusillus
Cluster7698,Rhinolophus pusillus
Cluster7708,Rhinolophus pusillus
Cluster7714,Rhinolophus pusillus
Cluster7719,Rhinolophus pusillus
Cluster7743,Rhinolophus pusillus
Cluster7755,Rhinolophus pusillus
Cluster7758,Rhinolophus pusillus
Cluster7761,Rhinolophus pusillus
Cluster7773,Rhinolophus pusillus
Cluster7775,Rhinolophus pusillus
Cluster7791,Rhinolophus pusillus
Cluster7792,Rhinolophus pusillus
Cluster7796,Rhinolophus pusillus
Cluster7810,Rhinolophus pusillus
Cluster7815,Rhinolophus pusillus
Cluster7830,Rhinolophus pusillus
Cluster7844,Rhinolophus pusillus
Cluster7847,Rhinolophus pusillus
Cluster7856,Rhinolophus pusillus
Cluster7858,Rhinolophus pusillus
Cluster7859,Rhinolophus pusillus
Cluster7876,Rhinolophus pusillus
Cluster7882,Rhinolophus pusillus
Cluster7889,Rhinolophus pusillus
Cluster7905,Rhinolophus pusillus
Cluster7914,Rhinolophus pusillus
Cluster7919,Rhinolophus pusillus
Cluster7921,Rhinolophus pusillus
Cluster7922,Rhinolophus pusillus
Cluster7940,Rhinolophus pusillus
Cluster7942,Rhinolophus pusillus
Cluster7946,Rhinolophus pusillus
Cluster7947,Rhinolophus pusillus
Cluster7965,Rhinolophus pusillus
Cluster7975,Rhinolophus pusillus
Cluster7986,Rhinolophus pusillus
Cluster8001,Rhinolophus pusillus
Cluster8006,Rhinolophus pusillus
Cluster8023,Rhinolophus pusillus
Cluster8032,Rhinolophus pusillus
Cluster8045,Rhinolophus pusillus
Cluster8048,Rhinolophus pusillus
Cluster8065,Rhinolophus pusillus
Cluster8072,Rhinolophus pusillus
Cluster8077,Rhinolophus pusillus
Cluster8094,Rhinolophus pusillus
Cluster8097,Rhinolophus pusillus
Cluster8098,Rhinolophus pusillus
Cluster8108,Rhinolophus pusillus
Cluster8111,Rhinolophus pusillus
Cluster8113,Rhinolophus pusillus
Cluster8118,Rhinolophus pusillus
Cluster8132,Rhinolophus pusillus
Cluster8149,Rhinolophus pusillus
Cluster8151,Rhinolophus pusillus
Cluster8161,Rhinolophus pusillus
Cluster8167,Rhinolophus pusillus
Cluster8174,Rhinolophus pusillus
Cluster8186,Rhinolophus pusillus
Cluster8188,Rhinolophus pusillus
Cluster8197,Rhinolophus pusillus
Cluster8216,Rhinolophus pusillus
Cluster8223,Rhinolophus pusillus
Cluster8232,Rhinolophus pusillus
Cluster8235,Rhinolophus pusillus
Cluster8244,Rhinolophus pusillus
Cluster8248,Rhinolophus pusillus
Cluster8251,Rhinolophus pusillus
Cluster8258,Rhinolophus pusillus
Cluster8267,Rhinolophus pusillus
Cluster8274,Rhinolophus pusillus
Cluster8284,Rhinolophus pusillus
Cluster8292,Rhinolophus pusillus
Cluster8297,Rhinolophus pusillus
Cluster8317,Rhinolophus pusillus
Cluster8334,Rhinolophus pusillus
Cluster8345,Rhinolophus pusillus
Cluster8348,Rhinolophus pusillus
Cluster8361,Rhinolophus pusillus
Cluster8372,Rhinolophus pusillus
Cluster8393,Rhinolophus pusillus
Cluster8404,Rhinolophus pusillus
Cluster8411,Rhinolophus pusillus
Cluster8412,Rhinolophus pusillus
Cluster8421,Rhinolophus pusillus
Cluster8424,Rhinolophus pusillus
Cluster8426,Rhinolophus pusillus
Cluster8433,Rhinolophus pusillus
Cluster8441,Rhinolophus pusillus
Cluster8442,Rhinolophus pusillus
Cluster8443,Rhinolophus pusillus
Cluster8467,Rhinolophus pusillus
Cluster8482,Rhinolophus pusillus
Cluster8488,Rhinolophus pusillus
Cluster8490,Rhinolophus pusillus
Cluster8514,Rhinolophus pusillus
Cluster8516,Rhinolophus pusillus
Cluster8529,Rhinolophus pusillus
Cluster8547,Rhinolophus pusillus
Cluster8552,Rhinolophus pusillus
Cluster8556,Rhinolophus pusillus
Cluster8567,Rhinolophus pusillus
Cluster8568,Rhinolophus pusillus
Cluster8589,Rhinolophus pusillus
Cluster8594,Rhinolophus pusillus
Cluster8602,Rhinolophus pusillus
Cluster8606,Rhinolophus pusillus
Cluster8607,Rhinolophus pusillus
Cluster8610,Rhinolophus pusillus
Cluster8627,Rhinolophus pusillus
Cluster8632,Rhinolophus pusillus
Cluster8639,Rhinolophus pusillus
Cluster8644,Rhinolophus pusillus
Cluster8649,Rhinolophus pusillus
Cluster8653,Rhinolophus pusillus
Cluster8672,Rhinolophus pusillus
Cluster8676,Rhinolophus pusillus
Cluster8679,Rhinolophus pusillus
Cluster8680,Rhinolophus pusillus
Cluster8687,Rhinolophus pusillus
Cluster8696,Rhinolophus pusillus
Cluster8711,Rhinolophus pusillus
Cluster8714,Rhinolophus pusillus
Cluster8717,Rhinolophus pusillus
Cluster8732,Rhinolophus pusillus
Cluster8737,Rhinolophus pusillus
Cluster8741,Rhinolophus pusillus
Cluster8750,Rhinolophus pusillus
Cluster8778,Rhinolophus pusillus
Cluster8780,Rhinolophus pusillus
Cluster8812,Rhinolophus pusillus
Cluster8813,Rhinolophus pusillus
Cluster8841,Rhinolophus pusillus
Cluster8846,Rhinolophus pusillus
Cluster8847,Rhinolophus pusillus
Cluster8856,Rhinolophus pusillus
Cluster8861,Rhinolophus pusillus
Cluster8862,Rhinolophus pusillus
Cluster8863,Rhinolophus pusillus
Cluster8875,Rhinolophus pusillus
Cluster8900,Rhinolophus pusillus
Cluster8903,Rhinolophus pusillus
Cluster8925,Rhinolophus pusillus
Cluster8929,Rhinolophus pusillus
Cluster8933,Rhinolophus pusillus
Cluster8944,Rhinolophus pusillus
Cluster8951,Rhinolophus pusillus
Cluster8969,Rhinolophus pusillus
Cluster8971,Rhinolophus pusillus
Cluster8976,Rhinolophus pusillus
Cluster8984,Rhinolophus pusillus
Cluster8985,Rhinolophus pusillus
Cluster8996,Rhinolophus pusillus
Cluster8997,Rhinolophus pusillus
Cluster9012,Rhinolophus pusillus
Cluster9019,Rhinolophus pusillus
Cluster9031,Rhinolophus pusillus
Cluster9040,Rhinolophus pusillus
Cluster9054,Rhinolophus pusillus
Cluster9068,Rhinolophus pusillus
Cluster9072,Rhinolophus pusillus
Cluster9075,Rhinolophus pusillus
Cluster9077,Rhinolophus pusillus
Cluster9099,Rhinolophus pusillus
Cluster9117,Rhinolophus pusillus
Cluster9121,Rhinolophus pusillus
Cluster9131,Rhinolophus pusillus
Cluster9149,Rhinolophus pusillus
Cluster9165,Rhinolophus pusillus
Cluster9183,Rhinolophus pusillus
Cluster9206,Rhinolophus pusillus
Cluster9223,Rhinolophus pusillus
Cluster9228,Rhinolophus pusillus
Cluster9233,Rhinolophus pusillus
Cluster9252,Rhinolophus pusillus
Cluster9269,Rhinolophus pusillus
Cluster9270,Rhinolophus pusillus
Cluster9285,Rhinolophus pusillus
Cluster9295,Rhinolophus pusillus
Cluster9298,Rhinolophus pusillus
Cluster9309,Rhinolophus pusillus
Cluster9311,Rhinolophus pusillus
Cluster9334,Rhinolophus pusillus
Cluster9350,Rhinolophus pusillus
Cluster9360,Rhinolophus pusillus
Cluster9365,Rhinolophus pusillus
Cluster9385,Rhinolophus pusillus
Cluster9413,Rhinolophus pusillus
Cluster9423,Rhinolophus pusillus
Cluster9429,Rhinolophus pusillus
Cluster9455,Rhinolophus pusillus
Cluster9460,Rhinolophus pusillus
Cluster9479,Rhinolophus pusillus
Cluster9483,Rhinolophus pusillus
Cluster9493,Rhinolophus pusillus
Cluster9507,Rhinolophus pusillus
Cluster9513,Rhinolophus pusillus
Cluster9524,Rhinolophus pusillus
Cluster9531,Rhinolophus pusillus
Cluster9532,Rhinolophus pusillus
Cluster9539,Rhinolophus pusillus
Cluster9552,Rhinolophus pusillus
Cluster9562,Rhinolophus pusillus
Cluster9572,Rhinolophus pusillus
Cluster9573,Rhinolophus pusillus
Cluster9585,Rhinolophus pusillus
Cluster9589,Rhinolophus pusillus
Cluster9592,Rhinolophus pusillus
Cluster9597,Rhinolophus pusillus
Cluster9603,Rhinolophus pusillus
Cluster9631,Rhinolophus pusillus
Cluster9633,Rhinolophus pusillus
Cluster9661,Rhinolophus pusillus
Cluster9664,Rhinolophus pusillus
Cluster9667,Rhinolophus pusillus
Cluster9668,Rhinolophus pusillus
Cluster9674,Rhinolophus pusillus
Cluster9677,Rhinolophus pusillus
Cluster9678,Rhinolophus pusillus
Cluster9703,Rhinolophus pusillus
Cluster9710,Rhinolophus pusillus
Cluster9715,Rhinolophus pusillus
Cluster9721,Rhinolophus pusillus
Cluster9727,Rhinolophus pusillus
Cluster9741,Rhinolophus pusillus
Cluster9758,Rhinolophus pusillus
Cluster9768,Rhinolophus pusillus
Cluster9808,Rhinolophus pusillus
Cluster9837,Rhinolophus pusillus
Cluster9849,Rhinolophus pusillus
Cluster9852,Rhinolophus pusillus
Cluster9861,Rhinolophus pusillus
Cluster9864,Rhinolophus pusillus
Cluster9877,Rhinolophus pusillus
Cluster9890,Rhinolophus pusillus
Cluster9912,Rhinolophus pusillus
Cluster9915,Rhinolophus pusillus
Cluster9927,Rhinolophus pusillus
Cluster9934,Rhinolophus pusillus
Cluster9943,Rhinolophus pusillus
Cluster9952,Rhinolophus pusillus
Cluster9962,Rhinolophus pusillus
Cluster9992,Rhinolophus pusillus
Cluster10000,Rhinolophus pusillus
Cluster10005,Rhinolophus pusillus
Cluster10012,Rhinolophus pusillus
Cluster10021,Rhinolophus pusillus
Cluster10029,Rhinolophus pusillus
Cluster10036,Rhinolophus pusillus
Cluster10037,Rhinolophus pusillus
Cluster10051,Rhinolophus pusillus
Cluster10054,Rhinolophus pusillus
Cluster10077,Rhinolophus pusillus
Cluster10089,Rhinolophus pusillus
Cluster10099,Rhinolophus pusillus
Cluster10108,Rhinolophus pusillus
Cluster10118,Rhinolophus pusillus
Cluster10131,Rhinolophus pusillus
Cluster10135,Rhinolophus pusillus
Cluster10154,Rhinolophus pusillus
Cluster10156,Rhinolophus pusillus
Cluster10157,Rhinolophus pusillus
Cluster10165,Rhinolophus pusillus
Cluster10180,Rhinolophus pusillus
Cluster10203,Rhinolophus pusillus
Cluster10218,Rhinolophus pusillus
Cluster10219,Rhinolophus pusillus
Cluster10241,Rhinolophus pusillus
Cluster10250,Rhinolophus pusillus
Cluster10267,Rhinolophus pusillus
Cluster10283,Rhinolophus pusillus
Cluster10295,Rhinolophus pusillus
Cluster10307,Rhinolophus pusillus
Cluster10325,Rhinolophus pusillus
Cluster10334,Rhinolophus pusillus
Cluster10335,Rhinolophus pusillus
Cluster10348,Rhinolophus pusillus
Cluster10349,Rhinolophus pusillus
Cluster10351,Rhinolophus pusillus
Cluster10355,Rhinolophus pusillus
Cluster10375,Rhinolophus pusillus
Cluster10393,Rhinolophus pusillus
Cluster10402,Rhinolophus pusillus
Cluster10405,Rhinolophus pusillus
Cluster10411,Rhinolophus pusillus
Cluster10414,Rhinolophus pusillus
Cluster10422,Rhinolophus pusillus
Cluster10457,Rhinolophus pusillus
Cluster10458,Rhinolophus pusillus
Cluster10461,Rhinolophus pusillus
Cluster10464,Rhinolophus pusillus
Cluster10476,Rhinolophus pusillus
Cluster10481,Rhinolophus pusillus
Cluster10502,Rhinolophus pusillus
Cluster10513,Rhinolophus pusillus
Cluster10514,Rhinolophus pusillus
Cluster10519,Rhinolophus pusillus
Cluster10533,Rhinolophus pusillus
Cluster10537,Rhinolophus pusillus
Cluster10546,Rhinolophus pusillus
Cluster10561,Rhinolophus pusillus
Cluster10566,Rhinolophus pusillus
Cluster10590,Rhinolophus pusillus
Cluster10593,Rhinolophus pusillus
Cluster10596,Rhinolophus pusillus
Cluster10610,Rhinolophus pusillus
Cluster10612,Rhinolophus pusillus
Cluster10632,Rhinolophus pusillus
Cluster10644,Rhinolophus pusillus
Cluster10651,Rhinolophus pusillus
Cluster10659,Rhinolophus pusillus
Cluster10667,Rhinolophus pusillus
Cluster10672,Rhinolophus pusillus
Cluster10675,Rhinolophus pusillus
Cluster10676,Rhinolophus pusillus
Cluster10687,Rhinolophus pusillus
Cluster10689,Rhinolophus pusillus
Cluster10700,Rhinolophus pusillus
Cluster10715,Rhinolophus pusillus
Cluster10718,Rhinolophus pusillus
Cluster10722,Rhinolophus pusillus
Cluster10727,Rhinolophus pusillus
Cluster10740,Rhinolophus pusillus
Cluster10755,Rhinolophus pusillus
Cluster10766,Rhinolophus pusillus
Cluster10791,Rhinolophus pusillus
Cluster10804,Rhinolophus pusillus
Cluster10830,Rhinolophus pusillus
Cluster10851,Rhinolophus pusillus
Cluster10860,Rhinolophus pusillus
Cluster10865,Rhinolophus pusillus
Cluster10868,Rhinolophus pusillus
Cluster10883,Rhinolophus pusillus
Cluster10909,Rhinolophus pusillus
Cluster10950,Rhinolophus pusillus
Cluster10951,Rhinolophus pusillus
Cluster10957,Rhinolophus pusillus
Cluster10967,Rhinolophus pusillus
Cluster10982,Rhinolophus pusillus
Cluster10997,Rhinolophus pusillus
Cluster11032,Rhinolophus pusillus
Cluster11046,Rhinolophus pusillus
Cluster11047,Rhinolophus pusillus
Cluster11050,Rhinolophus pusillus
Cluster11053,Rhinolophus pusillus
Cluster11055,Rhinolophus pusillus
Cluster11057,Rhinolophus pusillus
Cluster11066,Rhinolophus pusillus
Cluster11079,Rhinolophus pusillus
Cluster11109,Rhinolophus pusillus
Cluster11110,Rhinolophus pusillus
Cluster11117,Rhinolophus pusillus
Cluster11129,Rhinolophus pusillus
Cluster11134,Rhinolophus pusillus
Cluster11162,Rhinolophus pusillus
Cluster11182,Rhinolophus pusillus
Cluster11198,Rhinolophus pusillus
Cluster11217,Rhinolophus pusillus
Cluster11225,Rhinolophus pusillus
Cluster11256,Rhinolophus pusillus
Cluster11268,Rhinolophus pusillus
Cluster11286,Rhinolophus pusillus
Cluster11288,Rhinolophus pusillus
Cluster11295,Rhinolophus pusillus
Cluster11301,Rhinolophus pusillus
Cluster11304,Rhinolophus pusillus
Cluster11312,Rhinolophus pusillus
Cluster11316,Rhinolophus pusillus
Cluster11323,Rhinolophus pusillus
Cluster11331,Rhinolophus pusillus
Cluster11342,Rhinolophus pusillus
Cluster11353,Rhinolophus pusillus
Cluster11358,Rhinolophus pusillus
Cluster11359,Rhinolophus pusillus
Cluster11372,Rhinolophus pusillus
Cluster11379,Rhinolophus pusillus
Cluster11381,Rhinolophus pusillus
Cluster11384,Rhinolophus pusillus
Cluster11392,Rhinolophus pusillus
Cluster11411,Rhinolophus pusillus
Cluster11417,Rhinolophus pusillus
Cluster11420,Rhinolophus pusillus
Cluster11425,Rhinolophus pusillus
Cluster11434,Rhinolophus pusillus
Cluster11449,Rhinolophus pusillus
Cluster11459,Rhinolophus pusillus
Cluster11481,Rhinolophus pusillus
Cluster11487,Rhinolophus pusillus
Cluster11492,Rhinolophus pusillus
Cluster11502,Rhinolophus pusillus
Cluster11521,Rhinolophus pusillus
Cluster11563,Rhinolophus pusillus
Cluster11566,Rhinolophus pusillus
Cluster11572,Rhinolophus pusillus
Cluster11574,Rhinolophus pusillus
Cluster11577,Rhinolophus pusillus
Cluster11580,Rhinolophus pusillus
Cluster11585,Rhinolophus pusillus
Cluster11618,Rhinolophus pusillus
Cluster11631,Rhinolophus pusillus
Cluster11636,Rhinolophus pusillus
Cluster11653,Rhinolophus pusillus
Cluster11656,Rhinolophus pusillus
Cluster11662,Rhinolophus pusillus
Cluster11681,Rhinolophus pusillus
Cluster11685,Rhinolophus pusillus
Cluster11691,Rhinolophus pusillus
Cluster11703,Rhinolophus pusillus
Cluster11715,Rhinolophus pusillus
Cluster11721,Rhinolophus pusillus
Cluster11738,Rhinolophus pusillus
Cluster11739,Rhinolophus pusillus
Cluster11765,Rhinolophus pusillus
Cluster11782,Rhinolophus pusillus
Cluster11792,Rhinolophus pusillus
Cluster11797,Rhinolophus pusillus
Cluster11804,Rhinolophus pusillus
Cluster11805,Rhinolophus pusillus
Cluster11807,Rhinolophus pusillus
Cluster11819,Rhinolophus pusillus
Cluster11833,Rhinolophus pusillus
Cluster11849,Rhinolophus pusillus
Cluster11876,Rhinolophus pusillus
Cluster11880,Rhinolophus pusillus
Cluster11887,Rhinolophus pusillus
Cluster11890,Rhinolophus pusillus
Cluster11894,Rhinolophus pusillus
Cluster11897,Rhinolophus pusillus
Cluster11929,Rhinolophus pusillus
Cluster11933,Rhinolophus pusillus
Cluster11972,Rhinolophus pusillus
Cluster11996,Rhinolophus pusillus
Cluster12033,Rhinolophus pusillus
Cluster12041,Rhinolophus pusillus
Cluster12042,Rhinolophus pusillus
Cluster12057,Rhinolophus pusillus
Cluster12064,Rhinolophus pusillus
Cluster12066,Rhinolophus pusillus
Cluster12118,Rhinolophus pusillus
Cluster12120,Rhinolophus pusillus
Cluster12122,Rhinolophus pusillus
Cluster12137,Rhinolophus pusillus
Cluster12141,Rhinolophus pusillus
Cluster12144,Rhinolophus pusillus
Cluster12163,Rhinolophus pusillus
Cluster12173,Rhinolophus pusillus
Cluster12178,Rhinolophus pusillus
Cluster12196,Rhinolophus pusillus
Cluster12203,Rhinolophus pusillus
Cluster12214,Rhinolophus pusillus
Cluster12231,Rhinolophus pusillus
Cluster12253,Rhinolophus pusillus
Cluster12259,Rhinolophus pusillus
Cluster12260,Rhinolophus pusillus
Cluster12273,Rhinolophus pusillus
Cluster12275,Rhinolophus pusillus
Cluster12302,Rhinolophus pusillus
Cluster12308,Rhinolophus pusillus
Cluster12312,Rhinolophus pusillus
Cluster12315,Rhinolophus pusillus
Cluster12327,Rhinolophus pusillus
Cluster12328,Rhinolophus pusillus
Cluster12332,Rhinolophus pusillus
Cluster12336,Rhinolophus pusillus
Cluster12355,Rhinolophus pusillus
Cluster12366,Rhinolophus pusillus
Cluster12369,Rhinolophus pusillus
Cluster12371,Rhinolophus pusillus
Cluster12388,Rhinolophus pusillus
Cluster12399,Rhinolophus pusillus
Cluster12407,Rhinolophus pusillus
Cluster12408,Rhinolophus pusillus
Cluster12434,Rhinolophus pusillus
Cluster12448,Rhinolophus pusillus
Cluster12469,Rhinolophus pusillus
Cluster12474,Rhinolophus pusillus
Cluster12481,Rhinolophus pusillus
Cluster12522,Rhinolophus pusillus
Cluster12563,Rhinolophus pusillus
Cluster12566,Rhinolophus pusillus
Cluster12570,Rhinolophus pusillus
Cluster12574,Rhinolophus pusillus
Cluster12577,Rhinolophus pusillus
Cluster12582,Rhinolophus pusillus
Cluster12584,Rhinolophus pusillus
Cluster12603,Rhinolophus pusillus
Cluster12616,Rhinolophus pusillus
Cluster12618,Rhinolophus pusillus
Cluster12627,Rhinolophus pusillus
Cluster12652,Rhinolophus pusillus
Cluster12667,Rhinolophus pusillus
Cluster12691,Rhinolophus pusillus
Cluster12699,Rhinolophus pusillus
Cluster12710,Rhinolophus pusillus
Cluster12720,Rhinolophus pusillus
Cluster12734,Rhinolophus pusillus
Cluster12736,Rhinolophus pusillus
Cluster12738,Rhinolophus pusillus
Cluster12742,Rhinolophus pusillus
Cluster12761,Rhinolophus pusillus
Cluster12785,Rhinolophus pusillus
Cluster12788,Rhinolophus pusillus
Cluster12801,Rhinolophus pusillus
Cluster12814,Rhinolophus pusillus
Cluster12817,Rhinolophus pusillus
Cluster12818,Rhinolophus pusillus
Cluster12842,Rhinolophus pusillus
Cluster12845,Rhinolophus pusillus
Cluster12846,Rhinolophus pusillus
Cluster12850,Rhinolophus pusillus
Cluster12857,Rhinolophus pusillus
Cluster12879,Rhinolophus pusillus
Cluster12894,Rhinolophus pusillus
Cluster12902,Rhinolophus pusillus
Cluster12904,Rhinolophus pusillus
Cluster12908,Rhinolophus pusillus
Cluster12915,Rhinolophus pusillus
Cluster12919,Rhinolophus pusillus
Cluster12931,Rhinolophus pusillus
Cluster12934,Rhinolophus pusillus
Cluster0,Rhinolophus rex
Cluster2,Rhinolophus rex
Cluster3,Rhinolophus rex
Cluster9,Rhinolophus rex
Cluster10,Rhinolophus rex
Cluster13,Rhinolophus rex
Cluster14,Rhinolophus rex
Cluster43,Rhinolophus rex
Cluster50,Rhinolophus rex
Cluster53,Rhinolophus rex
Cluster80,Rhinolophus rex
Cluster132,Rhinolophus rex
Cluster717,Rhinolophus rex
Cluster1008,Rhinolophus rex
Cluster1573,Rhinolophus rex
Cluster2329,Rhinolophus rex
Cluster3486,Rhinolophus rex
Cluster3998,Rhinolophus rex
Cluster4634,Rhinolophus rex
Cluster4661,Rhinolophus rex
Cluster4681,Rhinolophus rex
Cluster4822,Rhinolophus rex
Cluster5042,Rhinolophus rex
Cluster5210,Rhinolophus rex
Cluster5275,Rhinolophus rex
Cluster5466,Rhinolophus rex
Cluster5696,Rhinolophus rex
Cluster5937,Rhinolophus rex
Cluster6748,Rhinolophus rex
Cluster8826,Rhinolophus rex
Cluster8927,Rhinolophus rex
Cluster10290,Rhinolophus rex
Cluster10448,Rhinolophus rex
Cluster10486,Rhinolophus rex
Cluster10942,Rhinolophus rex
Cluster11994,Rhinolophus rex
Cluster12072,Rhinolophus rex
Cluster12611,Rhinolophus rex
Cluster12835,Rhinolophus rex
Cluster12855,Rhinolophus rex
Cluster0,Rhinolophus siamensis
Cluster2,Rhinolophus siamensis
Cluster3,Rhinolophus siamensis
Cluster4,Rhinolophus siamensis
Cluster5,Rhinolophus siamensis
Cluster9,Rhinolophus siamensis
Cluster13,Rhinolophus siamensis
Cluster14,Rhinolophus siamensis
Cluster23,Rhinolophus siamensis
Cluster24,Rhinolophus siamensis
Cluster27,Rhinolophus siamensis
Cluster29,Rhinolophus siamensis
Cluster38,Rhinolophus siamensis
Cluster43,Rhinolophus siamensis
Cluster50,Rhinolophus siamensis
Cluster53,Rhinolophus siamensis
Cluster61,Rhinolophus siamensis
Cluster80,Rhinolophus siamensis
Cluster111,Rhinolophus siamensis
Cluster119,Rhinolophus siamensis
Cluster132,Rhinolophus siamensis
Cluster153,Rhinolophus siamensis
Cluster177,Rhinolophus siamensis
Cluster251,Rhinolophus siamensis
Cluster335,Rhinolophus siamensis
Cluster717,Rhinolophus siamensis
Cluster841,Rhinolophus siamensis
Cluster923,Rhinolophus siamensis
Cluster1008,Rhinolophus siamensis
Cluster1017,Rhinolophus siamensis
Cluster1040,Rhinolophus siamensis
Cluster1080,Rhinolophus siamensis
Cluster1168,Rhinolophus siamensis
Cluster1392,Rhinolophus siamensis
Cluster1493,Rhinolophus siamensis
Cluster1573,Rhinolophus siamensis
Cluster1934,Rhinolophus siamensis
Cluster2042,Rhinolophus siamensis
Cluster2079,Rhinolophus siamensis
Cluster2329,Rhinolophus siamensis
Cluster2517,Rhinolophus siamensis
Cluster2518,Rhinolophus siamensis
Cluster2904,Rhinolophus siamensis
Cluster3035,Rhinolophus siamensis
Cluster3158,Rhinolophus siamensis
Cluster3403,Rhinolophus siamensis
Cluster3585,Rhinolophus siamensis
Cluster3818,Rhinolophus siamensis
Cluster4080,Rhinolophus siamensis
Cluster4769,Rhinolophus siamensis
Cluster4826,Rhinolophus siamensis
Cluster4946,Rhinolophus siamensis
Cluster5693,Rhinolophus siamensis
Cluster6129,Rhinolophus siamensis
Cluster6642,Rhinolophus siamensis
Cluster6722,Rhinolophus siamensis
Cluster6768,Rhinolophus siamensis
Cluster6893,Rhinolophus siamensis
Cluster8754,Rhinolophus siamensis
Cluster8927,Rhinolophus siamensis
Cluster10236,Rhinolophus siamensis
Cluster10387,Rhinolophus siamensis
Cluster10571,Rhinolophus siamensis
Cluster11114,Rhinolophus siamensis
Cluster11423,Rhinolophus siamensis
Cluster11456,Rhinolophus siamensis
Cluster11550,Rhinolophus siamensis
Cluster11754,Rhinolophus siamensis
Cluster12198,Rhinolophus siamensis
Cluster12455,Rhinolophus siamensis
Cluster12511,Rhinolophus siamensis
Cluster12583,Rhinolophus siamensis
Cluster0,Rhinolophus sinicus
Cluster1,Rhinolophus sinicus
Cluster2,Rhinolophus sinicus
Cluster3,Rhinolophus sinicus
Cluster4,Rhinolophus sinicus
Cluster5,Rhinolophus sinicus
Cluster6,Rhinolophus sinicus
Cluster7,Rhinolophus sinicus
Cluster8,Rhinolophus sinicus
Cluster9,Rhinolophus sinicus
Cluster10,Rhinolophus sinicus
Cluster12,Rhinolophus sinicus
Cluster13,Rhinolophus sinicus
Cluster14,Rhinolophus sinicus
Cluster16,Rhinolophus sinicus
Cluster17,Rhinolophus sinicus
Cluster19,Rhinolophus sinicus
Cluster20,Rhinolophus sinicus
Cluster21,Rhinolophus sinicus
Cluster22,Rhinolophus sinicus
Cluster23,Rhinolophus sinicus
Cluster24,Rhinolophus sinicus
Cluster25,Rhinolophus sinicus
Cluster26,Rhinolophus sinicus
Cluster27,Rhinolophus sinicus
Cluster28,Rhinolophus sinicus
Cluster29,Rhinolophus sinicus
Cluster30,Rhinolophus sinicus
Cluster32,Rhinolophus sinicus
Cluster33,Rhinolophus sinicus
Cluster35,Rhinolophus sinicus
Cluster36,Rhinolophus sinicus
Cluster37,Rhinolophus sinicus
Cluster38,Rhinolophus sinicus
Cluster39,Rhinolophus sinicus
Cluster40,Rhinolophus sinicus
Cluster41,Rhinolophus sinicus
Cluster43,Rhinolophus sinicus
Cluster44,Rhinolophus sinicus
Cluster45,Rhinolophus sinicus
Cluster46,Rhinolophus sinicus
Cluster47,Rhinolophus sinicus
Cluster48,Rhinolophus sinicus
Cluster49,Rhinolophus sinicus
Cluster50,Rhinolophus sinicus
Cluster53,Rhinolophus sinicus
Cluster55,Rhinolophus sinicus
Cluster56,Rhinolophus sinicus
Cluster57,Rhinolophus sinicus
Cluster58,Rhinolophus sinicus
Cluster59,Rhinolophus sinicus
Cluster60,Rhinolophus sinicus
Cluster61,Rhinolophus sinicus
Cluster62,Rhinolophus sinicus
Cluster63,Rhinolophus sinicus
Cluster64,Rhinolophus sinicus
Cluster65,Rhinolophus sinicus
Cluster66,Rhinolophus sinicus
Cluster67,Rhinolophus sinicus
Cluster77,Rhinolophus sinicus
Cluster78,Rhinolophus sinicus
Cluster79,Rhinolophus sinicus
Cluster80,Rhinolophus sinicus
Cluster82,Rhinolophus sinicus
Cluster84,Rhinolophus sinicus
Cluster90,Rhinolophus sinicus
Cluster92,Rhinolophus sinicus
Cluster93,Rhinolophus sinicus
Cluster94,Rhinolophus sinicus
Cluster95,Rhinolophus sinicus
Cluster96,Rhinolophus sinicus
Cluster97,Rhinolophus sinicus
Cluster99,Rhinolophus sinicus
Cluster100,Rhinolophus sinicus
Cluster102,Rhinolophus sinicus
Cluster103,Rhinolophus sinicus
Cluster104,Rhinolophus sinicus
Cluster107,Rhinolophus sinicus
Cluster108,Rhinolophus sinicus
Cluster111,Rhinolophus sinicus
Cluster112,Rhinolophus sinicus
Cluster116,Rhinolophus sinicus
Cluster117,Rhinolophus sinicus
Cluster118,Rhinolophus sinicus
Cluster119,Rhinolophus sinicus
Cluster121,Rhinolophus sinicus
Cluster123,Rhinolophus sinicus
Cluster124,Rhinolophus sinicus
Cluster125,Rhinolophus sinicus
Cluster126,Rhinolophus sinicus
Cluster128,Rhinolophus sinicus
Cluster129,Rhinolophus sinicus
Cluster130,Rhinolophus sinicus
Cluster131,Rhinolophus sinicus
Cluster132,Rhinolophus sinicus
Cluster135,Rhinolophus sinicus
Cluster137,Rhinolophus sinicus
Cluster139,Rhinolophus sinicus
Cluster141,Rhinolophus sinicus
Cluster142,Rhinolophus sinicus
Cluster143,Rhinolophus sinicus
Cluster144,Rhinolophus sinicus
Cluster145,Rhinolophus sinicus
Cluster147,Rhinolophus sinicus
Cluster148,Rhinolophus sinicus
Cluster149,Rhinolophus sinicus
Cluster151,Rhinolophus sinicus
Cluster152,Rhinolophus sinicus
Cluster153,Rhinolophus sinicus
Cluster155,Rhinolophus sinicus
Cluster156,Rhinolophus sinicus
Cluster158,Rhinolophus sinicus
Cluster159,Rhinolophus sinicus
Cluster160,Rhinolophus sinicus
Cluster161,Rhinolophus sinicus
Cluster163,Rhinolophus sinicus
Cluster164,Rhinolophus sinicus
Cluster165,Rhinolophus sinicus
Cluster166,Rhinolophus sinicus
Cluster167,Rhinolophus sinicus
Cluster171,Rhinolophus sinicus
Cluster172,Rhinolophus sinicus
Cluster173,Rhinolophus sinicus
Cluster176,Rhinolophus sinicus
Cluster177,Rhinolophus sinicus
Cluster178,Rhinolophus sinicus
Cluster179,Rhinolophus sinicus
Cluster181,Rhinolophus sinicus
Cluster182,Rhinolophus sinicus
Cluster183,Rhinolophus sinicus
Cluster184,Rhinolophus sinicus
Cluster185,Rhinolophus sinicus
Cluster186,Rhinolophus sinicus
Cluster190,Rhinolophus sinicus
Cluster192,Rhinolophus sinicus
Cluster194,Rhinolophus sinicus
Cluster196,Rhinolophus sinicus
Cluster197,Rhinolophus sinicus
Cluster199,Rhinolophus sinicus
Cluster200,Rhinolophus sinicus
Cluster204,Rhinolophus sinicus
Cluster205,Rhinolophus sinicus
Cluster206,Rhinolophus sinicus
Cluster207,Rhinolophus sinicus
Cluster208,Rhinolophus sinicus
Cluster210,Rhinolophus sinicus
Cluster212,Rhinolophus sinicus
Cluster213,Rhinolophus sinicus
Cluster217,Rhinolophus sinicus
Cluster218,Rhinolophus sinicus
Cluster219,Rhinolophus sinicus
Cluster220,Rhinolophus sinicus
Cluster221,Rhinolophus sinicus
Cluster222,Rhinolophus sinicus
Cluster223,Rhinolophus sinicus
Cluster224,Rhinolophus sinicus
Cluster226,Rhinolophus sinicus
Cluster227,Rhinolophus sinicus
Cluster229,Rhinolophus sinicus
Cluster232,Rhinolophus sinicus
Cluster233,Rhinolophus sinicus
Cluster235,Rhinolophus sinicus
Cluster236,Rhinolophus sinicus
Cluster237,Rhinolophus sinicus
Cluster238,Rhinolophus sinicus
Cluster239,Rhinolophus sinicus
Cluster245,Rhinolophus sinicus
Cluster248,Rhinolophus sinicus
Cluster249,Rhinolophus sinicus
Cluster250,Rhinolophus sinicus
Cluster251,Rhinolophus sinicus
Cluster252,Rhinolophus sinicus
Cluster253,Rhinolophus sinicus
Cluster259,Rhinolophus sinicus
Cluster261,Rhinolophus sinicus
Cluster262,Rhinolophus sinicus
Cluster264,Rhinolophus sinicus
Cluster265,Rhinolophus sinicus
Cluster268,Rhinolophus sinicus
Cluster269,Rhinolophus sinicus
Cluster271,Rhinolophus sinicus
Cluster272,Rhinolophus sinicus
Cluster273,Rhinolophus sinicus
Cluster275,Rhinolophus sinicus
Cluster276,Rhinolophus sinicus
Cluster277,Rhinolophus sinicus
Cluster278,Rhinolophus sinicus
Cluster280,Rhinolophus sinicus
Cluster282,Rhinolophus sinicus
Cluster285,Rhinolophus sinicus
Cluster286,Rhinolophus sinicus
Cluster288,Rhinolophus sinicus
Cluster293,Rhinolophus sinicus
Cluster294,Rhinolophus sinicus
Cluster300,Rhinolophus sinicus
Cluster301,Rhinolophus sinicus
Cluster303,Rhinolophus sinicus
Cluster307,Rhinolophus sinicus
Cluster308,Rhinolophus sinicus
Cluster312,Rhinolophus sinicus
Cluster315,Rhinolophus sinicus
Cluster319,Rhinolophus sinicus
Cluster321,Rhinolophus sinicus
Cluster322,Rhinolophus sinicus
Cluster324,Rhinolophus sinicus
Cluster325,Rhinolophus sinicus
Cluster329,Rhinolophus sinicus
Cluster333,Rhinolophus sinicus
Cluster337,Rhinolophus sinicus
Cluster339,Rhinolophus sinicus
Cluster341,Rhinolophus sinicus
Cluster344,Rhinolophus sinicus
Cluster345,Rhinolophus sinicus
Cluster346,Rhinolophus sinicus
Cluster349,Rhinolophus sinicus
Cluster353,Rhinolophus sinicus
Cluster355,Rhinolophus sinicus
Cluster356,Rhinolophus sinicus
Cluster363,Rhinolophus sinicus
Cluster369,Rhinolophus sinicus
Cluster371,Rhinolophus sinicus
Cluster375,Rhinolophus sinicus
Cluster377,Rhinolophus sinicus
Cluster380,Rhinolophus sinicus
Cluster382,Rhinolophus sinicus
Cluster385,Rhinolophus sinicus
Cluster390,Rhinolophus sinicus
Cluster392,Rhinolophus sinicus
Cluster393,Rhinolophus sinicus
Cluster394,Rhinolophus sinicus
Cluster395,Rhinolophus sinicus
Cluster399,Rhinolophus sinicus
Cluster400,Rhinolophus sinicus
Cluster403,Rhinolophus sinicus
Cluster404,Rhinolophus sinicus
Cluster413,Rhinolophus sinicus
Cluster414,Rhinolophus sinicus
Cluster416,Rhinolophus sinicus
Cluster417,Rhinolophus sinicus
Cluster421,Rhinolophus sinicus
Cluster422,Rhinolophus sinicus
Cluster424,Rhinolophus sinicus
Cluster425,Rhinolophus sinicus
Cluster427,Rhinolophus sinicus
Cluster429,Rhinolophus sinicus
Cluster430,Rhinolophus sinicus
Cluster431,Rhinolophus sinicus
Cluster432,Rhinolophus sinicus
Cluster433,Rhinolophus sinicus
Cluster438,Rhinolophus sinicus
Cluster439,Rhinolophus sinicus
Cluster446,Rhinolophus sinicus
Cluster450,Rhinolophus sinicus
Cluster453,Rhinolophus sinicus
Cluster455,Rhinolophus sinicus
Cluster456,Rhinolophus sinicus
Cluster460,Rhinolophus sinicus
Cluster461,Rhinolophus sinicus
Cluster462,Rhinolophus sinicus
Cluster464,Rhinolophus sinicus
Cluster465,Rhinolophus sinicus
Cluster466,Rhinolophus sinicus
Cluster468,Rhinolophus sinicus
Cluster475,Rhinolophus sinicus
Cluster477,Rhinolophus sinicus
Cluster478,Rhinolophus sinicus
Cluster488,Rhinolophus sinicus
Cluster489,Rhinolophus sinicus
Cluster490,Rhinolophus sinicus
Cluster492,Rhinolophus sinicus
Cluster493,Rhinolophus sinicus
Cluster494,Rhinolophus sinicus
Cluster498,Rhinolophus sinicus
Cluster504,Rhinolophus sinicus
Cluster506,Rhinolophus sinicus
Cluster507,Rhinolophus sinicus
Cluster508,Rhinolophus sinicus
Cluster510,Rhinolophus sinicus
Cluster513,Rhinolophus sinicus
Cluster514,Rhinolophus sinicus
Cluster515,Rhinolophus sinicus
Cluster519,Rhinolophus sinicus
Cluster523,Rhinolophus sinicus
Cluster524,Rhinolophus sinicus
Cluster525,Rhinolophus sinicus
Cluster534,Rhinolophus sinicus
Cluster538,Rhinolophus sinicus
Cluster541,Rhinolophus sinicus
Cluster542,Rhinolophus sinicus
Cluster543,Rhinolophus sinicus
Cluster544,Rhinolophus sinicus
Cluster551,Rhinolophus sinicus
Cluster570,Rhinolophus sinicus
Cluster583,Rhinolophus sinicus
Cluster585,Rhinolophus sinicus
Cluster587,Rhinolophus sinicus
Cluster588,Rhinolophus sinicus
Cluster590,Rhinolophus sinicus
Cluster591,Rhinolophus sinicus
Cluster592,Rhinolophus sinicus
Cluster593,Rhinolophus sinicus
Cluster594,Rhinolophus sinicus
Cluster597,Rhinolophus sinicus
Cluster598,Rhinolophus sinicus
Cluster600,Rhinolophus sinicus
Cluster603,Rhinolophus sinicus
Cluster606,Rhinolophus sinicus
Cluster608,Rhinolophus sinicus
Cluster609,Rhinolophus sinicus
Cluster610,Rhinolophus sinicus
Cluster617,Rhinolophus sinicus
Cluster618,Rhinolophus sinicus
Cluster620,Rhinolophus sinicus
Cluster624,Rhinolophus sinicus
Cluster625,Rhinolophus sinicus
Cluster628,Rhinolophus sinicus
Cluster629,Rhinolophus sinicus
Cluster630,Rhinolophus sinicus
Cluster631,Rhinolophus sinicus
Cluster632,Rhinolophus sinicus
Cluster635,Rhinolophus sinicus
Cluster636,Rhinolophus sinicus
Cluster637,Rhinolophus sinicus
Cluster638,Rhinolophus sinicus
Cluster641,Rhinolophus sinicus
Cluster643,Rhinolophus sinicus
Cluster646,Rhinolophus sinicus
Cluster647,Rhinolophus sinicus
Cluster648,Rhinolophus sinicus
Cluster651,Rhinolophus sinicus
Cluster653,Rhinolophus sinicus
Cluster654,Rhinolophus sinicus
Cluster655,Rhinolophus sinicus
Cluster656,Rhinolophus sinicus
Cluster657,Rhinolophus sinicus
Cluster659,Rhinolophus sinicus
Cluster660,Rhinolophus sinicus
Cluster661,Rhinolophus sinicus
Cluster666,Rhinolophus sinicus
Cluster669,Rhinolophus sinicus
Cluster671,Rhinolophus sinicus
Cluster673,Rhinolophus sinicus
Cluster675,Rhinolophus sinicus
Cluster676,Rhinolophus sinicus
Cluster680,Rhinolophus sinicus
Cluster683,Rhinolophus sinicus
Cluster684,Rhinolophus sinicus
Cluster687,Rhinolophus sinicus
Cluster688,Rhinolophus sinicus
Cluster691,Rhinolophus sinicus
Cluster692,Rhinolophus sinicus
Cluster696,Rhinolophus sinicus
Cluster697,Rhinolophus sinicus
Cluster700,Rhinolophus sinicus
Cluster702,Rhinolophus sinicus
Cluster706,Rhinolophus sinicus
Cluster707,Rhinolophus sinicus
Cluster708,Rhinolophus sinicus
Cluster712,Rhinolophus sinicus
Cluster715,Rhinolophus sinicus
Cluster719,Rhinolophus sinicus
Cluster720,Rhinolophus sinicus
Cluster721,Rhinolophus sinicus
Cluster723,Rhinolophus sinicus
Cluster726,Rhinolophus sinicus
Cluster727,Rhinolophus sinicus
Cluster728,Rhinolophus sinicus
Cluster731,Rhinolophus sinicus
Cluster732,Rhinolophus sinicus
Cluster736,Rhinolophus sinicus
Cluster737,Rhinolophus sinicus
Cluster738,Rhinolophus sinicus
Cluster740,Rhinolophus sinicus
Cluster741,Rhinolophus sinicus
Cluster743,Rhinolophus sinicus
Cluster745,Rhinolophus sinicus
Cluster748,Rhinolophus sinicus
Cluster749,Rhinolophus sinicus
Cluster750,Rhinolophus sinicus
Cluster751,Rhinolophus sinicus
Cluster752,Rhinolophus sinicus
Cluster755,Rhinolophus sinicus
Cluster756,Rhinolophus sinicus
Cluster758,Rhinolophus sinicus
Cluster760,Rhinolophus sinicus
Cluster761,Rhinolophus sinicus
Cluster762,Rhinolophus sinicus
Cluster763,Rhinolophus sinicus
Cluster764,Rhinolophus sinicus
Cluster769,Rhinolophus sinicus
Cluster772,Rhinolophus sinicus
Cluster774,Rhinolophus sinicus
Cluster776,Rhinolophus sinicus
Cluster778,Rhinolophus sinicus
Cluster782,Rhinolophus sinicus
Cluster785,Rhinolophus sinicus
Cluster790,Rhinolophus sinicus
Cluster792,Rhinolophus sinicus
Cluster793,Rhinolophus sinicus
Cluster795,Rhinolophus sinicus
Cluster798,Rhinolophus sinicus
Cluster806,Rhinolophus sinicus
Cluster807,Rhinolophus sinicus
Cluster808,Rhinolophus sinicus
Cluster812,Rhinolophus sinicus
Cluster817,Rhinolophus sinicus
Cluster822,Rhinolophus sinicus
Cluster823,Rhinolophus sinicus
Cluster824,Rhinolophus sinicus
Cluster826,Rhinolophus sinicus
Cluster827,Rhinolophus sinicus
Cluster828,Rhinolophus sinicus
Cluster829,Rhinolophus sinicus
Cluster830,Rhinolophus sinicus
Cluster832,Rhinolophus sinicus
Cluster834,Rhinolophus sinicus
Cluster835,Rhinolophus sinicus
Cluster836,Rhinolophus sinicus
Cluster837,Rhinolophus sinicus
Cluster839,Rhinolophus sinicus
Cluster841,Rhinolophus sinicus
Cluster842,Rhinolophus sinicus
Cluster848,Rhinolophus sinicus
Cluster849,Rhinolophus sinicus
Cluster852,Rhinolophus sinicus
Cluster853,Rhinolophus sinicus
Cluster854,Rhinolophus sinicus
Cluster855,Rhinolophus sinicus
Cluster856,Rhinolophus sinicus
Cluster860,Rhinolophus sinicus
Cluster864,Rhinolophus sinicus
Cluster867,Rhinolophus sinicus
Cluster868,Rhinolophus sinicus
Cluster869,Rhinolophus sinicus
Cluster872,Rhinolophus sinicus
Cluster873,Rhinolophus sinicus
Cluster875,Rhinolophus sinicus
Cluster876,Rhinolophus sinicus
Cluster877,Rhinolophus sinicus
Cluster878,Rhinolophus sinicus
Cluster882,Rhinolophus sinicus
Cluster884,Rhinolophus sinicus
Cluster887,Rhinolophus sinicus
Cluster888,Rhinolophus sinicus
Cluster890,Rhinolophus sinicus
Cluster892,Rhinolophus sinicus
Cluster900,Rhinolophus sinicus
Cluster901,Rhinolophus sinicus
Cluster902,Rhinolophus sinicus
Cluster907,Rhinolophus sinicus
Cluster908,Rhinolophus sinicus
Cluster910,Rhinolophus sinicus
Cluster912,Rhinolophus sinicus
Cluster917,Rhinolophus sinicus
Cluster919,Rhinolophus sinicus
Cluster921,Rhinolophus sinicus
Cluster923,Rhinolophus sinicus
Cluster925,Rhinolophus sinicus
Cluster930,Rhinolophus sinicus
Cluster935,Rhinolophus sinicus
Cluster938,Rhinolophus sinicus
Cluster940,Rhinolophus sinicus
Cluster942,Rhinolophus sinicus
Cluster948,Rhinolophus sinicus
Cluster950,Rhinolophus sinicus
Cluster953,Rhinolophus sinicus
Cluster954,Rhinolophus sinicus
Cluster956,Rhinolophus sinicus
Cluster957,Rhinolophus sinicus
Cluster959,Rhinolophus sinicus
Cluster960,Rhinolophus sinicus
Cluster961,Rhinolophus sinicus
Cluster962,Rhinolophus sinicus
Cluster964,Rhinolophus sinicus
Cluster965,Rhinolophus sinicus
Cluster967,Rhinolophus sinicus
Cluster968,Rhinolophus sinicus
Cluster969,Rhinolophus sinicus
Cluster972,Rhinolophus sinicus
Cluster974,Rhinolophus sinicus
Cluster978,Rhinolophus sinicus
Cluster979,Rhinolophus sinicus
Cluster985,Rhinolophus sinicus
Cluster986,Rhinolophus sinicus
Cluster987,Rhinolophus sinicus
Cluster988,Rhinolophus sinicus
Cluster990,Rhinolophus sinicus
Cluster991,Rhinolophus sinicus
Cluster993,Rhinolophus sinicus
Cluster994,Rhinolophus sinicus
Cluster995,Rhinolophus sinicus
Cluster996,Rhinolophus sinicus
Cluster997,Rhinolophus sinicus
Cluster999,Rhinolophus sinicus
Cluster1000,Rhinolophus sinicus
Cluster1003,Rhinolophus sinicus
Cluster1005,Rhinolophus sinicus
Cluster1006,Rhinolophus sinicus
Cluster1008,Rhinolophus sinicus
Cluster1011,Rhinolophus sinicus
Cluster1017,Rhinolophus sinicus
Cluster1021,Rhinolophus sinicus
Cluster1022,Rhinolophus sinicus
Cluster1023,Rhinolophus sinicus
Cluster1028,Rhinolophus sinicus
Cluster1029,Rhinolophus sinicus
Cluster1030,Rhinolophus sinicus
Cluster1031,Rhinolophus sinicus
Cluster1032,Rhinolophus sinicus
Cluster1035,Rhinolophus sinicus
Cluster1038,Rhinolophus sinicus
Cluster1040,Rhinolophus sinicus
Cluster1042,Rhinolophus sinicus
Cluster1043,Rhinolophus sinicus
Cluster1044,Rhinolophus sinicus
Cluster1045,Rhinolophus sinicus
Cluster1047,Rhinolophus sinicus
Cluster1048,Rhinolophus sinicus
Cluster1050,Rhinolophus sinicus
Cluster1052,Rhinolophus sinicus
Cluster1056,Rhinolophus sinicus
Cluster1057,Rhinolophus sinicus
Cluster1058,Rhinolophus sinicus
Cluster1060,Rhinolophus sinicus
Cluster1066,Rhinolophus sinicus
Cluster1071,Rhinolophus sinicus
Cluster1075,Rhinolophus sinicus
Cluster1079,Rhinolophus sinicus
Cluster1082,Rhinolophus sinicus
Cluster1083,Rhinolophus sinicus
Cluster1086,Rhinolophus sinicus
Cluster1089,Rhinolophus sinicus
Cluster1091,Rhinolophus sinicus
Cluster1093,Rhinolophus sinicus
Cluster1095,Rhinolophus sinicus
Cluster1098,Rhinolophus sinicus
Cluster1104,Rhinolophus sinicus
Cluster1109,Rhinolophus sinicus
Cluster1110,Rhinolophus sinicus
Cluster1113,Rhinolophus sinicus
Cluster1120,Rhinolophus sinicus
Cluster1123,Rhinolophus sinicus
Cluster1124,Rhinolophus sinicus
Cluster1132,Rhinolophus sinicus
Cluster1133,Rhinolophus sinicus
Cluster1134,Rhinolophus sinicus
Cluster1135,Rhinolophus sinicus
Cluster1137,Rhinolophus sinicus
Cluster1138,Rhinolophus sinicus
Cluster1147,Rhinolophus sinicus
Cluster1148,Rhinolophus sinicus
Cluster1153,Rhinolophus sinicus
Cluster1156,Rhinolophus sinicus
Cluster1157,Rhinolophus sinicus
Cluster1160,Rhinolophus sinicus
Cluster1162,Rhinolophus sinicus
Cluster1170,Rhinolophus sinicus
Cluster1173,Rhinolophus sinicus
Cluster1178,Rhinolophus sinicus
Cluster1179,Rhinolophus sinicus
Cluster1180,Rhinolophus sinicus
Cluster1183,Rhinolophus sinicus
Cluster1184,Rhinolophus sinicus
Cluster1185,Rhinolophus sinicus
Cluster1189,Rhinolophus sinicus
Cluster1196,Rhinolophus sinicus
Cluster1197,Rhinolophus sinicus
Cluster1199,Rhinolophus sinicus
Cluster1202,Rhinolophus sinicus
Cluster1204,Rhinolophus sinicus
Cluster1205,Rhinolophus sinicus
Cluster1207,Rhinolophus sinicus
Cluster1209,Rhinolophus sinicus
Cluster1211,Rhinolophus sinicus
Cluster1218,Rhinolophus sinicus
Cluster1219,Rhinolophus sinicus
Cluster1222,Rhinolophus sinicus
Cluster1224,Rhinolophus sinicus
Cluster1233,Rhinolophus sinicus
Cluster1236,Rhinolophus sinicus
Cluster1241,Rhinolophus sinicus
Cluster1251,Rhinolophus sinicus
Cluster1254,Rhinolophus sinicus
Cluster1255,Rhinolophus sinicus
Cluster1256,Rhinolophus sinicus
Cluster1262,Rhinolophus sinicus
Cluster1265,Rhinolophus sinicus
Cluster1267,Rhinolophus sinicus
Cluster1269,Rhinolophus sinicus
Cluster1271,Rhinolophus sinicus
Cluster1272,Rhinolophus sinicus
Cluster1273,Rhinolophus sinicus
Cluster1275,Rhinolophus sinicus
Cluster1277,Rhinolophus sinicus
Cluster1278,Rhinolophus sinicus
Cluster1279,Rhinolophus sinicus
Cluster1286,Rhinolophus sinicus
Cluster1292,Rhinolophus sinicus
Cluster1293,Rhinolophus sinicus
Cluster1295,Rhinolophus sinicus
Cluster1296,Rhinolophus sinicus
Cluster1298,Rhinolophus sinicus
Cluster1305,Rhinolophus sinicus
Cluster1310,Rhinolophus sinicus
Cluster1311,Rhinolophus sinicus
Cluster1313,Rhinolophus sinicus
Cluster1319,Rhinolophus sinicus
Cluster1321,Rhinolophus sinicus
Cluster1323,Rhinolophus sinicus
Cluster1326,Rhinolophus sinicus
Cluster1328,Rhinolophus sinicus
Cluster1329,Rhinolophus sinicus
Cluster1330,Rhinolophus sinicus
Cluster1332,Rhinolophus sinicus
Cluster1333,Rhinolophus sinicus
Cluster1334,Rhinolophus sinicus
Cluster1335,Rhinolophus sinicus
Cluster1338,Rhinolophus sinicus
Cluster1341,Rhinolophus sinicus
Cluster1342,Rhinolophus sinicus
Cluster1343,Rhinolophus sinicus
Cluster1345,Rhinolophus sinicus
Cluster1346,Rhinolophus sinicus
Cluster1347,Rhinolophus sinicus
Cluster1348,Rhinolophus sinicus
Cluster1349,Rhinolophus sinicus
Cluster1356,Rhinolophus sinicus
Cluster1359,Rhinolophus sinicus
Cluster1361,Rhinolophus sinicus
Cluster1369,Rhinolophus sinicus
Cluster1370,Rhinolophus sinicus
Cluster1372,Rhinolophus sinicus
Cluster1373,Rhinolophus sinicus
Cluster1374,Rhinolophus sinicus
Cluster1377,Rhinolophus sinicus
Cluster1379,Rhinolophus sinicus
Cluster1380,Rhinolophus sinicus
Cluster1381,Rhinolophus sinicus
Cluster1382,Rhinolophus sinicus
Cluster1384,Rhinolophus sinicus
Cluster1386,Rhinolophus sinicus
Cluster1387,Rhinolophus sinicus
Cluster1389,Rhinolophus sinicus
Cluster1393,Rhinolophus sinicus
Cluster1394,Rhinolophus sinicus
Cluster1395,Rhinolophus sinicus
Cluster1399,Rhinolophus sinicus
Cluster1400,Rhinolophus sinicus
Cluster1403,Rhinolophus sinicus
Cluster1404,Rhinolophus sinicus
Cluster1406,Rhinolophus sinicus
Cluster1407,Rhinolophus sinicus
Cluster1409,Rhinolophus sinicus
Cluster1410,Rhinolophus sinicus
Cluster1411,Rhinolophus sinicus
Cluster1414,Rhinolophus sinicus
Cluster1419,Rhinolophus sinicus
Cluster1420,Rhinolophus sinicus
Cluster1423,Rhinolophus sinicus
Cluster1425,Rhinolophus sinicus
Cluster1426,Rhinolophus sinicus
Cluster1427,Rhinolophus sinicus
Cluster1429,Rhinolophus sinicus
Cluster1436,Rhinolophus sinicus
Cluster1437,Rhinolophus sinicus
Cluster1440,Rhinolophus sinicus
Cluster1442,Rhinolophus sinicus
Cluster1446,Rhinolophus sinicus
Cluster1448,Rhinolophus sinicus
Cluster1449,Rhinolophus sinicus
Cluster1450,Rhinolophus sinicus
Cluster1451,Rhinolophus sinicus
Cluster1452,Rhinolophus sinicus
Cluster1455,Rhinolophus sinicus
Cluster1459,Rhinolophus sinicus
Cluster1460,Rhinolophus sinicus
Cluster1461,Rhinolophus sinicus
Cluster1464,Rhinolophus sinicus
Cluster1465,Rhinolophus sinicus
Cluster1466,Rhinolophus sinicus
Cluster1467,Rhinolophus sinicus
Cluster1468,Rhinolophus sinicus
Cluster1470,Rhinolophus sinicus
Cluster1473,Rhinolophus sinicus
Cluster1474,Rhinolophus sinicus
Cluster1479,Rhinolophus sinicus
Cluster1482,Rhinolophus sinicus
Cluster1483,Rhinolophus sinicus
Cluster1488,Rhinolophus sinicus
Cluster1490,Rhinolophus sinicus
Cluster1491,Rhinolophus sinicus
Cluster1494,Rhinolophus sinicus
Cluster1496,Rhinolophus sinicus
Cluster1500,Rhinolophus sinicus
Cluster1501,Rhinolophus sinicus
Cluster1504,Rhinolophus sinicus
Cluster1505,Rhinolophus sinicus
Cluster1507,Rhinolophus sinicus
Cluster1508,Rhinolophus sinicus
Cluster1509,Rhinolophus sinicus
Cluster1510,Rhinolophus sinicus
Cluster1513,Rhinolophus sinicus
Cluster1514,Rhinolophus sinicus
Cluster1515,Rhinolophus sinicus
Cluster1517,Rhinolophus sinicus
Cluster1518,Rhinolophus sinicus
Cluster1521,Rhinolophus sinicus
Cluster1522,Rhinolophus sinicus
Cluster1524,Rhinolophus sinicus
Cluster1526,Rhinolophus sinicus
Cluster1527,Rhinolophus sinicus
Cluster1530,Rhinolophus sinicus
Cluster1534,Rhinolophus sinicus
Cluster1535,Rhinolophus sinicus
Cluster1538,Rhinolophus sinicus
Cluster1541,Rhinolophus sinicus
Cluster1546,Rhinolophus sinicus
Cluster1547,Rhinolophus sinicus
Cluster1548,Rhinolophus sinicus
Cluster1553,Rhinolophus sinicus
Cluster1557,Rhinolophus sinicus
Cluster1559,Rhinolophus sinicus
Cluster1561,Rhinolophus sinicus
Cluster1566,Rhinolophus sinicus
Cluster1568,Rhinolophus sinicus
Cluster1571,Rhinolophus sinicus
Cluster1577,Rhinolophus sinicus
Cluster1579,Rhinolophus sinicus
Cluster1580,Rhinolophus sinicus
Cluster1587,Rhinolophus sinicus
Cluster1588,Rhinolophus sinicus
Cluster1589,Rhinolophus sinicus
Cluster1591,Rhinolophus sinicus
Cluster1592,Rhinolophus sinicus
Cluster1594,Rhinolophus sinicus
Cluster1596,Rhinolophus sinicus
Cluster1598,Rhinolophus sinicus
Cluster1600,Rhinolophus sinicus
Cluster1601,Rhinolophus sinicus
Cluster1602,Rhinolophus sinicus
Cluster1607,Rhinolophus sinicus
Cluster1610,Rhinolophus sinicus
Cluster1611,Rhinolophus sinicus
Cluster1613,Rhinolophus sinicus
Cluster1615,Rhinolophus sinicus
Cluster1617,Rhinolophus sinicus
Cluster1621,Rhinolophus sinicus
Cluster1622,Rhinolophus sinicus
Cluster1624,Rhinolophus sinicus
Cluster1630,Rhinolophus sinicus
Cluster1632,Rhinolophus sinicus
Cluster1633,Rhinolophus sinicus
Cluster1635,Rhinolophus sinicus
Cluster1636,Rhinolophus sinicus
Cluster1639,Rhinolophus sinicus
Cluster1640,Rhinolophus sinicus
Cluster1643,Rhinolophus sinicus
Cluster1646,Rhinolophus sinicus
Cluster1647,Rhinolophus sinicus
Cluster1649,Rhinolophus sinicus
Cluster1655,Rhinolophus sinicus
Cluster1656,Rhinolophus sinicus
Cluster1660,Rhinolophus sinicus
Cluster1665,Rhinolophus sinicus
Cluster1666,Rhinolophus sinicus
Cluster1668,Rhinolophus sinicus
Cluster1670,Rhinolophus sinicus
Cluster1672,Rhinolophus sinicus
Cluster1673,Rhinolophus sinicus
Cluster1674,Rhinolophus sinicus
Cluster1676,Rhinolophus sinicus
Cluster1679,Rhinolophus sinicus
Cluster1680,Rhinolophus sinicus
Cluster1682,Rhinolophus sinicus
Cluster1686,Rhinolophus sinicus
Cluster1687,Rhinolophus sinicus
Cluster1689,Rhinolophus sinicus
Cluster1695,Rhinolophus sinicus
Cluster1696,Rhinolophus sinicus
Cluster1698,Rhinolophus sinicus
Cluster1700,Rhinolophus sinicus
Cluster1703,Rhinolophus sinicus
Cluster1704,Rhinolophus sinicus
Cluster1707,Rhinolophus sinicus
Cluster1708,Rhinolophus sinicus
Cluster1709,Rhinolophus sinicus
Cluster1712,Rhinolophus sinicus
Cluster1714,Rhinolophus sinicus
Cluster1719,Rhinolophus sinicus
Cluster1720,Rhinolophus sinicus
Cluster1722,Rhinolophus sinicus
Cluster1723,Rhinolophus sinicus
Cluster1724,Rhinolophus sinicus
Cluster1725,Rhinolophus sinicus
Cluster1726,Rhinolophus sinicus
Cluster1727,Rhinolophus sinicus
Cluster1729,Rhinolophus sinicus
Cluster1731,Rhinolophus sinicus
Cluster1732,Rhinolophus sinicus
Cluster1734,Rhinolophus sinicus
Cluster1739,Rhinolophus sinicus
Cluster1740,Rhinolophus sinicus
Cluster1741,Rhinolophus sinicus
Cluster1743,Rhinolophus sinicus
Cluster1747,Rhinolophus sinicus
Cluster1750,Rhinolophus sinicus
Cluster1752,Rhinolophus sinicus
Cluster1755,Rhinolophus sinicus
Cluster1756,Rhinolophus sinicus
Cluster1757,Rhinolophus sinicus
Cluster1758,Rhinolophus sinicus
Cluster1764,Rhinolophus sinicus
Cluster1766,Rhinolophus sinicus
Cluster1767,Rhinolophus sinicus
Cluster1768,Rhinolophus sinicus
Cluster1770,Rhinolophus sinicus
Cluster1772,Rhinolophus sinicus
Cluster1773,Rhinolophus sinicus
Cluster1774,Rhinolophus sinicus
Cluster1775,Rhinolophus sinicus
Cluster1776,Rhinolophus sinicus
Cluster1779,Rhinolophus sinicus
Cluster1781,Rhinolophus sinicus
Cluster1782,Rhinolophus sinicus
Cluster1785,Rhinolophus sinicus
Cluster1790,Rhinolophus sinicus
Cluster1791,Rhinolophus sinicus
Cluster1792,Rhinolophus sinicus
Cluster1793,Rhinolophus sinicus
Cluster1795,Rhinolophus sinicus
Cluster1798,Rhinolophus sinicus
Cluster1801,Rhinolophus sinicus
Cluster1803,Rhinolophus sinicus
Cluster1805,Rhinolophus sinicus
Cluster1809,Rhinolophus sinicus
Cluster1810,Rhinolophus sinicus
Cluster1811,Rhinolophus sinicus
Cluster1814,Rhinolophus sinicus
Cluster1817,Rhinolophus sinicus
Cluster1820,Rhinolophus sinicus
Cluster1821,Rhinolophus sinicus
Cluster1822,Rhinolophus sinicus
Cluster1824,Rhinolophus sinicus
Cluster1825,Rhinolophus sinicus
Cluster1826,Rhinolophus sinicus
Cluster1828,Rhinolophus sinicus
Cluster1830,Rhinolophus sinicus
Cluster1831,Rhinolophus sinicus
Cluster1832,Rhinolophus sinicus
Cluster1841,Rhinolophus sinicus
Cluster1843,Rhinolophus sinicus
Cluster1845,Rhinolophus sinicus
Cluster1849,Rhinolophus sinicus
Cluster1852,Rhinolophus sinicus
Cluster1854,Rhinolophus sinicus
Cluster1855,Rhinolophus sinicus
Cluster1858,Rhinolophus sinicus
Cluster1859,Rhinolophus sinicus
Cluster1860,Rhinolophus sinicus
Cluster1863,Rhinolophus sinicus
Cluster1864,Rhinolophus sinicus
Cluster1866,Rhinolophus sinicus
Cluster1867,Rhinolophus sinicus
Cluster1868,Rhinolophus sinicus
Cluster1869,Rhinolophus sinicus
Cluster1872,Rhinolophus sinicus
Cluster1874,Rhinolophus sinicus
Cluster1876,Rhinolophus sinicus
Cluster1877,Rhinolophus sinicus
Cluster1879,Rhinolophus sinicus
Cluster1881,Rhinolophus sinicus
Cluster1890,Rhinolophus sinicus
Cluster1891,Rhinolophus sinicus
Cluster1895,Rhinolophus sinicus
Cluster1896,Rhinolophus sinicus
Cluster1897,Rhinolophus sinicus
Cluster1898,Rhinolophus sinicus
Cluster1899,Rhinolophus sinicus
Cluster1902,Rhinolophus sinicus
Cluster1905,Rhinolophus sinicus
Cluster1909,Rhinolophus sinicus
Cluster1910,Rhinolophus sinicus
Cluster1911,Rhinolophus sinicus
Cluster1912,Rhinolophus sinicus
Cluster1913,Rhinolophus sinicus
Cluster1916,Rhinolophus sinicus
Cluster1917,Rhinolophus sinicus
Cluster1918,Rhinolophus sinicus
Cluster1919,Rhinolophus sinicus
Cluster1920,Rhinolophus sinicus
Cluster1921,Rhinolophus sinicus
Cluster1924,Rhinolophus sinicus
Cluster1925,Rhinolophus sinicus
Cluster1927,Rhinolophus sinicus
Cluster1929,Rhinolophus sinicus
Cluster1932,Rhinolophus sinicus
Cluster1933,Rhinolophus sinicus
Cluster1934,Rhinolophus sinicus
Cluster1936,Rhinolophus sinicus
Cluster1939,Rhinolophus sinicus
Cluster1943,Rhinolophus sinicus
Cluster1945,Rhinolophus sinicus
Cluster1947,Rhinolophus sinicus
Cluster1951,Rhinolophus sinicus
Cluster1952,Rhinolophus sinicus
Cluster1956,Rhinolophus sinicus
Cluster1958,Rhinolophus sinicus
Cluster1964,Rhinolophus sinicus
Cluster1968,Rhinolophus sinicus
Cluster1969,Rhinolophus sinicus
Cluster1970,Rhinolophus sinicus
Cluster1973,Rhinolophus sinicus
Cluster1977,Rhinolophus sinicus
Cluster1981,Rhinolophus sinicus
Cluster1988,Rhinolophus sinicus
Cluster1990,Rhinolophus sinicus
Cluster1992,Rhinolophus sinicus
Cluster1993,Rhinolophus sinicus
Cluster1994,Rhinolophus sinicus
Cluster2006,Rhinolophus sinicus
Cluster2007,Rhinolophus sinicus
Cluster2010,Rhinolophus sinicus
Cluster2011,Rhinolophus sinicus
Cluster2013,Rhinolophus sinicus
Cluster2019,Rhinolophus sinicus
Cluster2020,Rhinolophus sinicus
Cluster2021,Rhinolophus sinicus
Cluster2023,Rhinolophus sinicus
Cluster2025,Rhinolophus sinicus
Cluster2028,Rhinolophus sinicus
Cluster2033,Rhinolophus sinicus
Cluster2038,Rhinolophus sinicus
Cluster2041,Rhinolophus sinicus
Cluster2043,Rhinolophus sinicus
Cluster2049,Rhinolophus sinicus
Cluster2051,Rhinolophus sinicus
Cluster2052,Rhinolophus sinicus
Cluster2058,Rhinolophus sinicus
Cluster2060,Rhinolophus sinicus
Cluster2062,Rhinolophus sinicus
Cluster2065,Rhinolophus sinicus
Cluster2071,Rhinolophus sinicus
Cluster2073,Rhinolophus sinicus
Cluster2075,Rhinolophus sinicus
Cluster2080,Rhinolophus sinicus
Cluster2083,Rhinolophus sinicus
Cluster2085,Rhinolophus sinicus
Cluster2087,Rhinolophus sinicus
Cluster2088,Rhinolophus sinicus
Cluster2089,Rhinolophus sinicus
Cluster2103,Rhinolophus sinicus
Cluster2105,Rhinolophus sinicus
Cluster2111,Rhinolophus sinicus
Cluster2112,Rhinolophus sinicus
Cluster2113,Rhinolophus sinicus
Cluster2118,Rhinolophus sinicus
Cluster2120,Rhinolophus sinicus
Cluster2122,Rhinolophus sinicus
Cluster2126,Rhinolophus sinicus
Cluster2131,Rhinolophus sinicus
Cluster2132,Rhinolophus sinicus
Cluster2133,Rhinolophus sinicus
Cluster2139,Rhinolophus sinicus
Cluster2140,Rhinolophus sinicus
Cluster2145,Rhinolophus sinicus
Cluster2146,Rhinolophus sinicus
Cluster2147,Rhinolophus sinicus
Cluster2150,Rhinolophus sinicus
Cluster2152,Rhinolophus sinicus
Cluster2154,Rhinolophus sinicus
Cluster2155,Rhinolophus sinicus
Cluster2157,Rhinolophus sinicus
Cluster2158,Rhinolophus sinicus
Cluster2159,Rhinolophus sinicus
Cluster2162,Rhinolophus sinicus
Cluster2167,Rhinolophus sinicus
Cluster2169,Rhinolophus sinicus
Cluster2176,Rhinolophus sinicus
Cluster2178,Rhinolophus sinicus
Cluster2179,Rhinolophus sinicus
Cluster2188,Rhinolophus sinicus
Cluster2191,Rhinolophus sinicus
Cluster2192,Rhinolophus sinicus
Cluster2194,Rhinolophus sinicus
Cluster2202,Rhinolophus sinicus
Cluster2204,Rhinolophus sinicus
Cluster2215,Rhinolophus sinicus
Cluster2221,Rhinolophus sinicus
Cluster2223,Rhinolophus sinicus
Cluster2225,Rhinolophus sinicus
Cluster2232,Rhinolophus sinicus
Cluster2234,Rhinolophus sinicus
Cluster2235,Rhinolophus sinicus
Cluster2238,Rhinolophus sinicus
Cluster2243,Rhinolophus sinicus
Cluster2245,Rhinolophus sinicus
Cluster2246,Rhinolophus sinicus
Cluster2247,Rhinolophus sinicus
Cluster2252,Rhinolophus sinicus
Cluster2253,Rhinolophus sinicus
Cluster2259,Rhinolophus sinicus
Cluster2264,Rhinolophus sinicus
Cluster2273,Rhinolophus sinicus
Cluster2274,Rhinolophus sinicus
Cluster2276,Rhinolophus sinicus
Cluster2280,Rhinolophus sinicus
Cluster2281,Rhinolophus sinicus
Cluster2283,Rhinolophus sinicus
Cluster2287,Rhinolophus sinicus
Cluster2289,Rhinolophus sinicus
Cluster2290,Rhinolophus sinicus
Cluster2294,Rhinolophus sinicus
Cluster2295,Rhinolophus sinicus
Cluster2296,Rhinolophus sinicus
Cluster2297,Rhinolophus sinicus
Cluster2298,Rhinolophus sinicus
Cluster2303,Rhinolophus sinicus
Cluster2306,Rhinolophus sinicus
Cluster2307,Rhinolophus sinicus
Cluster2310,Rhinolophus sinicus
Cluster2313,Rhinolophus sinicus
Cluster2318,Rhinolophus sinicus
Cluster2319,Rhinolophus sinicus
Cluster2320,Rhinolophus sinicus
Cluster2321,Rhinolophus sinicus
Cluster2323,Rhinolophus sinicus
Cluster2324,Rhinolophus sinicus
Cluster2326,Rhinolophus sinicus
Cluster2327,Rhinolophus sinicus
Cluster2328,Rhinolophus sinicus
Cluster2336,Rhinolophus sinicus
Cluster2339,Rhinolophus sinicus
Cluster2340,Rhinolophus sinicus
Cluster2341,Rhinolophus sinicus
Cluster2342,Rhinolophus sinicus
Cluster2343,Rhinolophus sinicus
Cluster2346,Rhinolophus sinicus
Cluster2348,Rhinolophus sinicus
Cluster2352,Rhinolophus sinicus
Cluster2354,Rhinolophus sinicus
Cluster2363,Rhinolophus sinicus
Cluster2367,Rhinolophus sinicus
Cluster2368,Rhinolophus sinicus
Cluster2370,Rhinolophus sinicus
Cluster2373,Rhinolophus sinicus
Cluster2374,Rhinolophus sinicus
Cluster2375,Rhinolophus sinicus
Cluster2378,Rhinolophus sinicus
Cluster2379,Rhinolophus sinicus
Cluster2383,Rhinolophus sinicus
Cluster2384,Rhinolophus sinicus
Cluster2385,Rhinolophus sinicus
Cluster2388,Rhinolophus sinicus
Cluster2396,Rhinolophus sinicus
Cluster2400,Rhinolophus sinicus
Cluster2402,Rhinolophus sinicus
Cluster2410,Rhinolophus sinicus
Cluster2412,Rhinolophus sinicus
Cluster2413,Rhinolophus sinicus
Cluster2414,Rhinolophus sinicus
Cluster2417,Rhinolophus sinicus
Cluster2418,Rhinolophus sinicus
Cluster2422,Rhinolophus sinicus
Cluster2426,Rhinolophus sinicus
Cluster2427,Rhinolophus sinicus
Cluster2433,Rhinolophus sinicus
Cluster2441,Rhinolophus sinicus
Cluster2447,Rhinolophus sinicus
Cluster2449,Rhinolophus sinicus
Cluster2454,Rhinolophus sinicus
Cluster2455,Rhinolophus sinicus
Cluster2457,Rhinolophus sinicus
Cluster2459,Rhinolophus sinicus
Cluster2461,Rhinolophus sinicus
Cluster2466,Rhinolophus sinicus
Cluster2469,Rhinolophus sinicus
Cluster2471,Rhinolophus sinicus
Cluster2472,Rhinolophus sinicus
Cluster2473,Rhinolophus sinicus
Cluster2474,Rhinolophus sinicus
Cluster2477,Rhinolophus sinicus
Cluster2480,Rhinolophus sinicus
Cluster2486,Rhinolophus sinicus
Cluster2490,Rhinolophus sinicus
Cluster2496,Rhinolophus sinicus
Cluster2497,Rhinolophus sinicus
Cluster2498,Rhinolophus sinicus
Cluster2500,Rhinolophus sinicus
Cluster2508,Rhinolophus sinicus
Cluster2513,Rhinolophus sinicus
Cluster2514,Rhinolophus sinicus
Cluster2516,Rhinolophus sinicus
Cluster2517,Rhinolophus sinicus
Cluster2519,Rhinolophus sinicus
Cluster2520,Rhinolophus sinicus
Cluster2521,Rhinolophus sinicus
Cluster2529,Rhinolophus sinicus
Cluster2530,Rhinolophus sinicus
Cluster2531,Rhinolophus sinicus
Cluster2533,Rhinolophus sinicus
Cluster2535,Rhinolophus sinicus
Cluster2537,Rhinolophus sinicus
Cluster2538,Rhinolophus sinicus
Cluster2539,Rhinolophus sinicus
Cluster2543,Rhinolophus sinicus
Cluster2544,Rhinolophus sinicus
Cluster2546,Rhinolophus sinicus
Cluster2547,Rhinolophus sinicus
Cluster2550,Rhinolophus sinicus
Cluster2555,Rhinolophus sinicus
Cluster2559,Rhinolophus sinicus
Cluster2560,Rhinolophus sinicus
Cluster2565,Rhinolophus sinicus
Cluster2568,Rhinolophus sinicus
Cluster2572,Rhinolophus sinicus
Cluster2576,Rhinolophus sinicus
Cluster2581,Rhinolophus sinicus
Cluster2585,Rhinolophus sinicus
Cluster2588,Rhinolophus sinicus
Cluster2590,Rhinolophus sinicus
Cluster2592,Rhinolophus sinicus
Cluster2595,Rhinolophus sinicus
Cluster2596,Rhinolophus sinicus
Cluster2599,Rhinolophus sinicus
Cluster2601,Rhinolophus sinicus
Cluster2603,Rhinolophus sinicus
Cluster2610,Rhinolophus sinicus
Cluster2611,Rhinolophus sinicus
Cluster2617,Rhinolophus sinicus
Cluster2619,Rhinolophus sinicus
Cluster2620,Rhinolophus sinicus
Cluster2622,Rhinolophus sinicus
Cluster2623,Rhinolophus sinicus
Cluster2624,Rhinolophus sinicus
Cluster2627,Rhinolophus sinicus
Cluster2631,Rhinolophus sinicus
Cluster2633,Rhinolophus sinicus
Cluster2636,Rhinolophus sinicus
Cluster2638,Rhinolophus sinicus
Cluster2641,Rhinolophus sinicus
Cluster2643,Rhinolophus sinicus
Cluster2647,Rhinolophus sinicus
Cluster2649,Rhinolophus sinicus
Cluster2650,Rhinolophus sinicus
Cluster2652,Rhinolophus sinicus
Cluster2653,Rhinolophus sinicus
Cluster2654,Rhinolophus sinicus
Cluster2655,Rhinolophus sinicus
Cluster2656,Rhinolophus sinicus
Cluster2658,Rhinolophus sinicus
Cluster2659,Rhinolophus sinicus
Cluster2668,Rhinolophus sinicus
Cluster2670,Rhinolophus sinicus
Cluster2674,Rhinolophus sinicus
Cluster2675,Rhinolophus sinicus
Cluster2678,Rhinolophus sinicus
Cluster2679,Rhinolophus sinicus
Cluster2685,Rhinolophus sinicus
Cluster2688,Rhinolophus sinicus
Cluster2689,Rhinolophus sinicus
Cluster2690,Rhinolophus sinicus
Cluster2691,Rhinolophus sinicus
Cluster2695,Rhinolophus sinicus
Cluster2697,Rhinolophus sinicus
Cluster2698,Rhinolophus sinicus
Cluster2699,Rhinolophus sinicus
Cluster2701,Rhinolophus sinicus
Cluster2702,Rhinolophus sinicus
Cluster2703,Rhinolophus sinicus
Cluster2710,Rhinolophus sinicus
Cluster2711,Rhinolophus sinicus
Cluster2714,Rhinolophus sinicus
Cluster2715,Rhinolophus sinicus
Cluster2719,Rhinolophus sinicus
Cluster2722,Rhinolophus sinicus
Cluster2725,Rhinolophus sinicus
Cluster2727,Rhinolophus sinicus
Cluster2728,Rhinolophus sinicus
Cluster2729,Rhinolophus sinicus
Cluster2731,Rhinolophus sinicus
Cluster2732,Rhinolophus sinicus
Cluster2741,Rhinolophus sinicus
Cluster2742,Rhinolophus sinicus
Cluster2744,Rhinolophus sinicus
Cluster2747,Rhinolophus sinicus
Cluster2748,Rhinolophus sinicus
Cluster2749,Rhinolophus sinicus
Cluster2754,Rhinolophus sinicus
Cluster2759,Rhinolophus sinicus
Cluster2760,Rhinolophus sinicus
Cluster2761,Rhinolophus sinicus
Cluster2765,Rhinolophus sinicus
Cluster2768,Rhinolophus sinicus
Cluster2772,Rhinolophus sinicus
Cluster2774,Rhinolophus sinicus
Cluster2775,Rhinolophus sinicus
Cluster2778,Rhinolophus sinicus
Cluster2781,Rhinolophus sinicus
Cluster2782,Rhinolophus sinicus
Cluster2783,Rhinolophus sinicus
Cluster2787,Rhinolophus sinicus
Cluster2791,Rhinolophus sinicus
Cluster2792,Rhinolophus sinicus
Cluster2795,Rhinolophus sinicus
Cluster2798,Rhinolophus sinicus
Cluster2799,Rhinolophus sinicus
Cluster2802,Rhinolophus sinicus
Cluster2805,Rhinolophus sinicus
Cluster2808,Rhinolophus sinicus
Cluster2810,Rhinolophus sinicus
Cluster2812,Rhinolophus sinicus
Cluster2814,Rhinolophus sinicus
Cluster2815,Rhinolophus sinicus
Cluster2816,Rhinolophus sinicus
Cluster2817,Rhinolophus sinicus
Cluster2820,Rhinolophus sinicus
Cluster2821,Rhinolophus sinicus
Cluster2822,Rhinolophus sinicus
Cluster2823,Rhinolophus sinicus
Cluster2824,Rhinolophus sinicus
Cluster2826,Rhinolophus sinicus
Cluster2827,Rhinolophus sinicus
Cluster2828,Rhinolophus sinicus
Cluster2830,Rhinolophus sinicus
Cluster2831,Rhinolophus sinicus
Cluster2832,Rhinolophus sinicus
Cluster2833,Rhinolophus sinicus
Cluster2837,Rhinolophus sinicus
Cluster2839,Rhinolophus sinicus
Cluster2843,Rhinolophus sinicus
Cluster2844,Rhinolophus sinicus
Cluster2845,Rhinolophus sinicus
Cluster2847,Rhinolophus sinicus
Cluster2849,Rhinolophus sinicus
Cluster2850,Rhinolophus sinicus
Cluster2851,Rhinolophus sinicus
Cluster2856,Rhinolophus sinicus
Cluster2857,Rhinolophus sinicus
Cluster2865,Rhinolophus sinicus
Cluster2870,Rhinolophus sinicus
Cluster2871,Rhinolophus sinicus
Cluster2872,Rhinolophus sinicus
Cluster2873,Rhinolophus sinicus
Cluster2874,Rhinolophus sinicus
Cluster2875,Rhinolophus sinicus
Cluster2879,Rhinolophus sinicus
Cluster2881,Rhinolophus sinicus
Cluster2883,Rhinolophus sinicus
Cluster2885,Rhinolophus sinicus
Cluster2886,Rhinolophus sinicus
Cluster2891,Rhinolophus sinicus
Cluster2893,Rhinolophus sinicus
Cluster2901,Rhinolophus sinicus
Cluster2902,Rhinolophus sinicus
Cluster2904,Rhinolophus sinicus
Cluster2905,Rhinolophus sinicus
Cluster2908,Rhinolophus sinicus
Cluster2909,Rhinolophus sinicus
Cluster2910,Rhinolophus sinicus
Cluster2911,Rhinolophus sinicus
Cluster2912,Rhinolophus sinicus
Cluster2915,Rhinolophus sinicus
Cluster2917,Rhinolophus sinicus
Cluster2918,Rhinolophus sinicus
Cluster2924,Rhinolophus sinicus
Cluster2931,Rhinolophus sinicus
Cluster2938,Rhinolophus sinicus
Cluster2943,Rhinolophus sinicus
Cluster2945,Rhinolophus sinicus
Cluster2948,Rhinolophus sinicus
Cluster2949,Rhinolophus sinicus
Cluster2954,Rhinolophus sinicus
Cluster2955,Rhinolophus sinicus
Cluster2956,Rhinolophus sinicus
Cluster2958,Rhinolophus sinicus
Cluster2959,Rhinolophus sinicus
Cluster2962,Rhinolophus sinicus
Cluster2964,Rhinolophus sinicus
Cluster2966,Rhinolophus sinicus
Cluster2968,Rhinolophus sinicus
Cluster2969,Rhinolophus sinicus
Cluster2970,Rhinolophus sinicus
Cluster2971,Rhinolophus sinicus
Cluster2972,Rhinolophus sinicus
Cluster2973,Rhinolophus sinicus
Cluster2981,Rhinolophus sinicus
Cluster2982,Rhinolophus sinicus
Cluster2984,Rhinolophus sinicus
Cluster2987,Rhinolophus sinicus
Cluster2990,Rhinolophus sinicus
Cluster2992,Rhinolophus sinicus
Cluster2993,Rhinolophus sinicus
Cluster2995,Rhinolophus sinicus
Cluster2996,Rhinolophus sinicus
Cluster2998,Rhinolophus sinicus
Cluster3000,Rhinolophus sinicus
Cluster3001,Rhinolophus sinicus
Cluster3003,Rhinolophus sinicus
Cluster3006,Rhinolophus sinicus
Cluster3010,Rhinolophus sinicus
Cluster3012,Rhinolophus sinicus
Cluster3014,Rhinolophus sinicus
Cluster3015,Rhinolophus sinicus
Cluster3020,Rhinolophus sinicus
Cluster3021,Rhinolophus sinicus
Cluster3030,Rhinolophus sinicus
Cluster3031,Rhinolophus sinicus
Cluster3032,Rhinolophus sinicus
Cluster3033,Rhinolophus sinicus
Cluster3044,Rhinolophus sinicus
Cluster3046,Rhinolophus sinicus
Cluster3047,Rhinolophus sinicus
Cluster3051,Rhinolophus sinicus
Cluster3057,Rhinolophus sinicus
Cluster3060,Rhinolophus sinicus
Cluster3061,Rhinolophus sinicus
Cluster3063,Rhinolophus sinicus
Cluster3064,Rhinolophus sinicus
Cluster3065,Rhinolophus sinicus
Cluster3066,Rhinolophus sinicus
Cluster3068,Rhinolophus sinicus
Cluster3071,Rhinolophus sinicus
Cluster3074,Rhinolophus sinicus
Cluster3075,Rhinolophus sinicus
Cluster3076,Rhinolophus sinicus
Cluster3081,Rhinolophus sinicus
Cluster3082,Rhinolophus sinicus
Cluster3084,Rhinolophus sinicus
Cluster3087,Rhinolophus sinicus
Cluster3089,Rhinolophus sinicus
Cluster3094,Rhinolophus sinicus
Cluster3096,Rhinolophus sinicus
Cluster3098,Rhinolophus sinicus
Cluster3099,Rhinolophus sinicus
Cluster3100,Rhinolophus sinicus
Cluster3101,Rhinolophus sinicus
Cluster3105,Rhinolophus sinicus
Cluster3106,Rhinolophus sinicus
Cluster3114,Rhinolophus sinicus
Cluster3115,Rhinolophus sinicus
Cluster3117,Rhinolophus sinicus
Cluster3123,Rhinolophus sinicus
Cluster3124,Rhinolophus sinicus
Cluster3125,Rhinolophus sinicus
Cluster3130,Rhinolophus sinicus
Cluster3131,Rhinolophus sinicus
Cluster3132,Rhinolophus sinicus
Cluster3133,Rhinolophus sinicus
Cluster3139,Rhinolophus sinicus
Cluster3140,Rhinolophus sinicus
Cluster3145,Rhinolophus sinicus
Cluster3146,Rhinolophus sinicus
Cluster3147,Rhinolophus sinicus
Cluster3148,Rhinolophus sinicus
Cluster3149,Rhinolophus sinicus
Cluster3152,Rhinolophus sinicus
Cluster3157,Rhinolophus sinicus
Cluster3158,Rhinolophus sinicus
Cluster3159,Rhinolophus sinicus
Cluster3161,Rhinolophus sinicus
Cluster3162,Rhinolophus sinicus
Cluster3167,Rhinolophus sinicus
Cluster3175,Rhinolophus sinicus
Cluster3176,Rhinolophus sinicus
Cluster3182,Rhinolophus sinicus
Cluster3184,Rhinolophus sinicus
Cluster3185,Rhinolophus sinicus
Cluster3187,Rhinolophus sinicus
Cluster3188,Rhinolophus sinicus
Cluster3196,Rhinolophus sinicus
Cluster3197,Rhinolophus sinicus
Cluster3198,Rhinolophus sinicus
Cluster3202,Rhinolophus sinicus
Cluster3204,Rhinolophus sinicus
Cluster3205,Rhinolophus sinicus
Cluster3208,Rhinolophus sinicus
Cluster3209,Rhinolophus sinicus
Cluster3214,Rhinolophus sinicus
Cluster3218,Rhinolophus sinicus
Cluster3219,Rhinolophus sinicus
Cluster3224,Rhinolophus sinicus
Cluster3225,Rhinolophus sinicus
Cluster3226,Rhinolophus sinicus
Cluster3227,Rhinolophus sinicus
Cluster3232,Rhinolophus sinicus
Cluster3235,Rhinolophus sinicus
Cluster3237,Rhinolophus sinicus
Cluster3239,Rhinolophus sinicus
Cluster3243,Rhinolophus sinicus
Cluster3257,Rhinolophus sinicus
Cluster3260,Rhinolophus sinicus
Cluster3261,Rhinolophus sinicus
Cluster3262,Rhinolophus sinicus
Cluster3266,Rhinolophus sinicus
Cluster3269,Rhinolophus sinicus
Cluster3270,Rhinolophus sinicus
Cluster3271,Rhinolophus sinicus
Cluster3273,Rhinolophus sinicus
Cluster3276,Rhinolophus sinicus
Cluster3281,Rhinolophus sinicus
Cluster3284,Rhinolophus sinicus
Cluster3286,Rhinolophus sinicus
Cluster3288,Rhinolophus sinicus
Cluster3290,Rhinolophus sinicus
Cluster3294,Rhinolophus sinicus
Cluster3301,Rhinolophus sinicus
Cluster3304,Rhinolophus sinicus
Cluster3305,Rhinolophus sinicus
Cluster3307,Rhinolophus sinicus
Cluster3309,Rhinolophus sinicus
Cluster3310,Rhinolophus sinicus
Cluster3311,Rhinolophus sinicus
Cluster3316,Rhinolophus sinicus
Cluster3318,Rhinolophus sinicus
Cluster3321,Rhinolophus sinicus
Cluster3323,Rhinolophus sinicus
Cluster3324,Rhinolophus sinicus
Cluster3329,Rhinolophus sinicus
Cluster3330,Rhinolophus sinicus
Cluster3334,Rhinolophus sinicus
Cluster3336,Rhinolophus sinicus
Cluster3337,Rhinolophus sinicus
Cluster3339,Rhinolophus sinicus
Cluster3340,Rhinolophus sinicus
Cluster3341,Rhinolophus sinicus
Cluster3353,Rhinolophus sinicus
Cluster3355,Rhinolophus sinicus
Cluster3359,Rhinolophus sinicus
Cluster3371,Rhinolophus sinicus
Cluster3374,Rhinolophus sinicus
Cluster3375,Rhinolophus sinicus
Cluster3378,Rhinolophus sinicus
Cluster3382,Rhinolophus sinicus
Cluster3383,Rhinolophus sinicus
Cluster3385,Rhinolophus sinicus
Cluster3387,Rhinolophus sinicus
Cluster3391,Rhinolophus sinicus
Cluster3392,Rhinolophus sinicus
Cluster3404,Rhinolophus sinicus
Cluster3405,Rhinolophus sinicus
Cluster3407,Rhinolophus sinicus
Cluster3409,Rhinolophus sinicus
Cluster3410,Rhinolophus sinicus
Cluster3411,Rhinolophus sinicus
Cluster3412,Rhinolophus sinicus
Cluster3414,Rhinolophus sinicus
Cluster3415,Rhinolophus sinicus
Cluster3416,Rhinolophus sinicus
Cluster3419,Rhinolophus sinicus
Cluster3421,Rhinolophus sinicus
Cluster3423,Rhinolophus sinicus
Cluster3428,Rhinolophus sinicus
Cluster3429,Rhinolophus sinicus
Cluster3432,Rhinolophus sinicus
Cluster3434,Rhinolophus sinicus
Cluster3442,Rhinolophus sinicus
Cluster3444,Rhinolophus sinicus
Cluster3447,Rhinolophus sinicus
Cluster3448,Rhinolophus sinicus
Cluster3450,Rhinolophus sinicus
Cluster3452,Rhinolophus sinicus
Cluster3454,Rhinolophus sinicus
Cluster3455,Rhinolophus sinicus
Cluster3457,Rhinolophus sinicus
Cluster3460,Rhinolophus sinicus
Cluster3461,Rhinolophus sinicus
Cluster3463,Rhinolophus sinicus
Cluster3466,Rhinolophus sinicus
Cluster3469,Rhinolophus sinicus
Cluster3471,Rhinolophus sinicus
Cluster3478,Rhinolophus sinicus
Cluster3481,Rhinolophus sinicus
Cluster3482,Rhinolophus sinicus
Cluster3485,Rhinolophus sinicus
Cluster3487,Rhinolophus sinicus
Cluster3488,Rhinolophus sinicus
Cluster3489,Rhinolophus sinicus
Cluster3495,Rhinolophus sinicus
Cluster3497,Rhinolophus sinicus
Cluster3498,Rhinolophus sinicus
Cluster3501,Rhinolophus sinicus
Cluster3502,Rhinolophus sinicus
Cluster3508,Rhinolophus sinicus
Cluster3510,Rhinolophus sinicus
Cluster3516,Rhinolophus sinicus
Cluster3518,Rhinolophus sinicus
Cluster3521,Rhinolophus sinicus
Cluster3524,Rhinolophus sinicus
Cluster3525,Rhinolophus sinicus
Cluster3530,Rhinolophus sinicus
Cluster3532,Rhinolophus sinicus
Cluster3535,Rhinolophus sinicus
Cluster3538,Rhinolophus sinicus
Cluster3540,Rhinolophus sinicus
Cluster3541,Rhinolophus sinicus
Cluster3542,Rhinolophus sinicus
Cluster3543,Rhinolophus sinicus
Cluster3545,Rhinolophus sinicus
Cluster3546,Rhinolophus sinicus
Cluster3553,Rhinolophus sinicus
Cluster3554,Rhinolophus sinicus
Cluster3556,Rhinolophus sinicus
Cluster3557,Rhinolophus sinicus
Cluster3560,Rhinolophus sinicus
Cluster3561,Rhinolophus sinicus
Cluster3563,Rhinolophus sinicus
Cluster3567,Rhinolophus sinicus
Cluster3568,Rhinolophus sinicus
Cluster3572,Rhinolophus sinicus
Cluster3580,Rhinolophus sinicus
Cluster3582,Rhinolophus sinicus
Cluster3583,Rhinolophus sinicus
Cluster3584,Rhinolophus sinicus
Cluster3589,Rhinolophus sinicus
Cluster3590,Rhinolophus sinicus
Cluster3596,Rhinolophus sinicus
Cluster3597,Rhinolophus sinicus
Cluster3600,Rhinolophus sinicus
Cluster3602,Rhinolophus sinicus
Cluster3603,Rhinolophus sinicus
Cluster3610,Rhinolophus sinicus
Cluster3611,Rhinolophus sinicus
Cluster3613,Rhinolophus sinicus
Cluster3614,Rhinolophus sinicus
Cluster3618,Rhinolophus sinicus
Cluster3622,Rhinolophus sinicus
Cluster3627,Rhinolophus sinicus
Cluster3630,Rhinolophus sinicus
Cluster3631,Rhinolophus sinicus
Cluster3637,Rhinolophus sinicus
Cluster3639,Rhinolophus sinicus
Cluster3641,Rhinolophus sinicus
Cluster3642,Rhinolophus sinicus
Cluster3646,Rhinolophus sinicus
Cluster3650,Rhinolophus sinicus
Cluster3651,Rhinolophus sinicus
Cluster3654,Rhinolophus sinicus
Cluster3656,Rhinolophus sinicus
Cluster3660,Rhinolophus sinicus
Cluster3664,Rhinolophus sinicus
Cluster3667,Rhinolophus sinicus
Cluster3673,Rhinolophus sinicus
Cluster3678,Rhinolophus sinicus
Cluster3679,Rhinolophus sinicus
Cluster3680,Rhinolophus sinicus
Cluster3684,Rhinolophus sinicus
Cluster3686,Rhinolophus sinicus
Cluster3690,Rhinolophus sinicus
Cluster3692,Rhinolophus sinicus
Cluster3695,Rhinolophus sinicus
Cluster3696,Rhinolophus sinicus
Cluster3698,Rhinolophus sinicus
Cluster3699,Rhinolophus sinicus
Cluster3700,Rhinolophus sinicus
Cluster3704,Rhinolophus sinicus
Cluster3705,Rhinolophus sinicus
Cluster3706,Rhinolophus sinicus
Cluster3707,Rhinolophus sinicus
Cluster3714,Rhinolophus sinicus
Cluster3717,Rhinolophus sinicus
Cluster3718,Rhinolophus sinicus
Cluster3725,Rhinolophus sinicus
Cluster3729,Rhinolophus sinicus
Cluster3732,Rhinolophus sinicus
Cluster3736,Rhinolophus sinicus
Cluster3737,Rhinolophus sinicus
Cluster3740,Rhinolophus sinicus
Cluster3742,Rhinolophus sinicus
Cluster3743,Rhinolophus sinicus
Cluster3745,Rhinolophus sinicus
Cluster3750,Rhinolophus sinicus
Cluster3751,Rhinolophus sinicus
Cluster3760,Rhinolophus sinicus
Cluster3761,Rhinolophus sinicus
Cluster3762,Rhinolophus sinicus
Cluster3764,Rhinolophus sinicus
Cluster3768,Rhinolophus sinicus
Cluster3770,Rhinolophus sinicus
Cluster3772,Rhinolophus sinicus
Cluster3773,Rhinolophus sinicus
Cluster3774,Rhinolophus sinicus
Cluster3777,Rhinolophus sinicus
Cluster3778,Rhinolophus sinicus
Cluster3782,Rhinolophus sinicus
Cluster3789,Rhinolophus sinicus
Cluster3793,Rhinolophus sinicus
Cluster3794,Rhinolophus sinicus
Cluster3796,Rhinolophus sinicus
Cluster3797,Rhinolophus sinicus
Cluster3801,Rhinolophus sinicus
Cluster3809,Rhinolophus sinicus
Cluster3811,Rhinolophus sinicus
Cluster3816,Rhinolophus sinicus
Cluster3818,Rhinolophus sinicus
Cluster3819,Rhinolophus sinicus
Cluster3821,Rhinolophus sinicus
Cluster3822,Rhinolophus sinicus
Cluster3823,Rhinolophus sinicus
Cluster3825,Rhinolophus sinicus
Cluster3826,Rhinolophus sinicus
Cluster3829,Rhinolophus sinicus
Cluster3832,Rhinolophus sinicus
Cluster3833,Rhinolophus sinicus
Cluster3835,Rhinolophus sinicus
Cluster3840,Rhinolophus sinicus
Cluster3842,Rhinolophus sinicus
Cluster3849,Rhinolophus sinicus
Cluster3853,Rhinolophus sinicus
Cluster3854,Rhinolophus sinicus
Cluster3855,Rhinolophus sinicus
Cluster3859,Rhinolophus sinicus
Cluster3866,Rhinolophus sinicus
Cluster3872,Rhinolophus sinicus
Cluster3873,Rhinolophus sinicus
Cluster3879,Rhinolophus sinicus
Cluster3881,Rhinolophus sinicus
Cluster3883,Rhinolophus sinicus
Cluster3886,Rhinolophus sinicus
Cluster3889,Rhinolophus sinicus
Cluster3893,Rhinolophus sinicus
Cluster3899,Rhinolophus sinicus
Cluster3913,Rhinolophus sinicus
Cluster3914,Rhinolophus sinicus
Cluster3916,Rhinolophus sinicus
Cluster3924,Rhinolophus sinicus
Cluster3925,Rhinolophus sinicus
Cluster3929,Rhinolophus sinicus
Cluster3935,Rhinolophus sinicus
Cluster3940,Rhinolophus sinicus
Cluster3947,Rhinolophus sinicus
Cluster3952,Rhinolophus sinicus
Cluster3954,Rhinolophus sinicus
Cluster3959,Rhinolophus sinicus
Cluster3961,Rhinolophus sinicus
Cluster3962,Rhinolophus sinicus
Cluster3966,Rhinolophus sinicus
Cluster3970,Rhinolophus sinicus
Cluster3978,Rhinolophus sinicus
Cluster3979,Rhinolophus sinicus
Cluster3980,Rhinolophus sinicus
Cluster3982,Rhinolophus sinicus
Cluster3983,Rhinolophus sinicus
Cluster3987,Rhinolophus sinicus
Cluster3990,Rhinolophus sinicus
Cluster3991,Rhinolophus sinicus
Cluster3993,Rhinolophus sinicus
Cluster3994,Rhinolophus sinicus
Cluster3999,Rhinolophus sinicus
Cluster4000,Rhinolophus sinicus
Cluster4001,Rhinolophus sinicus
Cluster4003,Rhinolophus sinicus
Cluster4004,Rhinolophus sinicus
Cluster4006,Rhinolophus sinicus
Cluster4007,Rhinolophus sinicus
Cluster4013,Rhinolophus sinicus
Cluster4017,Rhinolophus sinicus
Cluster4018,Rhinolophus sinicus
Cluster4022,Rhinolophus sinicus
Cluster4024,Rhinolophus sinicus
Cluster4026,Rhinolophus sinicus
Cluster4027,Rhinolophus sinicus
Cluster4032,Rhinolophus sinicus
Cluster4034,Rhinolophus sinicus
Cluster4038,Rhinolophus sinicus
Cluster4039,Rhinolophus sinicus
Cluster4042,Rhinolophus sinicus
Cluster4043,Rhinolophus sinicus
Cluster4045,Rhinolophus sinicus
Cluster4047,Rhinolophus sinicus
Cluster4048,Rhinolophus sinicus
Cluster4049,Rhinolophus sinicus
Cluster4056,Rhinolophus sinicus
Cluster4059,Rhinolophus sinicus
Cluster4060,Rhinolophus sinicus
Cluster4061,Rhinolophus sinicus
Cluster4063,Rhinolophus sinicus
Cluster4064,Rhinolophus sinicus
Cluster4066,Rhinolophus sinicus
Cluster4067,Rhinolophus sinicus
Cluster4070,Rhinolophus sinicus
Cluster4073,Rhinolophus sinicus
Cluster4074,Rhinolophus sinicus
Cluster4077,Rhinolophus sinicus
Cluster4082,Rhinolophus sinicus
Cluster4084,Rhinolophus sinicus
Cluster4087,Rhinolophus sinicus
Cluster4088,Rhinolophus sinicus
Cluster4089,Rhinolophus sinicus
Cluster4090,Rhinolophus sinicus
Cluster4095,Rhinolophus sinicus
Cluster4096,Rhinolophus sinicus
Cluster4101,Rhinolophus sinicus
Cluster4104,Rhinolophus sinicus
Cluster4108,Rhinolophus sinicus
Cluster4109,Rhinolophus sinicus
Cluster4110,Rhinolophus sinicus
Cluster4115,Rhinolophus sinicus
Cluster4118,Rhinolophus sinicus
Cluster4119,Rhinolophus sinicus
Cluster4129,Rhinolophus sinicus
Cluster4134,Rhinolophus sinicus
Cluster4136,Rhinolophus sinicus
Cluster4137,Rhinolophus sinicus
Cluster4138,Rhinolophus sinicus
Cluster4139,Rhinolophus sinicus
Cluster4140,Rhinolophus sinicus
Cluster4142,Rhinolophus sinicus
Cluster4149,Rhinolophus sinicus
Cluster4155,Rhinolophus sinicus
Cluster4158,Rhinolophus sinicus
Cluster4161,Rhinolophus sinicus
Cluster4162,Rhinolophus sinicus
Cluster4164,Rhinolophus sinicus
Cluster4165,Rhinolophus sinicus
Cluster4171,Rhinolophus sinicus
Cluster4173,Rhinolophus sinicus
Cluster4175,Rhinolophus sinicus
Cluster4177,Rhinolophus sinicus
Cluster4178,Rhinolophus sinicus
Cluster4180,Rhinolophus sinicus
Cluster4185,Rhinolophus sinicus
Cluster4186,Rhinolophus sinicus
Cluster4187,Rhinolophus sinicus
Cluster4188,Rhinolophus sinicus
Cluster4193,Rhinolophus sinicus
Cluster4198,Rhinolophus sinicus
Cluster4199,Rhinolophus sinicus
Cluster4202,Rhinolophus sinicus
Cluster4203,Rhinolophus sinicus
Cluster4204,Rhinolophus sinicus
Cluster4205,Rhinolophus sinicus
Cluster4207,Rhinolophus sinicus
Cluster4209,Rhinolophus sinicus
Cluster4213,Rhinolophus sinicus
Cluster4214,Rhinolophus sinicus
Cluster4218,Rhinolophus sinicus
Cluster4220,Rhinolophus sinicus
Cluster4221,Rhinolophus sinicus
Cluster4224,Rhinolophus sinicus
Cluster4225,Rhinolophus sinicus
Cluster4226,Rhinolophus sinicus
Cluster4228,Rhinolophus sinicus
Cluster4229,Rhinolophus sinicus
Cluster4230,Rhinolophus sinicus
Cluster4233,Rhinolophus sinicus
Cluster4234,Rhinolophus sinicus
Cluster4239,Rhinolophus sinicus
Cluster4240,Rhinolophus sinicus
Cluster4243,Rhinolophus sinicus
Cluster4244,Rhinolophus sinicus
Cluster4249,Rhinolophus sinicus
Cluster4250,Rhinolophus sinicus
Cluster4253,Rhinolophus sinicus
Cluster4254,Rhinolophus sinicus
Cluster4255,Rhinolophus sinicus
Cluster4259,Rhinolophus sinicus
Cluster4271,Rhinolophus sinicus
Cluster4272,Rhinolophus sinicus
Cluster4278,Rhinolophus sinicus
Cluster4279,Rhinolophus sinicus
Cluster4280,Rhinolophus sinicus
Cluster4283,Rhinolophus sinicus
Cluster4285,Rhinolophus sinicus
Cluster4287,Rhinolophus sinicus
Cluster4296,Rhinolophus sinicus
Cluster4301,Rhinolophus sinicus
Cluster4302,Rhinolophus sinicus
Cluster4304,Rhinolophus sinicus
Cluster4305,Rhinolophus sinicus
Cluster4309,Rhinolophus sinicus
Cluster4313,Rhinolophus sinicus
Cluster4314,Rhinolophus sinicus
Cluster4316,Rhinolophus sinicus
Cluster4319,Rhinolophus sinicus
Cluster4320,Rhinolophus sinicus
Cluster4321,Rhinolophus sinicus
Cluster4325,Rhinolophus sinicus
Cluster4328,Rhinolophus sinicus
Cluster4330,Rhinolophus sinicus
Cluster4333,Rhinolophus sinicus
Cluster4337,Rhinolophus sinicus
Cluster4339,Rhinolophus sinicus
Cluster4341,Rhinolophus sinicus
Cluster4344,Rhinolophus sinicus
Cluster4346,Rhinolophus sinicus
Cluster4347,Rhinolophus sinicus
Cluster4353,Rhinolophus sinicus
Cluster4359,Rhinolophus sinicus
Cluster4360,Rhinolophus sinicus
Cluster4361,Rhinolophus sinicus
Cluster4363,Rhinolophus sinicus
Cluster4367,Rhinolophus sinicus
Cluster4370,Rhinolophus sinicus
Cluster4372,Rhinolophus sinicus
Cluster4381,Rhinolophus sinicus
Cluster4383,Rhinolophus sinicus
Cluster4384,Rhinolophus sinicus
Cluster4386,Rhinolophus sinicus
Cluster4389,Rhinolophus sinicus
Cluster4391,Rhinolophus sinicus
Cluster4392,Rhinolophus sinicus
Cluster4394,Rhinolophus sinicus
Cluster4395,Rhinolophus sinicus
Cluster4397,Rhinolophus sinicus
Cluster4400,Rhinolophus sinicus
Cluster4401,Rhinolophus sinicus
Cluster4402,Rhinolophus sinicus
Cluster4403,Rhinolophus sinicus
Cluster4405,Rhinolophus sinicus
Cluster4407,Rhinolophus sinicus
Cluster4409,Rhinolophus sinicus
Cluster4412,Rhinolophus sinicus
Cluster4413,Rhinolophus sinicus
Cluster4414,Rhinolophus sinicus
Cluster4418,Rhinolophus sinicus
Cluster4423,Rhinolophus sinicus
Cluster4424,Rhinolophus sinicus
Cluster4425,Rhinolophus sinicus
Cluster4426,Rhinolophus sinicus
Cluster4430,Rhinolophus sinicus
Cluster4432,Rhinolophus sinicus
Cluster4433,Rhinolophus sinicus
Cluster4434,Rhinolophus sinicus
Cluster4437,Rhinolophus sinicus
Cluster4439,Rhinolophus sinicus
Cluster4444,Rhinolophus sinicus
Cluster4453,Rhinolophus sinicus
Cluster4455,Rhinolophus sinicus
Cluster4456,Rhinolophus sinicus
Cluster4459,Rhinolophus sinicus
Cluster4461,Rhinolophus sinicus
Cluster4463,Rhinolophus sinicus
Cluster4464,Rhinolophus sinicus
Cluster4465,Rhinolophus sinicus
Cluster4471,Rhinolophus sinicus
Cluster4475,Rhinolophus sinicus
Cluster4479,Rhinolophus sinicus
Cluster4482,Rhinolophus sinicus
Cluster4483,Rhinolophus sinicus
Cluster4484,Rhinolophus sinicus
Cluster4487,Rhinolophus sinicus
Cluster4488,Rhinolophus sinicus
Cluster4489,Rhinolophus sinicus
Cluster4490,Rhinolophus sinicus
Cluster4492,Rhinolophus sinicus
Cluster4494,Rhinolophus sinicus
Cluster4495,Rhinolophus sinicus
Cluster4499,Rhinolophus sinicus
Cluster4500,Rhinolophus sinicus
Cluster4502,Rhinolophus sinicus
Cluster4504,Rhinolophus sinicus
Cluster4507,Rhinolophus sinicus
Cluster4508,Rhinolophus sinicus
Cluster4512,Rhinolophus sinicus
Cluster4515,Rhinolophus sinicus
Cluster4517,Rhinolophus sinicus
Cluster4524,Rhinolophus sinicus
Cluster4525,Rhinolophus sinicus
Cluster4526,Rhinolophus sinicus
Cluster4527,Rhinolophus sinicus
Cluster4532,Rhinolophus sinicus
Cluster4533,Rhinolophus sinicus
Cluster4534,Rhinolophus sinicus
Cluster4538,Rhinolophus sinicus
Cluster4541,Rhinolophus sinicus
Cluster4543,Rhinolophus sinicus
Cluster4546,Rhinolophus sinicus
Cluster4551,Rhinolophus sinicus
Cluster4557,Rhinolophus sinicus
Cluster4558,Rhinolophus sinicus
Cluster4562,Rhinolophus sinicus
Cluster4563,Rhinolophus sinicus
Cluster4566,Rhinolophus sinicus
Cluster4568,Rhinolophus sinicus
Cluster4569,Rhinolophus sinicus
Cluster4574,Rhinolophus sinicus
Cluster4575,Rhinolophus sinicus
Cluster4577,Rhinolophus sinicus
Cluster4583,Rhinolophus sinicus
Cluster4586,Rhinolophus sinicus
Cluster4590,Rhinolophus sinicus
Cluster4596,Rhinolophus sinicus
Cluster4597,Rhinolophus sinicus
Cluster4598,Rhinolophus sinicus
Cluster4604,Rhinolophus sinicus
Cluster4607,Rhinolophus sinicus
Cluster4610,Rhinolophus sinicus
Cluster4611,Rhinolophus sinicus
Cluster4612,Rhinolophus sinicus
Cluster4615,Rhinolophus sinicus
Cluster4616,Rhinolophus sinicus
Cluster4618,Rhinolophus sinicus
Cluster4623,Rhinolophus sinicus
Cluster4625,Rhinolophus sinicus
Cluster4626,Rhinolophus sinicus
Cluster4631,Rhinolophus sinicus
Cluster4636,Rhinolophus sinicus
Cluster4637,Rhinolophus sinicus
Cluster4641,Rhinolophus sinicus
Cluster4642,Rhinolophus sinicus
Cluster4643,Rhinolophus sinicus
Cluster4646,Rhinolophus sinicus
Cluster4647,Rhinolophus sinicus
Cluster4649,Rhinolophus sinicus
Cluster4652,Rhinolophus sinicus
Cluster4658,Rhinolophus sinicus
Cluster4659,Rhinolophus sinicus
Cluster4660,Rhinolophus sinicus
Cluster4663,Rhinolophus sinicus
Cluster4672,Rhinolophus sinicus
Cluster4673,Rhinolophus sinicus
Cluster4683,Rhinolophus sinicus
Cluster4685,Rhinolophus sinicus
Cluster4691,Rhinolophus sinicus
Cluster4692,Rhinolophus sinicus
Cluster4705,Rhinolophus sinicus
Cluster4706,Rhinolophus sinicus
Cluster4709,Rhinolophus sinicus
Cluster4711,Rhinolophus sinicus
Cluster4713,Rhinolophus sinicus
Cluster4716,Rhinolophus sinicus
Cluster4719,Rhinolophus sinicus
Cluster4720,Rhinolophus sinicus
Cluster4722,Rhinolophus sinicus
Cluster4723,Rhinolophus sinicus
Cluster4724,Rhinolophus sinicus
Cluster4725,Rhinolophus sinicus
Cluster4728,Rhinolophus sinicus
Cluster4734,Rhinolophus sinicus
Cluster4735,Rhinolophus sinicus
Cluster4737,Rhinolophus sinicus
Cluster4741,Rhinolophus sinicus
Cluster4742,Rhinolophus sinicus
Cluster4746,Rhinolophus sinicus
Cluster4748,Rhinolophus sinicus
Cluster4749,Rhinolophus sinicus
Cluster4750,Rhinolophus sinicus
Cluster4759,Rhinolophus sinicus
Cluster4762,Rhinolophus sinicus
Cluster4764,Rhinolophus sinicus
Cluster4767,Rhinolophus sinicus
Cluster4774,Rhinolophus sinicus
Cluster4777,Rhinolophus sinicus
Cluster4780,Rhinolophus sinicus
Cluster4781,Rhinolophus sinicus
Cluster4786,Rhinolophus sinicus
Cluster4787,Rhinolophus sinicus
Cluster4790,Rhinolophus sinicus
Cluster4797,Rhinolophus sinicus
Cluster4798,Rhinolophus sinicus
Cluster4800,Rhinolophus sinicus
Cluster4806,Rhinolophus sinicus
Cluster4808,Rhinolophus sinicus
Cluster4809,Rhinolophus sinicus
Cluster4810,Rhinolophus sinicus
Cluster4812,Rhinolophus sinicus
Cluster4813,Rhinolophus sinicus
Cluster4814,Rhinolophus sinicus
Cluster4816,Rhinolophus sinicus
Cluster4818,Rhinolophus sinicus
Cluster4819,Rhinolophus sinicus
Cluster4831,Rhinolophus sinicus
Cluster4832,Rhinolophus sinicus
Cluster4836,Rhinolophus sinicus
Cluster4838,Rhinolophus sinicus
Cluster4839,Rhinolophus sinicus
Cluster4845,Rhinolophus sinicus
Cluster4848,Rhinolophus sinicus
Cluster4849,Rhinolophus sinicus
Cluster4850,Rhinolophus sinicus
Cluster4857,Rhinolophus sinicus
Cluster4860,Rhinolophus sinicus
Cluster4862,Rhinolophus sinicus
Cluster4864,Rhinolophus sinicus
Cluster4865,Rhinolophus sinicus
Cluster4866,Rhinolophus sinicus
Cluster4872,Rhinolophus sinicus
Cluster4878,Rhinolophus sinicus
Cluster4879,Rhinolophus sinicus
Cluster4881,Rhinolophus sinicus
Cluster4882,Rhinolophus sinicus
Cluster4885,Rhinolophus sinicus
Cluster4891,Rhinolophus sinicus
Cluster4896,Rhinolophus sinicus
Cluster4904,Rhinolophus sinicus
Cluster4905,Rhinolophus sinicus
Cluster4906,Rhinolophus sinicus
Cluster4913,Rhinolophus sinicus
Cluster4914,Rhinolophus sinicus
Cluster4915,Rhinolophus sinicus
Cluster4921,Rhinolophus sinicus
Cluster4929,Rhinolophus sinicus
Cluster4930,Rhinolophus sinicus
Cluster4938,Rhinolophus sinicus
Cluster4942,Rhinolophus sinicus
Cluster4948,Rhinolophus sinicus
Cluster4950,Rhinolophus sinicus
Cluster4956,Rhinolophus sinicus
Cluster4960,Rhinolophus sinicus
Cluster4966,Rhinolophus sinicus
Cluster4967,Rhinolophus sinicus
Cluster4970,Rhinolophus sinicus
Cluster4971,Rhinolophus sinicus
Cluster4973,Rhinolophus sinicus
Cluster4974,Rhinolophus sinicus
Cluster4975,Rhinolophus sinicus
Cluster4976,Rhinolophus sinicus
Cluster4977,Rhinolophus sinicus
Cluster4981,Rhinolophus sinicus
Cluster4984,Rhinolophus sinicus
Cluster4986,Rhinolophus sinicus
Cluster4988,Rhinolophus sinicus
Cluster4989,Rhinolophus sinicus
Cluster4992,Rhinolophus sinicus
Cluster4994,Rhinolophus sinicus
Cluster4996,Rhinolophus sinicus
Cluster4997,Rhinolophus sinicus
Cluster5002,Rhinolophus sinicus
Cluster5003,Rhinolophus sinicus
Cluster5004,Rhinolophus sinicus
Cluster5006,Rhinolophus sinicus
Cluster5009,Rhinolophus sinicus
Cluster5012,Rhinolophus sinicus
Cluster5014,Rhinolophus sinicus
Cluster5020,Rhinolophus sinicus
Cluster5022,Rhinolophus sinicus
Cluster5025,Rhinolophus sinicus
Cluster5028,Rhinolophus sinicus
Cluster5032,Rhinolophus sinicus
Cluster5040,Rhinolophus sinicus
Cluster5044,Rhinolophus sinicus
Cluster5048,Rhinolophus sinicus
Cluster5052,Rhinolophus sinicus
Cluster5055,Rhinolophus sinicus
Cluster5059,Rhinolophus sinicus
Cluster5062,Rhinolophus sinicus
Cluster5064,Rhinolophus sinicus
Cluster5067,Rhinolophus sinicus
Cluster5068,Rhinolophus sinicus
Cluster5070,Rhinolophus sinicus
Cluster5071,Rhinolophus sinicus
Cluster5072,Rhinolophus sinicus
Cluster5075,Rhinolophus sinicus
Cluster5076,Rhinolophus sinicus
Cluster5079,Rhinolophus sinicus
Cluster5086,Rhinolophus sinicus
Cluster5088,Rhinolophus sinicus
Cluster5094,Rhinolophus sinicus
Cluster5110,Rhinolophus sinicus
Cluster5112,Rhinolophus sinicus
Cluster5113,Rhinolophus sinicus
Cluster5114,Rhinolophus sinicus
Cluster5118,Rhinolophus sinicus
Cluster5120,Rhinolophus sinicus
Cluster5121,Rhinolophus sinicus
Cluster5122,Rhinolophus sinicus
Cluster5123,Rhinolophus sinicus
Cluster5124,Rhinolophus sinicus
Cluster5127,Rhinolophus sinicus
Cluster5131,Rhinolophus sinicus
Cluster5133,Rhinolophus sinicus
Cluster5143,Rhinolophus sinicus
Cluster5150,Rhinolophus sinicus
Cluster5154,Rhinolophus sinicus
Cluster5157,Rhinolophus sinicus
Cluster5160,Rhinolophus sinicus
Cluster5163,Rhinolophus sinicus
Cluster5167,Rhinolophus sinicus
Cluster5168,Rhinolophus sinicus
Cluster5169,Rhinolophus sinicus
Cluster5173,Rhinolophus sinicus
Cluster5176,Rhinolophus sinicus
Cluster5180,Rhinolophus sinicus
Cluster5182,Rhinolophus sinicus
Cluster5186,Rhinolophus sinicus
Cluster5189,Rhinolophus sinicus
Cluster5192,Rhinolophus sinicus
Cluster5194,Rhinolophus sinicus
Cluster5198,Rhinolophus sinicus
Cluster5199,Rhinolophus sinicus
Cluster5204,Rhinolophus sinicus
Cluster5208,Rhinolophus sinicus
Cluster5215,Rhinolophus sinicus
Cluster5219,Rhinolophus sinicus
Cluster5220,Rhinolophus sinicus
Cluster5222,Rhinolophus sinicus
Cluster5223,Rhinolophus sinicus
Cluster5226,Rhinolophus sinicus
Cluster5232,Rhinolophus sinicus
Cluster5235,Rhinolophus sinicus
Cluster5236,Rhinolophus sinicus
Cluster5239,Rhinolophus sinicus
Cluster5241,Rhinolophus sinicus
Cluster5244,Rhinolophus sinicus
Cluster5245,Rhinolophus sinicus
Cluster5248,Rhinolophus sinicus
Cluster5258,Rhinolophus sinicus
Cluster5259,Rhinolophus sinicus
Cluster5263,Rhinolophus sinicus
Cluster5267,Rhinolophus sinicus
Cluster5273,Rhinolophus sinicus
Cluster5276,Rhinolophus sinicus
Cluster5279,Rhinolophus sinicus
Cluster5285,Rhinolophus sinicus
Cluster5295,Rhinolophus sinicus
Cluster5296,Rhinolophus sinicus
Cluster5302,Rhinolophus sinicus
Cluster5303,Rhinolophus sinicus
Cluster5305,Rhinolophus sinicus
Cluster5310,Rhinolophus sinicus
Cluster5312,Rhinolophus sinicus
Cluster5313,Rhinolophus sinicus
Cluster5316,Rhinolophus sinicus
Cluster5318,Rhinolophus sinicus
Cluster5320,Rhinolophus sinicus
Cluster5321,Rhinolophus sinicus
Cluster5322,Rhinolophus sinicus
Cluster5323,Rhinolophus sinicus
Cluster5325,Rhinolophus sinicus
Cluster5326,Rhinolophus sinicus
Cluster5327,Rhinolophus sinicus
Cluster5328,Rhinolophus sinicus
Cluster5334,Rhinolophus sinicus
Cluster5336,Rhinolophus sinicus
Cluster5337,Rhinolophus sinicus
Cluster5338,Rhinolophus sinicus
Cluster5340,Rhinolophus sinicus
Cluster5345,Rhinolophus sinicus
Cluster5347,Rhinolophus sinicus
Cluster5350,Rhinolophus sinicus
Cluster5351,Rhinolophus sinicus
Cluster5352,Rhinolophus sinicus
Cluster5353,Rhinolophus sinicus
Cluster5359,Rhinolophus sinicus
Cluster5361,Rhinolophus sinicus
Cluster5365,Rhinolophus sinicus
Cluster5375,Rhinolophus sinicus
Cluster5378,Rhinolophus sinicus
Cluster5384,Rhinolophus sinicus
Cluster5386,Rhinolophus sinicus
Cluster5388,Rhinolophus sinicus
Cluster5398,Rhinolophus sinicus
Cluster5400,Rhinolophus sinicus
Cluster5401,Rhinolophus sinicus
Cluster5402,Rhinolophus sinicus
Cluster5406,Rhinolophus sinicus
Cluster5407,Rhinolophus sinicus
Cluster5410,Rhinolophus sinicus
Cluster5411,Rhinolophus sinicus
Cluster5415,Rhinolophus sinicus
Cluster5419,Rhinolophus sinicus
Cluster5424,Rhinolophus sinicus
Cluster5426,Rhinolophus sinicus
Cluster5427,Rhinolophus sinicus
Cluster5428,Rhinolophus sinicus
Cluster5429,Rhinolophus sinicus
Cluster5433,Rhinolophus sinicus
Cluster5434,Rhinolophus sinicus
Cluster5437,Rhinolophus sinicus
Cluster5438,Rhinolophus sinicus
Cluster5442,Rhinolophus sinicus
Cluster5444,Rhinolophus sinicus
Cluster5448,Rhinolophus sinicus
Cluster5449,Rhinolophus sinicus
Cluster5467,Rhinolophus sinicus
Cluster5470,Rhinolophus sinicus
Cluster5471,Rhinolophus sinicus
Cluster5477,Rhinolophus sinicus
Cluster5478,Rhinolophus sinicus
Cluster5480,Rhinolophus sinicus
Cluster5481,Rhinolophus sinicus
Cluster5483,Rhinolophus sinicus
Cluster5484,Rhinolophus sinicus
Cluster5485,Rhinolophus sinicus
Cluster5494,Rhinolophus sinicus
Cluster5496,Rhinolophus sinicus
Cluster5498,Rhinolophus sinicus
Cluster5506,Rhinolophus sinicus
Cluster5509,Rhinolophus sinicus
Cluster5511,Rhinolophus sinicus
Cluster5513,Rhinolophus sinicus
Cluster5516,Rhinolophus sinicus
Cluster5518,Rhinolophus sinicus
Cluster5521,Rhinolophus sinicus
Cluster5522,Rhinolophus sinicus
Cluster5523,Rhinolophus sinicus
Cluster5529,Rhinolophus sinicus
Cluster5530,Rhinolophus sinicus
Cluster5535,Rhinolophus sinicus
Cluster5537,Rhinolophus sinicus
Cluster5538,Rhinolophus sinicus
Cluster5539,Rhinolophus sinicus
Cluster5541,Rhinolophus sinicus
Cluster5542,Rhinolophus sinicus
Cluster5544,Rhinolophus sinicus
Cluster5547,Rhinolophus sinicus
Cluster5554,Rhinolophus sinicus
Cluster5557,Rhinolophus sinicus
Cluster5564,Rhinolophus sinicus
Cluster5569,Rhinolophus sinicus
Cluster5570,Rhinolophus sinicus
Cluster5571,Rhinolophus sinicus
Cluster5581,Rhinolophus sinicus
Cluster5586,Rhinolophus sinicus
Cluster5595,Rhinolophus sinicus
Cluster5604,Rhinolophus sinicus
Cluster5607,Rhinolophus sinicus
Cluster5614,Rhinolophus sinicus
Cluster5616,Rhinolophus sinicus
Cluster5618,Rhinolophus sinicus
Cluster5621,Rhinolophus sinicus
Cluster5624,Rhinolophus sinicus
Cluster5627,Rhinolophus sinicus
Cluster5628,Rhinolophus sinicus
Cluster5637,Rhinolophus sinicus
Cluster5644,Rhinolophus sinicus
Cluster5649,Rhinolophus sinicus
Cluster5653,Rhinolophus sinicus
Cluster5655,Rhinolophus sinicus
Cluster5659,Rhinolophus sinicus
Cluster5660,Rhinolophus sinicus
Cluster5661,Rhinolophus sinicus
Cluster5666,Rhinolophus sinicus
Cluster5667,Rhinolophus sinicus
Cluster5668,Rhinolophus sinicus
Cluster5669,Rhinolophus sinicus
Cluster5671,Rhinolophus sinicus
Cluster5672,Rhinolophus sinicus
Cluster5673,Rhinolophus sinicus
Cluster5681,Rhinolophus sinicus
Cluster5682,Rhinolophus sinicus
Cluster5685,Rhinolophus sinicus
Cluster5688,Rhinolophus sinicus
Cluster5692,Rhinolophus sinicus
Cluster5699,Rhinolophus sinicus
Cluster5704,Rhinolophus sinicus
Cluster5705,Rhinolophus sinicus
Cluster5710,Rhinolophus sinicus
Cluster5711,Rhinolophus sinicus
Cluster5712,Rhinolophus sinicus
Cluster5724,Rhinolophus sinicus
Cluster5725,Rhinolophus sinicus
Cluster5726,Rhinolophus sinicus
Cluster5730,Rhinolophus sinicus
Cluster5731,Rhinolophus sinicus
Cluster5732,Rhinolophus sinicus
Cluster5736,Rhinolophus sinicus
Cluster5737,Rhinolophus sinicus
Cluster5744,Rhinolophus sinicus
Cluster5746,Rhinolophus sinicus
Cluster5747,Rhinolophus sinicus
Cluster5748,Rhinolophus sinicus
Cluster5749,Rhinolophus sinicus
Cluster5750,Rhinolophus sinicus
Cluster5751,Rhinolophus sinicus
Cluster5752,Rhinolophus sinicus
Cluster5754,Rhinolophus sinicus
Cluster5755,Rhinolophus sinicus
Cluster5756,Rhinolophus sinicus
Cluster5764,Rhinolophus sinicus
Cluster5765,Rhinolophus sinicus
Cluster5772,Rhinolophus sinicus
Cluster5773,Rhinolophus sinicus
Cluster5776,Rhinolophus sinicus
Cluster5781,Rhinolophus sinicus
Cluster5789,Rhinolophus sinicus
Cluster5796,Rhinolophus sinicus
Cluster5797,Rhinolophus sinicus
Cluster5798,Rhinolophus sinicus
Cluster5805,Rhinolophus sinicus
Cluster5809,Rhinolophus sinicus
Cluster5814,Rhinolophus sinicus
Cluster5817,Rhinolophus sinicus
Cluster5822,Rhinolophus sinicus
Cluster5824,Rhinolophus sinicus
Cluster5827,Rhinolophus sinicus
Cluster5828,Rhinolophus sinicus
Cluster5832,Rhinolophus sinicus
Cluster5833,Rhinolophus sinicus
Cluster5835,Rhinolophus sinicus
Cluster5838,Rhinolophus sinicus
Cluster5840,Rhinolophus sinicus
Cluster5848,Rhinolophus sinicus
Cluster5849,Rhinolophus sinicus
Cluster5852,Rhinolophus sinicus
Cluster5853,Rhinolophus sinicus
Cluster5857,Rhinolophus sinicus
Cluster5860,Rhinolophus sinicus
Cluster5861,Rhinolophus sinicus
Cluster5863,Rhinolophus sinicus
Cluster5869,Rhinolophus sinicus
Cluster5876,Rhinolophus sinicus
Cluster5889,Rhinolophus sinicus
Cluster5895,Rhinolophus sinicus
Cluster5897,Rhinolophus sinicus
Cluster5898,Rhinolophus sinicus
Cluster5911,Rhinolophus sinicus
Cluster5913,Rhinolophus sinicus
Cluster5914,Rhinolophus sinicus
Cluster5917,Rhinolophus sinicus
Cluster5922,Rhinolophus sinicus
Cluster5924,Rhinolophus sinicus
Cluster5936,Rhinolophus sinicus
Cluster5938,Rhinolophus sinicus
Cluster5939,Rhinolophus sinicus
Cluster5941,Rhinolophus sinicus
Cluster5943,Rhinolophus sinicus
Cluster5944,Rhinolophus sinicus
Cluster5946,Rhinolophus sinicus
Cluster5948,Rhinolophus sinicus
Cluster5950,Rhinolophus sinicus
Cluster5953,Rhinolophus sinicus
Cluster5957,Rhinolophus sinicus
Cluster5958,Rhinolophus sinicus
Cluster5959,Rhinolophus sinicus
Cluster5965,Rhinolophus sinicus
Cluster5973,Rhinolophus sinicus
Cluster5981,Rhinolophus sinicus
Cluster5984,Rhinolophus sinicus
Cluster5988,Rhinolophus sinicus
Cluster5989,Rhinolophus sinicus
Cluster5990,Rhinolophus sinicus
Cluster5993,Rhinolophus sinicus
Cluster5994,Rhinolophus sinicus
Cluster5996,Rhinolophus sinicus
Cluster6000,Rhinolophus sinicus
Cluster6009,Rhinolophus sinicus
Cluster6016,Rhinolophus sinicus
Cluster6021,Rhinolophus sinicus
Cluster6024,Rhinolophus sinicus
Cluster6027,Rhinolophus sinicus
Cluster6029,Rhinolophus sinicus
Cluster6032,Rhinolophus sinicus
Cluster6034,Rhinolophus sinicus
Cluster6035,Rhinolophus sinicus
Cluster6042,Rhinolophus sinicus
Cluster6045,Rhinolophus sinicus
Cluster6046,Rhinolophus sinicus
Cluster6049,Rhinolophus sinicus
Cluster6050,Rhinolophus sinicus
Cluster6054,Rhinolophus sinicus
Cluster6056,Rhinolophus sinicus
Cluster6063,Rhinolophus sinicus
Cluster6064,Rhinolophus sinicus
Cluster6073,Rhinolophus sinicus
Cluster6076,Rhinolophus sinicus
Cluster6077,Rhinolophus sinicus
Cluster6080,Rhinolophus sinicus
Cluster6082,Rhinolophus sinicus
Cluster6084,Rhinolophus sinicus
Cluster6094,Rhinolophus sinicus
Cluster6095,Rhinolophus sinicus
Cluster6096,Rhinolophus sinicus
Cluster6103,Rhinolophus sinicus
Cluster6106,Rhinolophus sinicus
Cluster6113,Rhinolophus sinicus
Cluster6116,Rhinolophus sinicus
Cluster6121,Rhinolophus sinicus
Cluster6123,Rhinolophus sinicus
Cluster6124,Rhinolophus sinicus
Cluster6130,Rhinolophus sinicus
Cluster6131,Rhinolophus sinicus
Cluster6133,Rhinolophus sinicus
Cluster6140,Rhinolophus sinicus
Cluster6143,Rhinolophus sinicus
Cluster6145,Rhinolophus sinicus
Cluster6148,Rhinolophus sinicus
Cluster6162,Rhinolophus sinicus
Cluster6165,Rhinolophus sinicus
Cluster6166,Rhinolophus sinicus
Cluster6167,Rhinolophus sinicus
Cluster6169,Rhinolophus sinicus
Cluster6174,Rhinolophus sinicus
Cluster6178,Rhinolophus sinicus
Cluster6181,Rhinolophus sinicus
Cluster6184,Rhinolophus sinicus
Cluster6188,Rhinolophus sinicus
Cluster6195,Rhinolophus sinicus
Cluster6196,Rhinolophus sinicus
Cluster6197,Rhinolophus sinicus
Cluster6202,Rhinolophus sinicus
Cluster6205,Rhinolophus sinicus
Cluster6207,Rhinolophus sinicus
Cluster6212,Rhinolophus sinicus
Cluster6215,Rhinolophus sinicus
Cluster6216,Rhinolophus sinicus
Cluster6222,Rhinolophus sinicus
Cluster6225,Rhinolophus sinicus
Cluster6228,Rhinolophus sinicus
Cluster6231,Rhinolophus sinicus
Cluster6232,Rhinolophus sinicus
Cluster6235,Rhinolophus sinicus
Cluster6236,Rhinolophus sinicus
Cluster6238,Rhinolophus sinicus
Cluster6239,Rhinolophus sinicus
Cluster6242,Rhinolophus sinicus
Cluster6243,Rhinolophus sinicus
Cluster6244,Rhinolophus sinicus
Cluster6246,Rhinolophus sinicus
Cluster6247,Rhinolophus sinicus
Cluster6257,Rhinolophus sinicus
Cluster6260,Rhinolophus sinicus
Cluster6268,Rhinolophus sinicus
Cluster6270,Rhinolophus sinicus
Cluster6271,Rhinolophus sinicus
Cluster6272,Rhinolophus sinicus
Cluster6273,Rhinolophus sinicus
Cluster6278,Rhinolophus sinicus
Cluster6279,Rhinolophus sinicus
Cluster6280,Rhinolophus sinicus
Cluster6282,Rhinolophus sinicus
Cluster6286,Rhinolophus sinicus
Cluster6291,Rhinolophus sinicus
Cluster6294,Rhinolophus sinicus
Cluster6295,Rhinolophus sinicus
Cluster6299,Rhinolophus sinicus
Cluster6303,Rhinolophus sinicus
Cluster6305,Rhinolophus sinicus
Cluster6308,Rhinolophus sinicus
Cluster6309,Rhinolophus sinicus
Cluster6310,Rhinolophus sinicus
Cluster6311,Rhinolophus sinicus
Cluster6312,Rhinolophus sinicus
Cluster6313,Rhinolophus sinicus
Cluster6314,Rhinolophus sinicus
Cluster6315,Rhinolophus sinicus
Cluster6317,Rhinolophus sinicus
Cluster6321,Rhinolophus sinicus
Cluster6328,Rhinolophus sinicus
Cluster6331,Rhinolophus sinicus
Cluster6332,Rhinolophus sinicus
Cluster6335,Rhinolophus sinicus
Cluster6340,Rhinolophus sinicus
Cluster6341,Rhinolophus sinicus
Cluster6343,Rhinolophus sinicus
Cluster6344,Rhinolophus sinicus
Cluster6345,Rhinolophus sinicus
Cluster6347,Rhinolophus sinicus
Cluster6348,Rhinolophus sinicus
Cluster6350,Rhinolophus sinicus
Cluster6356,Rhinolophus sinicus
Cluster6357,Rhinolophus sinicus
Cluster6359,Rhinolophus sinicus
Cluster6360,Rhinolophus sinicus
Cluster6365,Rhinolophus sinicus
Cluster6368,Rhinolophus sinicus
Cluster6369,Rhinolophus sinicus
Cluster6371,Rhinolophus sinicus
Cluster6380,Rhinolophus sinicus
Cluster6383,Rhinolophus sinicus
Cluster6386,Rhinolophus sinicus
Cluster6387,Rhinolophus sinicus
Cluster6388,Rhinolophus sinicus
Cluster6391,Rhinolophus sinicus
Cluster6396,Rhinolophus sinicus
Cluster6403,Rhinolophus sinicus
Cluster6405,Rhinolophus sinicus
Cluster6406,Rhinolophus sinicus
Cluster6409,Rhinolophus sinicus
Cluster6411,Rhinolophus sinicus
Cluster6412,Rhinolophus sinicus
Cluster6413,Rhinolophus sinicus
Cluster6420,Rhinolophus sinicus
Cluster6426,Rhinolophus sinicus
Cluster6428,Rhinolophus sinicus
Cluster6433,Rhinolophus sinicus
Cluster6436,Rhinolophus sinicus
Cluster6438,Rhinolophus sinicus
Cluster6442,Rhinolophus sinicus
Cluster6444,Rhinolophus sinicus
Cluster6448,Rhinolophus sinicus
Cluster6449,Rhinolophus sinicus
Cluster6451,Rhinolophus sinicus
Cluster6455,Rhinolophus sinicus
Cluster6456,Rhinolophus sinicus
Cluster6457,Rhinolophus sinicus
Cluster6458,Rhinolophus sinicus
Cluster6459,Rhinolophus sinicus
Cluster6463,Rhinolophus sinicus
Cluster6472,Rhinolophus sinicus
Cluster6474,Rhinolophus sinicus
Cluster6478,Rhinolophus sinicus
Cluster6482,Rhinolophus sinicus
Cluster6485,Rhinolophus sinicus
Cluster6492,Rhinolophus sinicus
Cluster6495,Rhinolophus sinicus
Cluster6502,Rhinolophus sinicus
Cluster6518,Rhinolophus sinicus
Cluster6520,Rhinolophus sinicus
Cluster6522,Rhinolophus sinicus
Cluster6524,Rhinolophus sinicus
Cluster6530,Rhinolophus sinicus
Cluster6533,Rhinolophus sinicus
Cluster6541,Rhinolophus sinicus
Cluster6543,Rhinolophus sinicus
Cluster6544,Rhinolophus sinicus
Cluster6547,Rhinolophus sinicus
Cluster6549,Rhinolophus sinicus
Cluster6550,Rhinolophus sinicus
Cluster6551,Rhinolophus sinicus
Cluster6554,Rhinolophus sinicus
Cluster6555,Rhinolophus sinicus
Cluster6558,Rhinolophus sinicus
Cluster6559,Rhinolophus sinicus
Cluster6567,Rhinolophus sinicus
Cluster6570,Rhinolophus sinicus
Cluster6572,Rhinolophus sinicus
Cluster6573,Rhinolophus sinicus
Cluster6577,Rhinolophus sinicus
Cluster6584,Rhinolophus sinicus
Cluster6587,Rhinolophus sinicus
Cluster6590,Rhinolophus sinicus
Cluster6591,Rhinolophus sinicus
Cluster6598,Rhinolophus sinicus
Cluster6604,Rhinolophus sinicus
Cluster6605,Rhinolophus sinicus
Cluster6606,Rhinolophus sinicus
Cluster6612,Rhinolophus sinicus
Cluster6613,Rhinolophus sinicus
Cluster6616,Rhinolophus sinicus
Cluster6619,Rhinolophus sinicus
Cluster6621,Rhinolophus sinicus
Cluster6622,Rhinolophus sinicus
Cluster6623,Rhinolophus sinicus
Cluster6639,Rhinolophus sinicus
Cluster6640,Rhinolophus sinicus
Cluster6641,Rhinolophus sinicus
Cluster6647,Rhinolophus sinicus
Cluster6651,Rhinolophus sinicus
Cluster6653,Rhinolophus sinicus
Cluster6658,Rhinolophus sinicus
Cluster6665,Rhinolophus sinicus
Cluster6666,Rhinolophus sinicus
Cluster6668,Rhinolophus sinicus
Cluster6669,Rhinolophus sinicus
Cluster6671,Rhinolophus sinicus
Cluster6673,Rhinolophus sinicus
Cluster6683,Rhinolophus sinicus
Cluster6685,Rhinolophus sinicus
Cluster6686,Rhinolophus sinicus
Cluster6691,Rhinolophus sinicus
Cluster6695,Rhinolophus sinicus
Cluster6701,Rhinolophus sinicus
Cluster6703,Rhinolophus sinicus
Cluster6706,Rhinolophus sinicus
Cluster6711,Rhinolophus sinicus
Cluster6713,Rhinolophus sinicus
Cluster6719,Rhinolophus sinicus
Cluster6721,Rhinolophus sinicus
Cluster6726,Rhinolophus sinicus
Cluster6730,Rhinolophus sinicus
Cluster6732,Rhinolophus sinicus
Cluster6733,Rhinolophus sinicus
Cluster6734,Rhinolophus sinicus
Cluster6736,Rhinolophus sinicus
Cluster6740,Rhinolophus sinicus
Cluster6743,Rhinolophus sinicus
Cluster6745,Rhinolophus sinicus
Cluster6750,Rhinolophus sinicus
Cluster6752,Rhinolophus sinicus
Cluster6758,Rhinolophus sinicus
Cluster6759,Rhinolophus sinicus
Cluster6760,Rhinolophus sinicus
Cluster6761,Rhinolophus sinicus
Cluster6763,Rhinolophus sinicus
Cluster6765,Rhinolophus sinicus
Cluster6766,Rhinolophus sinicus
Cluster6770,Rhinolophus sinicus
Cluster6774,Rhinolophus sinicus
Cluster6775,Rhinolophus sinicus
Cluster6777,Rhinolophus sinicus
Cluster6778,Rhinolophus sinicus
Cluster6780,Rhinolophus sinicus
Cluster6782,Rhinolophus sinicus
Cluster6783,Rhinolophus sinicus
Cluster6789,Rhinolophus sinicus
Cluster6794,Rhinolophus sinicus
Cluster6796,Rhinolophus sinicus
Cluster6798,Rhinolophus sinicus
Cluster6805,Rhinolophus sinicus
Cluster6808,Rhinolophus sinicus
Cluster6810,Rhinolophus sinicus
Cluster6812,Rhinolophus sinicus
Cluster6813,Rhinolophus sinicus
Cluster6817,Rhinolophus sinicus
Cluster6818,Rhinolophus sinicus
Cluster6819,Rhinolophus sinicus
Cluster6820,Rhinolophus sinicus
Cluster6821,Rhinolophus sinicus
Cluster6824,Rhinolophus sinicus
Cluster6832,Rhinolophus sinicus
Cluster6835,Rhinolophus sinicus
Cluster6837,Rhinolophus sinicus
Cluster6840,Rhinolophus sinicus
Cluster6842,Rhinolophus sinicus
Cluster6853,Rhinolophus sinicus
Cluster6856,Rhinolophus sinicus
Cluster6858,Rhinolophus sinicus
Cluster6863,Rhinolophus sinicus
Cluster6867,Rhinolophus sinicus
Cluster6868,Rhinolophus sinicus
Cluster6873,Rhinolophus sinicus
Cluster6877,Rhinolophus sinicus
Cluster6883,Rhinolophus sinicus
Cluster6886,Rhinolophus sinicus
Cluster6887,Rhinolophus sinicus
Cluster6889,Rhinolophus sinicus
Cluster6892,Rhinolophus sinicus
Cluster6897,Rhinolophus sinicus
Cluster6900,Rhinolophus sinicus
Cluster6903,Rhinolophus sinicus
Cluster6905,Rhinolophus sinicus
Cluster6906,Rhinolophus sinicus
Cluster6908,Rhinolophus sinicus
Cluster6914,Rhinolophus sinicus
Cluster6916,Rhinolophus sinicus
Cluster6921,Rhinolophus sinicus
Cluster6924,Rhinolophus sinicus
Cluster6926,Rhinolophus sinicus
Cluster6927,Rhinolophus sinicus
Cluster6941,Rhinolophus sinicus
Cluster6944,Rhinolophus sinicus
Cluster6946,Rhinolophus sinicus
Cluster6952,Rhinolophus sinicus
Cluster6953,Rhinolophus sinicus
Cluster6954,Rhinolophus sinicus
Cluster6958,Rhinolophus sinicus
Cluster6963,Rhinolophus sinicus
Cluster6966,Rhinolophus sinicus
Cluster6972,Rhinolophus sinicus
Cluster6980,Rhinolophus sinicus
Cluster6982,Rhinolophus sinicus
Cluster6983,Rhinolophus sinicus
Cluster6985,Rhinolophus sinicus
Cluster6986,Rhinolophus sinicus
Cluster6988,Rhinolophus sinicus
Cluster6991,Rhinolophus sinicus
Cluster6992,Rhinolophus sinicus
Cluster6993,Rhinolophus sinicus
Cluster6994,Rhinolophus sinicus
Cluster7005,Rhinolophus sinicus
Cluster7012,Rhinolophus sinicus
Cluster7014,Rhinolophus sinicus
Cluster7016,Rhinolophus sinicus
Cluster7017,Rhinolophus sinicus
Cluster7022,Rhinolophus sinicus
Cluster7029,Rhinolophus sinicus
Cluster7035,Rhinolophus sinicus
Cluster7040,Rhinolophus sinicus
Cluster7042,Rhinolophus sinicus
Cluster7043,Rhinolophus sinicus
Cluster7048,Rhinolophus sinicus
Cluster7050,Rhinolophus sinicus
Cluster7052,Rhinolophus sinicus
Cluster7054,Rhinolophus sinicus
Cluster7058,Rhinolophus sinicus
Cluster7060,Rhinolophus sinicus
Cluster7066,Rhinolophus sinicus
Cluster7067,Rhinolophus sinicus
Cluster7070,Rhinolophus sinicus
Cluster7072,Rhinolophus sinicus
Cluster7075,Rhinolophus sinicus
Cluster7076,Rhinolophus sinicus
Cluster7082,Rhinolophus sinicus
Cluster7093,Rhinolophus sinicus
Cluster7100,Rhinolophus sinicus
Cluster7101,Rhinolophus sinicus
Cluster7103,Rhinolophus sinicus
Cluster7105,Rhinolophus sinicus
Cluster7108,Rhinolophus sinicus
Cluster7112,Rhinolophus sinicus
Cluster7117,Rhinolophus sinicus
Cluster7118,Rhinolophus sinicus
Cluster7120,Rhinolophus sinicus
Cluster7121,Rhinolophus sinicus
Cluster7122,Rhinolophus sinicus
Cluster7130,Rhinolophus sinicus
Cluster7132,Rhinolophus sinicus
Cluster7133,Rhinolophus sinicus
Cluster7135,Rhinolophus sinicus
Cluster7136,Rhinolophus sinicus
Cluster7137,Rhinolophus sinicus
Cluster7140,Rhinolophus sinicus
Cluster7141,Rhinolophus sinicus
Cluster7143,Rhinolophus sinicus
Cluster7145,Rhinolophus sinicus
Cluster7148,Rhinolophus sinicus
Cluster7154,Rhinolophus sinicus
Cluster7155,Rhinolophus sinicus
Cluster7159,Rhinolophus sinicus
Cluster7163,Rhinolophus sinicus
Cluster7164,Rhinolophus sinicus
Cluster7168,Rhinolophus sinicus
Cluster7169,Rhinolophus sinicus
Cluster7174,Rhinolophus sinicus
Cluster7175,Rhinolophus sinicus
Cluster7176,Rhinolophus sinicus
Cluster7181,Rhinolophus sinicus
Cluster7188,Rhinolophus sinicus
Cluster7191,Rhinolophus sinicus
Cluster7198,Rhinolophus sinicus
Cluster7201,Rhinolophus sinicus
Cluster7204,Rhinolophus sinicus
Cluster7207,Rhinolophus sinicus
Cluster7211,Rhinolophus sinicus
Cluster7217,Rhinolophus sinicus
Cluster7220,Rhinolophus sinicus
Cluster7221,Rhinolophus sinicus
Cluster7222,Rhinolophus sinicus
Cluster7223,Rhinolophus sinicus
Cluster7225,Rhinolophus sinicus
Cluster7226,Rhinolophus sinicus
Cluster7230,Rhinolophus sinicus
Cluster7236,Rhinolophus sinicus
Cluster7238,Rhinolophus sinicus
Cluster7239,Rhinolophus sinicus
Cluster7240,Rhinolophus sinicus
Cluster7242,Rhinolophus sinicus
Cluster7246,Rhinolophus sinicus
Cluster7249,Rhinolophus sinicus
Cluster7250,Rhinolophus sinicus
Cluster7259,Rhinolophus sinicus
Cluster7261,Rhinolophus sinicus
Cluster7266,Rhinolophus sinicus
Cluster7268,Rhinolophus sinicus
Cluster7269,Rhinolophus sinicus
Cluster7276,Rhinolophus sinicus
Cluster7279,Rhinolophus sinicus
Cluster7281,Rhinolophus sinicus
Cluster7282,Rhinolophus sinicus
Cluster7284,Rhinolophus sinicus
Cluster7292,Rhinolophus sinicus
Cluster7303,Rhinolophus sinicus
Cluster7306,Rhinolophus sinicus
Cluster7307,Rhinolophus sinicus
Cluster7308,Rhinolophus sinicus
Cluster7310,Rhinolophus sinicus
Cluster7314,Rhinolophus sinicus
Cluster7318,Rhinolophus sinicus
Cluster7319,Rhinolophus sinicus
Cluster7323,Rhinolophus sinicus
Cluster7326,Rhinolophus sinicus
Cluster7328,Rhinolophus sinicus
Cluster7331,Rhinolophus sinicus
Cluster7332,Rhinolophus sinicus
Cluster7333,Rhinolophus sinicus
Cluster7336,Rhinolophus sinicus
Cluster7341,Rhinolophus sinicus
Cluster7351,Rhinolophus sinicus
Cluster7356,Rhinolophus sinicus
Cluster7357,Rhinolophus sinicus
Cluster7359,Rhinolophus sinicus
Cluster7362,Rhinolophus sinicus
Cluster7363,Rhinolophus sinicus
Cluster7368,Rhinolophus sinicus
Cluster7369,Rhinolophus sinicus
Cluster7371,Rhinolophus sinicus
Cluster7372,Rhinolophus sinicus
Cluster7375,Rhinolophus sinicus
Cluster7378,Rhinolophus sinicus
Cluster7379,Rhinolophus sinicus
Cluster7385,Rhinolophus sinicus
Cluster7387,Rhinolophus sinicus
Cluster7388,Rhinolophus sinicus
Cluster7389,Rhinolophus sinicus
Cluster7393,Rhinolophus sinicus
Cluster7395,Rhinolophus sinicus
Cluster7396,Rhinolophus sinicus
Cluster7397,Rhinolophus sinicus
Cluster7401,Rhinolophus sinicus
Cluster7404,Rhinolophus sinicus
Cluster7412,Rhinolophus sinicus
Cluster7414,Rhinolophus sinicus
Cluster7418,Rhinolophus sinicus
Cluster7421,Rhinolophus sinicus
Cluster7427,Rhinolophus sinicus
Cluster7429,Rhinolophus sinicus
Cluster7431,Rhinolophus sinicus
Cluster7435,Rhinolophus sinicus
Cluster7436,Rhinolophus sinicus
Cluster7437,Rhinolophus sinicus
Cluster7438,Rhinolophus sinicus
Cluster7443,Rhinolophus sinicus
Cluster7444,Rhinolophus sinicus
Cluster7446,Rhinolophus sinicus
Cluster7448,Rhinolophus sinicus
Cluster7449,Rhinolophus sinicus
Cluster7451,Rhinolophus sinicus
Cluster7453,Rhinolophus sinicus
Cluster7455,Rhinolophus sinicus
Cluster7456,Rhinolophus sinicus
Cluster7457,Rhinolophus sinicus
Cluster7460,Rhinolophus sinicus
Cluster7461,Rhinolophus sinicus
Cluster7463,Rhinolophus sinicus
Cluster7465,Rhinolophus sinicus
Cluster7467,Rhinolophus sinicus
Cluster7475,Rhinolophus sinicus
Cluster7476,Rhinolophus sinicus
Cluster7477,Rhinolophus sinicus
Cluster7478,Rhinolophus sinicus
Cluster7479,Rhinolophus sinicus
Cluster7481,Rhinolophus sinicus
Cluster7482,Rhinolophus sinicus
Cluster7483,Rhinolophus sinicus
Cluster7489,Rhinolophus sinicus
Cluster7495,Rhinolophus sinicus
Cluster7496,Rhinolophus sinicus
Cluster7501,Rhinolophus sinicus
Cluster7502,Rhinolophus sinicus
Cluster7507,Rhinolophus sinicus
Cluster7512,Rhinolophus sinicus
Cluster7515,Rhinolophus sinicus
Cluster7517,Rhinolophus sinicus
Cluster7522,Rhinolophus sinicus
Cluster7528,Rhinolophus sinicus
Cluster7529,Rhinolophus sinicus
Cluster7534,Rhinolophus sinicus
Cluster7537,Rhinolophus sinicus
Cluster7538,Rhinolophus sinicus
Cluster7539,Rhinolophus sinicus
Cluster7540,Rhinolophus sinicus
Cluster7542,Rhinolophus sinicus
Cluster7544,Rhinolophus sinicus
Cluster7547,Rhinolophus sinicus
Cluster7548,Rhinolophus sinicus
Cluster7554,Rhinolophus sinicus
Cluster7555,Rhinolophus sinicus
Cluster7556,Rhinolophus sinicus
Cluster7558,Rhinolophus sinicus
Cluster7559,Rhinolophus sinicus
Cluster7563,Rhinolophus sinicus
Cluster7564,Rhinolophus sinicus
Cluster7567,Rhinolophus sinicus
Cluster7572,Rhinolophus sinicus
Cluster7573,Rhinolophus sinicus
Cluster7575,Rhinolophus sinicus
Cluster7578,Rhinolophus sinicus
Cluster7582,Rhinolophus sinicus
Cluster7589,Rhinolophus sinicus
Cluster7597,Rhinolophus sinicus
Cluster7610,Rhinolophus sinicus
Cluster7615,Rhinolophus sinicus
Cluster7621,Rhinolophus sinicus
Cluster7626,Rhinolophus sinicus
Cluster7637,Rhinolophus sinicus
Cluster7639,Rhinolophus sinicus
Cluster7640,Rhinolophus sinicus
Cluster7643,Rhinolophus sinicus
Cluster7654,Rhinolophus sinicus
Cluster7661,Rhinolophus sinicus
Cluster7667,Rhinolophus sinicus
Cluster7671,Rhinolophus sinicus
Cluster7672,Rhinolophus sinicus
Cluster7677,Rhinolophus sinicus
Cluster7682,Rhinolophus sinicus
Cluster7683,Rhinolophus sinicus
Cluster7684,Rhinolophus sinicus
Cluster7687,Rhinolophus sinicus
Cluster7689,Rhinolophus sinicus
Cluster7693,Rhinolophus sinicus
Cluster7695,Rhinolophus sinicus
Cluster7700,Rhinolophus sinicus
Cluster7701,Rhinolophus sinicus
Cluster7702,Rhinolophus sinicus
Cluster7713,Rhinolophus sinicus
Cluster7716,Rhinolophus sinicus
Cluster7717,Rhinolophus sinicus
Cluster7721,Rhinolophus sinicus
Cluster7723,Rhinolophus sinicus
Cluster7726,Rhinolophus sinicus
Cluster7728,Rhinolophus sinicus
Cluster7732,Rhinolophus sinicus
Cluster7733,Rhinolophus sinicus
Cluster7739,Rhinolophus sinicus
Cluster7740,Rhinolophus sinicus
Cluster7742,Rhinolophus sinicus
Cluster7749,Rhinolophus sinicus
Cluster7751,Rhinolophus sinicus
Cluster7763,Rhinolophus sinicus
Cluster7764,Rhinolophus sinicus
Cluster7766,Rhinolophus sinicus
Cluster7768,Rhinolophus sinicus
Cluster7770,Rhinolophus sinicus
Cluster7771,Rhinolophus sinicus
Cluster7776,Rhinolophus sinicus
Cluster7780,Rhinolophus sinicus
Cluster7786,Rhinolophus sinicus
Cluster7788,Rhinolophus sinicus
Cluster7789,Rhinolophus sinicus
Cluster7801,Rhinolophus sinicus
Cluster7802,Rhinolophus sinicus
Cluster7804,Rhinolophus sinicus
Cluster7809,Rhinolophus sinicus
Cluster7812,Rhinolophus sinicus
Cluster7826,Rhinolophus sinicus
Cluster7829,Rhinolophus sinicus
Cluster7833,Rhinolophus sinicus
Cluster7838,Rhinolophus sinicus
Cluster7839,Rhinolophus sinicus
Cluster7843,Rhinolophus sinicus
Cluster7852,Rhinolophus sinicus
Cluster7862,Rhinolophus sinicus
Cluster7865,Rhinolophus sinicus
Cluster7867,Rhinolophus sinicus
Cluster7870,Rhinolophus sinicus
Cluster7871,Rhinolophus sinicus
Cluster7872,Rhinolophus sinicus
Cluster7873,Rhinolophus sinicus
Cluster7874,Rhinolophus sinicus
Cluster7875,Rhinolophus sinicus
Cluster7878,Rhinolophus sinicus
Cluster7879,Rhinolophus sinicus
Cluster7883,Rhinolophus sinicus
Cluster7885,Rhinolophus sinicus
Cluster7886,Rhinolophus sinicus
Cluster7888,Rhinolophus sinicus
Cluster7890,Rhinolophus sinicus
Cluster7891,Rhinolophus sinicus
Cluster7895,Rhinolophus sinicus
Cluster7896,Rhinolophus sinicus
Cluster7897,Rhinolophus sinicus
Cluster7900,Rhinolophus sinicus
Cluster7903,Rhinolophus sinicus
Cluster7906,Rhinolophus sinicus
Cluster7908,Rhinolophus sinicus
Cluster7911,Rhinolophus sinicus
Cluster7912,Rhinolophus sinicus
Cluster7913,Rhinolophus sinicus
Cluster7916,Rhinolophus sinicus
Cluster7917,Rhinolophus sinicus
Cluster7923,Rhinolophus sinicus
Cluster7925,Rhinolophus sinicus
Cluster7933,Rhinolophus sinicus
Cluster7935,Rhinolophus sinicus
Cluster7937,Rhinolophus sinicus
Cluster7939,Rhinolophus sinicus
Cluster7941,Rhinolophus sinicus
Cluster7943,Rhinolophus sinicus
Cluster7945,Rhinolophus sinicus
Cluster7948,Rhinolophus sinicus
Cluster7952,Rhinolophus sinicus
Cluster7956,Rhinolophus sinicus
Cluster7957,Rhinolophus sinicus
Cluster7958,Rhinolophus sinicus
Cluster7961,Rhinolophus sinicus
Cluster7963,Rhinolophus sinicus
Cluster7964,Rhinolophus sinicus
Cluster7966,Rhinolophus sinicus
Cluster7969,Rhinolophus sinicus
Cluster7970,Rhinolophus sinicus
Cluster7971,Rhinolophus sinicus
Cluster7977,Rhinolophus sinicus
Cluster7979,Rhinolophus sinicus
Cluster7980,Rhinolophus sinicus
Cluster7981,Rhinolophus sinicus
Cluster7989,Rhinolophus sinicus
Cluster7992,Rhinolophus sinicus
Cluster7994,Rhinolophus sinicus
Cluster7995,Rhinolophus sinicus
Cluster7996,Rhinolophus sinicus
Cluster7997,Rhinolophus sinicus
Cluster8004,Rhinolophus sinicus
Cluster8008,Rhinolophus sinicus
Cluster8010,Rhinolophus sinicus
Cluster8013,Rhinolophus sinicus
Cluster8014,Rhinolophus sinicus
Cluster8020,Rhinolophus sinicus
Cluster8022,Rhinolophus sinicus
Cluster8024,Rhinolophus sinicus
Cluster8028,Rhinolophus sinicus
Cluster8029,Rhinolophus sinicus
Cluster8034,Rhinolophus sinicus
Cluster8036,Rhinolophus sinicus
Cluster8041,Rhinolophus sinicus
Cluster8043,Rhinolophus sinicus
Cluster8046,Rhinolophus sinicus
Cluster8052,Rhinolophus sinicus
Cluster8053,Rhinolophus sinicus
Cluster8055,Rhinolophus sinicus
Cluster8058,Rhinolophus sinicus
Cluster8060,Rhinolophus sinicus
Cluster8061,Rhinolophus sinicus
Cluster8063,Rhinolophus sinicus
Cluster8064,Rhinolophus sinicus
Cluster8067,Rhinolophus sinicus
Cluster8074,Rhinolophus sinicus
Cluster8076,Rhinolophus sinicus
Cluster8079,Rhinolophus sinicus
Cluster8085,Rhinolophus sinicus
Cluster8101,Rhinolophus sinicus
Cluster8107,Rhinolophus sinicus
Cluster8114,Rhinolophus sinicus
Cluster8115,Rhinolophus sinicus
Cluster8116,Rhinolophus sinicus
Cluster8121,Rhinolophus sinicus
Cluster8133,Rhinolophus sinicus
Cluster8135,Rhinolophus sinicus
Cluster8139,Rhinolophus sinicus
Cluster8147,Rhinolophus sinicus
Cluster8153,Rhinolophus sinicus
Cluster8156,Rhinolophus sinicus
Cluster8159,Rhinolophus sinicus
Cluster8160,Rhinolophus sinicus
Cluster8162,Rhinolophus sinicus
Cluster8170,Rhinolophus sinicus
Cluster8173,Rhinolophus sinicus
Cluster8180,Rhinolophus sinicus
Cluster8183,Rhinolophus sinicus
Cluster8184,Rhinolophus sinicus
Cluster8187,Rhinolophus sinicus
Cluster8202,Rhinolophus sinicus
Cluster8206,Rhinolophus sinicus
Cluster8207,Rhinolophus sinicus
Cluster8209,Rhinolophus sinicus
Cluster8211,Rhinolophus sinicus
Cluster8213,Rhinolophus sinicus
Cluster8234,Rhinolophus sinicus
Cluster8238,Rhinolophus sinicus
Cluster8239,Rhinolophus sinicus
Cluster8241,Rhinolophus sinicus
Cluster8242,Rhinolophus sinicus
Cluster8243,Rhinolophus sinicus
Cluster8245,Rhinolophus sinicus
Cluster8249,Rhinolophus sinicus
Cluster8252,Rhinolophus sinicus
Cluster8255,Rhinolophus sinicus
Cluster8256,Rhinolophus sinicus
Cluster8257,Rhinolophus sinicus
Cluster8261,Rhinolophus sinicus
Cluster8265,Rhinolophus sinicus
Cluster8272,Rhinolophus sinicus
Cluster8276,Rhinolophus sinicus
Cluster8278,Rhinolophus sinicus
Cluster8283,Rhinolophus sinicus
Cluster8286,Rhinolophus sinicus
Cluster8288,Rhinolophus sinicus
Cluster8293,Rhinolophus sinicus
Cluster8299,Rhinolophus sinicus
Cluster8309,Rhinolophus sinicus
Cluster8319,Rhinolophus sinicus
Cluster8320,Rhinolophus sinicus
Cluster8321,Rhinolophus sinicus
Cluster8323,Rhinolophus sinicus
Cluster8324,Rhinolophus sinicus
Cluster8330,Rhinolophus sinicus
Cluster8331,Rhinolophus sinicus
Cluster8339,Rhinolophus sinicus
Cluster8341,Rhinolophus sinicus
Cluster8349,Rhinolophus sinicus
Cluster8352,Rhinolophus sinicus
Cluster8355,Rhinolophus sinicus
Cluster8364,Rhinolophus sinicus
Cluster8366,Rhinolophus sinicus
Cluster8368,Rhinolophus sinicus
Cluster8370,Rhinolophus sinicus
Cluster8375,Rhinolophus sinicus
Cluster8379,Rhinolophus sinicus
Cluster8380,Rhinolophus sinicus
Cluster8381,Rhinolophus sinicus
Cluster8387,Rhinolophus sinicus
Cluster8394,Rhinolophus sinicus
Cluster8398,Rhinolophus sinicus
Cluster8409,Rhinolophus sinicus
Cluster8413,Rhinolophus sinicus
Cluster8415,Rhinolophus sinicus
Cluster8418,Rhinolophus sinicus
Cluster8420,Rhinolophus sinicus
Cluster8428,Rhinolophus sinicus
Cluster8437,Rhinolophus sinicus
Cluster8439,Rhinolophus sinicus
Cluster8444,Rhinolophus sinicus
Cluster8445,Rhinolophus sinicus
Cluster8446,Rhinolophus sinicus
Cluster8447,Rhinolophus sinicus
Cluster8451,Rhinolophus sinicus
Cluster8456,Rhinolophus sinicus
Cluster8457,Rhinolophus sinicus
Cluster8474,Rhinolophus sinicus
Cluster8483,Rhinolophus sinicus
Cluster8484,Rhinolophus sinicus
Cluster8487,Rhinolophus sinicus
Cluster8491,Rhinolophus sinicus
Cluster8497,Rhinolophus sinicus
Cluster8498,Rhinolophus sinicus
Cluster8500,Rhinolophus sinicus
Cluster8503,Rhinolophus sinicus
Cluster8506,Rhinolophus sinicus
Cluster8507,Rhinolophus sinicus
Cluster8510,Rhinolophus sinicus
Cluster8511,Rhinolophus sinicus
Cluster8520,Rhinolophus sinicus
Cluster8521,Rhinolophus sinicus
Cluster8523,Rhinolophus sinicus
Cluster8524,Rhinolophus sinicus
Cluster8530,Rhinolophus sinicus
Cluster8532,Rhinolophus sinicus
Cluster8537,Rhinolophus sinicus
Cluster8539,Rhinolophus sinicus
Cluster8540,Rhinolophus sinicus
Cluster8542,Rhinolophus sinicus
Cluster8548,Rhinolophus sinicus
Cluster8550,Rhinolophus sinicus
Cluster8552,Rhinolophus sinicus
Cluster8560,Rhinolophus sinicus
Cluster8572,Rhinolophus sinicus
Cluster8573,Rhinolophus sinicus
Cluster8574,Rhinolophus sinicus
Cluster8581,Rhinolophus sinicus
Cluster8582,Rhinolophus sinicus
Cluster8583,Rhinolophus sinicus
Cluster8592,Rhinolophus sinicus
Cluster8596,Rhinolophus sinicus
Cluster8598,Rhinolophus sinicus
Cluster8603,Rhinolophus sinicus
Cluster8609,Rhinolophus sinicus
Cluster8616,Rhinolophus sinicus
Cluster8622,Rhinolophus sinicus
Cluster8623,Rhinolophus sinicus
Cluster8625,Rhinolophus sinicus
Cluster8626,Rhinolophus sinicus
Cluster8629,Rhinolophus sinicus
Cluster8630,Rhinolophus sinicus
Cluster8645,Rhinolophus sinicus
Cluster8650,Rhinolophus sinicus
Cluster8655,Rhinolophus sinicus
Cluster8658,Rhinolophus sinicus
Cluster8661,Rhinolophus sinicus
Cluster8665,Rhinolophus sinicus
Cluster8666,Rhinolophus sinicus
Cluster8673,Rhinolophus sinicus
Cluster8678,Rhinolophus sinicus
Cluster8684,Rhinolophus sinicus
Cluster8688,Rhinolophus sinicus
Cluster8692,Rhinolophus sinicus
Cluster8694,Rhinolophus sinicus
Cluster8695,Rhinolophus sinicus
Cluster8697,Rhinolophus sinicus
Cluster8700,Rhinolophus sinicus
Cluster8703,Rhinolophus sinicus
Cluster8705,Rhinolophus sinicus
Cluster8707,Rhinolophus sinicus
Cluster8709,Rhinolophus sinicus
Cluster8712,Rhinolophus sinicus
Cluster8716,Rhinolophus sinicus
Cluster8718,Rhinolophus sinicus
Cluster8727,Rhinolophus sinicus
Cluster8729,Rhinolophus sinicus
Cluster8730,Rhinolophus sinicus
Cluster8746,Rhinolophus sinicus
Cluster8747,Rhinolophus sinicus
Cluster8756,Rhinolophus sinicus
Cluster8764,Rhinolophus sinicus
Cluster8765,Rhinolophus sinicus
Cluster8768,Rhinolophus sinicus
Cluster8771,Rhinolophus sinicus
Cluster8772,Rhinolophus sinicus
Cluster8773,Rhinolophus sinicus
Cluster8774,Rhinolophus sinicus
Cluster8775,Rhinolophus sinicus
Cluster8776,Rhinolophus sinicus
Cluster8787,Rhinolophus sinicus
Cluster8788,Rhinolophus sinicus
Cluster8796,Rhinolophus sinicus
Cluster8798,Rhinolophus sinicus
Cluster8802,Rhinolophus sinicus
Cluster8804,Rhinolophus sinicus
Cluster8807,Rhinolophus sinicus
Cluster8810,Rhinolophus sinicus
Cluster8811,Rhinolophus sinicus
Cluster8815,Rhinolophus sinicus
Cluster8819,Rhinolophus sinicus
Cluster8824,Rhinolophus sinicus
Cluster8832,Rhinolophus sinicus
Cluster8833,Rhinolophus sinicus
Cluster8837,Rhinolophus sinicus
Cluster8839,Rhinolophus sinicus
Cluster8841,Rhinolophus sinicus
Cluster8848,Rhinolophus sinicus
Cluster8850,Rhinolophus sinicus
Cluster8857,Rhinolophus sinicus
Cluster8858,Rhinolophus sinicus
Cluster8859,Rhinolophus sinicus
Cluster8865,Rhinolophus sinicus
Cluster8867,Rhinolophus sinicus
Cluster8868,Rhinolophus sinicus
Cluster8869,Rhinolophus sinicus
Cluster8881,Rhinolophus sinicus
Cluster8882,Rhinolophus sinicus
Cluster8885,Rhinolophus sinicus
Cluster8887,Rhinolophus sinicus
Cluster8890,Rhinolophus sinicus
Cluster8895,Rhinolophus sinicus
Cluster8899,Rhinolophus sinicus
Cluster8906,Rhinolophus sinicus
Cluster8907,Rhinolophus sinicus
Cluster8910,Rhinolophus sinicus
Cluster8913,Rhinolophus sinicus
Cluster8917,Rhinolophus sinicus
Cluster8924,Rhinolophus sinicus
Cluster8930,Rhinolophus sinicus
Cluster8934,Rhinolophus sinicus
Cluster8935,Rhinolophus sinicus
Cluster8938,Rhinolophus sinicus
Cluster8940,Rhinolophus sinicus
Cluster8943,Rhinolophus sinicus
Cluster8952,Rhinolophus sinicus
Cluster8955,Rhinolophus sinicus
Cluster8958,Rhinolophus sinicus
Cluster8960,Rhinolophus sinicus
Cluster8964,Rhinolophus sinicus
Cluster8965,Rhinolophus sinicus
Cluster8979,Rhinolophus sinicus
Cluster8983,Rhinolophus sinicus
Cluster8990,Rhinolophus sinicus
Cluster8991,Rhinolophus sinicus
Cluster8995,Rhinolophus sinicus
Cluster8998,Rhinolophus sinicus
Cluster9007,Rhinolophus sinicus
Cluster9008,Rhinolophus sinicus
Cluster9009,Rhinolophus sinicus
Cluster9011,Rhinolophus sinicus
Cluster9017,Rhinolophus sinicus
Cluster9021,Rhinolophus sinicus
Cluster9022,Rhinolophus sinicus
Cluster9025,Rhinolophus sinicus
Cluster9029,Rhinolophus sinicus
Cluster9030,Rhinolophus sinicus
Cluster9039,Rhinolophus sinicus
Cluster9043,Rhinolophus sinicus
Cluster9059,Rhinolophus sinicus
Cluster9060,Rhinolophus sinicus
Cluster9061,Rhinolophus sinicus
Cluster9063,Rhinolophus sinicus
Cluster9065,Rhinolophus sinicus
Cluster9066,Rhinolophus sinicus
Cluster9074,Rhinolophus sinicus
Cluster9078,Rhinolophus sinicus
Cluster9081,Rhinolophus sinicus
Cluster9082,Rhinolophus sinicus
Cluster9086,Rhinolophus sinicus
Cluster9090,Rhinolophus sinicus
Cluster9093,Rhinolophus sinicus
Cluster9095,Rhinolophus sinicus
Cluster9096,Rhinolophus sinicus
Cluster9097,Rhinolophus sinicus
Cluster9100,Rhinolophus sinicus
Cluster9107,Rhinolophus sinicus
Cluster9108,Rhinolophus sinicus
Cluster9112,Rhinolophus sinicus
Cluster9113,Rhinolophus sinicus
Cluster9115,Rhinolophus sinicus
Cluster9120,Rhinolophus sinicus
Cluster9123,Rhinolophus sinicus
Cluster9127,Rhinolophus sinicus
Cluster9133,Rhinolophus sinicus
Cluster9134,Rhinolophus sinicus
Cluster9139,Rhinolophus sinicus
Cluster9144,Rhinolophus sinicus
Cluster9147,Rhinolophus sinicus
Cluster9150,Rhinolophus sinicus
Cluster9153,Rhinolophus sinicus
Cluster9157,Rhinolophus sinicus
Cluster9158,Rhinolophus sinicus
Cluster9164,Rhinolophus sinicus
Cluster9166,Rhinolophus sinicus
Cluster9175,Rhinolophus sinicus
Cluster9177,Rhinolophus sinicus
Cluster9178,Rhinolophus sinicus
Cluster9179,Rhinolophus sinicus
Cluster9187,Rhinolophus sinicus
Cluster9195,Rhinolophus sinicus
Cluster9200,Rhinolophus sinicus
Cluster9205,Rhinolophus sinicus
Cluster9207,Rhinolophus sinicus
Cluster9210,Rhinolophus sinicus
Cluster9216,Rhinolophus sinicus
Cluster9219,Rhinolophus sinicus
Cluster9220,Rhinolophus sinicus
Cluster9224,Rhinolophus sinicus
Cluster9229,Rhinolophus sinicus
Cluster9230,Rhinolophus sinicus
Cluster9231,Rhinolophus sinicus
Cluster9237,Rhinolophus sinicus
Cluster9239,Rhinolophus sinicus
Cluster9242,Rhinolophus sinicus
Cluster9247,Rhinolophus sinicus
Cluster9250,Rhinolophus sinicus
Cluster9251,Rhinolophus sinicus
Cluster9253,Rhinolophus sinicus
Cluster9257,Rhinolophus sinicus
Cluster9259,Rhinolophus sinicus
Cluster9265,Rhinolophus sinicus
Cluster9267,Rhinolophus sinicus
Cluster9274,Rhinolophus sinicus
Cluster9278,Rhinolophus sinicus
Cluster9279,Rhinolophus sinicus
Cluster9281,Rhinolophus sinicus
Cluster9288,Rhinolophus sinicus
Cluster9294,Rhinolophus sinicus
Cluster9302,Rhinolophus sinicus
Cluster9303,Rhinolophus sinicus
Cluster9306,Rhinolophus sinicus
Cluster9317,Rhinolophus sinicus
Cluster9324,Rhinolophus sinicus
Cluster9327,Rhinolophus sinicus
Cluster9330,Rhinolophus sinicus
Cluster9333,Rhinolophus sinicus
Cluster9343,Rhinolophus sinicus
Cluster9347,Rhinolophus sinicus
Cluster9351,Rhinolophus sinicus
Cluster9352,Rhinolophus sinicus
Cluster9355,Rhinolophus sinicus
Cluster9357,Rhinolophus sinicus
Cluster9366,Rhinolophus sinicus
Cluster9367,Rhinolophus sinicus
Cluster9370,Rhinolophus sinicus
Cluster9373,Rhinolophus sinicus
Cluster9377,Rhinolophus sinicus
Cluster9381,Rhinolophus sinicus
Cluster9382,Rhinolophus sinicus
Cluster9386,Rhinolophus sinicus
Cluster9388,Rhinolophus sinicus
Cluster9389,Rhinolophus sinicus
Cluster9391,Rhinolophus sinicus
Cluster9392,Rhinolophus sinicus
Cluster9398,Rhinolophus sinicus
Cluster9402,Rhinolophus sinicus
Cluster9404,Rhinolophus sinicus
Cluster9405,Rhinolophus sinicus
Cluster9408,Rhinolophus sinicus
Cluster9414,Rhinolophus sinicus
Cluster9421,Rhinolophus sinicus
Cluster9422,Rhinolophus sinicus
Cluster9426,Rhinolophus sinicus
Cluster9428,Rhinolophus sinicus
Cluster9434,Rhinolophus sinicus
Cluster9436,Rhinolophus sinicus
Cluster9438,Rhinolophus sinicus
Cluster9439,Rhinolophus sinicus
Cluster9442,Rhinolophus sinicus
Cluster9445,Rhinolophus sinicus
Cluster9447,Rhinolophus sinicus
Cluster9449,Rhinolophus sinicus
Cluster9450,Rhinolophus sinicus
Cluster9456,Rhinolophus sinicus
Cluster9457,Rhinolophus sinicus
Cluster9458,Rhinolophus sinicus
Cluster9461,Rhinolophus sinicus
Cluster9462,Rhinolophus sinicus
Cluster9464,Rhinolophus sinicus
Cluster9466,Rhinolophus sinicus
Cluster9469,Rhinolophus sinicus
Cluster9471,Rhinolophus sinicus
Cluster9473,Rhinolophus sinicus
Cluster9477,Rhinolophus sinicus
Cluster9480,Rhinolophus sinicus
Cluster9481,Rhinolophus sinicus
Cluster9485,Rhinolophus sinicus
Cluster9496,Rhinolophus sinicus
Cluster9499,Rhinolophus sinicus
Cluster9501,Rhinolophus sinicus
Cluster9503,Rhinolophus sinicus
Cluster9504,Rhinolophus sinicus
Cluster9505,Rhinolophus sinicus
Cluster9506,Rhinolophus sinicus
Cluster9510,Rhinolophus sinicus
Cluster9516,Rhinolophus sinicus
Cluster9520,Rhinolophus sinicus
Cluster9521,Rhinolophus sinicus
Cluster9528,Rhinolophus sinicus
Cluster9533,Rhinolophus sinicus
Cluster9536,Rhinolophus sinicus
Cluster9549,Rhinolophus sinicus
Cluster9551,Rhinolophus sinicus
Cluster9555,Rhinolophus sinicus
Cluster9559,Rhinolophus sinicus
Cluster9561,Rhinolophus sinicus
Cluster9563,Rhinolophus sinicus
Cluster9564,Rhinolophus sinicus
Cluster9565,Rhinolophus sinicus
Cluster9568,Rhinolophus sinicus
Cluster9571,Rhinolophus sinicus
Cluster9574,Rhinolophus sinicus
Cluster9583,Rhinolophus sinicus
Cluster9584,Rhinolophus sinicus
Cluster9587,Rhinolophus sinicus
Cluster9590,Rhinolophus sinicus
Cluster9595,Rhinolophus sinicus
Cluster9598,Rhinolophus sinicus
Cluster9604,Rhinolophus sinicus
Cluster9608,Rhinolophus sinicus
Cluster9609,Rhinolophus sinicus
Cluster9620,Rhinolophus sinicus
Cluster9622,Rhinolophus sinicus
Cluster9629,Rhinolophus sinicus
Cluster9632,Rhinolophus sinicus
Cluster9638,Rhinolophus sinicus
Cluster9640,Rhinolophus sinicus
Cluster9642,Rhinolophus sinicus
Cluster9645,Rhinolophus sinicus
Cluster9649,Rhinolophus sinicus
Cluster9651,Rhinolophus sinicus
Cluster9655,Rhinolophus sinicus
Cluster9657,Rhinolophus sinicus
Cluster9658,Rhinolophus sinicus
Cluster9670,Rhinolophus sinicus
Cluster9683,Rhinolophus sinicus
Cluster9686,Rhinolophus sinicus
Cluster9687,Rhinolophus sinicus
Cluster9688,Rhinolophus sinicus
Cluster9690,Rhinolophus sinicus
Cluster9693,Rhinolophus sinicus
Cluster9695,Rhinolophus sinicus
Cluster9698,Rhinolophus sinicus
Cluster9705,Rhinolophus sinicus
Cluster9709,Rhinolophus sinicus
Cluster9716,Rhinolophus sinicus
Cluster9719,Rhinolophus sinicus
Cluster9723,Rhinolophus sinicus
Cluster9726,Rhinolophus sinicus
Cluster9729,Rhinolophus sinicus
Cluster9731,Rhinolophus sinicus
Cluster9732,Rhinolophus sinicus
Cluster9735,Rhinolophus sinicus
Cluster9738,Rhinolophus sinicus
Cluster9739,Rhinolophus sinicus
Cluster9743,Rhinolophus sinicus
Cluster9747,Rhinolophus sinicus
Cluster9748,Rhinolophus sinicus
Cluster9749,Rhinolophus sinicus
Cluster9751,Rhinolophus sinicus
Cluster9753,Rhinolophus sinicus
Cluster9756,Rhinolophus sinicus
Cluster9759,Rhinolophus sinicus
Cluster9761,Rhinolophus sinicus
Cluster9762,Rhinolophus sinicus
Cluster9765,Rhinolophus sinicus
Cluster9766,Rhinolophus sinicus
Cluster9777,Rhinolophus sinicus
Cluster9780,Rhinolophus sinicus
Cluster9795,Rhinolophus sinicus
Cluster9798,Rhinolophus sinicus
Cluster9799,Rhinolophus sinicus
Cluster9800,Rhinolophus sinicus
Cluster9806,Rhinolophus sinicus
Cluster9812,Rhinolophus sinicus
Cluster9817,Rhinolophus sinicus
Cluster9825,Rhinolophus sinicus
Cluster9826,Rhinolophus sinicus
Cluster9828,Rhinolophus sinicus
Cluster9831,Rhinolophus sinicus
Cluster9832,Rhinolophus sinicus
Cluster9835,Rhinolophus sinicus
Cluster9840,Rhinolophus sinicus
Cluster9846,Rhinolophus sinicus
Cluster9848,Rhinolophus sinicus
Cluster9850,Rhinolophus sinicus
Cluster9854,Rhinolophus sinicus
Cluster9856,Rhinolophus sinicus
Cluster9858,Rhinolophus sinicus
Cluster9859,Rhinolophus sinicus
Cluster9860,Rhinolophus sinicus
Cluster9863,Rhinolophus sinicus
Cluster9868,Rhinolophus sinicus
Cluster9870,Rhinolophus sinicus
Cluster9876,Rhinolophus sinicus
Cluster9882,Rhinolophus sinicus
Cluster9883,Rhinolophus sinicus
Cluster9885,Rhinolophus sinicus
Cluster9887,Rhinolophus sinicus
Cluster9894,Rhinolophus sinicus
Cluster9896,Rhinolophus sinicus
Cluster9901,Rhinolophus sinicus
Cluster9905,Rhinolophus sinicus
Cluster9914,Rhinolophus sinicus
Cluster9916,Rhinolophus sinicus
Cluster9918,Rhinolophus sinicus
Cluster9919,Rhinolophus sinicus
Cluster9923,Rhinolophus sinicus
Cluster9924,Rhinolophus sinicus
Cluster9925,Rhinolophus sinicus
Cluster9930,Rhinolophus sinicus
Cluster9932,Rhinolophus sinicus
Cluster9935,Rhinolophus sinicus
Cluster9936,Rhinolophus sinicus
Cluster9940,Rhinolophus sinicus
Cluster9954,Rhinolophus sinicus
Cluster9956,Rhinolophus sinicus
Cluster9963,Rhinolophus sinicus
Cluster9964,Rhinolophus sinicus
Cluster9970,Rhinolophus sinicus
Cluster9976,Rhinolophus sinicus
Cluster9979,Rhinolophus sinicus
Cluster9980,Rhinolophus sinicus
Cluster9981,Rhinolophus sinicus
Cluster9986,Rhinolophus sinicus
Cluster9987,Rhinolophus sinicus
Cluster9988,Rhinolophus sinicus
Cluster9990,Rhinolophus sinicus
Cluster9993,Rhinolophus sinicus
Cluster9994,Rhinolophus sinicus
Cluster9995,Rhinolophus sinicus
Cluster9996,Rhinolophus sinicus
Cluster9998,Rhinolophus sinicus
Cluster10008,Rhinolophus sinicus
Cluster10009,Rhinolophus sinicus
Cluster10014,Rhinolophus sinicus
Cluster10026,Rhinolophus sinicus
Cluster10028,Rhinolophus sinicus
Cluster10032,Rhinolophus sinicus
Cluster10034,Rhinolophus sinicus
Cluster10039,Rhinolophus sinicus
Cluster10041,Rhinolophus sinicus
Cluster10043,Rhinolophus sinicus
Cluster10044,Rhinolophus sinicus
Cluster10046,Rhinolophus sinicus
Cluster10047,Rhinolophus sinicus
Cluster10053,Rhinolophus sinicus
Cluster10055,Rhinolophus sinicus
Cluster10057,Rhinolophus sinicus
Cluster10059,Rhinolophus sinicus
Cluster10061,Rhinolophus sinicus
Cluster10062,Rhinolophus sinicus
Cluster10067,Rhinolophus sinicus
Cluster10069,Rhinolophus sinicus
Cluster10071,Rhinolophus sinicus
Cluster10074,Rhinolophus sinicus
Cluster10078,Rhinolophus sinicus
Cluster10080,Rhinolophus sinicus
Cluster10083,Rhinolophus sinicus
Cluster10086,Rhinolophus sinicus
Cluster10088,Rhinolophus sinicus
Cluster10091,Rhinolophus sinicus
Cluster10092,Rhinolophus sinicus
Cluster10094,Rhinolophus sinicus
Cluster10100,Rhinolophus sinicus
Cluster10101,Rhinolophus sinicus
Cluster10104,Rhinolophus sinicus
Cluster10107,Rhinolophus sinicus
Cluster10112,Rhinolophus sinicus
Cluster10114,Rhinolophus sinicus
Cluster10116,Rhinolophus sinicus
Cluster10119,Rhinolophus sinicus
Cluster10120,Rhinolophus sinicus
Cluster10129,Rhinolophus sinicus
Cluster10130,Rhinolophus sinicus
Cluster10134,Rhinolophus sinicus
Cluster10144,Rhinolophus sinicus
Cluster10152,Rhinolophus sinicus
Cluster10153,Rhinolophus sinicus
Cluster10160,Rhinolophus sinicus
Cluster10162,Rhinolophus sinicus
Cluster10164,Rhinolophus sinicus
Cluster10168,Rhinolophus sinicus
Cluster10170,Rhinolophus sinicus
Cluster10172,Rhinolophus sinicus
Cluster10173,Rhinolophus sinicus
Cluster10175,Rhinolophus sinicus
Cluster10176,Rhinolophus sinicus
Cluster10177,Rhinolophus sinicus
Cluster10182,Rhinolophus sinicus
Cluster10183,Rhinolophus sinicus
Cluster10185,Rhinolophus sinicus
Cluster10188,Rhinolophus sinicus
Cluster10192,Rhinolophus sinicus
Cluster10195,Rhinolophus sinicus
Cluster10197,Rhinolophus sinicus
Cluster10198,Rhinolophus sinicus
Cluster10202,Rhinolophus sinicus
Cluster10205,Rhinolophus sinicus
Cluster10207,Rhinolophus sinicus
Cluster10210,Rhinolophus sinicus
Cluster10213,Rhinolophus sinicus
Cluster10214,Rhinolophus sinicus
Cluster10215,Rhinolophus sinicus
Cluster10222,Rhinolophus sinicus
Cluster10227,Rhinolophus sinicus
Cluster10228,Rhinolophus sinicus
Cluster10232,Rhinolophus sinicus
Cluster10249,Rhinolophus sinicus
Cluster10252,Rhinolophus sinicus
Cluster10254,Rhinolophus sinicus
Cluster10259,Rhinolophus sinicus
Cluster10260,Rhinolophus sinicus
Cluster10264,Rhinolophus sinicus
Cluster10275,Rhinolophus sinicus
Cluster10280,Rhinolophus sinicus
Cluster10284,Rhinolophus sinicus
Cluster10286,Rhinolophus sinicus
Cluster10287,Rhinolophus sinicus
Cluster10289,Rhinolophus sinicus
Cluster10291,Rhinolophus sinicus
Cluster10293,Rhinolophus sinicus
Cluster10297,Rhinolophus sinicus
Cluster10304,Rhinolophus sinicus
Cluster10305,Rhinolophus sinicus
Cluster10313,Rhinolophus sinicus
Cluster10317,Rhinolophus sinicus
Cluster10322,Rhinolophus sinicus
Cluster10323,Rhinolophus sinicus
Cluster10337,Rhinolophus sinicus
Cluster10338,Rhinolophus sinicus
Cluster10340,Rhinolophus sinicus
Cluster10343,Rhinolophus sinicus
Cluster10346,Rhinolophus sinicus
Cluster10347,Rhinolophus sinicus
Cluster10351,Rhinolophus sinicus
Cluster10353,Rhinolophus sinicus
Cluster10354,Rhinolophus sinicus
Cluster10359,Rhinolophus sinicus
Cluster10361,Rhinolophus sinicus
Cluster10362,Rhinolophus sinicus
Cluster10363,Rhinolophus sinicus
Cluster10364,Rhinolophus sinicus
Cluster10366,Rhinolophus sinicus
Cluster10368,Rhinolophus sinicus
Cluster10371,Rhinolophus sinicus
Cluster10372,Rhinolophus sinicus
Cluster10373,Rhinolophus sinicus
Cluster10380,Rhinolophus sinicus
Cluster10394,Rhinolophus sinicus
Cluster10396,Rhinolophus sinicus
Cluster10397,Rhinolophus sinicus
Cluster10399,Rhinolophus sinicus
Cluster10400,Rhinolophus sinicus
Cluster10401,Rhinolophus sinicus
Cluster10403,Rhinolophus sinicus
Cluster10406,Rhinolophus sinicus
Cluster10407,Rhinolophus sinicus
Cluster10410,Rhinolophus sinicus
Cluster10413,Rhinolophus sinicus
Cluster10415,Rhinolophus sinicus
Cluster10427,Rhinolophus sinicus
Cluster10431,Rhinolophus sinicus
Cluster10433,Rhinolophus sinicus
Cluster10437,Rhinolophus sinicus
Cluster10439,Rhinolophus sinicus
Cluster10441,Rhinolophus sinicus
Cluster10447,Rhinolophus sinicus
Cluster10455,Rhinolophus sinicus
Cluster10456,Rhinolophus sinicus
Cluster10468,Rhinolophus sinicus
Cluster10469,Rhinolophus sinicus
Cluster10471,Rhinolophus sinicus
Cluster10474,Rhinolophus sinicus
Cluster10475,Rhinolophus sinicus
Cluster10483,Rhinolophus sinicus
Cluster10485,Rhinolophus sinicus
Cluster10493,Rhinolophus sinicus
Cluster10495,Rhinolophus sinicus
Cluster10500,Rhinolophus sinicus
Cluster10503,Rhinolophus sinicus
Cluster10504,Rhinolophus sinicus
Cluster10505,Rhinolophus sinicus
Cluster10506,Rhinolophus sinicus
Cluster10508,Rhinolophus sinicus
Cluster10509,Rhinolophus sinicus
Cluster10520,Rhinolophus sinicus
Cluster10523,Rhinolophus sinicus
Cluster10526,Rhinolophus sinicus
Cluster10527,Rhinolophus sinicus
Cluster10528,Rhinolophus sinicus
Cluster10530,Rhinolophus sinicus
Cluster10532,Rhinolophus sinicus
Cluster10535,Rhinolophus sinicus
Cluster10536,Rhinolophus sinicus
Cluster10540,Rhinolophus sinicus
Cluster10544,Rhinolophus sinicus
Cluster10551,Rhinolophus sinicus
Cluster10554,Rhinolophus sinicus
Cluster10557,Rhinolophus sinicus
Cluster10559,Rhinolophus sinicus
Cluster10560,Rhinolophus sinicus
Cluster10569,Rhinolophus sinicus
Cluster10570,Rhinolophus sinicus
Cluster10572,Rhinolophus sinicus
Cluster10573,Rhinolophus sinicus
Cluster10578,Rhinolophus sinicus
Cluster10586,Rhinolophus sinicus
Cluster10587,Rhinolophus sinicus
Cluster10588,Rhinolophus sinicus
Cluster10595,Rhinolophus sinicus
Cluster10598,Rhinolophus sinicus
Cluster10600,Rhinolophus sinicus
Cluster10602,Rhinolophus sinicus
Cluster10604,Rhinolophus sinicus
Cluster10607,Rhinolophus sinicus
Cluster10611,Rhinolophus sinicus
Cluster10613,Rhinolophus sinicus
Cluster10628,Rhinolophus sinicus
Cluster10629,Rhinolophus sinicus
Cluster10630,Rhinolophus sinicus
Cluster10633,Rhinolophus sinicus
Cluster10635,Rhinolophus sinicus
Cluster10636,Rhinolophus sinicus
Cluster10637,Rhinolophus sinicus
Cluster10641,Rhinolophus sinicus
Cluster10647,Rhinolophus sinicus
Cluster10650,Rhinolophus sinicus
Cluster10652,Rhinolophus sinicus
Cluster10655,Rhinolophus sinicus
Cluster10665,Rhinolophus sinicus
Cluster10674,Rhinolophus sinicus
Cluster10683,Rhinolophus sinicus
Cluster10684,Rhinolophus sinicus
Cluster10688,Rhinolophus sinicus
Cluster10690,Rhinolophus sinicus
Cluster10692,Rhinolophus sinicus
Cluster10693,Rhinolophus sinicus
Cluster10695,Rhinolophus sinicus
Cluster10698,Rhinolophus sinicus
Cluster10699,Rhinolophus sinicus
Cluster10701,Rhinolophus sinicus
Cluster10703,Rhinolophus sinicus
Cluster10704,Rhinolophus sinicus
Cluster10708,Rhinolophus sinicus
Cluster10719,Rhinolophus sinicus
Cluster10732,Rhinolophus sinicus
Cluster10734,Rhinolophus sinicus
Cluster10735,Rhinolophus sinicus
Cluster10736,Rhinolophus sinicus
Cluster10737,Rhinolophus sinicus
Cluster10738,Rhinolophus sinicus
Cluster10741,Rhinolophus sinicus
Cluster10744,Rhinolophus sinicus
Cluster10750,Rhinolophus sinicus
Cluster10754,Rhinolophus sinicus
Cluster10758,Rhinolophus sinicus
Cluster10759,Rhinolophus sinicus
Cluster10760,Rhinolophus sinicus
Cluster10763,Rhinolophus sinicus
Cluster10767,Rhinolophus sinicus
Cluster10770,Rhinolophus sinicus
Cluster10773,Rhinolophus sinicus
Cluster10774,Rhinolophus sinicus
Cluster10777,Rhinolophus sinicus
Cluster10783,Rhinolophus sinicus
Cluster10796,Rhinolophus sinicus
Cluster10799,Rhinolophus sinicus
Cluster10801,Rhinolophus sinicus
Cluster10802,Rhinolophus sinicus
Cluster10808,Rhinolophus sinicus
Cluster10810,Rhinolophus sinicus
Cluster10812,Rhinolophus sinicus
Cluster10817,Rhinolophus sinicus
Cluster10822,Rhinolophus sinicus
Cluster10823,Rhinolophus sinicus
Cluster10824,Rhinolophus sinicus
Cluster10825,Rhinolophus sinicus
Cluster10828,Rhinolophus sinicus
Cluster10831,Rhinolophus sinicus
Cluster10832,Rhinolophus sinicus
Cluster10834,Rhinolophus sinicus
Cluster10836,Rhinolophus sinicus
Cluster10837,Rhinolophus sinicus
Cluster10839,Rhinolophus sinicus
Cluster10840,Rhinolophus sinicus
Cluster10843,Rhinolophus sinicus
Cluster10845,Rhinolophus sinicus
Cluster10855,Rhinolophus sinicus
Cluster10861,Rhinolophus sinicus
Cluster10862,Rhinolophus sinicus
Cluster10870,Rhinolophus sinicus
Cluster10873,Rhinolophus sinicus
Cluster10876,Rhinolophus sinicus
Cluster10885,Rhinolophus sinicus
Cluster10888,Rhinolophus sinicus
Cluster10890,Rhinolophus sinicus
Cluster10892,Rhinolophus sinicus
Cluster10894,Rhinolophus sinicus
Cluster10902,Rhinolophus sinicus
Cluster10904,Rhinolophus sinicus
Cluster10916,Rhinolophus sinicus
Cluster10921,Rhinolophus sinicus
Cluster10922,Rhinolophus sinicus
Cluster10926,Rhinolophus sinicus
Cluster10932,Rhinolophus sinicus
Cluster10937,Rhinolophus sinicus
Cluster10940,Rhinolophus sinicus
Cluster10943,Rhinolophus sinicus
Cluster10945,Rhinolophus sinicus
Cluster10947,Rhinolophus sinicus
Cluster10949,Rhinolophus sinicus
Cluster10953,Rhinolophus sinicus
Cluster10956,Rhinolophus sinicus
Cluster10958,Rhinolophus sinicus
Cluster10963,Rhinolophus sinicus
Cluster10965,Rhinolophus sinicus
Cluster10966,Rhinolophus sinicus
Cluster10968,Rhinolophus sinicus
Cluster10969,Rhinolophus sinicus
Cluster10970,Rhinolophus sinicus
Cluster10974,Rhinolophus sinicus
Cluster10975,Rhinolophus sinicus
Cluster10976,Rhinolophus sinicus
Cluster10978,Rhinolophus sinicus
Cluster10984,Rhinolophus sinicus
Cluster10988,Rhinolophus sinicus
Cluster10996,Rhinolophus sinicus
Cluster11000,Rhinolophus sinicus
Cluster11008,Rhinolophus sinicus
Cluster11009,Rhinolophus sinicus
Cluster11014,Rhinolophus sinicus
Cluster11015,Rhinolophus sinicus
Cluster11018,Rhinolophus sinicus
Cluster11019,Rhinolophus sinicus
Cluster11021,Rhinolophus sinicus
Cluster11024,Rhinolophus sinicus
Cluster11031,Rhinolophus sinicus
Cluster11041,Rhinolophus sinicus
Cluster11045,Rhinolophus sinicus
Cluster11049,Rhinolophus sinicus
Cluster11054,Rhinolophus sinicus
Cluster11059,Rhinolophus sinicus
Cluster11064,Rhinolophus sinicus
Cluster11065,Rhinolophus sinicus
Cluster11070,Rhinolophus sinicus
Cluster11077,Rhinolophus sinicus
Cluster11081,Rhinolophus sinicus
Cluster11083,Rhinolophus sinicus
Cluster11085,Rhinolophus sinicus
Cluster11086,Rhinolophus sinicus
Cluster11087,Rhinolophus sinicus
Cluster11088,Rhinolophus sinicus
Cluster11089,Rhinolophus sinicus
Cluster11090,Rhinolophus sinicus
Cluster11092,Rhinolophus sinicus
Cluster11094,Rhinolophus sinicus
Cluster11097,Rhinolophus sinicus
Cluster11105,Rhinolophus sinicus
Cluster11106,Rhinolophus sinicus
Cluster11113,Rhinolophus sinicus
Cluster11118,Rhinolophus sinicus
Cluster11125,Rhinolophus sinicus
Cluster11133,Rhinolophus sinicus
Cluster11138,Rhinolophus sinicus
Cluster11142,Rhinolophus sinicus
Cluster11143,Rhinolophus sinicus
Cluster11145,Rhinolophus sinicus
Cluster11147,Rhinolophus sinicus
Cluster11148,Rhinolophus sinicus
Cluster11151,Rhinolophus sinicus
Cluster11152,Rhinolophus sinicus
Cluster11164,Rhinolophus sinicus
Cluster11167,Rhinolophus sinicus
Cluster11169,Rhinolophus sinicus
Cluster11170,Rhinolophus sinicus
Cluster11173,Rhinolophus sinicus
Cluster11174,Rhinolophus sinicus
Cluster11177,Rhinolophus sinicus
Cluster11181,Rhinolophus sinicus
Cluster11188,Rhinolophus sinicus
Cluster11189,Rhinolophus sinicus
Cluster11190,Rhinolophus sinicus
Cluster11192,Rhinolophus sinicus
Cluster11196,Rhinolophus sinicus
Cluster11199,Rhinolophus sinicus
Cluster11200,Rhinolophus sinicus
Cluster11206,Rhinolophus sinicus
Cluster11207,Rhinolophus sinicus
Cluster11209,Rhinolophus sinicus
Cluster11211,Rhinolophus sinicus
Cluster11218,Rhinolophus sinicus
Cluster11222,Rhinolophus sinicus
Cluster11229,Rhinolophus sinicus
Cluster11241,Rhinolophus sinicus
Cluster11244,Rhinolophus sinicus
Cluster11250,Rhinolophus sinicus
Cluster11254,Rhinolophus sinicus
Cluster11259,Rhinolophus sinicus
Cluster11266,Rhinolophus sinicus
Cluster11269,Rhinolophus sinicus
Cluster11270,Rhinolophus sinicus
Cluster11272,Rhinolophus sinicus
Cluster11273,Rhinolophus sinicus
Cluster11275,Rhinolophus sinicus
Cluster11276,Rhinolophus sinicus
Cluster11279,Rhinolophus sinicus
Cluster11283,Rhinolophus sinicus
Cluster11291,Rhinolophus sinicus
Cluster11302,Rhinolophus sinicus
Cluster11307,Rhinolophus sinicus
Cluster11313,Rhinolophus sinicus
Cluster11318,Rhinolophus sinicus
Cluster11319,Rhinolophus sinicus
Cluster11332,Rhinolophus sinicus
Cluster11335,Rhinolophus sinicus
Cluster11336,Rhinolophus sinicus
Cluster11337,Rhinolophus sinicus
Cluster11340,Rhinolophus sinicus
Cluster11354,Rhinolophus sinicus
Cluster11356,Rhinolophus sinicus
Cluster11361,Rhinolophus sinicus
Cluster11365,Rhinolophus sinicus
Cluster11366,Rhinolophus sinicus
Cluster11370,Rhinolophus sinicus
Cluster11371,Rhinolophus sinicus
Cluster11373,Rhinolophus sinicus
Cluster11375,Rhinolophus sinicus
Cluster11383,Rhinolophus sinicus
Cluster11399,Rhinolophus sinicus
Cluster11400,Rhinolophus sinicus
Cluster11405,Rhinolophus sinicus
Cluster11413,Rhinolophus sinicus
Cluster11414,Rhinolophus sinicus
Cluster11415,Rhinolophus sinicus
Cluster11427,Rhinolophus sinicus
Cluster11429,Rhinolophus sinicus
Cluster11437,Rhinolophus sinicus
Cluster11439,Rhinolophus sinicus
Cluster11443,Rhinolophus sinicus
Cluster11447,Rhinolophus sinicus
Cluster11455,Rhinolophus sinicus
Cluster11463,Rhinolophus sinicus
Cluster11464,Rhinolophus sinicus
Cluster11471,Rhinolophus sinicus
Cluster11476,Rhinolophus sinicus
Cluster11477,Rhinolophus sinicus
Cluster11484,Rhinolophus sinicus
Cluster11486,Rhinolophus sinicus
Cluster11491,Rhinolophus sinicus
Cluster11493,Rhinolophus sinicus
Cluster11497,Rhinolophus sinicus
Cluster11506,Rhinolophus sinicus
Cluster11507,Rhinolophus sinicus
Cluster11514,Rhinolophus sinicus
Cluster11516,Rhinolophus sinicus
Cluster11529,Rhinolophus sinicus
Cluster11531,Rhinolophus sinicus
Cluster11534,Rhinolophus sinicus
Cluster11539,Rhinolophus sinicus
Cluster11540,Rhinolophus sinicus
Cluster11542,Rhinolophus sinicus
Cluster11544,Rhinolophus sinicus
Cluster11548,Rhinolophus sinicus
Cluster11549,Rhinolophus sinicus
Cluster11551,Rhinolophus sinicus
Cluster11552,Rhinolophus sinicus
Cluster11557,Rhinolophus sinicus
Cluster11558,Rhinolophus sinicus
Cluster11565,Rhinolophus sinicus
Cluster11567,Rhinolophus sinicus
Cluster11569,Rhinolophus sinicus
Cluster11570,Rhinolophus sinicus
Cluster11571,Rhinolophus sinicus
Cluster11575,Rhinolophus sinicus
Cluster11576,Rhinolophus sinicus
Cluster11579,Rhinolophus sinicus
Cluster11583,Rhinolophus sinicus
Cluster11584,Rhinolophus sinicus
Cluster11587,Rhinolophus sinicus
Cluster11591,Rhinolophus sinicus
Cluster11595,Rhinolophus sinicus
Cluster11596,Rhinolophus sinicus
Cluster11598,Rhinolophus sinicus
Cluster11607,Rhinolophus sinicus
Cluster11612,Rhinolophus sinicus
Cluster11616,Rhinolophus sinicus
Cluster11617,Rhinolophus sinicus
Cluster11625,Rhinolophus sinicus
Cluster11630,Rhinolophus sinicus
Cluster11633,Rhinolophus sinicus
Cluster11640,Rhinolophus sinicus
Cluster11648,Rhinolophus sinicus
Cluster11658,Rhinolophus sinicus
Cluster11667,Rhinolophus sinicus
Cluster11668,Rhinolophus sinicus
Cluster11670,Rhinolophus sinicus
Cluster11676,Rhinolophus sinicus
Cluster11678,Rhinolophus sinicus
Cluster11684,Rhinolophus sinicus
Cluster11686,Rhinolophus sinicus
Cluster11687,Rhinolophus sinicus
Cluster11695,Rhinolophus sinicus
Cluster11702,Rhinolophus sinicus
Cluster11706,Rhinolophus sinicus
Cluster11708,Rhinolophus sinicus
Cluster11710,Rhinolophus sinicus
Cluster11714,Rhinolophus sinicus
Cluster11717,Rhinolophus sinicus
Cluster11722,Rhinolophus sinicus
Cluster11737,Rhinolophus sinicus
Cluster11740,Rhinolophus sinicus
Cluster11744,Rhinolophus sinicus
Cluster11748,Rhinolophus sinicus
Cluster11753,Rhinolophus sinicus
Cluster11755,Rhinolophus sinicus
Cluster11756,Rhinolophus sinicus
Cluster11757,Rhinolophus sinicus
Cluster11760,Rhinolophus sinicus
Cluster11762,Rhinolophus sinicus
Cluster11768,Rhinolophus sinicus
Cluster11769,Rhinolophus sinicus
Cluster11774,Rhinolophus sinicus
Cluster11778,Rhinolophus sinicus
Cluster11779,Rhinolophus sinicus
Cluster11781,Rhinolophus sinicus
Cluster11786,Rhinolophus sinicus
Cluster11789,Rhinolophus sinicus
Cluster11795,Rhinolophus sinicus
Cluster11796,Rhinolophus sinicus
Cluster11803,Rhinolophus sinicus
Cluster11808,Rhinolophus sinicus
Cluster11810,Rhinolophus sinicus
Cluster11811,Rhinolophus sinicus
Cluster11812,Rhinolophus sinicus
Cluster11813,Rhinolophus sinicus
Cluster11816,Rhinolophus sinicus
Cluster11820,Rhinolophus sinicus
Cluster11821,Rhinolophus sinicus
Cluster11824,Rhinolophus sinicus
Cluster11825,Rhinolophus sinicus
Cluster11827,Rhinolophus sinicus
Cluster11836,Rhinolophus sinicus
Cluster11837,Rhinolophus sinicus
Cluster11839,Rhinolophus sinicus
Cluster11840,Rhinolophus sinicus
Cluster11851,Rhinolophus sinicus
Cluster11859,Rhinolophus sinicus
Cluster11860,Rhinolophus sinicus
Cluster11862,Rhinolophus sinicus
Cluster11863,Rhinolophus sinicus
Cluster11864,Rhinolophus sinicus
Cluster11865,Rhinolophus sinicus
Cluster11866,Rhinolophus sinicus
Cluster11867,Rhinolophus sinicus
Cluster11868,Rhinolophus sinicus
Cluster11870,Rhinolophus sinicus
Cluster11871,Rhinolophus sinicus
Cluster11874,Rhinolophus sinicus
Cluster11875,Rhinolophus sinicus
Cluster11888,Rhinolophus sinicus
Cluster11889,Rhinolophus sinicus
Cluster11891,Rhinolophus sinicus
Cluster11893,Rhinolophus sinicus
Cluster11895,Rhinolophus sinicus
Cluster11896,Rhinolophus sinicus
Cluster11898,Rhinolophus sinicus
Cluster11899,Rhinolophus sinicus
Cluster11900,Rhinolophus sinicus
Cluster11901,Rhinolophus sinicus
Cluster11903,Rhinolophus sinicus
Cluster11904,Rhinolophus sinicus
Cluster11913,Rhinolophus sinicus
Cluster11916,Rhinolophus sinicus
Cluster11918,Rhinolophus sinicus
Cluster11925,Rhinolophus sinicus
Cluster11926,Rhinolophus sinicus
Cluster11930,Rhinolophus sinicus
Cluster11938,Rhinolophus sinicus
Cluster11939,Rhinolophus sinicus
Cluster11948,Rhinolophus sinicus
Cluster11949,Rhinolophus sinicus
Cluster11952,Rhinolophus sinicus
Cluster11955,Rhinolophus sinicus
Cluster11964,Rhinolophus sinicus
Cluster11966,Rhinolophus sinicus
Cluster11968,Rhinolophus sinicus
Cluster11973,Rhinolophus sinicus
Cluster11976,Rhinolophus sinicus
Cluster11977,Rhinolophus sinicus
Cluster11979,Rhinolophus sinicus
Cluster11983,Rhinolophus sinicus
Cluster11984,Rhinolophus sinicus
Cluster11986,Rhinolophus sinicus
Cluster11988,Rhinolophus sinicus
Cluster11989,Rhinolophus sinicus
Cluster11991,Rhinolophus sinicus
Cluster11997,Rhinolophus sinicus
Cluster12000,Rhinolophus sinicus
Cluster12002,Rhinolophus sinicus
Cluster12009,Rhinolophus sinicus
Cluster12011,Rhinolophus sinicus
Cluster12012,Rhinolophus sinicus
Cluster12013,Rhinolophus sinicus
Cluster12014,Rhinolophus sinicus
Cluster12015,Rhinolophus sinicus
Cluster12018,Rhinolophus sinicus
Cluster12019,Rhinolophus sinicus
Cluster12025,Rhinolophus sinicus
Cluster12027,Rhinolophus sinicus
Cluster12030,Rhinolophus sinicus
Cluster12035,Rhinolophus sinicus
Cluster12039,Rhinolophus sinicus
Cluster12044,Rhinolophus sinicus
Cluster12045,Rhinolophus sinicus
Cluster12047,Rhinolophus sinicus
Cluster12052,Rhinolophus sinicus
Cluster12059,Rhinolophus sinicus
Cluster12060,Rhinolophus sinicus
Cluster12063,Rhinolophus sinicus
Cluster12067,Rhinolophus sinicus
Cluster12069,Rhinolophus sinicus
Cluster12071,Rhinolophus sinicus
Cluster12074,Rhinolophus sinicus
Cluster12077,Rhinolophus sinicus
Cluster12082,Rhinolophus sinicus
Cluster12085,Rhinolophus sinicus
Cluster12088,Rhinolophus sinicus
Cluster12109,Rhinolophus sinicus
Cluster12110,Rhinolophus sinicus
Cluster12111,Rhinolophus sinicus
Cluster12113,Rhinolophus sinicus
Cluster12115,Rhinolophus sinicus
Cluster12124,Rhinolophus sinicus
Cluster12127,Rhinolophus sinicus
Cluster12128,Rhinolophus sinicus
Cluster12129,Rhinolophus sinicus
Cluster12133,Rhinolophus sinicus
Cluster12135,Rhinolophus sinicus
Cluster12136,Rhinolophus sinicus
Cluster12139,Rhinolophus sinicus
Cluster12143,Rhinolophus sinicus
Cluster12147,Rhinolophus sinicus
Cluster12148,Rhinolophus sinicus
Cluster12149,Rhinolophus sinicus
Cluster12154,Rhinolophus sinicus
Cluster12164,Rhinolophus sinicus
Cluster12166,Rhinolophus sinicus
Cluster12168,Rhinolophus sinicus
Cluster12170,Rhinolophus sinicus
Cluster12174,Rhinolophus sinicus
Cluster12176,Rhinolophus sinicus
Cluster12184,Rhinolophus sinicus
Cluster12185,Rhinolophus sinicus
Cluster12191,Rhinolophus sinicus
Cluster12194,Rhinolophus sinicus
Cluster12195,Rhinolophus sinicus
Cluster12197,Rhinolophus sinicus
Cluster12199,Rhinolophus sinicus
Cluster12202,Rhinolophus sinicus
Cluster12205,Rhinolophus sinicus
Cluster12211,Rhinolophus sinicus
Cluster12215,Rhinolophus sinicus
Cluster12216,Rhinolophus sinicus
Cluster12225,Rhinolophus sinicus
Cluster12226,Rhinolophus sinicus
Cluster12227,Rhinolophus sinicus
Cluster12230,Rhinolophus sinicus
Cluster12235,Rhinolophus sinicus
Cluster12238,Rhinolophus sinicus
Cluster12240,Rhinolophus sinicus
Cluster12243,Rhinolophus sinicus
Cluster12250,Rhinolophus sinicus
Cluster12251,Rhinolophus sinicus
Cluster12254,Rhinolophus sinicus
Cluster12255,Rhinolophus sinicus
Cluster12256,Rhinolophus sinicus
Cluster12257,Rhinolophus sinicus
Cluster12258,Rhinolophus sinicus
Cluster12267,Rhinolophus sinicus
Cluster12274,Rhinolophus sinicus
Cluster12281,Rhinolophus sinicus
Cluster12283,Rhinolophus sinicus
Cluster12285,Rhinolophus sinicus
Cluster12292,Rhinolophus sinicus
Cluster12295,Rhinolophus sinicus
Cluster12297,Rhinolophus sinicus
Cluster12299,Rhinolophus sinicus
Cluster12304,Rhinolophus sinicus
Cluster12305,Rhinolophus sinicus
Cluster12306,Rhinolophus sinicus
Cluster12314,Rhinolophus sinicus
Cluster12317,Rhinolophus sinicus
Cluster12319,Rhinolophus sinicus
Cluster12322,Rhinolophus sinicus
Cluster12329,Rhinolophus sinicus
Cluster12333,Rhinolophus sinicus
Cluster12338,Rhinolophus sinicus
Cluster12339,Rhinolophus sinicus
Cluster12340,Rhinolophus sinicus
Cluster12352,Rhinolophus sinicus
Cluster12354,Rhinolophus sinicus
Cluster12356,Rhinolophus sinicus
Cluster12363,Rhinolophus sinicus
Cluster12364,Rhinolophus sinicus
Cluster12372,Rhinolophus sinicus
Cluster12380,Rhinolophus sinicus
Cluster12382,Rhinolophus sinicus
Cluster12390,Rhinolophus sinicus
Cluster12391,Rhinolophus sinicus
Cluster12398,Rhinolophus sinicus
Cluster12401,Rhinolophus sinicus
Cluster12410,Rhinolophus sinicus
Cluster12411,Rhinolophus sinicus
Cluster12412,Rhinolophus sinicus
Cluster12413,Rhinolophus sinicus
Cluster12417,Rhinolophus sinicus
Cluster12418,Rhinolophus sinicus
Cluster12426,Rhinolophus sinicus
Cluster12428,Rhinolophus sinicus
Cluster12431,Rhinolophus sinicus
Cluster12433,Rhinolophus sinicus
Cluster12436,Rhinolophus sinicus
Cluster12451,Rhinolophus sinicus
Cluster12452,Rhinolophus sinicus
Cluster12453,Rhinolophus sinicus
Cluster12456,Rhinolophus sinicus
Cluster12458,Rhinolophus sinicus
Cluster12459,Rhinolophus sinicus
Cluster12461,Rhinolophus sinicus
Cluster12463,Rhinolophus sinicus
Cluster12465,Rhinolophus sinicus
Cluster12472,Rhinolophus sinicus
Cluster12477,Rhinolophus sinicus
Cluster12483,Rhinolophus sinicus
Cluster12484,Rhinolophus sinicus
Cluster12485,Rhinolophus sinicus
Cluster12492,Rhinolophus sinicus
Cluster12494,Rhinolophus sinicus
Cluster12501,Rhinolophus sinicus
Cluster12504,Rhinolophus sinicus
Cluster12505,Rhinolophus sinicus
Cluster12507,Rhinolophus sinicus
Cluster12514,Rhinolophus sinicus
Cluster12515,Rhinolophus sinicus
Cluster12516,Rhinolophus sinicus
Cluster12517,Rhinolophus sinicus
Cluster12518,Rhinolophus sinicus
Cluster12519,Rhinolophus sinicus
Cluster12526,Rhinolophus sinicus
Cluster12531,Rhinolophus sinicus
Cluster12532,Rhinolophus sinicus
Cluster12533,Rhinolophus sinicus
Cluster12537,Rhinolophus sinicus
Cluster12538,Rhinolophus sinicus
Cluster12540,Rhinolophus sinicus
Cluster12541,Rhinolophus sinicus
Cluster12542,Rhinolophus sinicus
Cluster12546,Rhinolophus sinicus
Cluster12548,Rhinolophus sinicus
Cluster12549,Rhinolophus sinicus
Cluster12552,Rhinolophus sinicus
Cluster12558,Rhinolophus sinicus
Cluster12559,Rhinolophus sinicus
Cluster12561,Rhinolophus sinicus
Cluster12562,Rhinolophus sinicus
Cluster12564,Rhinolophus sinicus
Cluster12571,Rhinolophus sinicus
Cluster12572,Rhinolophus sinicus
Cluster12576,Rhinolophus sinicus
Cluster12581,Rhinolophus sinicus
Cluster12589,Rhinolophus sinicus
Cluster12591,Rhinolophus sinicus
Cluster12592,Rhinolophus sinicus
Cluster12597,Rhinolophus sinicus
Cluster12598,Rhinolophus sinicus
Cluster12599,Rhinolophus sinicus
Cluster12602,Rhinolophus sinicus
Cluster12613,Rhinolophus sinicus
Cluster12637,Rhinolophus sinicus
Cluster12640,Rhinolophus sinicus
Cluster12657,Rhinolophus sinicus
Cluster12658,Rhinolophus sinicus
Cluster12660,Rhinolophus sinicus
Cluster12661,Rhinolophus sinicus
Cluster12662,Rhinolophus sinicus
Cluster12663,Rhinolophus sinicus
Cluster12671,Rhinolophus sinicus
Cluster12674,Rhinolophus sinicus
Cluster12682,Rhinolophus sinicus
Cluster12684,Rhinolophus sinicus
Cluster12689,Rhinolophus sinicus
Cluster12695,Rhinolophus sinicus
Cluster12697,Rhinolophus sinicus
Cluster12698,Rhinolophus sinicus
Cluster12702,Rhinolophus sinicus
Cluster12706,Rhinolophus sinicus
Cluster12708,Rhinolophus sinicus
Cluster12712,Rhinolophus sinicus
Cluster12723,Rhinolophus sinicus
Cluster12728,Rhinolophus sinicus
Cluster12732,Rhinolophus sinicus
Cluster12745,Rhinolophus sinicus
Cluster12746,Rhinolophus sinicus
Cluster12753,Rhinolophus sinicus
Cluster12755,Rhinolophus sinicus
Cluster12764,Rhinolophus sinicus
Cluster12765,Rhinolophus sinicus
Cluster12768,Rhinolophus sinicus
Cluster12769,Rhinolophus sinicus
Cluster12770,Rhinolophus sinicus
Cluster12776,Rhinolophus sinicus
Cluster12777,Rhinolophus sinicus
Cluster12779,Rhinolophus sinicus
Cluster12780,Rhinolophus sinicus
Cluster12782,Rhinolophus sinicus
Cluster12784,Rhinolophus sinicus
Cluster12795,Rhinolophus sinicus
Cluster12799,Rhinolophus sinicus
Cluster12802,Rhinolophus sinicus
Cluster12803,Rhinolophus sinicus
Cluster12804,Rhinolophus sinicus
Cluster12811,Rhinolophus sinicus
Cluster12813,Rhinolophus sinicus
Cluster12816,Rhinolophus sinicus
Cluster12823,Rhinolophus sinicus
Cluster12826,Rhinolophus sinicus
Cluster12831,Rhinolophus sinicus
Cluster12833,Rhinolophus sinicus
Cluster12844,Rhinolophus sinicus
Cluster12848,Rhinolophus sinicus
Cluster12851,Rhinolophus sinicus
Cluster12858,Rhinolophus sinicus
Cluster12871,Rhinolophus sinicus
Cluster12872,Rhinolophus sinicus
Cluster12874,Rhinolophus sinicus
Cluster12884,Rhinolophus sinicus
Cluster12885,Rhinolophus sinicus
Cluster12890,Rhinolophus sinicus
Cluster12893,Rhinolophus sinicus
Cluster12899,Rhinolophus sinicus
Cluster12901,Rhinolophus sinicus
Cluster12907,Rhinolophus sinicus
Cluster12926,Rhinolophus sinicus
Cluster12932,Rhinolophus sinicus
Cluster12940,Rhinolophus sinicus
Cluster12941,Rhinolophus sinicus
Cluster12947,Rhinolophus sinicus
Cluster109,Scotophilus heathii
Cluster1554,Scotophilus heathii
Cluster1998,Scotophilus heathii
Cluster2044,Scotophilus heathii
Cluster2591,Scotophilus heathii
Cluster2920,Scotophilus heathii
Cluster3413,Scotophilus heathii
Cluster4293,Scotophilus heathii
Cluster5792,Scotophilus heathii
Cluster6173,Scotophilus heathii
Cluster9541,Scotophilus heathii
Cluster9907,Scotophilus heathii
Cluster10315,Scotophilus heathii
Cluster10332,Scotophilus heathii
Cluster10524,Scotophilus heathii
Cluster10543,Scotophilus heathii
Cluster10631,Scotophilus heathii
Cluster10782,Scotophilus heathii
Cluster11141,Scotophilus heathii
Cluster11404,Scotophilus heathii
Cluster12690,Scotophilus heathii
Cluster12898,Scotophilus heathii
Cluster12909,Scotophilus heathii
Cluster69,Tylonycteris fulvida
Cluster136,Tylonycteris fulvida
Cluster573,Tylonycteris fulvida
Cluster693,Tylonycteris fulvida
Cluster889,Tylonycteris fulvida
Cluster898,Tylonycteris fulvida
Cluster1431,Tylonycteris fulvida
Cluster1706,Tylonycteris fulvida
Cluster2804,Tylonycteris fulvida
Cluster2869,Tylonycteris fulvida
Cluster2980,Tylonycteris fulvida
Cluster3108,Tylonycteris fulvida
Cluster3397,Tylonycteris fulvida
Cluster4415,Tylonycteris fulvida
Cluster4835,Tylonycteris fulvida
Cluster5396,Tylonycteris fulvida
Cluster5615,Tylonycteris fulvida
Cluster5759,Tylonycteris fulvida
Cluster6026,Tylonycteris fulvida
Cluster6895,Tylonycteris fulvida
Cluster7987,Tylonycteris fulvida
Cluster8742,Tylonycteris fulvida
Cluster8921,Tylonycteris fulvida
Cluster9737,Tylonycteris fulvida
Cluster9893,Tylonycteris fulvida
Cluster11203,Tylonycteris fulvida
Cluster11293,Tylonycteris fulvida
Cluster11305,Tylonycteris fulvida
Cluster11814,Tylonycteris fulvida
Cluster12309,Tylonycteris fulvida
Cluster12619,Tylonycteris fulvida
Cluster71,Tylonycteris pachypus
Cluster109,Tylonycteris pachypus
Cluster225,Tylonycteris pachypus
Cluster234,Tylonycteris pachypus
Cluster260,Tylonycteris pachypus
Cluster330,Tylonycteris pachypus
Cluster336,Tylonycteris pachypus
Cluster361,Tylonycteris pachypus
Cluster362,Tylonycteris pachypus
Cluster411,Tylonycteris pachypus
Cluster423,Tylonycteris pachypus
Cluster473,Tylonycteris pachypus
Cluster487,Tylonycteris pachypus
Cluster527,Tylonycteris pachypus
Cluster601,Tylonycteris pachypus
Cluster709,Tylonycteris pachypus
Cluster811,Tylonycteris pachypus
Cluster866,Tylonycteris pachypus
Cluster929,Tylonycteris pachypus
Cluster1016,Tylonycteris pachypus
Cluster1070,Tylonycteris pachypus
Cluster1239,Tylonycteris pachypus
Cluster1243,Tylonycteris pachypus
Cluster1265,Tylonycteris pachypus
Cluster1276,Tylonycteris pachypus
Cluster1299,Tylonycteris pachypus
Cluster1351,Tylonycteris pachypus
Cluster1504,Tylonycteris pachypus
Cluster1509,Tylonycteris pachypus
Cluster1567,Tylonycteris pachypus
Cluster1683,Tylonycteris pachypus
Cluster1692,Tylonycteris pachypus
Cluster1949,Tylonycteris pachypus
Cluster1961,Tylonycteris pachypus
Cluster2001,Tylonycteris pachypus
Cluster2008,Tylonycteris pachypus
Cluster2024,Tylonycteris pachypus
Cluster2035,Tylonycteris pachypus
Cluster2064,Tylonycteris pachypus
Cluster2104,Tylonycteris pachypus
Cluster2128,Tylonycteris pachypus
Cluster2183,Tylonycteris pachypus
Cluster2214,Tylonycteris pachypus
Cluster2260,Tylonycteris pachypus
Cluster2362,Tylonycteris pachypus
Cluster2465,Tylonycteris pachypus
Cluster2467,Tylonycteris pachypus
Cluster2499,Tylonycteris pachypus
Cluster2502,Tylonycteris pachypus
Cluster2511,Tylonycteris pachypus
Cluster2578,Tylonycteris pachypus
Cluster2687,Tylonycteris pachypus
Cluster2738,Tylonycteris pachypus
Cluster2800,Tylonycteris pachypus
Cluster2807,Tylonycteris pachypus
Cluster2825,Tylonycteris pachypus
Cluster2887,Tylonycteris pachypus
Cluster2894,Tylonycteris pachypus
Cluster2913,Tylonycteris pachypus
Cluster2934,Tylonycteris pachypus
Cluster3022,Tylonycteris pachypus
Cluster3210,Tylonycteris pachypus
Cluster3238,Tylonycteris pachypus
Cluster3274,Tylonycteris pachypus
Cluster3300,Tylonycteris pachypus
Cluster3467,Tylonycteris pachypus
Cluster3712,Tylonycteris pachypus
Cluster3713,Tylonycteris pachypus
Cluster3719,Tylonycteris pachypus
Cluster3798,Tylonycteris pachypus
Cluster3831,Tylonycteris pachypus
Cluster3939,Tylonycteris pachypus
Cluster4033,Tylonycteris pachypus
Cluster4044,Tylonycteris pachypus
Cluster4050,Tylonycteris pachypus
Cluster4146,Tylonycteris pachypus
Cluster4196,Tylonycteris pachypus
Cluster4247,Tylonycteris pachypus
Cluster4282,Tylonycteris pachypus
Cluster4345,Tylonycteris pachypus
Cluster4438,Tylonycteris pachypus
Cluster4472,Tylonycteris pachypus
Cluster4587,Tylonycteris pachypus
Cluster4598,Tylonycteris pachypus
Cluster4603,Tylonycteris pachypus
Cluster4614,Tylonycteris pachypus
Cluster4680,Tylonycteris pachypus
Cluster4697,Tylonycteris pachypus
Cluster4702,Tylonycteris pachypus
Cluster4807,Tylonycteris pachypus
Cluster4837,Tylonycteris pachypus
Cluster4892,Tylonycteris pachypus
Cluster4919,Tylonycteris pachypus
Cluster5089,Tylonycteris pachypus
Cluster5108,Tylonycteris pachypus
Cluster5144,Tylonycteris pachypus
Cluster5162,Tylonycteris pachypus
Cluster5265,Tylonycteris pachypus
Cluster5362,Tylonycteris pachypus
Cluster5545,Tylonycteris pachypus
Cluster5552,Tylonycteris pachypus
Cluster5697,Tylonycteris pachypus
Cluster5766,Tylonycteris pachypus
Cluster5925,Tylonycteris pachypus
Cluster5992,Tylonycteris pachypus
Cluster6010,Tylonycteris pachypus
Cluster6028,Tylonycteris pachypus
Cluster6055,Tylonycteris pachypus
Cluster6092,Tylonycteris pachypus
Cluster6155,Tylonycteris pachypus
Cluster6170,Tylonycteris pachypus
Cluster6198,Tylonycteris pachypus
Cluster6318,Tylonycteris pachypus
Cluster6319,Tylonycteris pachypus
Cluster6504,Tylonycteris pachypus
Cluster6517,Tylonycteris pachypus
Cluster6625,Tylonycteris pachypus
Cluster6654,Tylonycteris pachypus
Cluster6678,Tylonycteris pachypus
Cluster6688,Tylonycteris pachypus
Cluster6693,Tylonycteris pachypus
Cluster6707,Tylonycteris pachypus
Cluster6725,Tylonycteris pachypus
Cluster6747,Tylonycteris pachypus
Cluster6845,Tylonycteris pachypus
Cluster6901,Tylonycteris pachypus
Cluster6904,Tylonycteris pachypus
Cluster7074,Tylonycteris pachypus
Cluster7158,Tylonycteris pachypus
Cluster7166,Tylonycteris pachypus
Cluster7190,Tylonycteris pachypus
Cluster7215,Tylonycteris pachypus
Cluster7280,Tylonycteris pachypus
Cluster7383,Tylonycteris pachypus
Cluster7432,Tylonycteris pachypus
Cluster7634,Tylonycteris pachypus
Cluster7657,Tylonycteris pachypus
Cluster7731,Tylonycteris pachypus
Cluster7790,Tylonycteris pachypus
Cluster7811,Tylonycteris pachypus
Cluster7901,Tylonycteris pachypus
Cluster7976,Tylonycteris pachypus
Cluster7978,Tylonycteris pachypus
Cluster7988,Tylonycteris pachypus
Cluster8031,Tylonycteris pachypus
Cluster8073,Tylonycteris pachypus
Cluster8128,Tylonycteris pachypus
Cluster8136,Tylonycteris pachypus
Cluster8157,Tylonycteris pachypus
Cluster8191,Tylonycteris pachypus
Cluster8273,Tylonycteris pachypus
Cluster8280,Tylonycteris pachypus
Cluster8295,Tylonycteris pachypus
Cluster8373,Tylonycteris pachypus
Cluster8391,Tylonycteris pachypus
Cluster8436,Tylonycteris pachypus
Cluster8541,Tylonycteris pachypus
Cluster8677,Tylonycteris pachypus
Cluster8828,Tylonycteris pachypus
Cluster8905,Tylonycteris pachypus
Cluster8909,Tylonycteris pachypus
Cluster9003,Tylonycteris pachypus
Cluster9015,Tylonycteris pachypus
Cluster9032,Tylonycteris pachypus
Cluster9103,Tylonycteris pachypus
Cluster9114,Tylonycteris pachypus
Cluster9138,Tylonycteris pachypus
Cluster9167,Tylonycteris pachypus
Cluster9176,Tylonycteris pachypus
Cluster9186,Tylonycteris pachypus
Cluster9192,Tylonycteris pachypus
Cluster9235,Tylonycteris pachypus
Cluster9314,Tylonycteris pachypus
Cluster9328,Tylonycteris pachypus
Cluster9419,Tylonycteris pachypus
Cluster9435,Tylonycteris pachypus
Cluster9440,Tylonycteris pachypus
Cluster9443,Tylonycteris pachypus
Cluster9446,Tylonycteris pachypus
Cluster9454,Tylonycteris pachypus
Cluster9530,Tylonycteris pachypus
Cluster9616,Tylonycteris pachypus
Cluster9617,Tylonycteris pachypus
Cluster9793,Tylonycteris pachypus
Cluster9811,Tylonycteris pachypus
Cluster9829,Tylonycteris pachypus
Cluster9834,Tylonycteris pachypus
Cluster9939,Tylonycteris pachypus
Cluster9944,Tylonycteris pachypus
Cluster9974,Tylonycteris pachypus
Cluster10007,Tylonycteris pachypus
Cluster10031,Tylonycteris pachypus
Cluster10127,Tylonycteris pachypus
Cluster10167,Tylonycteris pachypus
Cluster10247,Tylonycteris pachypus
Cluster10374,Tylonycteris pachypus
Cluster10443,Tylonycteris pachypus
Cluster10453,Tylonycteris pachypus
Cluster10545,Tylonycteris pachypus
Cluster10552,Tylonycteris pachypus
Cluster10556,Tylonycteris pachypus
Cluster10562,Tylonycteris pachypus
Cluster10608,Tylonycteris pachypus
Cluster10620,Tylonycteris pachypus
Cluster10670,Tylonycteris pachypus
Cluster10746,Tylonycteris pachypus
Cluster10749,Tylonycteris pachypus
Cluster10769,Tylonycteris pachypus
Cluster10788,Tylonycteris pachypus
Cluster11005,Tylonycteris pachypus
Cluster11027,Tylonycteris pachypus
Cluster11067,Tylonycteris pachypus
Cluster11080,Tylonycteris pachypus
Cluster11139,Tylonycteris pachypus
Cluster11179,Tylonycteris pachypus
Cluster11205,Tylonycteris pachypus
Cluster11210,Tylonycteris pachypus
Cluster11226,Tylonycteris pachypus
Cluster11271,Tylonycteris pachypus
Cluster11394,Tylonycteris pachypus
Cluster11416,Tylonycteris pachypus
Cluster11424,Tylonycteris pachypus
Cluster11457,Tylonycteris pachypus
Cluster11513,Tylonycteris pachypus
Cluster11541,Tylonycteris pachypus
Cluster11688,Tylonycteris pachypus
Cluster11690,Tylonycteris pachypus
Cluster11794,Tylonycteris pachypus
Cluster11838,Tylonycteris pachypus
Cluster11882,Tylonycteris pachypus
Cluster11935,Tylonycteris pachypus
Cluster11962,Tylonycteris pachypus
Cluster11969,Tylonycteris pachypus
Cluster11982,Tylonycteris pachypus
Cluster12054,Tylonycteris pachypus
Cluster12158,Tylonycteris pachypus
Cluster12177,Tylonycteris pachypus
Cluster12219,Tylonycteris pachypus
Cluster12220,Tylonycteris pachypus
Cluster12239,Tylonycteris pachypus
Cluster12248,Tylonycteris pachypus
Cluster12284,Tylonycteris pachypus
Cluster12289,Tylonycteris pachypus
Cluster12313,Tylonycteris pachypus
Cluster12334,Tylonycteris pachypus
Cluster12347,Tylonycteris pachypus
Cluster12365,Tylonycteris pachypus
Cluster12450,Tylonycteris pachypus
Cluster12488,Tylonycteris pachypus
Cluster12512,Tylonycteris pachypus
Cluster12585,Tylonycteris pachypus
Cluster12628,Tylonycteris pachypus
Cluster12730,Tylonycteris pachypus
Cluster12744,Tylonycteris pachypus
Cluster12805,Tylonycteris pachypus
Cluster12809,Tylonycteris pachypus
Cluster12863,Tylonycteris pachypus
Cluster12916,Tylonycteris pachypus
Cluster12945,Tylonycteris pachypus
Cluster187,Tylonycteris robustula
Cluster243,Tylonycteris robustula
Cluster495,Tylonycteris robustula
Cluster885,Tylonycteris robustula
Cluster1027,Tylonycteris robustula
Cluster1046,Tylonycteris robustula
Cluster1069,Tylonycteris robustula
Cluster1122,Tylonycteris robustula
Cluster1398,Tylonycteris robustula
Cluster1477,Tylonycteris robustula
Cluster1539,Tylonycteris robustula
Cluster1742,Tylonycteris robustula
Cluster1807,Tylonycteris robustula
Cluster1893,Tylonycteris robustula
Cluster1928,Tylonycteris robustula
Cluster1966,Tylonycteris robustula
Cluster2108,Tylonycteris robustula
Cluster2156,Tylonycteris robustula
Cluster2160,Tylonycteris robustula
Cluster2239,Tylonycteris robustula
Cluster2299,Tylonycteris robustula
Cluster2359,Tylonycteris robustula
Cluster3029,Tylonycteris robustula
Cluster3102,Tylonycteris robustula
Cluster3150,Tylonycteris robustula
Cluster3206,Tylonycteris robustula
Cluster3236,Tylonycteris robustula
Cluster3362,Tylonycteris robustula
Cluster3427,Tylonycteris robustula
Cluster3475,Tylonycteris robustula
Cluster3477,Tylonycteris robustula
Cluster3499,Tylonycteris robustula
Cluster3503,Tylonycteris robustula
Cluster3517,Tylonycteris robustula
Cluster3569,Tylonycteris robustula
Cluster3616,Tylonycteris robustula
Cluster3671,Tylonycteris robustula
Cluster3757,Tylonycteris robustula
Cluster3783,Tylonycteris robustula
Cluster3784,Tylonycteris robustula
Cluster3791,Tylonycteris robustula
Cluster3795,Tylonycteris robustula
Cluster3838,Tylonycteris robustula
Cluster3992,Tylonycteris robustula
Cluster4010,Tylonycteris robustula
Cluster4099,Tylonycteris robustula
Cluster4106,Tylonycteris robustula
Cluster4179,Tylonycteris robustula
Cluster4258,Tylonycteris robustula
Cluster4469,Tylonycteris robustula
Cluster4699,Tylonycteris robustula
Cluster4784,Tylonycteris robustula
Cluster4834,Tylonycteris robustula
Cluster4916,Tylonycteris robustula
Cluster4979,Tylonycteris robustula
Cluster4985,Tylonycteris robustula
Cluster5058,Tylonycteris robustula
Cluster5137,Tylonycteris robustula
Cluster5284,Tylonycteris robustula
Cluster5309,Tylonycteris robustula
Cluster5512,Tylonycteris robustula
Cluster5579,Tylonycteris robustula
Cluster5648,Tylonycteris robustula
Cluster5663,Tylonycteris robustula
Cluster5768,Tylonycteris robustula
Cluster5782,Tylonycteris robustula
Cluster5843,Tylonycteris robustula
Cluster6048,Tylonycteris robustula
Cluster6171,Tylonycteris robustula
Cluster6210,Tylonycteris robustula
Cluster6322,Tylonycteris robustula
Cluster6424,Tylonycteris robustula
Cluster6537,Tylonycteris robustula
Cluster6643,Tylonycteris robustula
Cluster6655,Tylonycteris robustula
Cluster6698,Tylonycteris robustula
Cluster6717,Tylonycteris robustula
Cluster6807,Tylonycteris robustula
Cluster6850,Tylonycteris robustula
Cluster6945,Tylonycteris robustula
Cluster7153,Tylonycteris robustula
Cluster7206,Tylonycteris robustula
Cluster7509,Tylonycteris robustula
Cluster7603,Tylonycteris robustula
Cluster7929,Tylonycteris robustula
Cluster8018,Tylonycteris robustula
Cluster8177,Tylonycteris robustula
Cluster8210,Tylonycteris robustula
Cluster8570,Tylonycteris robustula
Cluster8621,Tylonycteris robustula
Cluster8733,Tylonycteris robustula
Cluster8825,Tylonycteris robustula
Cluster8884,Tylonycteris robustula
Cluster9110,Tylonycteris robustula
Cluster9170,Tylonycteris robustula
Cluster9180,Tylonycteris robustula
Cluster9326,Tylonycteris robustula
Cluster9384,Tylonycteris robustula
Cluster9569,Tylonycteris robustula
Cluster9685,Tylonycteris robustula
Cluster9733,Tylonycteris robustula
Cluster10186,Tylonycteris robustula
Cluster10273,Tylonycteris robustula
Cluster10494,Tylonycteris robustula
Cluster10985,Tylonycteris robustula
Cluster11022,Tylonycteris robustula
Cluster11163,Tylonycteris robustula
Cluster11605,Tylonycteris robustula
Cluster11788,Tylonycteris robustula
Cluster11856,Tylonycteris robustula
Cluster11861,Tylonycteris robustula
Cluster12165,Tylonycteris robustula
Cluster12183,Tylonycteris robustula
Cluster12207,Tylonycteris robustula
Cluster12393,Tylonycteris robustula
Cluster12423,Tylonycteris robustula
Cluster12444,Tylonycteris robustula
Cluster12479,Tylonycteris robustula
Cluster12806,Tylonycteris robustula
