SampleGroup1,SampleGroup2,Distance_km
IPB24A-10,IPB24A-11,0.000
IPB24A-10,IPB24A-12,0.000
IPB24A-10,IPB24A-13,19.073
IPB24A-10,IPB24A-14,13.657
IPB24A-10,IPB24A-15,13.657
IPB24A-10,IPB24A-17,20.644
IPB24A-10,IPB24A-18,19.073
IPB24A-10,IPB24A-19,19.073
IPB24A-10,IPB24A-2,17.354
IPB24A-10,IPB24A-20,12.829
IPB24A-10,IPB24A-21,12.829
IPB24A-10,IPB24A-27,1236.157
IPB24A-10,IPB24A-28,1080.621
IPB24A-10,IPB24A-31,1039.135
IPB24A-10,IPB24A-32,1039.135
IPB24A-10,IPB24A-33,1080.621
IPB24A-10,IPB24A-34,1080.621
IPB24A-10,IPB24A-35,1080.621
IPB24A-10,IPB24A-37,1177.516
IPB24A-10,IPB24A-39,1177.516
IPB24A-10,IPB24A-4,19.073
IPB24A-10,IPB24A-40,1053.004
IPB24A-10,IPB24A-43,1151.705
IPB24A-10,IPB24A-44,1234.386
IPB24A-10,IPB24A-45,1233.530
IPB24A-10,IPB24A-5,12.829
IPB24A-10,IPB24A-6,12.829
IPB24A-10,IPB24A-7,24.719
IPB24A-10,IPB24A-8,24.719
IPB24A-10,IPB24A-9,14.905
IPB24A-10,IPB24B-13,19.073
IPB24A-10,IPB24C-104,392.802
IPB24A-10,IPB24C-22,1361.200
IPB24A-10,IPB24C-28,1039.135
IPB24A-10,IPB24C-68,400.117
IPB24A-10,IPB24C-99,393.937
IPB24A-10,IPB24D-50,1231.626
IPB24A-10,IPB24E-170,2384.644
IPB24A-10,IPB24E-171,2417.246
IPB24A-10,IPB24E-172,2417.246
IPB24A-10,IPB24E-174,1654.693
IPB24A-10,IPB24E-175,2402.566
IPB24A-10,IPB24E-177,2402.566
IPB24A-10,IPB24E-179,2370.702
IPB24A-10,IPB24E-180,2393.711
IPB24A-10,IPB24E-181,2447.685
IPB24A-10,IPB24E-182,2167.245
IPB24A-10,IPB24E-183,2399.840
IPB24A-10,IPB24E-188,2524.509
IPB24A-10,IPB24E-189,2364.956
IPB24A-10,IPB24E-191,1914.807
IPB24A-10,IPB24E-192,2399.526
IPB24A-10,IPB24E-193,2384.644
IPB24A-10,IPB24E-194,2447.685
IPB24A-10,IPB24E-195,2167.245
IPB24A-10,IPB24E-196,2399.526
IPB24A-10,IPB24E-197,2399.526
IPB24A-10,IPB24E-198,2379.120
IPB24A-10,IPB24E-199,2402.566
IPB24A-10,IPB24E-200,2404.769
IPB24A-10,IPB24G-202,2417.246
IPB24A-10,IPB24G-203,2417.246
IPB24A-10,IPB24G-204,2417.246
IPB24A-10,IPB24G-206,2393.711
IPB24A-10,IPB24G-207,1774.511
IPB24A-10,IPB24G-209,1738.224
IPB24A-10,IPB24G-210,1744.100
IPB24A-10,IPB24G-211,1768.500
IPB24A-10,IPB24G-212,2018.832
IPB24A-10,IPB24G-213,1982.342
IPB24A-10,IPB24G-214,2004.986
IPB24A-10,IPB24G-215,1855.821
IPB24A-10,IPB24G-216,1884.672
IPB24A-10,IPB24G-217,1876.362
IPB24A-10,IPB24G-218,1668.671
IPB24A-10,IPB24G-219,1855.821
IPB24A-10,IPB24G-220,1768.500
IPB24A-10,IPB24G-221,1855.821
IPB24A-10,IPB24G-222,1738.224
IPB24A-10,IPB24G-223,1774.511
IPB24A-10,IPB24G-224,1855.821
IPB24A-10,IPB24G-225,2018.832
IPB24A-10,IPB24G-227,1768.500
IPB24A-10,IPB24G-228,2004.986
IPB24A-10,IPB24G-229,1644.244
IPB24A-10,IPB24G-230,1768.500
IPB24A-10,IPB24G-231,1774.511
IPB24A-10,IPB24G-232,1855.821
IPB24A-10,IPB24G-233,1855.821
IPB24A-10,IPB24G-234,1855.821
IPB24A-10,IPB24G-235,2018.832
IPB24A-10,IPB24G-236,2018.832
IPB24A-10,IPB24G-237,2018.832
IPB24A-10,IPB24G-238,1971.834
IPB24A-10,IPB24G-239,2004.986
IPB24A-10,IPB24G-240,1965.678
IPB24A-10,IPB24G-241,1876.999
IPB24A-10,IPB24H-133,1115.314
IPB24A-10,IPB4B-13,1288.540
IPB24A-10,IPB4B-15,1302.553
IPB24A-10,IPB4B-4,1085.636
IPB24A-10,IPB4B-6,1088.708
IPB24A-10,IPB4B-78,2404.769
IPB24A-10,IPB4B-79,2404.769
IPB24A-10,IPB4B-80,2404.769
IPB24A-10,IPB6D-12,1778.093
IPB24A-10,IPB6D-3,1736.736
IPB24A-10,IPB6D-5,1709.832
IPB24A-10,IPB6D-6,1736.736
IPB24A-10,IPB6D-7,1736.736
IPB24A-11,IPB24A-12,0.000
IPB24A-11,IPB24A-13,19.073
IPB24A-11,IPB24A-14,13.657
IPB24A-11,IPB24A-15,13.657
IPB24A-11,IPB24A-17,20.644
IPB24A-11,IPB24A-18,19.073
IPB24A-11,IPB24A-19,19.073
IPB24A-11,IPB24A-2,17.354
IPB24A-11,IPB24A-20,12.829
IPB24A-11,IPB24A-27,1236.157
IPB24A-11,IPB24A-31,1039.135
IPB24A-11,IPB24A-32,1039.135
IPB24A-11,IPB24A-33,1080.621
IPB24A-11,IPB24A-34,1080.621
IPB24A-11,IPB24A-35,1080.621
IPB24A-11,IPB24A-39,1177.516
IPB24A-11,IPB24A-4,19.073
IPB24A-11,IPB24A-43,1151.705
IPB24A-11,IPB24A-5,12.829
IPB24A-11,IPB24A-6,12.829
IPB24A-11,IPB24A-7,24.719
IPB24A-11,IPB24A-8,24.719
IPB24A-11,IPB24A-9,14.905
IPB24A-11,IPB24B-13,19.073
IPB24A-11,IPB24C-28,1039.135
IPB24A-11,IPB24D-50,1231.626
IPB24A-11,IPB24E-170,2384.644
IPB24A-11,IPB24E-171,2417.246
IPB24A-11,IPB24E-172,2417.246
IPB24A-11,IPB24E-174,1654.693
IPB24A-11,IPB24E-175,2402.566
IPB24A-11,IPB24E-177,2402.566
IPB24A-11,IPB24E-179,2370.702
IPB24A-11,IPB24E-180,2393.711
IPB24A-11,IPB24E-181,2447.685
IPB24A-11,IPB24E-182,2167.245
IPB24A-11,IPB24E-183,2399.840
IPB24A-11,IPB24E-188,2524.509
IPB24A-11,IPB24E-189,2364.956
IPB24A-11,IPB24E-191,1914.807
IPB24A-11,IPB24E-192,2399.526
IPB24A-11,IPB24E-193,2384.644
IPB24A-11,IPB24E-194,2447.685
IPB24A-11,IPB24E-195,2167.245
IPB24A-11,IPB24E-196,2399.526
IPB24A-11,IPB24E-197,2399.526
IPB24A-11,IPB24E-198,2379.120
IPB24A-11,IPB24E-199,2402.566
IPB24A-11,IPB24E-200,2404.769
IPB24A-11,IPB24G-202,2417.246
IPB24A-11,IPB24G-203,2417.246
IPB24A-11,IPB24G-204,2417.246
IPB24A-11,IPB24G-206,2393.711
IPB24A-11,IPB24G-207,1774.511
IPB24A-11,IPB24G-209,1738.224
IPB24A-11,IPB24G-210,1744.100
IPB24A-11,IPB24G-211,1768.500
IPB24A-11,IPB24G-212,2018.832
IPB24A-11,IPB24G-213,1982.342
IPB24A-11,IPB24G-214,2004.986
IPB24A-11,IPB24G-215,1855.821
IPB24A-11,IPB24G-216,1884.672
IPB24A-11,IPB24G-217,1876.362
IPB24A-11,IPB24G-218,1668.671
IPB24A-11,IPB24G-219,1855.821
IPB24A-11,IPB24G-220,1768.500
IPB24A-11,IPB24G-221,1855.821
IPB24A-11,IPB24G-222,1738.224
IPB24A-11,IPB24G-223,1774.511
IPB24A-11,IPB24G-224,1855.821
IPB24A-11,IPB24G-225,2018.832
IPB24A-11,IPB24G-227,1768.500
IPB24A-11,IPB24G-228,2004.986
IPB24A-11,IPB24G-229,1644.244
IPB24A-11,IPB24G-230,1768.500
IPB24A-11,IPB24G-231,1774.511
IPB24A-11,IPB24G-232,1855.821
IPB24A-11,IPB24G-233,1855.821
IPB24A-11,IPB24G-234,1855.821
IPB24A-11,IPB24G-235,2018.832
IPB24A-11,IPB24G-236,2018.832
IPB24A-11,IPB24G-237,2018.832
IPB24A-11,IPB24G-238,1971.834
IPB24A-11,IPB24G-239,2004.986
IPB24A-11,IPB24G-240,1965.678
IPB24A-11,IPB24G-241,1876.999
IPB24A-11,IPB24H-133,1115.314
IPB24A-11,IPB4B-78,2404.769
IPB24A-11,IPB4B-79,2404.769
IPB24A-11,IPB4B-80,2404.769
IPB24A-11,IPB6D-12,1778.093
IPB24A-11,IPB6D-3,1736.736
IPB24A-11,IPB6D-5,1709.832
IPB24A-11,IPB6D-6,1736.736
IPB24A-11,IPB6D-7,1736.736
IPB24A-12,IPB24A-13,19.073
IPB24A-12,IPB24A-14,13.657
IPB24A-12,IPB24A-15,13.657
IPB24A-12,IPB24A-17,20.644
IPB24A-12,IPB24A-18,19.073
IPB24A-12,IPB24A-19,19.073
IPB24A-12,IPB24A-2,17.354
IPB24A-12,IPB24A-20,12.829
IPB24A-12,IPB24A-21,12.829
IPB24A-12,IPB24A-27,1236.157
IPB24A-12,IPB24A-28,1080.621
IPB24A-12,IPB24A-29,1073.539
IPB24A-12,IPB24A-31,1039.135
IPB24A-12,IPB24A-32,1039.135
IPB24A-12,IPB24A-33,1080.621
IPB24A-12,IPB24A-34,1080.621
IPB24A-12,IPB24A-35,1080.621
IPB24A-12,IPB24A-36,875.774
IPB24A-12,IPB24A-4,19.073
IPB24A-12,IPB24A-42,1158.406
IPB24A-12,IPB24A-44,1234.386
IPB24A-12,IPB24A-5,12.829
IPB24A-12,IPB24A-6,12.829
IPB24A-12,IPB24A-7,24.719
IPB24A-12,IPB24A-8,24.719
IPB24A-12,IPB24A-9,14.905
IPB24A-12,IPB24B-13,19.073
IPB24A-12,IPB24C-28,1039.135
IPB24A-12,IPB24D-50,1231.626
IPB24A-12,IPB24E-170,2384.644
IPB24A-12,IPB24E-171,2417.246
IPB24A-12,IPB24E-172,2417.246
IPB24A-12,IPB24E-174,1654.693
IPB24A-12,IPB24E-175,2402.566
IPB24A-12,IPB24E-177,2402.566
IPB24A-12,IPB24E-179,2370.702
IPB24A-12,IPB24E-180,2393.711
IPB24A-12,IPB24E-181,2447.685
IPB24A-12,IPB24E-182,2167.245
IPB24A-12,IPB24E-183,2399.840
IPB24A-12,IPB24E-188,2524.509
IPB24A-12,IPB24E-189,2364.956
IPB24A-12,IPB24E-191,1914.807
IPB24A-12,IPB24E-192,2399.526
IPB24A-12,IPB24E-193,2384.644
IPB24A-12,IPB24E-194,2447.685
IPB24A-12,IPB24E-195,2167.245
IPB24A-12,IPB24E-196,2399.526
IPB24A-12,IPB24E-197,2399.526
IPB24A-12,IPB24E-198,2379.120
IPB24A-12,IPB24E-199,2402.566
IPB24A-12,IPB24E-200,2404.769
IPB24A-12,IPB24G-202,2417.246
IPB24A-12,IPB24G-203,2417.246
IPB24A-12,IPB24G-204,2417.246
IPB24A-12,IPB24G-206,2393.711
IPB24A-12,IPB24G-207,1774.511
IPB24A-12,IPB24G-209,1738.224
IPB24A-12,IPB24G-210,1744.100
IPB24A-12,IPB24G-211,1768.500
IPB24A-12,IPB24G-212,2018.832
IPB24A-12,IPB24G-213,1982.342
IPB24A-12,IPB24G-214,2004.986
IPB24A-12,IPB24G-215,1855.821
IPB24A-12,IPB24G-216,1884.672
IPB24A-12,IPB24G-217,1876.362
IPB24A-12,IPB24G-218,1668.671
IPB24A-12,IPB24G-219,1855.821
IPB24A-12,IPB24G-220,1768.500
IPB24A-12,IPB24G-221,1855.821
IPB24A-12,IPB24G-222,1738.224
IPB24A-12,IPB24G-223,1774.511
IPB24A-12,IPB24G-224,1855.821
IPB24A-12,IPB24G-225,2018.832
IPB24A-12,IPB24G-227,1768.500
IPB24A-12,IPB24G-228,2004.986
IPB24A-12,IPB24G-229,1644.244
IPB24A-12,IPB24G-230,1768.500
IPB24A-12,IPB24G-231,1774.511
IPB24A-12,IPB24G-232,1855.821
IPB24A-12,IPB24G-233,1855.821
IPB24A-12,IPB24G-234,1855.821
IPB24A-12,IPB24G-235,2018.832
IPB24A-12,IPB24G-236,2018.832
IPB24A-12,IPB24G-237,2018.832
IPB24A-12,IPB24G-238,1971.834
IPB24A-12,IPB24G-239,2004.986
IPB24A-12,IPB24G-240,1965.678
IPB24A-12,IPB24G-241,1876.999
IPB24A-12,IPB4B-2,1543.389
IPB24A-12,IPB4B-78,2404.769
IPB24A-12,IPB4B-79,2404.769
IPB24A-12,IPB4B-80,2404.769
IPB24A-12,IPB6D-12,1778.093
IPB24A-12,IPB6D-3,1736.736
IPB24A-12,IPB6D-5,1709.832
IPB24A-12,IPB6D-6,1736.736
IPB24A-12,IPB6D-7,1736.736
IPB24A-13,IPB24A-14,6.513
IPB24A-13,IPB24A-15,6.513
IPB24A-13,IPB24A-17,2.102
IPB24A-13,IPB24A-18,0.000
IPB24A-13,IPB24A-19,0.000
IPB24A-13,IPB24A-2,1.719
IPB24A-13,IPB24A-20,6.267
IPB24A-13,IPB24A-21,6.267
IPB24A-13,IPB24A-33,1073.553
IPB24A-13,IPB24A-34,1073.553
IPB24A-13,IPB24A-35,1073.553
IPB24A-13,IPB24A-39,1166.827
IPB24A-13,IPB24A-4,0.000
IPB24A-13,IPB24A-5,6.267
IPB24A-13,IPB24A-6,6.267
IPB24A-13,IPB24A-7,5.937
IPB24A-13,IPB24A-8,5.937
IPB24A-13,IPB24A-9,33.437
IPB24A-13,IPB24B-11,381.076
IPB24A-13,IPB24B-13,0.000
IPB24A-13,IPB24B-8,382.248
IPB24A-13,IPB24C-100,382.248
IPB24A-13,IPB24C-112,381.076
IPB24A-13,IPB24C-125,381.076
IPB24A-13,IPB24C-126,381.076
IPB24A-13,IPB24C-127,381.076
IPB24A-13,IPB24C-128,381.076
IPB24A-13,IPB24C-62,380.822
IPB24A-13,IPB24C-66,380.822
IPB24A-13,IPB24C-68,381.076
IPB24A-13,IPB24C-70,381.076
IPB24A-13,IPB24C-77,380.890
IPB24A-13,IPB24C-82,380.890
IPB24A-13,IPB24C-90,382.248
IPB24A-13,IPB24C-91,382.248
IPB24A-13,IPB24C-95,382.248
IPB24A-13,IPB24C-97,382.248
IPB24A-13,IPB24C-99,374.902
IPB24A-13,IPB24E-170,2369.228
IPB24A-13,IPB24E-171,2401.361
IPB24A-13,IPB24E-172,2401.361
IPB24A-13,IPB24E-174,1642.581
IPB24A-13,IPB24E-175,2388.258
IPB24A-13,IPB24E-177,2388.258
IPB24A-13,IPB24E-179,2354.810
IPB24A-13,IPB24E-180,2380.014
IPB24A-13,IPB24E-181,2432.228
IPB24A-13,IPB24E-182,2153.215
IPB24A-13,IPB24E-183,2385.016
IPB24A-13,IPB24E-188,2508.813
IPB24A-13,IPB24E-189,2350.003
IPB24A-13,IPB24E-191,1901.312
IPB24A-13,IPB24E-192,2385.310
IPB24A-13,IPB24E-193,2369.228
IPB24A-13,IPB24E-194,2432.228
IPB24A-13,IPB24E-195,2153.215
IPB24A-13,IPB24E-196,2385.310
IPB24A-13,IPB24E-197,2385.310
IPB24A-13,IPB24E-198,2364.710
IPB24A-13,IPB24E-199,2388.258
IPB24A-13,IPB24E-200,2390.481
IPB24A-13,IPB24G-202,2401.361
IPB24A-13,IPB24G-203,2401.361
IPB24A-13,IPB24G-204,2401.361
IPB24A-13,IPB24G-206,2380.014
IPB24A-13,IPB24G-207,1759.641
IPB24A-13,IPB24G-209,1723.148
IPB24A-13,IPB24G-210,1728.954
IPB24A-13,IPB24G-211,1753.395
IPB24A-13,IPB24G-212,2003.273
IPB24A-13,IPB24G-213,1966.368
IPB24A-13,IPB24G-214,1988.841
IPB24A-13,IPB24G-215,1841.205
IPB24A-13,IPB24G-216,1867.837
IPB24A-13,IPB24G-217,1859.538
IPB24A-13,IPB24G-218,1653.511
IPB24A-13,IPB24G-219,1841.205
IPB24A-13,IPB24G-220,1753.395
IPB24A-13,IPB24G-221,1841.205
IPB24A-13,IPB24G-222,1723.148
IPB24A-13,IPB24G-223,1759.641
IPB24A-13,IPB24G-224,1841.205
IPB24A-13,IPB24G-225,2003.273
IPB24A-13,IPB24G-227,1753.395
IPB24A-13,IPB24G-228,1988.841
IPB24A-13,IPB24G-229,1629.028
IPB24A-13,IPB24G-230,1753.395
IPB24A-13,IPB24G-231,1759.641
IPB24A-13,IPB24G-232,1841.205
IPB24A-13,IPB24G-233,1841.205
IPB24A-13,IPB24G-234,1841.205
IPB24A-13,IPB24G-235,2003.273
IPB24A-13,IPB24G-236,2003.273
IPB24A-13,IPB24G-237,2003.273
IPB24A-13,IPB24G-238,1955.842
IPB24A-13,IPB24G-239,1988.841
IPB24A-13,IPB24G-240,1948.989
IPB24A-13,IPB24G-241,1860.200
IPB24A-13,IPB24H-133,1097.373
IPB24A-13,IPB4B-78,2390.481
IPB24A-13,IPB4B-79,2390.481
IPB24A-13,IPB4B-80,2390.481
IPB24A-13,IPB6D-12,1765.422
IPB24A-13,IPB6D-3,1725.917
IPB24A-13,IPB6D-5,1698.993
IPB24A-13,IPB6D-6,1725.917
IPB24A-13,IPB6D-7,1725.917
IPB24A-14,IPB24A-15,0.000
IPB24A-14,IPB24A-17,7.451
IPB24A-14,IPB24A-18,6.513
IPB24A-14,IPB24A-19,6.513
IPB24A-14,IPB24A-2,5.038
IPB24A-14,IPB24A-20,2.646
IPB24A-14,IPB24A-21,2.646
IPB24A-14,IPB24A-27,1233.143
IPB24A-14,IPB24A-31,1037.962
IPB24A-14,IPB24A-32,1037.962
IPB24A-14,IPB24A-33,1078.486
IPB24A-14,IPB24A-34,1078.486
IPB24A-14,IPB24A-35,1078.486
IPB24A-14,IPB24A-36,873.768
IPB24A-14,IPB24A-37,1172.557
IPB24A-14,IPB24A-38,1172.557
IPB24A-14,IPB24A-39,1172.557
IPB24A-14,IPB24A-4,6.513
IPB24A-14,IPB24A-40,1047.648
IPB24A-14,IPB24A-41,1001.436
IPB24A-14,IPB24A-42,1156.742
IPB24A-14,IPB24A-43,1150.110
IPB24A-14,IPB24A-5,2.646
IPB24A-14,IPB24A-6,2.646
IPB24A-14,IPB24A-7,12.425
IPB24A-14,IPB24A-8,12.425
IPB24A-14,IPB24A-9,28.496
IPB24A-14,IPB24B-11,387.014
IPB24A-14,IPB24B-13,6.513
IPB24A-14,IPB24C-100,388.189
IPB24A-14,IPB24C-102,379.727
IPB24A-14,IPB24C-103,379.727
IPB24A-14,IPB24C-104,379.727
IPB24A-14,IPB24C-105,379.727
IPB24A-14,IPB24C-106,388.189
IPB24A-14,IPB24C-107,388.189
IPB24A-14,IPB24C-108,388.189
IPB24A-14,IPB24C-109,388.189
IPB24A-14,IPB24C-110,388.189
IPB24A-14,IPB24C-111,388.189
IPB24A-14,IPB24C-120,243.101
IPB24A-14,IPB24C-126,387.014
IPB24A-14,IPB24C-128,387.014
IPB24A-14,IPB24C-25,1233.143
IPB24A-14,IPB24C-68,387.014
IPB24A-14,IPB24C-84,391.445
IPB24A-14,IPB24C-89,388.189
IPB24A-14,IPB24C-95,388.189
IPB24A-14,IPB24C-96,388.189
IPB24A-14,IPB24C-97,388.189
IPB24A-14,IPB24D-46,1150.716
IPB24A-14,IPB24D-52,1218.480
IPB24A-14,IPB24E-170,2375.672
IPB24A-14,IPB24E-171,2407.840
IPB24A-14,IPB24E-172,2407.840
IPB24A-14,IPB24E-174,1648.579
IPB24A-14,IPB24E-175,2394.587
IPB24A-14,IPB24E-177,2394.587
IPB24A-14,IPB24E-179,2361.290
IPB24A-14,IPB24E-180,2386.262
IPB24A-14,IPB24E-181,2438.676
IPB24A-14,IPB24E-182,2159.508
IPB24A-14,IPB24E-183,2391.404
IPB24A-14,IPB24E-188,2515.279
IPB24A-14,IPB24E-189,2356.403
IPB24A-14,IPB24E-191,1907.531
IPB24A-14,IPB24E-192,2391.627
IPB24A-14,IPB24E-193,2375.672
IPB24A-14,IPB24E-194,2438.676
IPB24A-14,IPB24E-195,2159.508
IPB24A-14,IPB24E-196,2391.627
IPB24A-14,IPB24E-197,2391.627
IPB24A-14,IPB24E-198,2371.051
IPB24A-14,IPB24E-199,2394.587
IPB24A-14,IPB24E-200,2396.806
IPB24A-14,IPB24G-202,2407.840
IPB24A-14,IPB24G-203,2407.840
IPB24A-14,IPB24G-204,2407.840
IPB24A-14,IPB24G-206,2386.262
IPB24A-14,IPB24G-207,1766.032
IPB24A-14,IPB24G-209,1729.560
IPB24A-14,IPB24G-210,1735.373
IPB24A-14,IPB24G-211,1759.810
IPB24A-14,IPB24G-212,2009.729
IPB24A-14,IPB24G-213,1972.852
IPB24A-14,IPB24G-214,1995.334
IPB24A-14,IPB24G-215,1847.569
IPB24A-14,IPB24G-216,1874.350
IPB24A-14,IPB24G-217,1866.051
IPB24A-14,IPB24G-218,1659.931
IPB24A-14,IPB24G-219,1847.569
IPB24A-14,IPB24G-220,1759.810
IPB24A-14,IPB24G-221,1847.569
IPB24A-14,IPB24G-222,1729.560
IPB24A-14,IPB24G-223,1766.032
IPB24A-14,IPB24G-224,1847.569
IPB24A-14,IPB24G-225,2009.729
IPB24A-14,IPB24G-227,1759.810
IPB24A-14,IPB24G-228,1995.334
IPB24A-14,IPB24G-229,1635.453
IPB24A-14,IPB24G-230,1759.810
IPB24A-14,IPB24G-231,1766.032
IPB24A-14,IPB24G-232,1847.569
IPB24A-14,IPB24G-233,1847.569
IPB24A-14,IPB24G-234,1847.569
IPB24A-14,IPB24G-235,2009.729
IPB24A-14,IPB24G-236,2009.729
IPB24A-14,IPB24G-237,2009.729
IPB24A-14,IPB24G-238,1962.327
IPB24A-14,IPB24G-239,1995.334
IPB24A-14,IPB24G-240,1955.500
IPB24A-14,IPB24G-241,1866.712
IPB24A-14,IPB24H-133,1103.825
IPB24A-14,IPB4B-52,718.545
IPB24A-14,IPB4B-67,2407.470
IPB24A-14,IPB4B-78,2396.806
IPB24A-14,IPB4B-79,2396.806
IPB24A-14,IPB4B-80,2396.806
IPB24A-14,IPB6D-12,1771.514
IPB24A-14,IPB6D-3,1731.678
IPB24A-14,IPB6D-5,1704.758
IPB24A-14,IPB6D-6,1731.678
IPB24A-14,IPB6D-7,1731.678
IPB24A-15,IPB24A-17,7.451
IPB24A-15,IPB24A-18,6.513
IPB24A-15,IPB24A-19,6.513
IPB24A-15,IPB24A-2,5.038
IPB24A-15,IPB24A-20,2.646
IPB24A-15,IPB24A-21,2.646
IPB24A-15,IPB24A-27,1233.143
IPB24A-15,IPB24A-33,1078.486
IPB24A-15,IPB24A-34,1078.486
IPB24A-15,IPB24A-35,1078.486
IPB24A-15,IPB24A-36,873.768
IPB24A-15,IPB24A-37,1172.557
IPB24A-15,IPB24A-38,1172.557
IPB24A-15,IPB24A-39,1172.557
IPB24A-15,IPB24A-4,6.513
IPB24A-15,IPB24A-40,1047.648
IPB24A-15,IPB24A-5,2.646
IPB24A-15,IPB24A-6,2.646
IPB24A-15,IPB24A-7,12.425
IPB24A-15,IPB24A-8,12.425
IPB24A-15,IPB24A-9,28.496
IPB24A-15,IPB24B-11,387.014
IPB24A-15,IPB24B-12,387.014
IPB24A-15,IPB24B-13,6.513
IPB24A-15,IPB24C-105,379.727
IPB24A-15,IPB24C-106,388.189
IPB24A-15,IPB24C-107,388.189
IPB24A-15,IPB24C-108,388.189
IPB24A-15,IPB24C-109,388.189
IPB24A-15,IPB24C-110,388.189
IPB24A-15,IPB24C-111,388.189
IPB24A-15,IPB24C-115,387.014
IPB24A-15,IPB24C-119,238.766
IPB24A-15,IPB24C-125,387.014
IPB24A-15,IPB24C-126,387.014
IPB24A-15,IPB24C-127,387.014
IPB24A-15,IPB24C-128,387.014
IPB24A-15,IPB24C-62,386.753
IPB24A-15,IPB24C-63,386.753
IPB24A-15,IPB24C-66,386.753
IPB24A-15,IPB24C-68,387.014
IPB24A-15,IPB24C-84,391.445
IPB24A-15,IPB24C-89,388.189
IPB24A-15,IPB24C-90,388.189
IPB24A-15,IPB24C-91,388.189
IPB24A-15,IPB24C-92,388.189
IPB24A-15,IPB24C-95,388.189
IPB24A-15,IPB24C-96,388.189
IPB24A-15,IPB24C-97,388.189
IPB24A-15,IPB24E-170,2375.672
IPB24A-15,IPB24E-171,2407.840
IPB24A-15,IPB24E-172,2407.840
IPB24A-15,IPB24E-174,1648.579
IPB24A-15,IPB24E-175,2394.587
IPB24A-15,IPB24E-177,2394.587
IPB24A-15,IPB24E-179,2361.290
IPB24A-15,IPB24E-180,2386.262
IPB24A-15,IPB24E-181,2438.676
IPB24A-15,IPB24E-182,2159.508
IPB24A-15,IPB24E-183,2391.404
IPB24A-15,IPB24E-188,2515.279
IPB24A-15,IPB24E-189,2356.403
IPB24A-15,IPB24E-191,1907.531
IPB24A-15,IPB24E-192,2391.627
IPB24A-15,IPB24E-193,2375.672
IPB24A-15,IPB24E-194,2438.676
IPB24A-15,IPB24E-195,2159.508
IPB24A-15,IPB24E-196,2391.627
IPB24A-15,IPB24E-197,2391.627
IPB24A-15,IPB24E-198,2371.051
IPB24A-15,IPB24E-199,2394.587
IPB24A-15,IPB24E-200,2396.806
IPB24A-15,IPB24G-202,2407.840
IPB24A-15,IPB24G-203,2407.840
IPB24A-15,IPB24G-204,2407.840
IPB24A-15,IPB24G-206,2386.262
IPB24A-15,IPB24G-207,1766.032
IPB24A-15,IPB24G-209,1729.560
IPB24A-15,IPB24G-210,1735.373
IPB24A-15,IPB24G-211,1759.810
IPB24A-15,IPB24G-212,2009.729
IPB24A-15,IPB24G-213,1972.852
IPB24A-15,IPB24G-214,1995.334
IPB24A-15,IPB24G-215,1847.569
IPB24A-15,IPB24G-216,1874.350
IPB24A-15,IPB24G-217,1866.051
IPB24A-15,IPB24G-218,1659.931
IPB24A-15,IPB24G-219,1847.569
IPB24A-15,IPB24G-220,1759.810
IPB24A-15,IPB24G-221,1847.569
IPB24A-15,IPB24G-222,1729.560
IPB24A-15,IPB24G-223,1766.032
IPB24A-15,IPB24G-224,1847.569
IPB24A-15,IPB24G-225,2009.729
IPB24A-15,IPB24G-227,1759.810
IPB24A-15,IPB24G-228,1995.334
IPB24A-15,IPB24G-229,1635.453
IPB24A-15,IPB24G-230,1759.810
IPB24A-15,IPB24G-231,1766.032
IPB24A-15,IPB24G-232,1847.569
IPB24A-15,IPB24G-233,1847.569
IPB24A-15,IPB24G-234,1847.569
IPB24A-15,IPB24G-235,2009.729
IPB24A-15,IPB24G-236,2009.729
IPB24A-15,IPB24G-237,2009.729
IPB24A-15,IPB24G-238,1962.327
IPB24A-15,IPB24G-239,1995.334
IPB24A-15,IPB24G-240,1955.500
IPB24A-15,IPB24G-241,1866.712
IPB24A-15,IPB24H-133,1103.825
IPB24A-15,IPB4B-18,762.850
IPB24A-15,IPB4B-2,1539.754
IPB24A-15,IPB4B-25,711.107
IPB24A-15,IPB4B-36,1543.209
IPB24A-15,IPB4B-52,718.545
IPB24A-15,IPB4B-6,1087.003
IPB24A-15,IPB4B-67,2407.470
IPB24A-15,IPB4B-68,2407.470
IPB24A-15,IPB4B-78,2396.806
IPB24A-15,IPB4B-79,2396.806
IPB24A-15,IPB4B-80,2396.806
IPB24A-15,IPB6D-12,1771.514
IPB24A-15,IPB6D-3,1731.678
IPB24A-15,IPB6D-5,1704.758
IPB24A-15,IPB6D-6,1731.678
IPB24A-15,IPB6D-7,1731.678
IPB24A-17,IPB24A-18,2.102
IPB24A-17,IPB24A-19,2.102
IPB24A-17,IPB24A-2,3.536
IPB24A-17,IPB24A-20,7.837
IPB24A-17,IPB24A-21,7.837
IPB24A-17,IPB24A-27,1228.608
IPB24A-17,IPB24A-29,1067.305
IPB24A-17,IPB24A-37,1167.194
IPB24A-17,IPB24A-38,1167.194
IPB24A-17,IPB24A-39,1167.194
IPB24A-17,IPB24A-4,2.102
IPB24A-17,IPB24A-40,1042.129
IPB24A-17,IPB24A-42,1152.828
IPB24A-17,IPB24A-5,7.837
IPB24A-17,IPB24A-6,7.837
IPB24A-17,IPB24A-7,5.370
IPB24A-17,IPB24A-8,5.370
IPB24A-17,IPB24A-9,35.186
IPB24A-17,IPB24B-13,2.102
IPB24A-17,IPB24E-170,2368.860
IPB24A-17,IPB24E-171,2400.904
IPB24A-17,IPB24E-172,2400.904
IPB24A-17,IPB24E-174,1642.748
IPB24A-17,IPB24E-175,2388.085
IPB24A-17,IPB24E-177,2388.085
IPB24A-17,IPB24E-179,2354.353
IPB24A-17,IPB24E-180,2379.939
IPB24A-17,IPB24E-181,2431.853
IPB24A-17,IPB24E-182,2153.088
IPB24A-17,IPB24E-183,2384.755
IPB24A-17,IPB24E-188,2508.392
IPB24A-17,IPB24E-189,2349.719
IPB24A-17,IPB24E-191,1901.271
IPB24A-17,IPB24E-192,2385.152
IPB24A-17,IPB24E-193,2368.860
IPB24A-17,IPB24E-194,2431.853
IPB24A-17,IPB24E-195,2153.088
IPB24A-17,IPB24E-196,2385.152
IPB24A-17,IPB24E-197,2385.152
IPB24A-17,IPB24E-198,2364.520
IPB24A-17,IPB24E-199,2388.085
IPB24A-17,IPB24E-200,2390.310
IPB24A-17,IPB24G-202,2400.904
IPB24A-17,IPB24G-203,2400.904
IPB24A-17,IPB24G-204,2400.904
IPB24A-17,IPB24G-206,2379.939
IPB24A-17,IPB24G-207,1759.374
IPB24A-17,IPB24G-209,1722.844
IPB24A-17,IPB24G-210,1728.638
IPB24A-17,IPB24G-211,1753.086
IPB24A-17,IPB24G-212,2002.880
IPB24A-17,IPB24G-213,1965.895
IPB24A-17,IPB24G-214,1988.333
IPB24A-17,IPB24G-215,1840.982
IPB24A-17,IPB24G-216,1867.183
IPB24A-17,IPB24G-217,1858.887
IPB24A-17,IPB24G-218,1653.193
IPB24A-17,IPB24G-219,1840.982
IPB24A-17,IPB24G-220,1753.086
IPB24A-17,IPB24G-221,1840.982
IPB24A-17,IPB24G-222,1722.844
IPB24A-17,IPB24G-223,1759.374
IPB24A-17,IPB24G-224,1840.982
IPB24A-17,IPB24G-225,2002.880
IPB24A-17,IPB24G-227,1753.086
IPB24A-17,IPB24G-228,1988.333
IPB24A-17,IPB24G-229,1628.700
IPB24A-17,IPB24G-230,1753.086
IPB24A-17,IPB24G-231,1759.374
IPB24A-17,IPB24G-232,1840.982
IPB24A-17,IPB24G-233,1840.982
IPB24A-17,IPB24G-234,1840.982
IPB24A-17,IPB24G-235,2002.880
IPB24A-17,IPB24G-236,2002.880
IPB24A-17,IPB24G-237,2002.880
IPB24A-17,IPB24G-238,1955.366
IPB24A-17,IPB24G-239,1988.333
IPB24A-17,IPB24G-240,1948.367
IPB24A-17,IPB24G-241,1859.554
IPB24A-17,IPB4B-78,2390.310
IPB24A-17,IPB4B-79,2390.310
IPB24A-17,IPB4B-80,2390.310
IPB24A-17,IPB6D-12,1765.508
IPB24A-17,IPB6D-3,1726.261
IPB24A-17,IPB6D-5,1699.335
IPB24A-17,IPB6D-6,1726.261
IPB24A-17,IPB6D-7,1726.261
IPB24A-18,IPB24A-19,0.000
IPB24A-18,IPB24A-2,1.719
IPB24A-18,IPB24A-20,6.267
IPB24A-18,IPB24A-21,6.267
IPB24A-18,IPB24A-27,1227.937
IPB24A-18,IPB24A-36,868.884
IPB24A-18,IPB24A-37,1166.827
IPB24A-18,IPB24A-38,1166.827
IPB24A-18,IPB24A-39,1166.827
IPB24A-18,IPB24A-4,0.000
IPB24A-18,IPB24A-40,1041.826
IPB24A-18,IPB24A-5,6.267
IPB24A-18,IPB24A-6,6.267
IPB24A-18,IPB24A-7,5.937
IPB24A-18,IPB24A-8,5.937
IPB24A-18,IPB24A-9,33.437
IPB24A-18,IPB24B-13,0.000
IPB24A-18,IPB24E-170,2369.228
IPB24A-18,IPB24E-171,2401.361
IPB24A-18,IPB24E-172,2401.361
IPB24A-18,IPB24E-174,1642.581
IPB24A-18,IPB24E-175,2388.258
IPB24A-18,IPB24E-177,2388.258
IPB24A-18,IPB24E-179,2354.810
IPB24A-18,IPB24E-180,2380.014
IPB24A-18,IPB24E-181,2432.228
IPB24A-18,IPB24E-182,2153.215
IPB24A-18,IPB24E-183,2385.016
IPB24A-18,IPB24E-188,2508.813
IPB24A-18,IPB24E-189,2350.003
IPB24A-18,IPB24E-191,1901.312
IPB24A-18,IPB24E-192,2385.310
IPB24A-18,IPB24E-193,2369.228
IPB24A-18,IPB24E-194,2432.228
IPB24A-18,IPB24E-195,2153.215
IPB24A-18,IPB24E-196,2385.310
IPB24A-18,IPB24E-197,2385.310
IPB24A-18,IPB24E-198,2364.710
IPB24A-18,IPB24E-199,2388.258
IPB24A-18,IPB24E-200,2390.481
IPB24A-18,IPB24G-202,2401.361
IPB24A-18,IPB24G-203,2401.361
IPB24A-18,IPB24G-204,2401.361
IPB24A-18,IPB24G-206,2380.014
IPB24A-18,IPB24G-207,1759.641
IPB24A-18,IPB24G-209,1723.148
IPB24A-18,IPB24G-210,1728.954
IPB24A-18,IPB24G-211,1753.395
IPB24A-18,IPB24G-212,2003.273
IPB24A-18,IPB24G-213,1966.368
IPB24A-18,IPB24G-214,1988.841
IPB24A-18,IPB24G-215,1841.205
IPB24A-18,IPB24G-216,1867.837
IPB24A-18,IPB24G-217,1859.538
IPB24A-18,IPB24G-218,1653.511
IPB24A-18,IPB24G-219,1841.205
IPB24A-18,IPB24G-220,1753.395
IPB24A-18,IPB24G-221,1841.205
IPB24A-18,IPB24G-222,1723.148
IPB24A-18,IPB24G-223,1759.641
IPB24A-18,IPB24G-224,1841.205
IPB24A-18,IPB24G-225,2003.273
IPB24A-18,IPB24G-227,1753.395
IPB24A-18,IPB24G-228,1988.841
IPB24A-18,IPB24G-229,1629.028
IPB24A-18,IPB24G-230,1753.395
IPB24A-18,IPB24G-231,1759.641
IPB24A-18,IPB24G-232,1841.205
IPB24A-18,IPB24G-233,1841.205
IPB24A-18,IPB24G-234,1841.205
IPB24A-18,IPB24G-235,2003.273
IPB24A-18,IPB24G-236,2003.273
IPB24A-18,IPB24G-237,2003.273
IPB24A-18,IPB24G-238,1955.842
IPB24A-18,IPB24G-239,1988.841
IPB24A-18,IPB24G-240,1948.989
IPB24A-18,IPB24G-241,1860.200
IPB24A-18,IPB4B-78,2390.481
IPB24A-18,IPB4B-79,2390.481
IPB24A-18,IPB4B-80,2390.481
IPB24A-18,IPB6D-12,1765.422
IPB24A-18,IPB6D-3,1725.917
IPB24A-18,IPB6D-5,1698.993
IPB24A-18,IPB6D-6,1725.917
IPB24A-18,IPB6D-7,1725.917
IPB24A-19,IPB24A-2,1.719
IPB24A-19,IPB24A-20,6.267
IPB24A-19,IPB24A-21,6.267
IPB24A-19,IPB24A-27,1227.937
IPB24A-19,IPB24A-28,1073.553
IPB24A-19,IPB24A-29,1066.498
IPB24A-19,IPB24A-31,1033.346
IPB24A-19,IPB24A-32,1033.346
IPB24A-19,IPB24A-33,1073.553
IPB24A-19,IPB24A-4,0.000
IPB24A-19,IPB24A-40,1041.826
IPB24A-19,IPB24A-41,995.813
IPB24A-19,IPB24A-42,1151.958
IPB24A-19,IPB24A-43,1145.349
IPB24A-19,IPB24A-5,6.267
IPB24A-19,IPB24A-6,6.267
IPB24A-19,IPB24A-7,5.937
IPB24A-19,IPB24A-8,5.937
IPB24A-19,IPB24A-9,33.437
IPB24A-19,IPB24C-112,381.076
IPB24A-19,IPB24C-114,381.076
IPB24A-19,IPB24C-117,380.890
IPB24A-19,IPB24C-120,237.273
IPB24A-19,IPB24C-28,1033.346
IPB24A-19,IPB24E-170,2369.228
IPB24A-19,IPB24E-171,2401.361
IPB24A-19,IPB24E-172,2401.361
IPB24A-19,IPB24E-174,1642.581
IPB24A-19,IPB24E-175,2388.258
IPB24A-19,IPB24E-177,2388.258
IPB24A-19,IPB24E-179,2354.810
IPB24A-19,IPB24E-180,2380.014
IPB24A-19,IPB24E-181,2432.228
IPB24A-19,IPB24E-182,2153.215
IPB24A-19,IPB24E-183,2385.016
IPB24A-19,IPB24E-188,2508.813
IPB24A-19,IPB24E-189,2350.003
IPB24A-19,IPB24E-191,1901.312
IPB24A-19,IPB24E-192,2385.310
IPB24A-19,IPB24E-193,2369.228
IPB24A-19,IPB24E-194,2432.228
IPB24A-19,IPB24E-195,2153.215
IPB24A-19,IPB24E-196,2385.310
IPB24A-19,IPB24E-197,2385.310
IPB24A-19,IPB24E-198,2364.710
IPB24A-19,IPB24E-199,2388.258
IPB24A-19,IPB24E-200,2390.481
IPB24A-19,IPB24G-202,2401.361
IPB24A-19,IPB24G-203,2401.361
IPB24A-19,IPB24G-204,2401.361
IPB24A-19,IPB24G-206,2380.014
IPB24A-19,IPB24G-207,1759.641
IPB24A-19,IPB24G-209,1723.148
IPB24A-19,IPB24G-210,1728.954
IPB24A-19,IPB24G-211,1753.395
IPB24A-19,IPB24G-212,2003.273
IPB24A-19,IPB24G-213,1966.368
IPB24A-19,IPB24G-214,1988.841
IPB24A-19,IPB24G-215,1841.205
IPB24A-19,IPB24G-216,1867.837
IPB24A-19,IPB24G-217,1859.538
IPB24A-19,IPB24G-218,1653.511
IPB24A-19,IPB24G-219,1841.205
IPB24A-19,IPB24G-220,1753.395
IPB24A-19,IPB24G-221,1841.205
IPB24A-19,IPB24G-222,1723.148
IPB24A-19,IPB24G-223,1759.641
IPB24A-19,IPB24G-224,1841.205
IPB24A-19,IPB24G-225,2003.273
IPB24A-19,IPB24G-227,1753.395
IPB24A-19,IPB24G-228,1988.841
IPB24A-19,IPB24G-229,1629.028
IPB24A-19,IPB24G-230,1753.395
IPB24A-19,IPB24G-231,1759.641
IPB24A-19,IPB24G-232,1841.205
IPB24A-19,IPB24G-233,1841.205
IPB24A-19,IPB24G-234,1841.205
IPB24A-19,IPB24G-235,2003.273
IPB24A-19,IPB24G-236,2003.273
IPB24A-19,IPB24G-238,1955.842
IPB24A-19,IPB24G-239,1988.841
IPB24A-19,IPB24G-240,1948.989
IPB24A-19,IPB24H-133,1097.373
IPB24A-19,IPB4B-2,1534.365
IPB24A-19,IPB4B-22,255.258
IPB24A-19,IPB4B-80,2390.481
IPB24A-19,IPB6D-12,1765.422
IPB24A-19,IPB6D-3,1725.917
IPB24A-19,IPB6D-5,1698.993
IPB24A-19,IPB6D-6,1725.917
IPB24A-19,IPB6D-7,1725.917
IPB24A-2,IPB24A-20,4.551
IPB24A-2,IPB24A-21,4.551
IPB24A-2,IPB24A-28,1074.208
IPB24A-2,IPB24A-32,1033.885
IPB24A-2,IPB24A-33,1074.208
IPB24A-2,IPB24A-35,1074.208
IPB24A-2,IPB24A-39,1167.809
IPB24A-2,IPB24A-4,1.719
IPB24A-2,IPB24A-40,1042.850
IPB24A-2,IPB24A-41,996.746
IPB24A-2,IPB24A-42,1152.558
IPB24A-2,IPB24A-5,4.551
IPB24A-2,IPB24A-6,4.551
IPB24A-2,IPB24A-7,7.579
IPB24A-2,IPB24A-8,7.579
IPB24A-2,IPB24A-9,31.746
IPB24A-2,IPB24B-13,1.719
IPB24A-2,IPB24C-112,382.794
IPB24A-2,IPB24C-114,382.794
IPB24A-2,IPB24C-117,382.608
IPB24A-2,IPB24C-120,238.992
IPB24A-2,IPB24D-50,1223.588
IPB24A-2,IPB24E-170,2370.635
IPB24A-2,IPB24E-171,2402.809
IPB24A-2,IPB24E-172,2402.809
IPB24A-2,IPB24E-174,1643.692
IPB24A-2,IPB24E-175,2389.567
IPB24A-2,IPB24E-177,2389.567
IPB24A-2,IPB24E-179,2356.259
IPB24A-2,IPB24E-180,2381.268
IPB24A-2,IPB24E-181,2433.638
IPB24A-2,IPB24E-182,2154.499
IPB24A-2,IPB24E-183,2386.370
IPB24A-2,IPB24E-188,2510.244
IPB24A-2,IPB24E-189,2351.368
IPB24A-2,IPB24E-191,1902.547
IPB24A-2,IPB24E-192,2386.610
IPB24A-2,IPB24E-193,2370.635
IPB24A-2,IPB24E-194,2433.638
IPB24A-2,IPB24E-195,2154.499
IPB24A-2,IPB24E-196,2386.610
IPB24A-2,IPB24E-197,2386.610
IPB24A-2,IPB24E-198,2366.027
IPB24A-2,IPB24E-199,2389.567
IPB24A-2,IPB24E-200,2391.787
IPB24A-2,IPB24G-202,2402.809
IPB24A-2,IPB24G-203,2402.809
IPB24A-2,IPB24G-204,2402.809
IPB24A-2,IPB24G-206,2381.268
IPB24A-2,IPB24G-207,1760.998
IPB24A-2,IPB24G-209,1724.523
IPB24A-2,IPB24G-210,1730.336
IPB24A-2,IPB24G-211,1754.773
IPB24A-2,IPB24G-212,2004.692
IPB24A-2,IPB24G-213,1967.823
IPB24A-2,IPB24G-214,1990.311
IPB24A-2,IPB24G-215,1842.540
IPB24A-2,IPB24G-216,1869.368
IPB24A-2,IPB24G-217,1861.068
IPB24A-2,IPB24G-218,1654.894
IPB24A-2,IPB24G-219,1842.540
IPB24A-2,IPB24G-220,1754.773
IPB24A-2,IPB24G-221,1842.540
IPB24A-2,IPB24G-222,1724.523
IPB24A-2,IPB24G-223,1760.998
IPB24A-2,IPB24G-224,1842.540
IPB24A-2,IPB24G-225,2004.692
IPB24A-2,IPB24G-227,1754.773
IPB24A-2,IPB24G-228,1990.311
IPB24A-2,IPB24G-229,1630.416
IPB24A-2,IPB24G-230,1754.773
IPB24A-2,IPB24G-231,1760.998
IPB24A-2,IPB24G-232,1842.540
IPB24A-2,IPB24G-233,1842.540
IPB24A-2,IPB24G-234,1842.540
IPB24A-2,IPB24G-235,2004.692
IPB24A-2,IPB24G-236,2004.692
IPB24A-2,IPB24G-237,2004.692
IPB24A-2,IPB24G-238,1957.299
IPB24A-2,IPB24G-239,1990.311
IPB24A-2,IPB24G-240,1950.507
IPB24A-2,IPB24G-241,1861.727
IPB24A-2,IPB24H-133,1098.999
IPB24A-2,IPB4B-78,2391.787
IPB24A-2,IPB4B-79,2391.787
IPB24A-2,IPB4B-80,2391.787
IPB24A-2,IPB6D-12,1766.584
IPB24A-2,IPB6D-3,1726.913
IPB24A-2,IPB6D-5,1699.991
IPB24A-2,IPB6D-6,1726.913
IPB24A-2,IPB6D-7,1726.913
IPB24A-20,IPB24A-21,0.000
IPB24A-20,IPB24A-28,1076.249
IPB24A-20,IPB24A-29,1069.185
IPB24A-20,IPB24A-32,1035.630
IPB24A-20,IPB24A-4,6.267
IPB24A-20,IPB24A-40,1045.823
IPB24A-20,IPB24A-41,999.492
IPB24A-20,IPB24A-42,1154.457
IPB24A-20,IPB24A-44,1228.798
IPB24A-20,IPB24A-5,0.000
IPB24A-20,IPB24A-6,0.000
IPB24A-20,IPB24A-7,12.077
IPB24A-20,IPB24A-8,12.077
IPB24A-20,IPB24A-9,27.369
IPB24A-20,IPB24B-13,6.267
IPB24A-20,IPB24C-112,387.343
IPB24A-20,IPB24C-114,387.343
IPB24A-20,IPB24C-117,387.157
IPB24A-20,IPB24C-120,243.531
IPB24A-20,IPB24E-170,2374.536
IPB24A-20,IPB24E-171,2406.807
IPB24A-20,IPB24E-172,2406.807
IPB24A-20,IPB24E-174,1646.878
IPB24A-20,IPB24E-175,2393.233
IPB24A-20,IPB24E-177,2393.233
IPB24A-20,IPB24E-179,2360.259
IPB24A-20,IPB24E-180,2384.803
IPB24A-20,IPB24E-181,2437.548
IPB24A-20,IPB24E-182,2158.105
IPB24A-20,IPB24E-183,2390.147
IPB24A-20,IPB24E-188,2514.204
IPB24A-20,IPB24E-189,2355.172
IPB24A-20,IPB24E-191,1906.037
IPB24A-20,IPB24E-192,2390.257
IPB24A-20,IPB24E-193,2374.536
IPB24A-20,IPB24E-194,2437.548
IPB24A-20,IPB24E-195,2158.105
IPB24A-20,IPB24E-196,2390.257
IPB24A-20,IPB24E-197,2390.257
IPB24A-20,IPB24E-198,2369.716
IPB24A-20,IPB24E-199,2393.233
IPB24A-20,IPB24E-200,2395.450
IPB24A-20,IPB24G-202,2406.807
IPB24A-20,IPB24G-203,2406.807
IPB24A-20,IPB24G-204,2406.807
IPB24A-20,IPB24G-206,2384.803
IPB24A-20,IPB24G-207,1764.783
IPB24A-20,IPB24G-209,1728.351
IPB24A-20,IPB24G-210,1734.179
IPB24A-20,IPB24G-211,1758.607
IPB24A-20,IPB24G-212,2008.622
IPB24A-20,IPB24G-213,1971.839
IPB24A-20,IPB24G-214,1994.362
IPB24A-20,IPB24G-215,1846.271
IPB24A-20,IPB24G-216,1873.558
IPB24A-20,IPB24G-217,1865.256
IPB24A-20,IPB24G-218,1658.740
IPB24A-20,IPB24G-219,1846.271
IPB24A-20,IPB24G-220,1758.607
IPB24A-20,IPB24G-221,1846.271
IPB24A-20,IPB24G-222,1728.351
IPB24A-20,IPB24G-223,1764.783
IPB24A-20,IPB24G-225,2008.622
IPB24A-20,IPB24G-227,1758.607
IPB24A-20,IPB24G-228,1994.362
IPB24A-20,IPB24G-229,1634.273
IPB24A-20,IPB24G-230,1758.607
IPB24A-20,IPB24G-231,1764.783
IPB24A-20,IPB24G-232,1846.271
IPB24A-20,IPB24G-233,1846.271
IPB24A-20,IPB24G-234,1846.271
IPB24A-20,IPB24G-235,2008.622
IPB24A-20,IPB24G-236,2008.622
IPB24A-20,IPB24G-237,2008.622
IPB24A-20,IPB24G-239,1994.362
IPB24A-20,IPB24G-240,1954.668
IPB24A-20,IPB24G-241,1865.910
IPB24A-20,IPB4B-78,2395.450
IPB24A-20,IPB4B-79,2395.450
IPB24A-20,IPB4B-80,2395.450
IPB24A-20,IPB6D-12,1769.893
IPB24A-20,IPB6D-3,1729.812
IPB24A-20,IPB6D-5,1702.894
IPB24A-20,IPB6D-6,1729.812
IPB24A-20,IPB6D-7,1729.812
IPB24A-21,IPB24A-27,1231.004
IPB24A-21,IPB24A-28,1076.249
IPB24A-21,IPB24A-29,1069.185
IPB24A-21,IPB24A-31,1035.630
IPB24A-21,IPB24A-33,1076.249
IPB24A-21,IPB24A-4,6.267
IPB24A-21,IPB24A-40,1045.823
IPB24A-21,IPB24A-41,999.492
IPB24A-21,IPB24A-42,1154.457
IPB24A-21,IPB24A-43,1147.818
IPB24A-21,IPB24A-45,1227.974
IPB24A-21,IPB24A-5,0.000
IPB24A-21,IPB24A-6,0.000
IPB24A-21,IPB24A-7,12.077
IPB24A-21,IPB24A-8,12.077
IPB24A-21,IPB24A-9,27.369
IPB24A-21,IPB24B-9,387.343
IPB24A-21,IPB24C-112,387.343
IPB24A-21,IPB24C-114,387.343
IPB24A-21,IPB24C-117,387.157
IPB24A-21,IPB24C-119,239.102
IPB24A-21,IPB24C-120,243.531
IPB24A-21,IPB24C-125,387.343
IPB24A-21,IPB24C-126,387.343
IPB24A-21,IPB24C-68,387.343
IPB24A-21,IPB24C-78,387.157
IPB24A-21,IPB24C-95,388.514
IPB24A-21,IPB24C-99,381.168
IPB24A-21,IPB24E-170,2374.536
IPB24A-21,IPB24E-171,2406.807
IPB24A-21,IPB24E-181,2437.548
IPB24A-21,IPB24E-182,2158.105
IPB24A-21,IPB24E-189,2355.172
IPB24A-21,IPB24E-192,2390.257
IPB24A-21,IPB24E-193,2374.536
IPB24A-21,IPB24E-195,2158.105
IPB24A-21,IPB24E-196,2390.257
IPB24A-21,IPB24E-197,2390.257
IPB24A-21,IPB24E-198,2369.716
IPB24A-21,IPB24E-200,2395.450
IPB24A-21,IPB24G-204,2406.807
IPB24A-21,IPB24G-206,2384.803
IPB24A-21,IPB24G-207,1764.783
IPB24A-21,IPB24G-210,1734.179
IPB24A-21,IPB24G-211,1758.607
IPB24A-21,IPB24G-212,2008.622
IPB24A-21,IPB24G-213,1971.839
IPB24A-21,IPB24G-214,1994.362
IPB24A-21,IPB24G-215,1846.271
IPB24A-21,IPB24G-216,1873.558
IPB24A-21,IPB24G-217,1865.256
IPB24A-21,IPB24G-218,1658.740
IPB24A-21,IPB24G-220,1758.607
IPB24A-21,IPB24G-221,1846.271
IPB24A-21,IPB24G-222,1728.351
IPB24A-21,IPB24G-223,1764.783
IPB24A-21,IPB24G-224,1846.271
IPB24A-21,IPB24G-228,1994.362
IPB24A-21,IPB24G-229,1634.273
IPB24A-21,IPB24G-230,1758.607
IPB24A-21,IPB24G-231,1764.783
IPB24A-21,IPB24G-232,1846.271
IPB24A-21,IPB24G-233,1846.271
IPB24A-21,IPB24G-234,1846.271
IPB24A-21,IPB24G-236,2008.622
IPB24A-21,IPB24G-239,1994.362
IPB24A-21,IPB24G-240,1954.668
IPB24A-21,IPB24H-133,1103.399
IPB24A-21,IPB4B-22,261.525
IPB24A-21,IPB4B-80,2395.450
IPB24A-21,IPB6D-5,1702.894
IPB24A-21,IPB6D-6,1729.812
IPB24A-21,IPB6D-7,1729.812
IPB24A-27,IPB24A-28,172.377
IPB24A-27,IPB24A-29,179.409
IPB24A-27,IPB24A-31,249.111
IPB24A-27,IPB24A-32,249.111
IPB24A-27,IPB24A-33,172.377
IPB24A-27,IPB24A-37,188.005
IPB24A-27,IPB24A-38,188.005
IPB24A-27,IPB24A-39,188.005
IPB24A-27,IPB24A-4,1227.937
IPB24A-27,IPB24A-40,275.083
IPB24A-27,IPB24A-42,141.977
IPB24A-27,IPB24A-43,150.357
IPB24A-27,IPB24A-44,45.801
IPB24A-27,IPB24A-5,1231.004
IPB24A-27,IPB24A-6,1231.004
IPB24A-27,IPB24A-7,1223.694
IPB24A-27,IPB24A-8,1223.694
IPB24A-27,IPB24A-9,1237.616
IPB24A-27,IPB24B-1,88.244
IPB24A-27,IPB24B-11,1097.674
IPB24A-27,IPB24B-14,602.949
IPB24A-27,IPB24C-100,1096.969
IPB24A-27,IPB24C-102,1096.351
IPB24A-27,IPB24C-103,1096.351
IPB24A-27,IPB24C-104,1096.351
IPB24A-27,IPB24C-105,1096.351
IPB24A-27,IPB24C-106,1096.969
IPB24A-27,IPB24C-107,1096.969
IPB24A-27,IPB24C-108,1096.969
IPB24A-27,IPB24C-109,1096.969
IPB24A-27,IPB24C-110,1096.969
IPB24A-27,IPB24C-111,1096.969
IPB24A-27,IPB24C-120,1143.282
IPB24A-27,IPB24C-126,1097.674
IPB24A-27,IPB24C-128,1097.674
IPB24A-27,IPB24C-23,184.794
IPB24A-27,IPB24C-28,249.111
IPB24A-27,IPB24C-29,179.409
IPB24A-27,IPB24C-68,1097.674
IPB24A-27,IPB24C-84,1095.697
IPB24A-27,IPB24C-89,1096.969
IPB24A-27,IPB24C-95,1096.969
IPB24A-27,IPB24C-96,1096.969
IPB24A-27,IPB24C-97,1096.969
IPB24A-27,IPB24D-46,144.488
IPB24A-27,IPB24D-52,88.244
IPB24A-27,IPB4B-18,528.578
IPB24A-27,IPB4B-2,313.565
IPB24A-27,IPB4B-22,1123.662
IPB24A-27,IPB4B-52,548.546
IPB24A-27,IPB4B-67,1485.462
IPB24A-28,IPB24A-29,7.261
IPB24A-28,IPB24A-31,85.280
IPB24A-28,IPB24A-32,85.280
IPB24A-28,IPB24A-33,0.000
IPB24A-28,IPB24A-4,1073.553
IPB24A-28,IPB24A-40,261.763
IPB24A-28,IPB24A-41,203.447
IPB24A-28,IPB24A-42,87.113
IPB24A-28,IPB24A-43,83.957
IPB24A-28,IPB24A-44,193.248
IPB24A-28,IPB24A-45,190.651
IPB24A-28,IPB24A-5,1076.249
IPB24A-28,IPB24A-6,1076.249
IPB24A-28,IPB24A-7,1069.600
IPB24A-28,IPB24A-8,1069.600
IPB24A-28,IPB24A-9,1081.133
IPB24A-28,IPB24B-10,977.306
IPB24A-28,IPB24C-112,977.306
IPB24A-28,IPB24C-114,977.306
IPB24A-28,IPB24C-117,977.262
IPB24A-28,IPB24C-120,1007.639
IPB24A-28,IPB24C-99,975.763
IPB24A-28,IPB4B-22,989.416
IPB24A-29,IPB24A-31,80.427
IPB24A-29,IPB24A-32,80.427
IPB24A-29,IPB24A-33,7.261
IPB24A-29,IPB24A-4,1066.498
IPB24A-29,IPB24A-40,261.831
IPB24A-29,IPB24A-42,92.757
IPB24A-29,IPB24A-43,89.155
IPB24A-29,IPB24A-44,199.713
IPB24A-29,IPB24A-45,197.156
IPB24A-29,IPB24A-5,1069.185
IPB24A-29,IPB24A-6,1069.185
IPB24A-29,IPB24A-7,1062.552
IPB24A-29,IPB24A-8,1062.552
IPB24A-29,IPB24A-9,1074.029
IPB24A-29,IPB24B-1,147.109
IPB24A-29,IPB24B-14,764.970
IPB24A-29,IPB24C-105,969.064
IPB24A-29,IPB24C-117,971.284
IPB24A-29,IPB24C-21,456.859
IPB24A-29,IPB24C-29,0.000
IPB24A-29,IPB24C-77,971.284
IPB24A-29,IPB24C-84,969.878
IPB24A-29,IPB24C-99,969.759
IPB24A-29,IPB24D-52,147.109
IPB24A-29,IPB4B-18,349.512
IPB24A-29,IPB4B-22,982.959
IPB24A-29,IPB4B-6,36.002
IPB24A-29,IPB4B-62,349.512
IPB24A-31,IPB24A-32,0.000
IPB24A-31,IPB24A-33,85.280
IPB24A-31,IPB24A-34,85.280
IPB24A-31,IPB24A-35,85.280
IPB24A-31,IPB24A-37,341.297
IPB24A-31,IPB24A-38,341.297
IPB24A-31,IPB24A-4,1033.346
IPB24A-31,IPB24A-40,328.459
IPB24A-31,IPB24A-41,259.261
IPB24A-31,IPB24A-42,125.381
IPB24A-31,IPB24A-43,117.333
IPB24A-31,IPB24A-5,1035.630
IPB24A-31,IPB24A-6,1035.630
IPB24A-31,IPB24A-7,1029.721
IPB24A-31,IPB24A-8,1029.721
IPB24A-31,IPB24A-9,1038.598
IPB24A-31,IPB24B-11,967.146
IPB24A-31,IPB24B-12,967.146
IPB24A-31,IPB24B-5,967.146
IPB24A-31,IPB24C-100,966.675
IPB24A-31,IPB24C-102,964.266
IPB24A-31,IPB24C-103,964.266
IPB24A-31,IPB24C-104,964.266
IPB24A-31,IPB24C-105,964.266
IPB24A-31,IPB24C-106,966.675
IPB24A-31,IPB24C-107,966.675
IPB24A-31,IPB24C-108,966.675
IPB24A-31,IPB24C-109,966.675
IPB24A-31,IPB24C-110,966.675
IPB24A-31,IPB24C-111,966.675
IPB24A-31,IPB24C-117,967.086
IPB24A-31,IPB24C-119,977.279
IPB24A-31,IPB24C-120,985.328
IPB24A-31,IPB24C-126,967.146
IPB24A-31,IPB24C-128,967.146
IPB24A-31,IPB24C-26,248.453
IPB24A-31,IPB24C-28,0.000
IPB24A-31,IPB24C-63,968.134
IPB24A-31,IPB24C-68,967.146
IPB24A-31,IPB24C-70,967.146
IPB24A-31,IPB24C-73,967.146
IPB24A-31,IPB24C-78,967.086
IPB24A-31,IPB24C-82,967.086
IPB24A-31,IPB24C-84,966.062
IPB24A-31,IPB24C-89,966.675
IPB24A-31,IPB24C-95,966.675
IPB24A-31,IPB24C-96,966.675
IPB24A-31,IPB24C-97,966.675
IPB24A-31,IPB24C-99,965.057
IPB24A-31,IPB24D-36,341.297
IPB24A-31,IPB24D-42,263.797
IPB24A-31,IPB24D-46,119.866
IPB24A-31,IPB24D-48,273.213
IPB24A-31,IPB24D-50,273.213
IPB24A-31,IPB24D-54,204.439
IPB24A-31,IPB24G-209,1051.929
IPB24A-31,IPB24G-218,1001.934
IPB24A-31,IPB24G-222,1051.929
IPB24A-31,IPB4B-22,968.404
IPB24A-31,IPB4B-52,324.318
IPB24A-31,IPB4B-67,1720.893
IPB24A-32,IPB24A-33,85.280
IPB24A-32,IPB24A-34,85.280
IPB24A-32,IPB24A-35,85.280
IPB24A-32,IPB24A-37,341.297
IPB24A-32,IPB24A-38,341.297
IPB24A-32,IPB24A-41,259.261
IPB24A-32,IPB24A-42,125.381
IPB24A-32,IPB24A-43,117.333
IPB24A-32,IPB24A-44,275.398
IPB24A-32,IPB24A-45,272.582
IPB24A-32,IPB24A-5,1035.630
IPB24A-32,IPB24A-6,1035.630
IPB24A-32,IPB24A-7,1029.721
IPB24A-32,IPB24A-8,1029.721
IPB24A-32,IPB24A-9,1038.598
IPB24A-32,IPB24B-1,195.117
IPB24A-32,IPB24B-11,967.146
IPB24A-32,IPB24B-14,843.404
IPB24A-32,IPB24B-8,966.675
IPB24A-32,IPB24C-100,966.675
IPB24A-32,IPB24C-102,964.266
IPB24A-32,IPB24C-103,964.266
IPB24A-32,IPB24C-104,964.266
IPB24A-32,IPB24C-105,964.266
IPB24A-32,IPB24C-106,966.675
IPB24A-32,IPB24C-107,966.675
IPB24A-32,IPB24C-108,966.675
IPB24A-32,IPB24C-109,966.675
IPB24A-32,IPB24C-110,966.675
IPB24A-32,IPB24C-111,966.675
IPB24A-32,IPB24C-112,967.146
IPB24A-32,IPB24C-115,967.146
IPB24A-32,IPB24C-119,977.279
IPB24A-32,IPB24C-120,985.328
IPB24A-32,IPB24C-123,981.435
IPB24A-32,IPB24C-125,967.146
IPB24A-32,IPB24C-126,967.146
IPB24A-32,IPB24C-128,967.146
IPB24A-32,IPB24C-21,536.963
IPB24A-32,IPB24C-28,0.000
IPB24A-32,IPB24C-29,80.427
IPB24A-32,IPB24C-62,968.134
IPB24A-32,IPB24C-63,968.134
IPB24A-32,IPB24C-65,968.134
IPB24A-32,IPB24C-66,968.134
IPB24A-32,IPB24C-68,967.146
IPB24A-32,IPB24C-74,967.916
IPB24A-32,IPB24C-78,967.086
IPB24A-32,IPB24C-83,967.086
IPB24A-32,IPB24C-84,966.062
IPB24A-32,IPB24C-89,966.675
IPB24A-32,IPB24C-90,966.675
IPB24A-32,IPB24C-91,966.675
IPB24A-32,IPB24C-92,966.675
IPB24A-32,IPB24C-95,966.675
IPB24A-32,IPB24C-96,966.675
IPB24A-32,IPB24C-97,966.675
IPB24A-32,IPB24C-99,965.057
IPB24A-32,IPB24D-46,119.866
IPB24A-32,IPB24D-50,273.213
IPB24A-32,IPB24D-52,195.117
IPB24A-32,IPB24G-209,1051.929
IPB24A-32,IPB24G-218,1001.934
IPB24A-32,IPB24G-222,1051.929
IPB24A-32,IPB24G-227,1079.570
IPB24A-32,IPB4B-18,292.700
IPB24A-32,IPB4B-25,334.963
IPB24A-32,IPB4B-36,554.916
IPB24A-32,IPB4B-52,324.318
IPB24A-32,IPB4B-6,64.386
IPB24A-32,IPB4B-67,1720.893
IPB24A-32,IPB4B-68,1720.893
IPB24A-33,IPB24A-34,0.000
IPB24A-33,IPB24A-35,0.000
IPB24A-33,IPB24A-39,258.270
IPB24A-33,IPB24A-43,83.957
IPB24A-33,IPB24A-45,190.651
IPB24A-33,IPB24A-5,1076.249
IPB24A-33,IPB24A-7,1069.600
IPB24A-33,IPB24A-8,1069.600
IPB24A-33,IPB24A-9,1081.133
IPB24A-33,IPB24C-28,85.280
IPB24A-33,IPB24C-30,0.000
IPB24A-33,IPB24C-99,975.763
IPB24A-33,IPB24D-50,190.907
IPB24A-33,IPB4B-2,483.934
IPB24A-33,IPB6D-3,720.711
IPB24A-34,IPB24A-35,0.000
IPB24A-34,IPB24A-36,204.996
IPB24A-34,IPB24A-38,258.270
IPB24A-34,IPB24A-4,1073.553
IPB24A-34,IPB24A-43,83.957
IPB24A-34,IPB24A-44,193.248
IPB24A-34,IPB24A-45,190.651
IPB24A-34,IPB24A-5,1076.249
IPB24A-34,IPB24A-7,1069.600
IPB24A-34,IPB24A-8,1069.600
IPB24A-34,IPB24A-9,1081.133
IPB24A-34,IPB24C-104,975.073
IPB24A-34,IPB24C-112,977.306
IPB24A-34,IPB24C-28,85.280
IPB24A-34,IPB24C-99,975.763
IPB24A-34,IPB24D-50,190.907
IPB24A-34,IPB4B-4,37.271
IPB24A-34,IPB4B-6,35.308
IPB24A-34,IPB6D-3,720.711
IPB24A-34,IPB6D-5,696.111
IPB24A-34,IPB6D-7,720.711
IPB24A-35,IPB24A-36,204.996
IPB24A-35,IPB24A-39,258.270
IPB24A-35,IPB24A-41,203.447
IPB24A-35,IPB24A-7,1069.600
IPB24A-35,IPB24A-8,1069.600
IPB24A-35,IPB24B-10,977.306
IPB24A-35,IPB24B-11,977.306
IPB24A-35,IPB24B-3,125.087
IPB24A-35,IPB24B-7,977.262
IPB24A-35,IPB24B-8,976.733
IPB24A-35,IPB24C-102,975.073
IPB24A-35,IPB24C-103,975.073
IPB24A-35,IPB24C-104,975.073
IPB24A-35,IPB24C-107,976.733
IPB24A-35,IPB24C-108,976.733
IPB24A-35,IPB24C-109,976.733
IPB24A-35,IPB24C-111,976.733
IPB24A-35,IPB24C-112,977.306
IPB24A-35,IPB24C-115,977.306
IPB24A-35,IPB24C-127,977.306
IPB24A-35,IPB24C-21,452.788
IPB24A-35,IPB24C-26,170.983
IPB24A-35,IPB24C-30,0.000
IPB24A-35,IPB24C-66,978.313
IPB24A-35,IPB24C-70,977.306
IPB24A-35,IPB24C-78,977.262
IPB24A-35,IPB24C-90,976.733
IPB24A-35,IPB24C-99,975.763
IPB24A-35,IPB24D-47,190.959
IPB24A-35,IPB24D-50,190.907
IPB24A-35,IPB24D-51,190.907
IPB24A-35,IPB24D-52,140.112
IPB24A-36,IPB24D-34,37.172
IPB24A-37,IPB24A-38,0.000
IPB24A-37,IPB24A-39,0.000
IPB24A-37,IPB24A-42,289.070
IPB24A-37,IPB24A-43,294.511
IPB24A-37,IPB24A-5,1170.674
IPB24A-37,IPB24A-6,1170.674
IPB24A-37,IPB24B-11,984.605
IPB24A-37,IPB24C-100,983.755
IPB24A-37,IPB24C-102,984.417
IPB24A-37,IPB24C-103,984.417
IPB24A-37,IPB24C-104,984.417
IPB24A-37,IPB24C-105,984.417
IPB24A-37,IPB24C-106,983.755
IPB24A-37,IPB24C-107,983.755
IPB24A-37,IPB24C-108,983.755
IPB24A-37,IPB24C-109,983.755
IPB24A-37,IPB24C-110,983.755
IPB24A-37,IPB24C-111,983.755
IPB24A-37,IPB24C-120,1049.901
IPB24A-37,IPB24C-126,984.605
IPB24A-37,IPB24C-128,984.605
IPB24A-37,IPB24C-25,188.005
IPB24A-37,IPB24C-68,984.605
IPB24A-37,IPB24C-84,982.052
IPB24A-37,IPB24C-89,983.755
IPB24A-37,IPB24C-95,983.755
IPB24A-37,IPB24C-96,983.755
IPB24A-37,IPB24C-97,983.755
IPB24A-37,IPB24D-43,174.822
IPB24A-37,IPB24D-46,288.054
IPB24A-37,IPB24D-52,265.471
IPB24A-37,IPB24G-209,714.436
IPB24A-37,IPB4B-13,206.281
IPB24A-37,IPB4B-15,210.895
IPB24A-37,IPB4B-36,395.750
IPB24A-37,IPB4B-52,555.618
IPB24A-37,IPB4B-67,1393.854
IPB24A-38,IPB24A-39,0.000
IPB24A-38,IPB24A-4,1166.827
IPB24A-38,IPB24A-42,289.070
IPB24A-38,IPB24A-43,294.511
IPB24A-38,IPB24A-44,145.484
IPB24A-38,IPB24A-45,148.136
IPB24A-38,IPB24A-5,1170.674
IPB24A-38,IPB24A-6,1170.674
IPB24A-38,IPB24A-7,1162.012
IPB24A-38,IPB24A-8,1162.012
IPB24A-38,IPB24A-9,1181.164
IPB24A-38,IPB24B-11,984.605
IPB24A-38,IPB24C-100,983.755
IPB24A-38,IPB24C-102,984.417
IPB24A-38,IPB24C-103,984.417
IPB24A-38,IPB24C-104,984.417
IPB24A-38,IPB24C-105,984.417
IPB24A-38,IPB24C-106,983.755
IPB24A-38,IPB24C-107,983.755
IPB24A-38,IPB24C-108,983.755
IPB24A-38,IPB24C-109,983.755
IPB24A-38,IPB24C-110,983.755
IPB24A-38,IPB24C-111,983.755
IPB24A-38,IPB24C-120,1049.901
IPB24A-38,IPB24C-123,1048.686
IPB24A-38,IPB24C-126,984.605
IPB24A-38,IPB24C-128,984.605
IPB24A-38,IPB24C-23,191.626
IPB24A-38,IPB24C-62,985.625
IPB24A-38,IPB24C-68,984.605
IPB24A-38,IPB24C-84,982.052
IPB24A-38,IPB24C-89,983.755
IPB24A-38,IPB24C-95,983.755
IPB24A-38,IPB24C-96,983.755
IPB24A-38,IPB24C-97,983.755
IPB24A-38,IPB24C-99,984.769
IPB24A-38,IPB24D-35,0.000
IPB24A-38,IPB24D-46,288.054
IPB24A-38,IPB24G-227,742.817
IPB24A-38,IPB4B-52,555.618
IPB24A-38,IPB4B-67,1393.854
IPB24A-38,IPB4B-68,1393.854
IPB24A-39,IPB24A-4,1166.827
IPB24A-39,IPB24A-5,1170.674
IPB24A-39,IPB24A-6,1170.674
IPB24A-39,IPB24A-7,1162.012
IPB24A-39,IPB24A-8,1162.012
IPB24A-39,IPB24A-9,1181.164
IPB24A-39,IPB24B-10,984.605
IPB24A-39,IPB24B-11,984.605
IPB24A-39,IPB24B-3,268.484
IPB24A-39,IPB24B-7,984.611
IPB24A-39,IPB24B-8,983.755
IPB24A-39,IPB24C-102,984.417
IPB24A-39,IPB24C-103,984.417
IPB24A-39,IPB24C-107,983.755
IPB24A-39,IPB24C-108,983.755
IPB24A-39,IPB24C-109,983.755
IPB24A-39,IPB24C-111,983.755
IPB24A-39,IPB24C-112,984.605
IPB24A-39,IPB24C-115,984.605
IPB24A-39,IPB24C-21,196.921
IPB24A-39,IPB24C-26,184.003
IPB24A-39,IPB24C-30,258.270
IPB24A-39,IPB24C-70,984.605
IPB24A-39,IPB24C-78,984.611
IPB24A-39,IPB24C-99,984.769
IPB24A-39,IPB24D-35,0.000
IPB24A-39,IPB24D-47,145.992
IPB24A-39,IPB24D-50,144.405
IPB24A-39,IPB24D-51,144.405
IPB24A-39,IPB24D-52,265.471
IPB24A-39,IPB24E-170,1332.321
IPB24A-39,IPB24E-171,1394.231
IPB24A-39,IPB24E-172,1394.231
IPB24A-39,IPB24E-174,493.498
IPB24A-39,IPB24E-175,1292.953
IPB24A-39,IPB24E-177,1292.953
IPB24A-39,IPB24E-179,1350.692
IPB24A-39,IPB24E-180,1261.533
IPB24A-39,IPB24E-181,1395.074
IPB24A-39,IPB24E-182,1053.011
IPB24A-39,IPB24E-183,1313.952
IPB24A-39,IPB24E-188,1483.691
IPB24A-39,IPB24E-189,1287.008
IPB24A-39,IPB24E-191,788.378
IPB24A-39,IPB24E-192,1286.213
IPB24A-39,IPB24E-193,1332.321
IPB24A-39,IPB24E-194,1395.074
IPB24A-39,IPB24E-195,1053.011
IPB24A-39,IPB24E-196,1286.213
IPB24A-39,IPB24E-197,1286.213
IPB24A-39,IPB24E-198,1274.477
IPB24A-39,IPB24E-199,1292.953
IPB24A-39,IPB24E-200,1294.279
IPB24A-39,IPB24G-202,1394.231
IPB24A-39,IPB24G-203,1394.231
IPB24A-39,IPB24G-204,1394.231
IPB24A-39,IPB24G-206,1261.533
IPB24A-39,IPB24G-207,731.402
IPB24A-39,IPB24G-209,714.436
IPB24A-39,IPB24G-210,724.660
IPB24A-39,IPB24G-211,742.817
IPB24A-39,IPB24G-212,999.448
IPB24A-39,IPB24G-213,999.220
IPB24A-39,IPB24G-214,1034.141
IPB24A-39,IPB24G-215,788.163
IPB24A-39,IPB24G-216,998.895
IPB24A-39,IPB24G-217,990.647
IPB24A-39,IPB24G-218,662.060
IPB24A-39,IPB24G-219,788.163
IPB24A-39,IPB24G-221,788.163
IPB24A-39,IPB24G-222,714.436
IPB24A-39,IPB24G-223,731.402
IPB24A-39,IPB24G-224,788.163
IPB24A-39,IPB24G-225,999.448
IPB24A-39,IPB24G-227,742.817
IPB24A-39,IPB24G-228,1034.141
IPB24A-39,IPB24G-229,646.532
IPB24A-39,IPB24G-230,742.817
IPB24A-39,IPB24G-231,731.402
IPB24A-39,IPB24G-232,788.163
IPB24A-39,IPB24G-233,788.163
IPB24A-39,IPB24G-234,788.163
IPB24A-39,IPB24G-235,999.448
IPB24A-39,IPB24G-236,999.448
IPB24A-39,IPB24G-237,999.448
IPB24A-39,IPB24G-238,991.429
IPB24A-39,IPB24G-239,1034.141
IPB24A-39,IPB24G-240,1051.917
IPB24A-39,IPB24G-241,988.446
IPB24A-39,IPB4B-13,206.281
IPB24A-39,IPB4B-67,1393.854
IPB24A-39,IPB4B-78,1294.279
IPB24A-39,IPB4B-79,1294.279
IPB24A-39,IPB4B-80,1294.279
IPB24A-39,IPB4B-83,1393.854
IPB24A-39,IPB6D-12,628.403
IPB24A-39,IPB6D-3,559.286
IPB24A-39,IPB6D-5,532.419
IPB24A-39,IPB6D-6,559.286
IPB24A-39,IPB6D-7,559.286
IPB24A-4,IPB24A-40,1041.826
IPB24A-4,IPB24A-41,995.813
IPB24A-4,IPB24A-42,1151.958
IPB24A-4,IPB24A-43,1145.349
IPB24A-4,IPB24A-5,6.267
IPB24A-4,IPB24A-6,6.267
IPB24A-4,IPB24A-7,5.937
IPB24A-4,IPB24A-8,5.937
IPB24A-4,IPB24A-9,33.437
IPB24A-4,IPB24B-13,0.000
IPB24A-4,IPB24B-5,381.076
IPB24A-4,IPB24B-8,382.248
IPB24A-4,IPB24C-100,382.248
IPB24A-4,IPB24C-110,382.248
IPB24A-4,IPB24C-112,381.076
IPB24A-4,IPB24C-114,381.076
IPB24A-4,IPB24C-117,380.890
IPB24A-4,IPB24C-120,237.273
IPB24A-4,IPB24C-125,381.076
IPB24A-4,IPB24C-68,381.076
IPB24A-4,IPB24C-69,381.076
IPB24A-4,IPB24C-70,381.076
IPB24A-4,IPB24C-77,380.890
IPB24A-4,IPB24C-78,380.890
IPB24A-4,IPB24C-84,385.499
IPB24A-4,IPB24C-92,382.248
IPB24A-4,IPB24D-50,1222.771
IPB24A-4,IPB24E-170,2369.228
IPB24A-4,IPB24E-171,2401.361
IPB24A-4,IPB24E-172,2401.361
IPB24A-4,IPB24E-174,1642.581
IPB24A-4,IPB24E-175,2388.258
IPB24A-4,IPB24E-177,2388.258
IPB24A-4,IPB24E-179,2354.810
IPB24A-4,IPB24E-180,2380.014
IPB24A-4,IPB24E-181,2432.228
IPB24A-4,IPB24E-182,2153.215
IPB24A-4,IPB24E-183,2385.016
IPB24A-4,IPB24E-188,2508.813
IPB24A-4,IPB24E-189,2350.003
IPB24A-4,IPB24E-191,1901.312
IPB24A-4,IPB24E-192,2385.310
IPB24A-4,IPB24E-193,2369.228
IPB24A-4,IPB24E-194,2432.228
IPB24A-4,IPB24E-195,2153.215
IPB24A-4,IPB24E-196,2385.310
IPB24A-4,IPB24E-197,2385.310
IPB24A-4,IPB24E-198,2364.710
IPB24A-4,IPB24E-199,2388.258
IPB24A-4,IPB24E-200,2390.481
IPB24A-4,IPB24G-202,2401.361
IPB24A-4,IPB24G-203,2401.361
IPB24A-4,IPB24G-204,2401.361
IPB24A-4,IPB24G-206,2380.014
IPB24A-4,IPB24G-207,1759.641
IPB24A-4,IPB24G-209,1723.148
IPB24A-4,IPB24G-210,1728.954
IPB24A-4,IPB24G-211,1753.395
IPB24A-4,IPB24G-212,2003.273
IPB24A-4,IPB24G-213,1966.368
IPB24A-4,IPB24G-214,1988.841
IPB24A-4,IPB24G-215,1841.205
IPB24A-4,IPB24G-216,1867.837
IPB24A-4,IPB24G-217,1859.538
IPB24A-4,IPB24G-218,1653.511
IPB24A-4,IPB24G-219,1841.205
IPB24A-4,IPB24G-220,1753.395
IPB24A-4,IPB24G-221,1841.205
IPB24A-4,IPB24G-222,1723.148
IPB24A-4,IPB24G-223,1759.641
IPB24A-4,IPB24G-224,1841.205
IPB24A-4,IPB24G-225,2003.273
IPB24A-4,IPB24G-227,1753.395
IPB24A-4,IPB24G-228,1988.841
IPB24A-4,IPB24G-229,1629.028
IPB24A-4,IPB24G-230,1753.395
IPB24A-4,IPB24G-231,1759.641
IPB24A-4,IPB24G-232,1841.205
IPB24A-4,IPB24G-233,1841.205
IPB24A-4,IPB24G-234,1841.205
IPB24A-4,IPB24G-235,2003.273
IPB24A-4,IPB24G-236,2003.273
IPB24A-4,IPB24G-237,2003.273
IPB24A-4,IPB24G-238,1955.842
IPB24A-4,IPB24G-239,1988.841
IPB24A-4,IPB24G-240,1948.989
IPB24A-4,IPB24G-241,1860.200
IPB24A-4,IPB4B-22,255.258
IPB24A-4,IPB4B-78,2390.481
IPB24A-4,IPB4B-79,2390.481
IPB24A-4,IPB4B-80,2390.481
IPB24A-4,IPB6D-12,1765.422
IPB24A-4,IPB6D-3,1725.917
IPB24A-4,IPB6D-5,1698.993
IPB24A-4,IPB6D-6,1725.917
IPB24A-4,IPB6D-7,1725.917
IPB24A-40,IPB24A-41,80.012
IPB24A-40,IPB24A-42,325.360
IPB24A-40,IPB24A-43,327.599
IPB24A-40,IPB24A-5,1045.823
IPB24A-40,IPB24A-6,1045.823
IPB24A-40,IPB24A-7,1036.906
IPB24A-40,IPB24A-8,1036.906
IPB24A-40,IPB24A-9,1057.123
IPB24A-40,IPB24C-110,854.624
IPB24A-40,IPB24C-112,855.465
IPB24A-40,IPB24C-114,855.465
IPB24A-40,IPB24C-117,855.470
IPB24A-40,IPB24C-120,920.708
IPB24A-40,IPB24C-30,261.763
IPB24A-40,IPB4B-22,899.307
IPB24A-41,IPB24A-42,278.899
IPB24A-41,IPB24A-44,245.267
IPB24A-41,IPB24A-45,245.583
IPB24A-41,IPB24B-11,836.166
IPB24A-41,IPB24B-9,836.166
IPB24A-41,IPB24C-102,835.186
IPB24A-41,IPB24C-103,835.186
IPB24A-41,IPB24C-104,835.186
IPB24A-41,IPB24C-107,835.417
IPB24A-41,IPB24C-109,835.417
IPB24A-41,IPB24C-111,835.417
IPB24A-41,IPB24C-112,836.166
IPB24A-41,IPB24C-114,836.166
IPB24A-41,IPB24C-115,836.166
IPB24A-41,IPB24C-117,836.153
IPB24A-41,IPB24C-120,889.957
IPB24A-41,IPB24C-127,836.166
IPB24A-41,IPB24C-63,837.190
IPB24A-41,IPB24C-73,836.166
IPB24A-41,IPB24C-77,836.153
IPB24A-41,IPB24C-78,836.153
IPB24A-41,IPB24C-84,834.016
IPB24A-41,IPB24D-36,174.822
IPB24A-41,IPB24D-38,0.000
IPB24A-41,IPB24G-217,1111.342
IPB24A-41,IPB24G-218,801.238
IPB24A-41,IPB6D-3,732.384
IPB24A-41,IPB6D-5,705.641
IPB24A-42,IPB24A-43,8.839
IPB24A-42,IPB24A-44,179.801
IPB24A-42,IPB24A-45,176.448
IPB24A-42,IPB24A-5,1154.457
IPB24A-42,IPB24A-6,1154.457
IPB24A-42,IPB24A-7,1148.159
IPB24A-42,IPB24A-8,1148.159
IPB24A-42,IPB24A-9,1158.386
IPB24A-42,IPB24B-11,1063.981
IPB24A-42,IPB24B-15,756.822
IPB24A-42,IPB24B-9,1063.981
IPB24A-42,IPB24C-100,1063.418
IPB24A-42,IPB24C-102,1061.681
IPB24A-42,IPB24C-103,1061.681
IPB24A-42,IPB24C-104,1061.681
IPB24A-42,IPB24C-105,1061.681
IPB24A-42,IPB24C-106,1063.418
IPB24A-42,IPB24C-107,1063.418
IPB24A-42,IPB24C-108,1063.418
IPB24A-42,IPB24C-109,1063.418
IPB24A-42,IPB24C-110,1063.418
IPB24A-42,IPB24C-111,1063.418
IPB24A-42,IPB24C-112,1063.981
IPB24A-42,IPB24C-114,1063.981
IPB24A-42,IPB24C-117,1063.935
IPB24A-42,IPB24C-120,1092.303
IPB24A-42,IPB24C-123,1088.893
IPB24A-42,IPB24C-126,1063.981
IPB24A-42,IPB24C-128,1063.981
IPB24A-42,IPB24C-62,1064.987
IPB24A-42,IPB24C-63,1064.987
IPB24A-42,IPB24C-68,1063.981
IPB24A-42,IPB24C-73,1063.981
IPB24A-42,IPB24C-78,1063.935
IPB24A-42,IPB24C-84,1062.549
IPB24A-42,IPB24C-89,1063.418
IPB24A-42,IPB24C-90,1063.418
IPB24A-42,IPB24C-95,1063.418
IPB24A-42,IPB24C-96,1063.418
IPB24A-42,IPB24C-97,1063.418
IPB24A-42,IPB24C-99,1062.382
IPB24A-42,IPB24D-38,278.899
IPB24A-42,IPB24D-42,277.429
IPB24A-42,IPB24D-46,6.063
IPB24A-42,IPB24G-227,999.301
IPB24A-42,IPB4B-52,447.895
IPB24A-42,IPB4B-67,1627.431
IPB24A-42,IPB4B-68,1627.431
IPB24A-43,IPB24A-44,187.626
IPB24A-43,IPB24A-45,184.293
IPB24A-43,IPB24A-5,1147.818
IPB24A-43,IPB24A-6,1147.818
IPB24A-43,IPB24A-7,1141.573
IPB24A-43,IPB24A-8,1141.573
IPB24A-43,IPB24A-9,1151.611
IPB24A-43,IPB24B-1,79.505
IPB24A-43,IPB24B-10,1059.701
IPB24A-43,IPB24B-11,1059.701
IPB24A-43,IPB24C-100,1059.146
IPB24A-43,IPB24C-102,1057.347
IPB24A-43,IPB24C-103,1057.347
IPB24A-43,IPB24C-104,1057.347
IPB24A-43,IPB24C-105,1057.347
IPB24A-43,IPB24C-106,1059.146
IPB24A-43,IPB24C-107,1059.146
IPB24A-43,IPB24C-108,1059.146
IPB24A-43,IPB24C-109,1059.146
IPB24A-43,IPB24C-110,1059.146
IPB24A-43,IPB24C-111,1059.146
IPB24A-43,IPB24C-112,1059.701
IPB24A-43,IPB24C-120,1087.039
IPB24A-43,IPB24C-126,1059.701
IPB24A-43,IPB24C-128,1059.701
IPB24A-43,IPB24C-23,335.074
IPB24A-43,IPB24C-28,117.333
IPB24A-43,IPB24C-68,1059.701
IPB24A-43,IPB24C-84,1058.301
IPB24A-43,IPB24C-89,1059.146
IPB24A-43,IPB24C-95,1059.146
IPB24A-43,IPB24C-96,1059.146
IPB24A-43,IPB24C-97,1059.146
IPB24A-43,IPB24C-99,1058.056
IPB24A-43,IPB24D-46,6.523
IPB24A-43,IPB24D-47,185.492
IPB24A-43,IPB4B-16,497.758
IPB24A-43,IPB4B-18,410.020
IPB24A-43,IPB4B-22,1069.203
IPB24A-43,IPB4B-4,66.405
IPB24A-43,IPB4B-52,440.411
IPB24A-43,IPB4B-67,1635.758
IPB24A-44,IPB24A-45,3.465
IPB24A-44,IPB24A-7,1221.132
IPB24A-44,IPB24A-8,1221.132
IPB24A-44,IPB24A-9,1236.397
IPB24A-44,IPB24C-104,1080.393
IPB24A-44,IPB24C-125,1081.409
IPB24A-44,IPB24C-23,154.363
IPB24A-44,IPB24C-28,275.398
IPB24A-44,IPB24C-99,1080.885
IPB24A-44,IPB24D-38,245.267
IPB24A-44,IPB24E-177,1318.424
IPB24A-44,IPB24G-227,819.529
IPB24A-44,IPB4B-4,216.058
IPB24A-44,IPB4B-6,212.081
IPB24A-45,IPB24A-6,1227.974
IPB24A-45,IPB24A-7,1220.334
IPB24A-45,IPB24A-8,1220.334
IPB24A-45,IPB24A-9,1235.501
IPB24A-45,IPB24B-3,137.996
IPB24A-45,IPB24B-5,1081.665
IPB24A-45,IPB24C-102,1080.623
IPB24A-45,IPB24C-104,1080.623
IPB24A-45,IPB24C-105,1080.623
IPB24A-45,IPB24C-108,1080.923
IPB24A-45,IPB24C-114,1081.665
IPB24A-45,IPB24C-117,1081.651
IPB24A-45,IPB24C-120,1132.219
IPB24A-45,IPB24C-123,1130.055
IPB24A-45,IPB24C-127,1081.665
IPB24A-45,IPB24C-62,1082.688
IPB24A-45,IPB24C-68,1081.665
IPB24A-45,IPB24C-77,1081.651
IPB24A-45,IPB24C-78,1081.651
IPB24A-45,IPB24C-99,1081.120
IPB24A-45,IPB24D-38,245.583
IPB24A-45,IPB24D-46,178.049
IPB24A-45,IPB24D-51,3.747
IPB24A-45,IPB24G-227,822.902
IPB24A-45,IPB4B-18,541.673
IPB24A-45,IPB4B-4,213.155
IPB24A-45,IPB4B-6,209.173
IPB24A-45,IPB4B-68,1453.117
IPB24A-5,IPB24A-6,0.000
IPB24A-5,IPB24A-7,12.077
IPB24A-5,IPB24A-8,12.077
IPB24A-5,IPB24A-9,27.369
IPB24A-5,IPB24B-11,387.343
IPB24A-5,IPB24B-13,6.267
IPB24A-5,IPB24C-100,388.514
IPB24A-5,IPB24C-102,380.036
IPB24A-5,IPB24C-103,380.036
IPB24A-5,IPB24C-104,380.036
IPB24A-5,IPB24C-105,380.036
IPB24A-5,IPB24C-106,388.514
IPB24A-5,IPB24C-107,388.514
IPB24A-5,IPB24C-108,388.514
IPB24A-5,IPB24C-109,388.514
IPB24A-5,IPB24C-110,388.514
IPB24A-5,IPB24C-111,388.514
IPB24A-5,IPB24C-112,387.343
IPB24A-5,IPB24C-120,243.531
IPB24A-5,IPB24C-126,387.343
IPB24A-5,IPB24C-128,387.343
IPB24A-5,IPB24C-68,387.343
IPB24A-5,IPB24C-84,391.766
IPB24A-5,IPB24C-89,388.514
IPB24A-5,IPB24C-95,388.514
IPB24A-5,IPB24C-96,388.514
IPB24A-5,IPB24C-97,388.514
IPB24A-5,IPB24D-46,1148.432
IPB24A-5,IPB24D-50,1226.040
IPB24A-5,IPB24E-170,2374.536
IPB24A-5,IPB24E-171,2406.807
IPB24A-5,IPB24E-172,2406.807
IPB24A-5,IPB24E-174,1646.878
IPB24A-5,IPB24E-175,2393.233
IPB24A-5,IPB24E-177,2393.233
IPB24A-5,IPB24E-179,2360.259
IPB24A-5,IPB24E-180,2384.803
IPB24A-5,IPB24E-181,2437.548
IPB24A-5,IPB24E-182,2158.105
IPB24A-5,IPB24E-183,2390.147
IPB24A-5,IPB24E-188,2514.204
IPB24A-5,IPB24E-189,2355.172
IPB24A-5,IPB24E-191,1906.037
IPB24A-5,IPB24E-192,2390.257
IPB24A-5,IPB24E-193,2374.536
IPB24A-5,IPB24E-194,2437.548
IPB24A-5,IPB24E-195,2158.105
IPB24A-5,IPB24E-196,2390.257
IPB24A-5,IPB24E-197,2390.257
IPB24A-5,IPB24E-198,2369.716
IPB24A-5,IPB24E-199,2393.233
IPB24A-5,IPB24E-200,2395.450
IPB24A-5,IPB24G-202,2406.807
IPB24A-5,IPB24G-203,2406.807
IPB24A-5,IPB24G-204,2406.807
IPB24A-5,IPB24G-206,2384.803
IPB24A-5,IPB24G-207,1764.783
IPB24A-5,IPB24G-209,1728.351
IPB24A-5,IPB24G-210,1734.179
IPB24A-5,IPB24G-211,1758.607
IPB24A-5,IPB24G-212,2008.622
IPB24A-5,IPB24G-213,1971.839
IPB24A-5,IPB24G-214,1994.362
IPB24A-5,IPB24G-215,1846.271
IPB24A-5,IPB24G-216,1873.558
IPB24A-5,IPB24G-217,1865.256
IPB24A-5,IPB24G-218,1658.740
IPB24A-5,IPB24G-219,1846.271
IPB24A-5,IPB24G-220,1758.607
IPB24A-5,IPB24G-221,1846.271
IPB24A-5,IPB24G-222,1728.351
IPB24A-5,IPB24G-223,1764.783
IPB24A-5,IPB24G-224,1846.271
IPB24A-5,IPB24G-225,2008.622
IPB24A-5,IPB24G-227,1758.607
IPB24A-5,IPB24G-228,1994.362
IPB24A-5,IPB24G-229,1634.273
IPB24A-5,IPB24G-230,1758.607
IPB24A-5,IPB24G-231,1764.783
IPB24A-5,IPB24G-232,1846.271
IPB24A-5,IPB24G-233,1846.271
IPB24A-5,IPB24G-234,1846.271
IPB24A-5,IPB24G-235,2008.622
IPB24A-5,IPB24G-236,2008.622
IPB24A-5,IPB24G-237,2008.622
IPB24A-5,IPB24G-238,1961.319
IPB24A-5,IPB24G-239,1994.362
IPB24A-5,IPB24G-240,1954.668
IPB24A-5,IPB24G-241,1865.910
IPB24A-5,IPB24H-133,1103.399
IPB24A-5,IPB4B-52,716.136
IPB24A-5,IPB4B-67,2406.438
IPB24A-5,IPB4B-78,2395.450
IPB24A-5,IPB4B-79,2395.450
IPB24A-5,IPB4B-80,2395.450
IPB24A-5,IPB6D-12,1769.893
IPB24A-5,IPB6D-3,1729.812
IPB24A-5,IPB6D-5,1702.894
IPB24A-5,IPB6D-6,1729.812
IPB24A-5,IPB6D-7,1729.812
IPB24A-6,IPB24A-7,12.077
IPB24A-6,IPB24A-8,12.077
IPB24A-6,IPB24A-9,27.369
IPB24A-6,IPB24B-12,387.343
IPB24A-6,IPB24B-13,6.267
IPB24A-6,IPB24C-100,388.514
IPB24A-6,IPB24C-104,380.036
IPB24A-6,IPB24C-105,380.036
IPB24A-6,IPB24C-106,388.514
IPB24A-6,IPB24C-115,387.343
IPB24A-6,IPB24C-120,243.531
IPB24A-6,IPB24C-122,259.173
IPB24A-6,IPB24C-123,236.418
IPB24A-6,IPB24C-125,387.343
IPB24A-6,IPB24C-126,387.343
IPB24A-6,IPB24C-25,1231.004
IPB24A-6,IPB24C-62,387.088
IPB24A-6,IPB24C-63,387.088
IPB24A-6,IPB24C-68,387.343
IPB24A-6,IPB24C-78,387.157
IPB24A-6,IPB24C-92,388.514
IPB24A-6,IPB24C-95,388.514
IPB24A-6,IPB24C-96,388.514
IPB24A-6,IPB24C-97,388.514
IPB24A-6,IPB24C-99,381.168
IPB24A-6,IPB24D-46,1148.432
IPB24A-6,IPB24D-50,1226.040
IPB24A-6,IPB24D-52,1216.235
IPB24A-6,IPB24E-170,2374.536
IPB24A-6,IPB24E-171,2406.807
IPB24A-6,IPB24E-172,2406.807
IPB24A-6,IPB24E-174,1646.878
IPB24A-6,IPB24E-175,2393.233
IPB24A-6,IPB24E-177,2393.233
IPB24A-6,IPB24E-179,2360.259
IPB24A-6,IPB24E-180,2384.803
IPB24A-6,IPB24E-181,2437.548
IPB24A-6,IPB24E-182,2158.105
IPB24A-6,IPB24E-183,2390.147
IPB24A-6,IPB24E-188,2514.204
IPB24A-6,IPB24E-189,2355.172
IPB24A-6,IPB24E-191,1906.037
IPB24A-6,IPB24E-192,2390.257
IPB24A-6,IPB24E-193,2374.536
IPB24A-6,IPB24E-194,2437.548
IPB24A-6,IPB24E-195,2158.105
IPB24A-6,IPB24E-196,2390.257
IPB24A-6,IPB24E-197,2390.257
IPB24A-6,IPB24E-198,2369.716
IPB24A-6,IPB24E-199,2393.233
IPB24A-6,IPB24E-200,2395.450
IPB24A-6,IPB24G-202,2406.807
IPB24A-6,IPB24G-203,2406.807
IPB24A-6,IPB24G-204,2406.807
IPB24A-6,IPB24G-206,2384.803
IPB24A-6,IPB24G-207,1764.783
IPB24A-6,IPB24G-209,1728.351
IPB24A-6,IPB24G-210,1734.179
IPB24A-6,IPB24G-211,1758.607
IPB24A-6,IPB24G-212,2008.622
IPB24A-6,IPB24G-213,1971.839
IPB24A-6,IPB24G-214,1994.362
IPB24A-6,IPB24G-215,1846.271
IPB24A-6,IPB24G-216,1873.558
IPB24A-6,IPB24G-217,1865.256
IPB24A-6,IPB24G-218,1658.740
IPB24A-6,IPB24G-219,1846.271
IPB24A-6,IPB24G-220,1758.607
IPB24A-6,IPB24G-221,1846.271
IPB24A-6,IPB24G-222,1728.351
IPB24A-6,IPB24G-223,1764.783
IPB24A-6,IPB24G-224,1846.271
IPB24A-6,IPB24G-225,2008.622
IPB24A-6,IPB24G-227,1758.607
IPB24A-6,IPB24G-228,1994.362
IPB24A-6,IPB24G-229,1634.273
IPB24A-6,IPB24G-230,1758.607
IPB24A-6,IPB24G-231,1764.783
IPB24A-6,IPB24G-232,1846.271
IPB24A-6,IPB24G-233,1846.271
IPB24A-6,IPB24G-234,1846.271
IPB24A-6,IPB24G-235,2008.622
IPB24A-6,IPB24G-236,2008.622
IPB24A-6,IPB24G-237,2008.622
IPB24A-6,IPB24G-238,1961.319
IPB24A-6,IPB24G-239,1994.362
IPB24A-6,IPB24G-240,1954.668
IPB24A-6,IPB24G-241,1865.910
IPB24A-6,IPB24H-133,1103.399
IPB24A-6,IPB4B-22,261.525
IPB24A-6,IPB4B-52,716.136
IPB24A-6,IPB4B-65,2396.737
IPB24A-6,IPB4B-66,2406.438
IPB24A-6,IPB4B-68,2406.438
IPB24A-6,IPB4B-78,2395.450
IPB24A-6,IPB4B-79,2395.450
IPB24A-6,IPB4B-80,2395.450
IPB24A-6,IPB6D-12,1769.893
IPB24A-6,IPB6D-3,1729.812
IPB24A-6,IPB6D-5,1702.894
IPB24A-6,IPB6D-6,1729.812
IPB24A-6,IPB6D-7,1729.812
IPB24A-7,IPB24A-8,0.000
IPB24A-7,IPB24A-9,38.709
IPB24A-7,IPB24B-13,5.937
IPB24A-7,IPB24C-28,1029.721
IPB24A-7,IPB24C-63,375.159
IPB24A-7,IPB24C-89,376.578
IPB24A-7,IPB24C-92,376.578
IPB24A-7,IPB24C-99,369.225
IPB24A-7,IPB24D-50,1218.375
IPB24A-7,IPB24E-170,2363.511
IPB24A-7,IPB24E-171,2395.580
IPB24A-7,IPB24E-172,2395.580
IPB24A-7,IPB24E-174,1637.455
IPB24A-7,IPB24E-175,2382.715
IPB24A-7,IPB24E-177,2382.715
IPB24A-7,IPB24E-179,2349.029
IPB24A-7,IPB24E-180,2374.577
IPB24A-7,IPB24E-181,2426.505
IPB24A-7,IPB24E-182,2147.721
IPB24A-7,IPB24E-183,2379.388
IPB24A-7,IPB24E-188,2503.056
IPB24A-7,IPB24E-189,2344.355
IPB24A-7,IPB24E-191,1895.915
IPB24A-7,IPB24E-192,2379.783
IPB24A-7,IPB24E-193,2363.511
IPB24A-7,IPB24E-194,2426.505
IPB24A-7,IPB24E-195,2147.721
IPB24A-7,IPB24E-196,2379.783
IPB24A-7,IPB24E-197,2379.783
IPB24A-7,IPB24E-198,2359.150
IPB24A-7,IPB24E-199,2382.715
IPB24A-7,IPB24E-200,2384.941
IPB24A-7,IPB24G-202,2395.580
IPB24A-7,IPB24G-203,2395.580
IPB24A-7,IPB24G-204,2395.580
IPB24A-7,IPB24G-206,2374.577
IPB24A-7,IPB24G-207,1754.008
IPB24A-7,IPB24G-209,1717.483
IPB24A-7,IPB24G-210,1723.279
IPB24A-7,IPB24G-211,1747.725
IPB24A-7,IPB24G-212,1997.537
IPB24A-7,IPB24G-213,1960.576
IPB24A-7,IPB24G-214,1983.028
IPB24A-7,IPB24G-215,1835.613
IPB24A-7,IPB24G-216,1861.952
IPB24A-7,IPB24G-217,1853.654
IPB24A-7,IPB24G-218,1647.834
IPB24A-7,IPB24G-219,1835.613
IPB24A-7,IPB24G-220,1747.725
IPB24A-7,IPB24G-221,1835.613
IPB24A-7,IPB24G-222,1717.483
IPB24A-7,IPB24G-223,1754.008
IPB24A-7,IPB24G-224,1835.613
IPB24A-7,IPB24G-225,1997.537
IPB24A-7,IPB24G-227,1747.725
IPB24A-7,IPB24G-228,1983.028
IPB24A-7,IPB24G-229,1623.342
IPB24A-7,IPB24G-230,1747.725
IPB24A-7,IPB24G-231,1754.008
IPB24A-7,IPB24G-232,1835.613
IPB24A-7,IPB24G-233,1835.613
IPB24A-7,IPB24G-234,1835.613
IPB24A-7,IPB24G-235,1997.537
IPB24A-7,IPB24G-236,1997.537
IPB24A-7,IPB24G-237,1997.537
IPB24A-7,IPB24G-238,1950.048
IPB24A-7,IPB24G-239,1983.028
IPB24A-7,IPB24G-240,1943.117
IPB24A-7,IPB24G-241,1854.318
IPB24A-7,IPB24H-133,1091.436
IPB24A-7,IPB4B-15,1284.519
IPB24A-7,IPB4B-17,755.730
IPB24A-7,IPB4B-22,249.560
IPB24A-7,IPB4B-78,2384.941
IPB24A-7,IPB4B-79,2384.941
IPB24A-7,IPB4B-80,2384.941
IPB24A-7,IPB6D-12,1760.183
IPB24A-7,IPB6D-3,1721.064
IPB24A-7,IPB6D-5,1694.136
IPB24A-7,IPB6D-6,1721.064
IPB24A-7,IPB6D-7,1721.064
IPB24A-8,IPB24A-9,38.709
IPB24A-8,IPB24B-11,375.409
IPB24A-8,IPB24B-12,375.409
IPB24A-8,IPB24B-13,5.937
IPB24A-8,IPB24B-5,375.409
IPB24A-8,IPB24B-8,376.578
IPB24A-8,IPB24C-100,376.578
IPB24A-8,IPB24C-105,368.088
IPB24A-8,IPB24C-106,376.578
IPB24A-8,IPB24C-107,376.578
IPB24A-8,IPB24C-108,376.578
IPB24A-8,IPB24C-109,376.578
IPB24A-8,IPB24C-110,376.578
IPB24A-8,IPB24C-111,376.578
IPB24A-8,IPB24C-112,375.409
IPB24A-8,IPB24C-115,375.409
IPB24A-8,IPB24C-117,375.223
IPB24A-8,IPB24C-119,227.181
IPB24A-8,IPB24C-125,375.409
IPB24A-8,IPB24C-126,375.409
IPB24A-8,IPB24C-127,375.409
IPB24A-8,IPB24C-128,375.409
IPB24A-8,IPB24C-62,375.159
IPB24A-8,IPB24C-63,375.159
IPB24A-8,IPB24C-66,375.159
IPB24A-8,IPB24C-68,375.409
IPB24A-8,IPB24C-70,375.409
IPB24A-8,IPB24C-76,375.223
IPB24A-8,IPB24C-77,375.223
IPB24A-8,IPB24C-78,375.223
IPB24A-8,IPB24C-82,375.223
IPB24A-8,IPB24C-84,379.827
IPB24A-8,IPB24C-89,376.578
IPB24A-8,IPB24C-90,376.578
IPB24A-8,IPB24C-91,376.578
IPB24A-8,IPB24C-92,376.578
IPB24A-8,IPB24C-95,376.578
IPB24A-8,IPB24C-96,376.578
IPB24A-8,IPB24C-97,376.578
IPB24A-8,IPB24C-99,369.225
IPB24A-8,IPB24D-50,1218.375
IPB24A-8,IPB24E-170,2363.511
IPB24A-8,IPB24E-171,2395.580
IPB24A-8,IPB24E-172,2395.580
IPB24A-8,IPB24E-174,1637.455
IPB24A-8,IPB24E-175,2382.715
IPB24A-8,IPB24E-177,2382.715
IPB24A-8,IPB24E-179,2349.029
IPB24A-8,IPB24E-180,2374.577
IPB24A-8,IPB24E-181,2426.505
IPB24A-8,IPB24E-182,2147.721
IPB24A-8,IPB24E-183,2379.388
IPB24A-8,IPB24E-188,2503.056
IPB24A-8,IPB24E-189,2344.355
IPB24A-8,IPB24E-191,1895.915
IPB24A-8,IPB24E-192,2379.783
IPB24A-8,IPB24E-193,2363.511
IPB24A-8,IPB24E-194,2426.505
IPB24A-8,IPB24E-195,2147.721
IPB24A-8,IPB24E-196,2379.783
IPB24A-8,IPB24E-197,2379.783
IPB24A-8,IPB24E-198,2359.150
IPB24A-8,IPB24E-199,2382.715
IPB24A-8,IPB24E-200,2384.941
IPB24A-8,IPB24G-202,2395.580
IPB24A-8,IPB24G-203,2395.580
IPB24A-8,IPB24G-204,2395.580
IPB24A-8,IPB24G-206,2374.577
IPB24A-8,IPB24G-207,1754.008
IPB24A-8,IPB24G-209,1717.483
IPB24A-8,IPB24G-210,1723.279
IPB24A-8,IPB24G-211,1747.725
IPB24A-8,IPB24G-212,1997.537
IPB24A-8,IPB24G-213,1960.576
IPB24A-8,IPB24G-214,1983.028
IPB24A-8,IPB24G-215,1835.613
IPB24A-8,IPB24G-216,1861.952
IPB24A-8,IPB24G-217,1853.654
IPB24A-8,IPB24G-218,1647.834
IPB24A-8,IPB24G-219,1835.613
IPB24A-8,IPB24G-220,1747.725
IPB24A-8,IPB24G-221,1835.613
IPB24A-8,IPB24G-222,1717.483
IPB24A-8,IPB24G-223,1754.008
IPB24A-8,IPB24G-224,1835.613
IPB24A-8,IPB24G-225,1997.537
IPB24A-8,IPB24G-227,1747.725
IPB24A-8,IPB24G-228,1983.028
IPB24A-8,IPB24G-229,1623.342
IPB24A-8,IPB24G-230,1747.725
IPB24A-8,IPB24G-231,1754.008
IPB24A-8,IPB24G-232,1835.613
IPB24A-8,IPB24G-233,1835.613
IPB24A-8,IPB24G-234,1835.613
IPB24A-8,IPB24G-235,1997.537
IPB24A-8,IPB24G-236,1997.537
IPB24A-8,IPB24G-237,1997.537
IPB24A-8,IPB24G-238,1950.048
IPB24A-8,IPB24G-239,1983.028
IPB24A-8,IPB24G-240,1943.117
IPB24A-8,IPB24G-241,1854.318
IPB24A-8,IPB24H-133,1091.436
IPB24A-8,IPB4B-17,755.730
IPB24A-8,IPB4B-18,755.730
IPB24A-8,IPB4B-2,1529.923
IPB24A-8,IPB4B-22,249.560
IPB24A-8,IPB4B-25,702.115
IPB24A-8,IPB4B-36,1533.400
IPB24A-8,IPB4B-52,710.951
IPB24A-8,IPB4B-6,1078.398
IPB24A-8,IPB4B-67,2395.210
IPB24A-8,IPB4B-68,2395.210
IPB24A-8,IPB4B-78,2384.941
IPB24A-8,IPB4B-79,2384.941
IPB24A-8,IPB4B-80,2384.941
IPB24A-8,IPB6D-12,1760.183
IPB24A-8,IPB6D-3,1721.064
IPB24A-8,IPB6D-5,1694.136
IPB24A-8,IPB6D-6,1721.064
IPB24A-8,IPB6D-7,1721.064
IPB24A-9,IPB24B-13,33.437
IPB24A-9,IPB24C-99,407.583
IPB24A-9,IPB24E-170,2392.884
IPB24A-9,IPB24E-171,2426.008
IPB24A-9,IPB24E-172,2426.008
IPB24A-9,IPB24E-174,1659.612
IPB24A-9,IPB24E-175,2409.623
IPB24A-9,IPB24E-177,2409.623
IPB24A-9,IPB24E-179,2379.473
IPB24A-9,IPB24E-180,2400.144
IPB24A-9,IPB24E-181,2455.968
IPB24A-9,IPB24E-182,2174.024
IPB24A-9,IPB24E-183,2407.438
IPB24A-9,IPB24E-188,2533.056
IPB24A-9,IPB24E-189,2372.693
IPB24A-9,IPB24E-191,1921.056
IPB24A-9,IPB24E-192,2406.488
IPB24A-9,IPB24E-193,2392.884
IPB24A-9,IPB24E-194,2455.968
IPB24A-9,IPB24E-195,2174.024
IPB24A-9,IPB24E-196,2406.488
IPB24A-9,IPB24E-197,2406.488
IPB24A-9,IPB24E-198,2386.282
IPB24A-9,IPB24E-199,2409.623
IPB24A-9,IPB24E-200,2411.805
IPB24A-9,IPB24G-202,2426.008
IPB24A-9,IPB24G-203,2426.008
IPB24A-9,IPB24G-204,2426.008
IPB24A-9,IPB24G-206,2400.144
IPB24A-9,IPB24G-207,1782.182
IPB24A-9,IPB24G-209,1746.117
IPB24A-9,IPB24G-210,1752.067
IPB24A-9,IPB24G-211,1776.424
IPB24A-9,IPB24G-212,2027.239
IPB24A-9,IPB24G-213,1991.218
IPB24A-9,IPB24G-214,2014.059
IPB24A-9,IPB24G-215,1863.220
IPB24A-9,IPB24G-216,1894.573
IPB24A-9,IPB24G-217,1886.248
IPB24A-9,IPB24G-218,1676.658
IPB24A-9,IPB24G-219,1863.220
IPB24A-9,IPB24G-220,1776.424
IPB24A-9,IPB24G-221,1863.220
IPB24A-9,IPB24G-222,1746.117
IPB24A-9,IPB24G-223,1782.182
IPB24A-9,IPB24G-224,1863.220
IPB24A-9,IPB24G-225,2027.239
IPB24A-9,IPB24G-227,1776.424
IPB24A-9,IPB24G-228,2014.059
IPB24A-9,IPB24G-229,1652.293
IPB24A-9,IPB24G-230,1776.424
IPB24A-9,IPB24G-231,1782.182
IPB24A-9,IPB24G-232,1863.220
IPB24A-9,IPB24G-233,1863.220
IPB24A-9,IPB24G-234,1863.220
IPB24A-9,IPB24G-235,2027.239
IPB24A-9,IPB24G-236,2027.239
IPB24A-9,IPB24G-237,2027.239
IPB24A-9,IPB24G-238,1980.732
IPB24A-9,IPB24G-239,2014.059
IPB24A-9,IPB24G-240,1975.397
IPB24A-9,IPB24G-241,1886.855
IPB24A-9,IPB24H-133,1126.720
IPB24A-9,IPB4B-22,287.874
IPB24A-9,IPB4B-78,2411.805
IPB24A-9,IPB4B-79,2411.805
IPB24A-9,IPB4B-80,2411.805
IPB24A-9,IPB6D-12,1783.539
IPB24A-9,IPB6D-3,1740.443
IPB24A-9,IPB6D-5,1713.560
IPB24A-9,IPB6D-6,1740.443
IPB24A-9,IPB6D-7,1740.443
IPB24B-1,IPB24B-10,1111.029
IPB24B-1,IPB24B-11,1111.029
IPB24B-1,IPB24B-12,1111.029
IPB24B-1,IPB24B-13,1213.568
IPB24B-1,IPB24B-14,683.501
IPB24B-1,IPB24B-15,689.561
IPB24B-1,IPB24B-2,0.000
IPB24B-1,IPB24B-3,17.080
IPB24B-1,IPB24B-5,1111.029
IPB24B-1,IPB24B-6,1111.929
IPB24B-1,IPB24B-7,1110.992
IPB24B-1,IPB24B-8,1110.411
IPB24B-1,IPB24B-9,1111.029
IPB24B-1,IPB24C-100,1110.411
IPB24B-1,IPB24C-104,1109.097
IPB24B-1,IPB24C-108,1110.411
IPB24B-1,IPB24C-112,1111.029
IPB24B-1,IPB24C-117,1110.992
IPB24B-1,IPB24C-119,1138.298
IPB24B-1,IPB24C-120,1145.742
IPB24B-1,IPB24C-123,1142.659
IPB24B-1,IPB24C-125,1111.029
IPB24B-1,IPB24C-126,1111.029
IPB24B-1,IPB24C-127,1111.029
IPB24B-1,IPB24C-128,1111.029
IPB24B-1,IPB24C-21,431.099
IPB24B-1,IPB24C-29,147.109
IPB24B-1,IPB24C-59,1112.043
IPB24B-1,IPB24C-63,1112.043
IPB24B-1,IPB24C-65,1112.043
IPB24B-1,IPB24C-66,1112.043
IPB24B-1,IPB24C-68,1111.029
IPB24B-1,IPB24C-76,1110.992
IPB24B-1,IPB24C-82,1110.992
IPB24B-1,IPB24C-83,1110.992
IPB24B-1,IPB24C-84,1109.385
IPB24B-1,IPB24C-86,1110.411
IPB24B-1,IPB24C-89,1110.411
IPB24B-1,IPB24C-90,1110.411
IPB24B-1,IPB24C-91,1110.411
IPB24B-1,IPB24C-92,1110.411
IPB24B-1,IPB24C-95,1110.411
IPB24B-1,IPB24C-96,1110.411
IPB24B-1,IPB24C-97,1110.411
IPB24B-1,IPB24C-99,1109.739
IPB24B-1,IPB24D-47,131.268
IPB24B-1,IPB24D-52,0.000
IPB24B-1,IPB24D-54,29.342
IPB24B-1,IPB24D-56,1109.385
IPB24B-1,IPB4B-15,454.044
IPB24B-1,IPB4B-16,454.044
IPB24B-1,IPB4B-18,486.883
IPB24B-1,IPB4B-52,514.718
IPB24B-1,IPB4B-6,134.993
IPB24B-1,IPB4B-62,486.883
IPB24B-10,IPB24B-11,0.000
IPB24B-10,IPB24B-12,0.000
IPB24B-10,IPB24B-13,381.076
IPB24B-10,IPB24B-14,1415.147
IPB24B-10,IPB24B-15,1525.198
IPB24B-10,IPB24B-2,1111.029
IPB24B-10,IPB24B-3,1098.588
IPB24B-10,IPB24B-5,0.000
IPB24B-10,IPB24B-6,1.319
IPB24B-10,IPB24B-7,0.194
IPB24B-10,IPB24B-8,1.270
IPB24B-10,IPB24B-9,0.000
IPB24B-10,IPB24C-100,1.270
IPB24B-10,IPB24C-102,7.833
IPB24B-10,IPB24C-103,7.833
IPB24B-10,IPB24C-104,7.833
IPB24B-10,IPB24C-105,7.833
IPB24B-10,IPB24C-106,1.270
IPB24B-10,IPB24C-107,1.270
IPB24B-10,IPB24C-108,1.270
IPB24B-10,IPB24C-109,1.270
IPB24B-10,IPB24C-111,1.270
IPB24B-10,IPB24C-112,0.000
IPB24B-10,IPB24C-114,0.000
IPB24B-10,IPB24C-115,0.000
IPB24B-10,IPB24C-119,148.249
IPB24B-10,IPB24C-120,144.354
IPB24B-10,IPB24C-123,151.063
IPB24B-10,IPB24C-125,0.000
IPB24B-10,IPB24C-126,0.000
IPB24B-10,IPB24C-127,0.000
IPB24B-10,IPB24C-128,0.000
IPB24B-10,IPB24C-21,1070.925
IPB24B-10,IPB24C-26,1093.881
IPB24B-10,IPB24C-30,977.306
IPB24B-10,IPB24C-59,1.024
IPB24B-10,IPB24C-62,1.024
IPB24B-10,IPB24C-63,1.024
IPB24B-10,IPB24C-66,1.024
IPB24B-10,IPB24C-68,0.000
IPB24B-10,IPB24C-69,0.000
IPB24B-10,IPB24C-70,0.000
IPB24B-10,IPB24C-73,0.000
IPB24B-10,IPB24C-74,1.319
IPB24B-10,IPB24C-76,0.194
IPB24B-10,IPB24C-77,0.194
IPB24B-10,IPB24C-78,0.194
IPB24B-10,IPB24C-82,0.194
IPB24B-10,IPB24C-83,0.194
IPB24B-10,IPB24C-84,4.572
IPB24B-10,IPB24C-86,1.270
IPB24B-10,IPB24C-89,1.270
IPB24B-10,IPB24C-90,1.270
IPB24B-10,IPB24C-91,1.270
IPB24B-10,IPB24C-92,1.270
IPB24B-10,IPB24C-95,1.270
IPB24B-10,IPB24C-96,1.270
IPB24B-10,IPB24C-97,1.270
IPB24B-10,IPB24C-99,6.499
IPB24B-10,IPB24D-47,1080.161
IPB24B-10,IPB24D-50,1078.833
IPB24B-10,IPB24D-51,1078.833
IPB24B-10,IPB24D-52,1111.029
IPB24B-10,IPB24D-56,4.572
IPB24B-10,IPB24G-222,1425.489
IPB24B-11,IPB24B-12,0.000
IPB24B-11,IPB24B-13,381.076
IPB24B-11,IPB24B-14,1415.147
IPB24B-11,IPB24B-15,1525.198
IPB24B-11,IPB24B-2,1111.029
IPB24B-11,IPB24B-3,1098.588
IPB24B-11,IPB24B-5,0.000
IPB24B-11,IPB24B-6,1.319
IPB24B-11,IPB24B-7,0.194
IPB24B-11,IPB24B-8,1.270
IPB24B-11,IPB24B-9,0.000
IPB24B-11,IPB24C-100,1.270
IPB24B-11,IPB24C-102,7.833
IPB24B-11,IPB24C-103,7.833
IPB24B-11,IPB24C-104,7.833
IPB24B-11,IPB24C-105,7.833
IPB24B-11,IPB24C-106,1.270
IPB24B-11,IPB24C-107,1.270
IPB24B-11,IPB24C-108,1.270
IPB24B-11,IPB24C-109,1.270
IPB24B-11,IPB24C-110,1.270
IPB24B-11,IPB24C-111,1.270
IPB24B-11,IPB24C-112,0.000
IPB24B-11,IPB24C-114,0.000
IPB24B-11,IPB24C-115,0.000
IPB24B-11,IPB24C-117,0.194
IPB24B-11,IPB24C-119,148.249
IPB24B-11,IPB24C-120,144.354
IPB24B-11,IPB24C-122,128.175
IPB24B-11,IPB24C-123,151.063
IPB24B-11,IPB24C-125,0.000
IPB24B-11,IPB24C-126,0.000
IPB24B-11,IPB24C-127,0.000
IPB24B-11,IPB24C-128,0.000
IPB24B-11,IPB24C-21,1070.925
IPB24B-11,IPB24C-26,1093.881
IPB24B-11,IPB24C-30,977.306
IPB24B-11,IPB24C-59,1.024
IPB24B-11,IPB24C-60,1.024
IPB24B-11,IPB24C-61,1.024
IPB24B-11,IPB24C-62,1.024
IPB24B-11,IPB24C-63,1.024
IPB24B-11,IPB24C-65,1.024
IPB24B-11,IPB24C-66,1.024
IPB24B-11,IPB24C-68,0.000
IPB24B-11,IPB24C-69,0.000
IPB24B-11,IPB24C-70,0.000
IPB24B-11,IPB24C-73,0.000
IPB24B-11,IPB24C-74,1.319
IPB24B-11,IPB24C-76,0.194
IPB24B-11,IPB24C-77,0.194
IPB24B-11,IPB24C-78,0.194
IPB24B-11,IPB24C-82,0.194
IPB24B-11,IPB24C-83,0.194
IPB24B-11,IPB24C-84,4.572
IPB24B-11,IPB24C-86,1.270
IPB24B-11,IPB24C-89,1.270
IPB24B-11,IPB24C-90,1.270
IPB24B-11,IPB24C-91,1.270
IPB24B-11,IPB24C-92,1.270
IPB24B-11,IPB24C-95,1.270
IPB24B-11,IPB24C-96,1.270
IPB24B-11,IPB24C-97,1.270
IPB24B-11,IPB24C-99,6.499
IPB24B-11,IPB24D-36,984.605
IPB24B-11,IPB24D-38,836.166
IPB24B-11,IPB24D-46,1058.081
IPB24B-11,IPB24D-47,1080.161
IPB24B-11,IPB24D-48,1078.833
IPB24B-11,IPB24D-50,1078.833
IPB24B-11,IPB24D-51,1078.833
IPB24B-11,IPB24D-52,1111.029
IPB24B-11,IPB24D-56,4.572
IPB24B-11,IPB24G-209,1425.489
IPB24B-11,IPB24G-222,1425.489
IPB24B-11,IPB24H-129,818.822
IPB24B-11,IPB4B-14,1039.118
IPB24B-11,IPB4B-18,762.062
IPB24B-11,IPB4B-2,1374.654
IPB24B-11,IPB4B-25,642.440
IPB24B-11,IPB4B-36,1379.084
IPB24B-11,IPB4B-4,995.645
IPB24B-11,IPB4B-52,706.088
IPB24B-11,IPB4B-6,997.532
IPB24B-11,IPB4B-67,2080.631
IPB24B-11,IPB4B-68,2080.631
IPB24B-11,IPB4B-80,2103.832
IPB24B-12,IPB24B-13,381.076
IPB24B-12,IPB24B-14,1415.147
IPB24B-12,IPB24B-15,1525.198
IPB24B-12,IPB24B-2,1111.029
IPB24B-12,IPB24B-3,1098.588
IPB24B-12,IPB24B-5,0.000
IPB24B-12,IPB24B-6,1.319
IPB24B-12,IPB24B-7,0.194
IPB24B-12,IPB24B-8,1.270
IPB24B-12,IPB24B-9,0.000
IPB24B-12,IPB24C-100,1.270
IPB24B-12,IPB24C-104,7.833
IPB24B-12,IPB24C-105,7.833
IPB24B-12,IPB24C-106,1.270
IPB24B-12,IPB24C-107,1.270
IPB24B-12,IPB24C-108,1.270
IPB24B-12,IPB24C-109,1.270
IPB24B-12,IPB24C-110,1.270
IPB24B-12,IPB24C-111,1.270
IPB24B-12,IPB24C-112,0.000
IPB24B-12,IPB24C-114,0.000
IPB24B-12,IPB24C-115,0.000
IPB24B-12,IPB24C-117,0.194
IPB24B-12,IPB24C-119,148.249
IPB24B-12,IPB24C-120,144.354
IPB24B-12,IPB24C-122,128.175
IPB24B-12,IPB24C-123,151.063
IPB24B-12,IPB24C-125,0.000
IPB24B-12,IPB24C-126,0.000
IPB24B-12,IPB24C-127,0.000
IPB24B-12,IPB24C-128,0.000
IPB24B-12,IPB24C-59,1.024
IPB24B-12,IPB24C-60,1.024
IPB24B-12,IPB24C-62,1.024
IPB24B-12,IPB24C-63,1.024
IPB24B-12,IPB24C-66,1.024
IPB24B-12,IPB24C-68,0.000
IPB24B-12,IPB24C-69,0.000
IPB24B-12,IPB24C-70,0.000
IPB24B-12,IPB24C-73,0.000
IPB24B-12,IPB24C-74,1.319
IPB24B-12,IPB24C-76,0.194
IPB24B-12,IPB24C-77,0.194
IPB24B-12,IPB24C-78,0.194
IPB24B-12,IPB24C-79,0.194
IPB24B-12,IPB24C-82,0.194
IPB24B-12,IPB24C-83,0.194
IPB24B-12,IPB24C-84,4.572
IPB24B-12,IPB24C-86,1.270
IPB24B-12,IPB24C-88,1.270
IPB24B-12,IPB24C-89,1.270
IPB24B-12,IPB24C-90,1.270
IPB24B-12,IPB24C-91,1.270
IPB24B-12,IPB24C-92,1.270
IPB24B-12,IPB24C-95,1.270
IPB24B-12,IPB24C-96,1.270
IPB24B-12,IPB24C-97,1.270
IPB24B-12,IPB24C-99,6.499
IPB24B-12,IPB24D-54,1134.744
IPB24B-12,IPB24D-56,4.572
IPB24B-12,IPB4B-18,762.062
IPB24B-12,IPB4B-2,1374.654
IPB24B-12,IPB4B-25,642.440
IPB24B-12,IPB4B-36,1379.084
IPB24B-12,IPB4B-52,706.088
IPB24B-12,IPB4B-6,997.532
IPB24B-12,IPB4B-67,2080.631
IPB24B-12,IPB4B-68,2080.631
IPB24B-12,IPB4B-80,2103.832
IPB24B-13,IPB24B-14,1662.077
IPB24B-13,IPB24B-15,1751.757
IPB24B-13,IPB24B-2,1213.568
IPB24B-13,IPB24B-3,1198.067
IPB24B-13,IPB24B-5,381.076
IPB24B-13,IPB24B-6,380.018
IPB24B-13,IPB24B-7,380.890
IPB24B-13,IPB24B-8,382.248
IPB24B-13,IPB24B-9,381.076
IPB24B-13,IPB24C-100,382.248
IPB24B-13,IPB24C-102,373.769
IPB24B-13,IPB24C-104,373.769
IPB24B-13,IPB24C-106,382.248
IPB24B-13,IPB24C-108,382.248
IPB24B-13,IPB24C-111,382.248
IPB24B-13,IPB24C-112,381.076
IPB24B-13,IPB24C-114,381.076
IPB24B-13,IPB24C-115,381.076
IPB24B-13,IPB24C-117,380.890
IPB24B-13,IPB24C-119,232.836
IPB24B-13,IPB24C-120,237.273
IPB24B-13,IPB24C-123,230.155
IPB24B-13,IPB24C-125,381.076
IPB24B-13,IPB24C-126,381.076
IPB24B-13,IPB24C-127,381.076
IPB24B-13,IPB24C-128,381.076
IPB24B-13,IPB24C-59,380.822
IPB24B-13,IPB24C-60,380.822
IPB24B-13,IPB24C-62,380.822
IPB24B-13,IPB24C-63,380.822
IPB24B-13,IPB24C-66,380.822
IPB24B-13,IPB24C-68,381.076
IPB24B-13,IPB24C-69,381.076
IPB24B-13,IPB24C-70,381.076
IPB24B-13,IPB24C-73,381.076
IPB24B-13,IPB24C-74,380.018
IPB24B-13,IPB24C-76,380.890
IPB24B-13,IPB24C-77,380.890
IPB24B-13,IPB24C-78,380.890
IPB24B-13,IPB24C-83,380.890
IPB24B-13,IPB24C-84,385.499
IPB24B-13,IPB24C-86,382.248
IPB24B-13,IPB24C-89,382.248
IPB24B-13,IPB24C-90,382.248
IPB24B-13,IPB24C-91,382.248
IPB24B-13,IPB24C-92,382.248
IPB24B-13,IPB24C-95,382.248
IPB24B-13,IPB24C-96,382.248
IPB24B-13,IPB24C-97,382.248
IPB24B-13,IPB24C-99,374.902
IPB24B-13,IPB24D-56,385.499
IPB24B-13,IPB24E-170,2369.228
IPB24B-13,IPB24E-171,2401.361
IPB24B-13,IPB24E-172,2401.361
IPB24B-13,IPB24E-174,1642.581
IPB24B-13,IPB24E-175,2388.258
IPB24B-13,IPB24E-177,2388.258
IPB24B-13,IPB24E-179,2354.810
IPB24B-13,IPB24E-180,2380.014
IPB24B-13,IPB24E-181,2432.228
IPB24B-13,IPB24E-182,2153.215
IPB24B-13,IPB24E-183,2385.016
IPB24B-13,IPB24E-188,2508.813
IPB24B-13,IPB24E-189,2350.003
IPB24B-13,IPB24E-191,1901.312
IPB24B-13,IPB24E-192,2385.310
IPB24B-13,IPB24E-193,2369.228
IPB24B-13,IPB24E-194,2432.228
IPB24B-13,IPB24E-195,2153.215
IPB24B-13,IPB24E-196,2385.310
IPB24B-13,IPB24E-197,2385.310
IPB24B-13,IPB24E-198,2364.710
IPB24B-13,IPB24E-199,2388.258
IPB24B-13,IPB24E-200,2390.481
IPB24B-13,IPB24G-202,2401.361
IPB24B-13,IPB24G-203,2401.361
IPB24B-13,IPB24G-204,2401.361
IPB24B-13,IPB24G-206,2380.014
IPB24B-13,IPB24G-207,1759.641
IPB24B-13,IPB24G-209,1723.148
IPB24B-13,IPB24G-210,1728.954
IPB24B-13,IPB24G-211,1753.395
IPB24B-13,IPB24G-212,2003.273
IPB24B-13,IPB24G-213,1966.368
IPB24B-13,IPB24G-214,1988.841
IPB24B-13,IPB24G-215,1841.205
IPB24B-13,IPB24G-216,1867.837
IPB24B-13,IPB24G-217,1859.538
IPB24B-13,IPB24G-218,1653.511
IPB24B-13,IPB24G-219,1841.205
IPB24B-13,IPB24G-220,1753.395
IPB24B-13,IPB24G-221,1841.205
IPB24B-13,IPB24G-222,1723.148
IPB24B-13,IPB24G-223,1759.641
IPB24B-13,IPB24G-225,2003.273
IPB24B-13,IPB24G-227,1753.395
IPB24B-13,IPB24G-228,1988.841
IPB24B-13,IPB24G-229,1629.028
IPB24B-13,IPB24G-230,1753.395
IPB24B-13,IPB24G-231,1759.641
IPB24B-13,IPB24G-232,1841.205
IPB24B-13,IPB24G-233,1841.205
IPB24B-13,IPB24G-234,1841.205
IPB24B-13,IPB24G-235,2003.273
IPB24B-13,IPB24G-236,2003.273
IPB24B-13,IPB24G-237,2003.273
IPB24B-13,IPB24G-239,1988.841
IPB24B-13,IPB24G-240,1948.989
IPB24B-13,IPB24G-241,1860.200
IPB24B-13,IPB4B-78,2390.481
IPB24B-13,IPB4B-79,2390.481
IPB24B-13,IPB4B-80,2390.481
IPB24B-13,IPB6D-12,1765.422
IPB24B-13,IPB6D-3,1725.917
IPB24B-13,IPB6D-5,1698.993
IPB24B-13,IPB6D-6,1725.917
IPB24B-13,IPB6D-7,1725.917
IPB24B-14,IPB24B-15,146.642
IPB24B-14,IPB24B-2,683.501
IPB24B-14,IPB24B-3,697.486
IPB24B-14,IPB24B-5,1415.147
IPB24B-14,IPB24B-6,1416.397
IPB24B-14,IPB24B-7,1415.206
IPB24B-14,IPB24B-8,1414.075
IPB24B-14,IPB24B-9,1415.147
IPB24B-14,IPB24C-100,1414.075
IPB24B-14,IPB24C-102,1417.056
IPB24B-14,IPB24C-104,1417.056
IPB24B-14,IPB24C-106,1414.075
IPB24B-14,IPB24C-108,1414.075
IPB24B-14,IPB24C-109,1414.075
IPB24B-14,IPB24C-110,1414.075
IPB24B-14,IPB24C-112,1415.147
IPB24B-14,IPB24C-114,1415.147
IPB24B-14,IPB24C-115,1415.147
IPB24B-14,IPB24C-119,1505.667
IPB24B-14,IPB24C-120,1509.721
IPB24B-14,IPB24C-123,1510.354
IPB24B-14,IPB24C-125,1415.147
IPB24B-14,IPB24C-126,1415.147
IPB24B-14,IPB24C-127,1415.147
IPB24B-14,IPB24C-128,1415.147
IPB24B-14,IPB24C-21,364.588
IPB24B-14,IPB24C-22,418.260
IPB24B-14,IPB24C-23,418.260
IPB24B-14,IPB24C-32,919.784
IPB24B-14,IPB24C-58,1416.107
IPB24B-14,IPB24C-59,1416.107
IPB24B-14,IPB24C-62,1416.107
IPB24B-14,IPB24C-63,1416.107
IPB24B-14,IPB24C-66,1416.107
IPB24B-14,IPB24C-68,1415.147
IPB24B-14,IPB24C-70,1415.147
IPB24B-14,IPB24C-73,1415.147
IPB24B-14,IPB24C-76,1415.206
IPB24B-14,IPB24C-83,1415.206
IPB24B-14,IPB24C-84,1411.668
IPB24B-14,IPB24C-86,1414.075
IPB24B-14,IPB24C-88,1414.075
IPB24B-14,IPB24C-89,1414.075
IPB24B-14,IPB24C-90,1414.075
IPB24B-14,IPB24C-91,1414.075
IPB24B-14,IPB24C-92,1414.075
IPB24B-14,IPB24C-95,1414.075
IPB24B-14,IPB24C-96,1414.075
IPB24B-14,IPB24C-97,1414.075
IPB24B-14,IPB24C-99,1417.041
IPB24B-14,IPB24D-56,1411.668
IPB24B-14,IPB24G-222,295.732
IPB24B-14,IPB24G-229,302.599
IPB24B-14,IPB4B-15,372.411
IPB24B-14,IPB4B-18,1088.446
IPB24B-14,IPB4B-2,410.604
IPB24B-14,IPB4B-25,1027.529
IPB24B-14,IPB4B-4,784.936
IPB24B-14,IPB4B-5,782.065
IPB24B-14,IPB4B-6,781.001
IPB24B-15,IPB24B-2,689.561
IPB24B-15,IPB24B-3,705.296
IPB24B-15,IPB24B-5,1525.198
IPB24B-15,IPB24B-6,1526.418
IPB24B-15,IPB24B-7,1525.244
IPB24B-15,IPB24B-8,1524.174
IPB24B-15,IPB24B-9,1525.198
IPB24B-15,IPB24C-100,1524.174
IPB24B-15,IPB24C-104,1526.597
IPB24B-15,IPB24C-108,1524.174
IPB24B-15,IPB24C-112,1525.198
IPB24B-15,IPB24C-114,1525.198
IPB24B-15,IPB24C-115,1525.198
IPB24B-15,IPB24C-119,1607.578
IPB24B-15,IPB24C-120,1612.220
IPB24B-15,IPB24C-123,1612.275
IPB24B-15,IPB24C-125,1525.198
IPB24B-15,IPB24C-126,1525.198
IPB24B-15,IPB24C-127,1525.198
IPB24B-15,IPB24C-128,1525.198
IPB24B-15,IPB24C-59,1526.179
IPB24B-15,IPB24C-62,1526.179
IPB24B-15,IPB24C-63,1526.179
IPB24B-15,IPB24C-66,1526.179
IPB24B-15,IPB24C-68,1525.198
IPB24B-15,IPB24C-70,1525.198
IPB24B-15,IPB24C-71,1525.198
IPB24B-15,IPB24C-73,1525.198
IPB24B-15,IPB24C-76,1525.244
IPB24B-15,IPB24C-83,1525.244
IPB24B-15,IPB24C-84,1521.924
IPB24B-15,IPB24C-86,1524.174
IPB24B-15,IPB24C-89,1524.174
IPB24B-15,IPB24C-90,1524.174
IPB24B-15,IPB24C-91,1524.174
IPB24B-15,IPB24C-92,1524.174
IPB24B-15,IPB24C-95,1524.174
IPB24B-15,IPB24C-96,1524.174
IPB24B-15,IPB24C-97,1524.174
IPB24B-15,IPB24C-99,1526.674
IPB24B-15,IPB24D-52,689.561
IPB24B-15,IPB24D-56,1521.924
IPB24B-2,IPB24B-3,17.080
IPB24B-2,IPB24B-5,1111.029
IPB24B-2,IPB24B-6,1111.929
IPB24B-2,IPB24B-7,1110.992
IPB24B-2,IPB24B-8,1110.411
IPB24B-2,IPB24B-9,1111.029
IPB24B-2,IPB24C-100,1110.411
IPB24B-2,IPB24C-104,1109.097
IPB24B-2,IPB24C-106,1110.411
IPB24B-2,IPB24C-108,1110.411
IPB24B-2,IPB24C-112,1111.029
IPB24B-2,IPB24C-114,1111.029
IPB24B-2,IPB24C-119,1138.298
IPB24B-2,IPB24C-120,1145.742
IPB24B-2,IPB24C-123,1142.659
IPB24B-2,IPB24C-125,1111.029
IPB24B-2,IPB24C-126,1111.029
IPB24B-2,IPB24C-127,1111.029
IPB24B-2,IPB24C-128,1111.029
IPB24B-2,IPB24C-59,1112.043
IPB24B-2,IPB24C-60,1112.043
IPB24B-2,IPB24C-62,1112.043
IPB24B-2,IPB24C-63,1112.043
IPB24B-2,IPB24C-66,1112.043
IPB24B-2,IPB24C-68,1111.029
IPB24B-2,IPB24C-76,1110.992
IPB24B-2,IPB24C-77,1110.992
IPB24B-2,IPB24C-78,1110.992
IPB24B-2,IPB24C-83,1110.992
IPB24B-2,IPB24C-84,1109.385
IPB24B-2,IPB24C-86,1110.411
IPB24B-2,IPB24C-89,1110.411
IPB24B-2,IPB24C-90,1110.411
IPB24B-2,IPB24C-91,1110.411
IPB24B-2,IPB24C-92,1110.411
IPB24B-2,IPB24C-95,1110.411
IPB24B-2,IPB24C-96,1110.411
IPB24B-2,IPB24C-97,1110.411
IPB24B-2,IPB24C-99,1109.739
IPB24B-2,IPB24D-52,0.000
IPB24B-2,IPB24D-56,1109.385
IPB24B-3,IPB24B-6,1099.477
IPB24B-3,IPB24B-7,1098.549
IPB24B-3,IPB24B-8,1097.981
IPB24B-3,IPB24B-9,1098.588
IPB24B-3,IPB24C-102,1096.575
IPB24B-3,IPB24C-103,1096.575
IPB24B-3,IPB24C-107,1097.981
IPB24B-3,IPB24C-108,1097.981
IPB24B-3,IPB24C-109,1097.981
IPB24B-3,IPB24C-111,1097.981
IPB24B-3,IPB24C-112,1098.588
IPB24B-3,IPB24C-114,1098.588
IPB24B-3,IPB24C-115,1098.588
IPB24B-3,IPB24C-117,1098.549
IPB24B-3,IPB24C-119,1124.433
IPB24B-3,IPB24C-125,1098.588
IPB24B-3,IPB24C-127,1098.588
IPB24B-3,IPB24C-21,438.979
IPB24B-3,IPB24C-26,100.324
IPB24B-3,IPB24C-30,125.087
IPB24B-3,IPB24C-59,1099.600
IPB24B-3,IPB24C-60,1099.600
IPB24B-3,IPB24C-63,1099.600
IPB24B-3,IPB24C-66,1099.600
IPB24B-3,IPB24C-68,1098.588
IPB24B-3,IPB24C-69,1098.588
IPB24B-3,IPB24C-70,1098.588
IPB24B-3,IPB24C-73,1098.588
IPB24B-3,IPB24C-76,1098.549
IPB24B-3,IPB24C-77,1098.549
IPB24B-3,IPB24C-78,1098.549
IPB24B-3,IPB24C-83,1098.549
IPB24B-3,IPB24C-84,1096.990
IPB24B-3,IPB24C-89,1097.981
IPB24B-3,IPB24C-90,1097.981
IPB24B-3,IPB24C-92,1097.981
IPB24B-3,IPB24C-95,1097.981
IPB24B-3,IPB24C-97,1097.981
IPB24B-3,IPB24C-99,1097.230
IPB24B-3,IPB24D-47,139.618
IPB24B-3,IPB24D-50,140.639
IPB24B-3,IPB24D-51,140.639
IPB24B-3,IPB24D-52,17.080
IPB24B-3,IPB4B-6,118.346
IPB24B-5,IPB24B-6,1.319
IPB24B-5,IPB24B-7,0.194
IPB24B-5,IPB24B-8,1.270
IPB24B-5,IPB24B-9,0.000
IPB24B-5,IPB24C-100,1.270
IPB24B-5,IPB24C-102,7.833
IPB24B-5,IPB24C-103,7.833
IPB24B-5,IPB24C-104,7.833
IPB24B-5,IPB24C-106,1.270
IPB24B-5,IPB24C-108,1.270
IPB24B-5,IPB24C-109,1.270
IPB24B-5,IPB24C-110,1.270
IPB24B-5,IPB24C-111,1.270
IPB24B-5,IPB24C-112,0.000
IPB24B-5,IPB24C-114,0.000
IPB24B-5,IPB24C-115,0.000
IPB24B-5,IPB24C-117,0.194
IPB24B-5,IPB24C-119,148.249
IPB24B-5,IPB24C-120,144.354
IPB24B-5,IPB24C-122,128.175
IPB24B-5,IPB24C-123,151.063
IPB24B-5,IPB24C-124,134.919
IPB24B-5,IPB24C-125,0.000
IPB24B-5,IPB24C-126,0.000
IPB24B-5,IPB24C-127,0.000
IPB24B-5,IPB24C-128,0.000
IPB24B-5,IPB24C-32,758.332
IPB24B-5,IPB24C-58,1.024
IPB24B-5,IPB24C-59,1.024
IPB24B-5,IPB24C-60,1.024
IPB24B-5,IPB24C-61,1.024
IPB24B-5,IPB24C-62,1.024
IPB24B-5,IPB24C-63,1.024
IPB24B-5,IPB24C-66,1.024
IPB24B-5,IPB24C-68,0.000
IPB24B-5,IPB24C-69,0.000
IPB24B-5,IPB24C-70,0.000
IPB24B-5,IPB24C-71,0.000
IPB24B-5,IPB24C-73,0.000
IPB24B-5,IPB24C-74,1.319
IPB24B-5,IPB24C-76,0.194
IPB24B-5,IPB24C-77,0.194
IPB24B-5,IPB24C-78,0.194
IPB24B-5,IPB24C-82,0.194
IPB24B-5,IPB24C-83,0.194
IPB24B-5,IPB24C-84,4.572
IPB24B-5,IPB24C-86,1.270
IPB24B-5,IPB24C-89,1.270
IPB24B-5,IPB24C-90,1.270
IPB24B-5,IPB24C-91,1.270
IPB24B-5,IPB24C-92,1.270
IPB24B-5,IPB24C-95,1.270
IPB24B-5,IPB24C-96,1.270
IPB24B-5,IPB24C-97,1.270
IPB24B-5,IPB24C-99,6.499
IPB24B-5,IPB24D-38,836.166
IPB24B-5,IPB24D-54,1134.744
IPB24B-5,IPB24D-56,4.572
IPB24B-5,IPB24G-209,1425.489
IPB24B-5,IPB24G-214,1665.195
IPB24B-5,IPB24G-218,1354.869
IPB24B-5,IPB24G-219,1552.363
IPB24B-5,IPB24G-222,1425.489
IPB24B-5,IPB24G-231,1466.135
IPB24B-5,IPB24G-232,1552.363
IPB24B-5,IPB24G-233,1552.363
IPB24B-5,IPB24G-234,1552.363
IPB24B-5,IPB24G-239,1665.195
IPB24B-5,IPB4B-6,997.532
IPB24B-5,IPB6D-12,1520.576
IPB24B-6,IPB24B-7,1.214
IPB24B-6,IPB24B-8,2.570
IPB24B-6,IPB24B-9,1.319
IPB24B-6,IPB24C-109,2.570
IPB24B-6,IPB24C-112,1.319
IPB24B-6,IPB24C-119,147.186
IPB24B-6,IPB24C-120,143.246
IPB24B-6,IPB24C-125,1.319
IPB24B-6,IPB24C-126,1.319
IPB24B-6,IPB24C-59,0.829
IPB24B-6,IPB24C-62,0.829
IPB24B-6,IPB24C-69,1.319
IPB24B-6,IPB24C-74,0.000
IPB24B-6,IPB24C-99,5.835
IPB24B-6,IPB4B-13,1040.334
IPB24B-6,IPB4B-63,141.338
IPB24B-7,IPB24B-8,1.425
IPB24B-7,IPB24B-9,0.194
IPB24B-7,IPB24C-100,1.425
IPB24B-7,IPB24C-102,7.638
IPB24B-7,IPB24C-103,7.638
IPB24B-7,IPB24C-104,7.638
IPB24B-7,IPB24C-106,1.425
IPB24B-7,IPB24C-107,1.425
IPB24B-7,IPB24C-108,1.425
IPB24B-7,IPB24C-109,1.425
IPB24B-7,IPB24C-111,1.425
IPB24B-7,IPB24C-112,0.194
IPB24B-7,IPB24C-114,0.194
IPB24B-7,IPB24C-115,0.194
IPB24B-7,IPB24C-117,0.000
IPB24B-7,IPB24C-119,148.064
IPB24B-7,IPB24C-120,144.173
IPB24B-7,IPB24C-123,150.879
IPB24B-7,IPB24C-125,0.194
IPB24B-7,IPB24C-126,0.194
IPB24B-7,IPB24C-127,0.194
IPB24B-7,IPB24C-128,0.194
IPB24B-7,IPB24C-21,1070.965
IPB24B-7,IPB24C-26,1093.860
IPB24B-7,IPB24C-30,977.262
IPB24B-7,IPB24C-59,1.051
IPB24B-7,IPB24C-60,1.051
IPB24B-7,IPB24C-62,1.051
IPB24B-7,IPB24C-63,1.051
IPB24B-7,IPB24C-66,1.051
IPB24B-7,IPB24C-68,0.194
IPB24B-7,IPB24C-69,0.194
IPB24B-7,IPB24C-70,0.194
IPB24B-7,IPB24C-71,0.194
IPB24B-7,IPB24C-73,0.194
IPB24B-7,IPB24C-76,0.000
IPB24B-7,IPB24C-77,0.000
IPB24B-7,IPB24C-78,0.000
IPB24B-7,IPB24C-82,0.000
IPB24B-7,IPB24C-83,0.000
IPB24B-7,IPB24C-84,4.738
IPB24B-7,IPB24C-86,1.425
IPB24B-7,IPB24C-89,1.425
IPB24B-7,IPB24C-90,1.425
IPB24B-7,IPB24C-91,1.425
IPB24B-7,IPB24C-92,1.425
IPB24B-7,IPB24C-95,1.425
IPB24B-7,IPB24C-96,1.425
IPB24B-7,IPB24C-97,1.425
IPB24B-7,IPB24C-99,6.304
IPB24B-7,IPB24D-47,1080.147
IPB24B-7,IPB24D-50,1078.819
IPB24B-7,IPB24D-51,1078.819
IPB24B-7,IPB24D-52,1110.992
IPB24B-7,IPB24D-56,4.738
IPB24B-7,IPB24G-222,1425.585
IPB24B-8,IPB24B-9,1.270
IPB24B-8,IPB24C-100,0.000
IPB24B-8,IPB24C-102,8.796
IPB24B-8,IPB24C-103,8.796
IPB24B-8,IPB24C-104,8.796
IPB24B-8,IPB24C-106,0.000
IPB24B-8,IPB24C-107,0.000
IPB24B-8,IPB24C-108,0.000
IPB24B-8,IPB24C-109,0.000
IPB24B-8,IPB24C-110,0.000
IPB24B-8,IPB24C-111,0.000
IPB24B-8,IPB24C-112,1.270
IPB24B-8,IPB24C-114,1.270
IPB24B-8,IPB24C-115,1.270
IPB24B-8,IPB24C-117,1.425
IPB24B-8,IPB24C-119,149.425
IPB24B-8,IPB24C-120,145.557
IPB24B-8,IPB24C-123,152.251
IPB24B-8,IPB24C-125,1.270
IPB24B-8,IPB24C-126,1.270
IPB24B-8,IPB24C-127,1.270
IPB24B-8,IPB24C-128,1.270
IPB24B-8,IPB24C-21,1069.925
IPB24B-8,IPB24C-23,1175.353
IPB24B-8,IPB24C-26,1093.175
IPB24B-8,IPB24C-30,976.733
IPB24B-8,IPB24C-59,2.058
IPB24B-8,IPB24C-62,2.058
IPB24B-8,IPB24C-63,2.058
IPB24B-8,IPB24C-66,2.058
IPB24B-8,IPB24C-68,1.270
IPB24B-8,IPB24C-69,1.270
IPB24B-8,IPB24C-70,1.270
IPB24B-8,IPB24C-73,1.270
IPB24B-8,IPB24C-74,2.570
IPB24B-8,IPB24C-76,1.425
IPB24B-8,IPB24C-77,1.425
IPB24B-8,IPB24C-78,1.425
IPB24B-8,IPB24C-82,1.425
IPB24B-8,IPB24C-83,1.425
IPB24B-8,IPB24C-84,3.319
IPB24B-8,IPB24C-86,0.000
IPB24B-8,IPB24C-89,0.000
IPB24B-8,IPB24C-90,0.000
IPB24B-8,IPB24C-91,0.000
IPB24B-8,IPB24C-92,0.000
IPB24B-8,IPB24C-95,0.000
IPB24B-8,IPB24C-96,0.000
IPB24B-8,IPB24C-97,0.000
IPB24B-8,IPB24C-99,7.507
IPB24B-8,IPB24D-38,835.417
IPB24B-8,IPB24D-42,845.231
IPB24B-8,IPB24D-47,1079.417
IPB24B-8,IPB24D-50,1078.089
IPB24B-8,IPB24D-51,1078.089
IPB24B-8,IPB24D-52,1110.411
IPB24B-8,IPB24D-56,3.319
IPB24B-8,IPB24G-209,1424.298
IPB24B-8,IPB24G-218,1353.678
IPB24B-8,IPB24G-219,1551.187
IPB24B-8,IPB24G-222,1424.298
IPB24B-8,IPB24G-231,1464.952
IPB24B-8,IPB24G-232,1551.187
IPB24B-8,IPB24G-233,1551.187
IPB24B-8,IPB24G-234,1551.187
IPB24B-8,IPB24G-239,1663.955
IPB24B-8,IPB4B-25,642.095
IPB24B-9,IPB24C-100,1.270
IPB24B-9,IPB24C-102,7.833
IPB24B-9,IPB24C-103,7.833
IPB24B-9,IPB24C-104,7.833
IPB24B-9,IPB24C-106,1.270
IPB24B-9,IPB24C-108,1.270
IPB24B-9,IPB24C-111,1.270
IPB24B-9,IPB24C-112,0.000
IPB24B-9,IPB24C-114,0.000
IPB24B-9,IPB24C-115,0.000
IPB24B-9,IPB24C-117,0.194
IPB24B-9,IPB24C-119,148.249
IPB24B-9,IPB24C-120,144.354
IPB24B-9,IPB24C-122,128.175
IPB24B-9,IPB24C-123,151.063
IPB24B-9,IPB24C-124,134.919
IPB24B-9,IPB24C-125,0.000
IPB24B-9,IPB24C-126,0.000
IPB24B-9,IPB24C-127,0.000
IPB24B-9,IPB24C-128,0.000
IPB24B-9,IPB24C-21,1070.925
IPB24B-9,IPB24C-60,1.024
IPB24B-9,IPB24C-62,1.024
IPB24B-9,IPB24C-63,1.024
IPB24B-9,IPB24C-65,1.024
IPB24B-9,IPB24C-66,1.024
IPB24B-9,IPB24C-68,0.000
IPB24B-9,IPB24C-69,0.000
IPB24B-9,IPB24C-70,0.000
IPB24B-9,IPB24C-71,0.000
IPB24B-9,IPB24C-73,0.000
IPB24B-9,IPB24C-74,1.319
IPB24B-9,IPB24C-76,0.194
IPB24B-9,IPB24C-77,0.194
IPB24B-9,IPB24C-78,0.194
IPB24B-9,IPB24C-82,0.194
IPB24B-9,IPB24C-83,0.194
IPB24B-9,IPB24C-84,4.572
IPB24B-9,IPB24C-86,1.270
IPB24B-9,IPB24C-89,1.270
IPB24B-9,IPB24C-90,1.270
IPB24B-9,IPB24C-91,1.270
IPB24B-9,IPB24C-92,1.270
IPB24B-9,IPB24C-95,1.270
IPB24B-9,IPB24C-96,1.270
IPB24B-9,IPB24C-97,1.270
IPB24B-9,IPB24C-99,6.499
IPB24B-9,IPB24D-51,1078.833
IPB24B-9,IPB24D-56,4.572
IPB24C-100,IPB24C-102,8.796
IPB24C-100,IPB24C-103,8.796
IPB24C-100,IPB24C-104,8.796
IPB24C-100,IPB24C-105,8.796
IPB24C-100,IPB24C-106,0.000
IPB24C-100,IPB24C-107,0.000
IPB24C-100,IPB24C-108,0.000
IPB24C-100,IPB24C-109,0.000
IPB24C-100,IPB24C-110,0.000
IPB24C-100,IPB24C-111,0.000
IPB24C-100,IPB24C-112,1.270
IPB24C-100,IPB24C-114,1.270
IPB24C-100,IPB24C-115,1.270
IPB24C-100,IPB24C-117,1.425
IPB24C-100,IPB24C-119,149.425
IPB24C-100,IPB24C-120,145.557
IPB24C-100,IPB24C-122,129.343
IPB24C-100,IPB24C-123,152.251
IPB24C-100,IPB24C-125,1.270
IPB24C-100,IPB24C-126,1.270
IPB24C-100,IPB24C-127,1.270
IPB24C-100,IPB24C-128,1.270
IPB24C-100,IPB24C-22,1175.353
IPB24C-100,IPB24C-23,1175.353
IPB24C-100,IPB24C-32,757.873
IPB24C-100,IPB24C-61,2.058
IPB24C-100,IPB24C-62,2.058
IPB24C-100,IPB24C-63,2.058
IPB24C-100,IPB24C-65,2.058
IPB24C-100,IPB24C-66,2.058
IPB24C-100,IPB24C-68,1.270
IPB24C-100,IPB24C-69,1.270
IPB24C-100,IPB24C-70,1.270
IPB24C-100,IPB24C-71,1.270
IPB24C-100,IPB24C-73,1.270
IPB24C-100,IPB24C-74,2.570
IPB24C-100,IPB24C-76,1.425
IPB24C-100,IPB24C-77,1.425
IPB24C-100,IPB24C-78,1.425
IPB24C-100,IPB24C-82,1.425
IPB24C-100,IPB24C-83,1.425
IPB24C-100,IPB24C-84,3.319
IPB24C-100,IPB24C-86,0.000
IPB24C-100,IPB24C-89,0.000
IPB24C-100,IPB24C-90,0.000
IPB24C-100,IPB24C-91,0.000
IPB24C-100,IPB24C-92,0.000
IPB24C-100,IPB24C-95,0.000
IPB24C-100,IPB24C-96,0.000
IPB24C-100,IPB24C-97,0.000
IPB24C-100,IPB24C-99,7.507
IPB24C-100,IPB24D-38,835.417
IPB24C-100,IPB24D-46,1057.519
IPB24C-100,IPB24D-54,1134.143
IPB24C-100,IPB24D-56,3.319
IPB24C-100,IPB24E-195,1872.777
IPB24C-100,IPB24E-196,2099.050
IPB24C-100,IPB24G-203,2079.753
IPB24C-100,IPB24G-209,1424.298
IPB24C-100,IPB24G-217,1520.721
IPB24C-100,IPB24G-218,1353.678
IPB24C-100,IPB24G-219,1551.187
IPB24C-100,IPB24G-220,1453.518
IPB24C-100,IPB24G-221,1551.187
IPB24C-100,IPB24G-222,1424.298
IPB24C-100,IPB24G-224,1551.187
IPB24C-100,IPB24G-225,1691.032
IPB24C-100,IPB24G-228,1663.955
IPB24C-100,IPB24G-230,1453.518
IPB24C-100,IPB24G-231,1464.952
IPB24C-100,IPB24G-232,1551.187
IPB24C-100,IPB24G-233,1551.187
IPB24C-100,IPB24G-234,1551.187
IPB24C-100,IPB24G-239,1663.955
IPB24C-100,IPB24G-240,1612.569
IPB24C-100,IPB24G-241,1521.910
IPB24C-100,IPB4B-1,1378.642
IPB24C-100,IPB4B-13,1038.099
IPB24C-100,IPB4B-16,1052.992
IPB24C-100,IPB4B-17,761.891
IPB24C-100,IPB4B-18,761.891
IPB24C-100,IPB4B-2,1373.827
IPB24C-100,IPB4B-25,642.095
IPB24C-100,IPB4B-36,1378.260
IPB24C-100,IPB4B-4,995.110
IPB24C-100,IPB4B-5,994.866
IPB24C-100,IPB4B-52,705.903
IPB24C-100,IPB4B-6,996.993
IPB24C-100,IPB4B-67,2079.392
IPB24C-102,IPB24C-103,0.000
IPB24C-102,IPB24C-104,0.000
IPB24C-102,IPB24C-105,0.000
IPB24C-102,IPB24C-106,8.796
IPB24C-102,IPB24C-107,8.796
IPB24C-102,IPB24C-108,8.796
IPB24C-102,IPB24C-109,8.796
IPB24C-102,IPB24C-110,8.796
IPB24C-102,IPB24C-111,8.796
IPB24C-102,IPB24C-112,7.833
IPB24C-102,IPB24C-114,7.833
IPB24C-102,IPB24C-115,7.833
IPB24C-102,IPB24C-117,7.638
IPB24C-102,IPB24C-120,137.286
IPB24C-102,IPB24C-122,120.868
IPB24C-102,IPB24C-123,143.875
IPB24C-102,IPB24C-124,127.722
IPB24C-102,IPB24C-125,7.833
IPB24C-102,IPB24C-126,7.833
IPB24C-102,IPB24C-127,7.833
IPB24C-102,IPB24C-128,7.833
IPB24C-102,IPB24C-21,1072.087
IPB24C-102,IPB24C-26,1092.573
IPB24C-102,IPB24C-30,975.073
IPB24C-102,IPB24C-62,8.012
IPB24C-102,IPB24C-63,8.012
IPB24C-102,IPB24C-66,8.012
IPB24C-102,IPB24C-68,7.833
IPB24C-102,IPB24C-69,7.833
IPB24C-102,IPB24C-70,7.833
IPB24C-102,IPB24C-71,7.833
IPB24C-102,IPB24C-73,7.833
IPB24C-102,IPB24C-74,7.210
IPB24C-102,IPB24C-76,7.638
IPB24C-102,IPB24C-77,7.638
IPB24C-102,IPB24C-78,7.638
IPB24C-102,IPB24C-82,7.638
IPB24C-102,IPB24C-83,7.638
IPB24C-102,IPB24C-84,11.852
IPB24C-102,IPB24C-86,8.796
IPB24C-102,IPB24C-88,8.796
IPB24C-102,IPB24C-89,8.796
IPB24C-102,IPB24C-90,8.796
IPB24C-102,IPB24C-92,8.796
IPB24C-102,IPB24C-95,8.796
IPB24C-102,IPB24C-96,8.796
IPB24C-102,IPB24C-97,8.796
IPB24C-102,IPB24C-99,1.381
IPB24C-102,IPB24D-38,835.186
IPB24C-102,IPB24D-46,1055.771
IPB24C-102,IPB24D-47,1079.130
IPB24C-102,IPB24D-50,1077.809
IPB24C-102,IPB24D-51,1077.809
IPB24C-102,IPB24D-52,1109.097
IPB24C-102,IPB24D-56,11.852
IPB24C-102,IPB24E-192,2103.466
IPB24C-102,IPB24E-195,1876.953
IPB24C-102,IPB24E-196,2103.466
IPB24C-102,IPB24E-198,2079.029
IPB24C-102,IPB24E-200,2107.118
IPB24C-102,IPB24G-203,2085.347
IPB24C-102,IPB24G-204,2085.347
IPB24C-102,IPB24G-206,2108.860
IPB24C-102,IPB24G-207,1469.467
IPB24C-102,IPB24G-213,1650.856
IPB24C-102,IPB24G-215,1555.577
IPB24C-102,IPB24G-217,1526.853
IPB24C-102,IPB24G-218,1358.324
IPB24C-102,IPB24G-220,1458.206
IPB24C-102,IPB24G-222,1428.940
IPB24C-102,IPB24G-223,1469.467
IPB24C-102,IPB24G-225,1696.222
IPB24C-102,IPB24G-228,1669.590
IPB24C-102,IPB24G-229,1332.924
IPB24C-102,IPB24G-230,1458.206
IPB24C-102,IPB24G-234,1555.577
IPB24C-102,IPB24G-238,1640.014
IPB24C-102,IPB24G-239,1669.590
IPB24C-102,IPB24G-240,1618.626
IPB24C-102,IPB24G-241,1528.021
IPB24C-102,IPB4B-4,993.165
IPB24C-102,IPB4B-52,701.602
IPB24C-102,IPB4B-67,2084.986
IPB24C-103,IPB24C-104,0.000
IPB24C-103,IPB24C-105,0.000
IPB24C-103,IPB24C-106,8.796
IPB24C-103,IPB24C-107,8.796
IPB24C-103,IPB24C-108,8.796
IPB24C-103,IPB24C-109,8.796
IPB24C-103,IPB24C-110,8.796
IPB24C-103,IPB24C-111,8.796
IPB24C-103,IPB24C-112,7.833
IPB24C-103,IPB24C-114,7.833
IPB24C-103,IPB24C-115,7.833
IPB24C-103,IPB24C-117,7.638
IPB24C-103,IPB24C-119,140.984
IPB24C-103,IPB24C-120,137.286
IPB24C-103,IPB24C-122,120.868
IPB24C-103,IPB24C-124,127.722
IPB24C-103,IPB24C-125,7.833
IPB24C-103,IPB24C-126,7.833
IPB24C-103,IPB24C-128,7.833
IPB24C-103,IPB24C-21,1072.087
IPB24C-103,IPB24C-26,1092.573
IPB24C-103,IPB24C-30,975.073
IPB24C-103,IPB24C-61,8.012
IPB24C-103,IPB24C-62,8.012
IPB24C-103,IPB24C-63,8.012
IPB24C-103,IPB24C-66,8.012
IPB24C-103,IPB24C-68,7.833
IPB24C-103,IPB24C-69,7.833
IPB24C-103,IPB24C-70,7.833
IPB24C-103,IPB24C-71,7.833
IPB24C-103,IPB24C-73,7.833
IPB24C-103,IPB24C-74,7.210
IPB24C-103,IPB24C-76,7.638
IPB24C-103,IPB24C-77,7.638
IPB24C-103,IPB24C-78,7.638
IPB24C-103,IPB24C-84,11.852
IPB24C-103,IPB24C-89,8.796
IPB24C-103,IPB24C-91,8.796
IPB24C-103,IPB24C-92,8.796
IPB24C-103,IPB24C-95,8.796
IPB24C-103,IPB24C-96,8.796
IPB24C-103,IPB24C-97,8.796
IPB24C-103,IPB24C-99,1.381
IPB24C-103,IPB24D-46,1055.771
IPB24C-103,IPB24D-47,1079.130
IPB24C-103,IPB24D-50,1077.809
IPB24C-103,IPB24D-51,1077.809
IPB24C-103,IPB24D-52,1109.097
IPB24C-103,IPB24D-56,11.852
IPB24C-103,IPB24G-212,1696.222
IPB24C-103,IPB24G-220,1458.206
IPB24C-103,IPB24G-239,1669.590
IPB24C-103,IPB4B-1,1379.058
IPB24C-103,IPB4B-52,701.602
IPB24C-103,IPB4B-67,2084.986
IPB24C-103,IPB4B-71,2011.040
IPB24C-104,IPB24C-105,0.000
IPB24C-104,IPB24C-106,8.796
IPB24C-104,IPB24C-107,8.796
IPB24C-104,IPB24C-108,8.796
IPB24C-104,IPB24C-109,8.796
IPB24C-104,IPB24C-110,8.796
IPB24C-104,IPB24C-111,8.796
IPB24C-104,IPB24C-112,7.833
IPB24C-104,IPB24C-114,7.833
IPB24C-104,IPB24C-115,7.833
IPB24C-104,IPB24C-117,7.638
IPB24C-104,IPB24C-119,140.984
IPB24C-104,IPB24C-120,137.286
IPB24C-104,IPB24C-122,120.868
IPB24C-104,IPB24C-123,143.875
IPB24C-104,IPB24C-125,7.833
IPB24C-104,IPB24C-126,7.833
IPB24C-104,IPB24C-127,7.833
IPB24C-104,IPB24C-128,7.833
IPB24C-104,IPB24C-60,8.012
IPB24C-104,IPB24C-61,8.012
IPB24C-104,IPB24C-62,8.012
IPB24C-104,IPB24C-63,8.012
IPB24C-104,IPB24C-66,8.012
IPB24C-104,IPB24C-68,7.833
IPB24C-104,IPB24C-69,7.833
IPB24C-104,IPB24C-70,7.833
IPB24C-104,IPB24C-71,7.833
IPB24C-104,IPB24C-73,7.833
IPB24C-104,IPB24C-74,7.210
IPB24C-104,IPB24C-76,7.638
IPB24C-104,IPB24C-77,7.638
IPB24C-104,IPB24C-78,7.638
IPB24C-104,IPB24C-82,7.638
IPB24C-104,IPB24C-83,7.638
IPB24C-104,IPB24C-84,11.852
IPB24C-104,IPB24C-86,8.796
IPB24C-104,IPB24C-88,8.796
IPB24C-104,IPB24C-89,8.796
IPB24C-104,IPB24C-90,8.796
IPB24C-104,IPB24C-91,8.796
IPB24C-104,IPB24C-92,8.796
IPB24C-104,IPB24C-95,8.796
IPB24C-104,IPB24C-96,8.796
IPB24C-104,IPB24C-97,8.796
IPB24C-104,IPB24C-99,1.381
IPB24C-104,IPB24D-36,984.417
IPB24C-104,IPB24D-46,1055.771
IPB24C-104,IPB24D-54,1132.695
IPB24C-104,IPB24D-56,11.852
IPB24C-104,IPB24G-239,1669.590
IPB24C-104,IPB4B-36,1378.673
IPB24C-104,IPB4B-4,993.165
IPB24C-104,IPB4B-52,701.602
IPB24C-104,IPB4B-6,995.079
IPB24C-104,IPB4B-65,2108.137
IPB24C-104,IPB4B-66,2084.986
IPB24C-104,IPB4B-67,2084.986
IPB24C-105,IPB24C-106,8.796
IPB24C-105,IPB24C-107,8.796
IPB24C-105,IPB24C-108,8.796
IPB24C-105,IPB24C-109,8.796
IPB24C-105,IPB24C-110,8.796
IPB24C-105,IPB24C-111,8.796
IPB24C-105,IPB24C-114,7.833
IPB24C-105,IPB24C-115,7.833
IPB24C-105,IPB24C-117,7.638
IPB24C-105,IPB24C-119,140.984
IPB24C-105,IPB24C-120,137.286
IPB24C-105,IPB24C-123,143.875
IPB24C-105,IPB24C-125,7.833
IPB24C-105,IPB24C-126,7.833
IPB24C-105,IPB24C-127,7.833
IPB24C-105,IPB24C-128,7.833
IPB24C-105,IPB24C-62,8.012
IPB24C-105,IPB24C-63,8.012
IPB24C-105,IPB24C-66,8.012
IPB24C-105,IPB24C-68,7.833
IPB24C-105,IPB24C-70,7.833
IPB24C-105,IPB24C-76,7.638
IPB24C-105,IPB24C-77,7.638
IPB24C-105,IPB24C-78,7.638
IPB24C-105,IPB24C-84,11.852
IPB24C-105,IPB24C-89,8.796
IPB24C-105,IPB24C-90,8.796
IPB24C-105,IPB24C-91,8.796
IPB24C-105,IPB24C-92,8.796
IPB24C-105,IPB24C-95,8.796
IPB24C-105,IPB24C-96,8.796
IPB24C-105,IPB24C-97,8.796
IPB24C-105,IPB24C-99,1.381
IPB24C-105,IPB24D-46,1055.771
IPB24C-105,IPB24G-227,1458.206
IPB24C-105,IPB4B-18,757.506
IPB24C-105,IPB4B-2,1374.263
IPB24C-105,IPB4B-25,638.826
IPB24C-105,IPB4B-36,1378.673
IPB24C-105,IPB4B-52,701.602
IPB24C-105,IPB4B-6,995.079
IPB24C-105,IPB4B-67,2084.986
IPB24C-105,IPB4B-68,2084.986
IPB24C-105,IPB4B-80,2107.118
IPB24C-106,IPB24C-107,0.000
IPB24C-106,IPB24C-108,0.000
IPB24C-106,IPB24C-109,0.000
IPB24C-106,IPB24C-110,0.000
IPB24C-106,IPB24C-111,0.000
IPB24C-106,IPB24C-112,1.270
IPB24C-106,IPB24C-114,1.270
IPB24C-106,IPB24C-115,1.270
IPB24C-106,IPB24C-117,1.425
IPB24C-106,IPB24C-119,149.425
IPB24C-106,IPB24C-120,145.557
IPB24C-106,IPB24C-122,129.343
IPB24C-106,IPB24C-125,1.270
IPB24C-106,IPB24C-126,1.270
IPB24C-106,IPB24C-127,1.270
IPB24C-106,IPB24C-128,1.270
IPB24C-106,IPB24C-22,1175.353
IPB24C-106,IPB24C-23,1175.353
IPB24C-106,IPB24C-32,757.873
IPB24C-106,IPB24C-58,2.058
IPB24C-106,IPB24C-60,2.058
IPB24C-106,IPB24C-61,2.058
IPB24C-106,IPB24C-62,2.058
IPB24C-106,IPB24C-63,2.058
IPB24C-106,IPB24C-65,2.058
IPB24C-106,IPB24C-66,2.058
IPB24C-106,IPB24C-68,1.270
IPB24C-106,IPB24C-69,1.270
IPB24C-106,IPB24C-70,1.270
IPB24C-106,IPB24C-73,1.270
IPB24C-106,IPB24C-76,1.425
IPB24C-106,IPB24C-77,1.425
IPB24C-106,IPB24C-78,1.425
IPB24C-106,IPB24C-82,1.425
IPB24C-106,IPB24C-83,1.425
IPB24C-106,IPB24C-84,3.319
IPB24C-106,IPB24C-86,0.000
IPB24C-106,IPB24C-89,0.000
IPB24C-106,IPB24C-90,0.000
IPB24C-106,IPB24C-91,0.000
IPB24C-106,IPB24C-92,0.000
IPB24C-106,IPB24C-95,0.000
IPB24C-106,IPB24C-96,0.000
IPB24C-106,IPB24C-97,0.000
IPB24C-106,IPB24C-99,7.507
IPB24C-106,IPB24D-46,1057.519
IPB24C-106,IPB24D-56,3.319
IPB24C-106,IPB24G-218,1353.678
IPB24C-106,IPB24G-222,1424.298
IPB24C-106,IPB24G-223,1464.952
IPB24C-106,IPB24G-224,1551.187
IPB24C-106,IPB4B-1,1378.642
IPB24C-106,IPB4B-13,1038.099
IPB24C-106,IPB4B-16,1052.992
IPB24C-106,IPB4B-17,761.891
IPB24C-106,IPB4B-18,761.891
IPB24C-106,IPB4B-2,1373.827
IPB24C-106,IPB4B-25,642.095
IPB24C-106,IPB4B-36,1378.260
IPB24C-106,IPB4B-4,995.110
IPB24C-106,IPB4B-5,994.866
IPB24C-106,IPB4B-52,705.903
IPB24C-106,IPB4B-6,996.993
IPB24C-106,IPB4B-67,2079.392
IPB24C-106,IPB4B-68,2079.392
IPB24C-106,IPB4B-71,2007.228
IPB24C-106,IPB4B-80,2102.651
IPB24C-107,IPB24C-108,0.000
IPB24C-107,IPB24C-109,0.000
IPB24C-107,IPB24C-110,0.000
IPB24C-107,IPB24C-111,0.000
IPB24C-107,IPB24C-112,1.270
IPB24C-107,IPB24C-115,1.270
IPB24C-107,IPB24C-119,149.425
IPB24C-107,IPB24C-120,145.557
IPB24C-107,IPB24C-122,129.343
IPB24C-107,IPB24C-125,1.270
IPB24C-107,IPB24C-126,1.270
IPB24C-107,IPB24C-127,1.270
IPB24C-107,IPB24C-128,1.270
IPB24C-107,IPB24C-21,1069.925
IPB24C-107,IPB24C-26,1093.175
IPB24C-107,IPB24C-30,976.733
IPB24C-107,IPB24C-62,2.058
IPB24C-107,IPB24C-63,2.058
IPB24C-107,IPB24C-66,2.058
IPB24C-107,IPB24C-68,1.270
IPB24C-107,IPB24C-69,1.270
IPB24C-107,IPB24C-70,1.270
IPB24C-107,IPB24C-73,1.270
IPB24C-107,IPB24C-74,2.570
IPB24C-107,IPB24C-76,1.425
IPB24C-107,IPB24C-77,1.425
IPB24C-107,IPB24C-78,1.425
IPB24C-107,IPB24C-83,1.425
IPB24C-107,IPB24C-84,3.319
IPB24C-107,IPB24C-86,0.000
IPB24C-107,IPB24C-89,0.000
IPB24C-107,IPB24C-90,0.000
IPB24C-107,IPB24C-91,0.000
IPB24C-107,IPB24C-92,0.000
IPB24C-107,IPB24C-95,0.000
IPB24C-107,IPB24C-96,0.000
IPB24C-107,IPB24C-97,0.000
IPB24C-107,IPB24C-99,7.507
IPB24C-107,IPB24D-46,1057.519
IPB24C-107,IPB24D-47,1079.417
IPB24C-107,IPB24D-50,1078.089
IPB24C-107,IPB24D-51,1078.089
IPB24C-107,IPB24D-52,1110.411
IPB24C-107,IPB4B-18,761.891
IPB24C-107,IPB4B-2,1373.827
IPB24C-107,IPB4B-25,642.095
IPB24C-107,IPB4B-36,1378.260
IPB24C-107,IPB4B-52,705.903
IPB24C-107,IPB4B-6,996.993
IPB24C-107,IPB4B-67,2079.392
IPB24C-107,IPB4B-68,2079.392
IPB24C-107,IPB4B-80,2102.651
IPB24C-108,IPB24C-109,0.000
IPB24C-108,IPB24C-110,0.000
IPB24C-108,IPB24C-111,0.000
IPB24C-108,IPB24C-112,1.270
IPB24C-108,IPB24C-114,1.270
IPB24C-108,IPB24C-115,1.270
IPB24C-108,IPB24C-117,1.425
IPB24C-108,IPB24C-119,149.425
IPB24C-108,IPB24C-120,145.557
IPB24C-108,IPB24C-123,152.251
IPB24C-108,IPB24C-125,1.270
IPB24C-108,IPB24C-126,1.270
IPB24C-108,IPB24C-127,1.270
IPB24C-108,IPB24C-128,1.270
IPB24C-108,IPB24C-21,1069.925
IPB24C-108,IPB24C-26,1093.175
IPB24C-108,IPB24C-30,976.733
IPB24C-108,IPB24C-62,2.058
IPB24C-108,IPB24C-63,2.058
IPB24C-108,IPB24C-65,2.058
IPB24C-108,IPB24C-66,2.058
IPB24C-108,IPB24C-68,1.270
IPB24C-108,IPB24C-70,1.270
IPB24C-108,IPB24C-73,1.270
IPB24C-108,IPB24C-76,1.425
IPB24C-108,IPB24C-77,1.425
IPB24C-108,IPB24C-78,1.425
IPB24C-108,IPB24C-83,1.425
IPB24C-108,IPB24C-84,3.319
IPB24C-108,IPB24C-86,0.000
IPB24C-108,IPB24C-89,0.000
IPB24C-108,IPB24C-90,0.000
IPB24C-108,IPB24C-91,0.000
IPB24C-108,IPB24C-92,0.000
IPB24C-108,IPB24C-95,0.000
IPB24C-108,IPB24C-96,0.000
IPB24C-108,IPB24C-97,0.000
IPB24C-108,IPB24C-99,7.507
IPB24C-108,IPB24D-46,1057.519
IPB24C-108,IPB24D-47,1079.417
IPB24C-108,IPB24D-50,1078.089
IPB24C-108,IPB24D-51,1078.089
IPB24C-108,IPB24D-52,1110.411
IPB24C-108,IPB24D-56,3.319
IPB24C-108,IPB24G-223,1464.952
IPB24C-108,IPB24G-228,1663.955
IPB24C-108,IPB4B-18,761.891
IPB24C-108,IPB4B-2,1373.827
IPB24C-108,IPB4B-25,642.095
IPB24C-108,IPB4B-36,1378.260
IPB24C-108,IPB4B-52,705.903
IPB24C-108,IPB4B-6,996.993
IPB24C-108,IPB4B-67,2079.392
IPB24C-108,IPB4B-68,2079.392
IPB24C-108,IPB4B-80,2102.651
IPB24C-109,IPB24C-110,0.000
IPB24C-109,IPB24C-111,0.000
IPB24C-109,IPB24C-112,1.270
IPB24C-109,IPB24C-114,1.270
IPB24C-109,IPB24C-115,1.270
IPB24C-109,IPB24C-117,1.425
IPB24C-109,IPB24C-119,149.425
IPB24C-109,IPB24C-120,145.557
IPB24C-109,IPB24C-122,129.343
IPB24C-109,IPB24C-125,1.270
IPB24C-109,IPB24C-126,1.270
IPB24C-109,IPB24C-127,1.270
IPB24C-109,IPB24C-128,1.270
IPB24C-109,IPB24C-21,1069.925
IPB24C-109,IPB24C-26,1093.175
IPB24C-109,IPB24C-30,976.733
IPB24C-109,IPB24C-58,2.058
IPB24C-109,IPB24C-62,2.058
IPB24C-109,IPB24C-63,2.058
IPB24C-109,IPB24C-66,2.058
IPB24C-109,IPB24C-68,1.270
IPB24C-109,IPB24C-70,1.270
IPB24C-109,IPB24C-73,1.270
IPB24C-109,IPB24C-76,1.425
IPB24C-109,IPB24C-78,1.425
IPB24C-109,IPB24C-82,1.425
IPB24C-109,IPB24C-83,1.425
IPB24C-109,IPB24C-84,3.319
IPB24C-109,IPB24C-86,0.000
IPB24C-109,IPB24C-89,0.000
IPB24C-109,IPB24C-90,0.000
IPB24C-109,IPB24C-91,0.000
IPB24C-109,IPB24C-92,0.000
IPB24C-109,IPB24C-95,0.000
IPB24C-109,IPB24C-96,0.000
IPB24C-109,IPB24C-97,0.000
IPB24C-109,IPB24C-99,7.507
IPB24C-109,IPB24D-38,835.417
IPB24C-109,IPB24D-46,1057.519
IPB24C-109,IPB24D-47,1079.417
IPB24C-109,IPB24D-50,1078.089
IPB24C-109,IPB24D-51,1078.089
IPB24C-109,IPB24D-52,1110.411
IPB24C-109,IPB24D-56,3.319
IPB24C-109,IPB24G-223,1464.952
IPB24C-109,IPB24G-233,1551.187
IPB24C-109,IPB24H-129,817.563
IPB24C-109,IPB4B-14,1038.099
IPB24C-109,IPB4B-18,761.891
IPB24C-109,IPB4B-2,1373.827
IPB24C-109,IPB4B-25,642.095
IPB24C-109,IPB4B-36,1378.260
IPB24C-109,IPB4B-4,995.110
IPB24C-109,IPB4B-52,705.903
IPB24C-109,IPB4B-6,996.993
IPB24C-109,IPB4B-67,2079.392
IPB24C-109,IPB4B-68,2079.392
IPB24C-109,IPB4B-80,2102.651
IPB24C-110,IPB24C-111,0.000
IPB24C-110,IPB24C-112,1.270
IPB24C-110,IPB24C-114,1.270
IPB24C-110,IPB24C-115,1.270
IPB24C-110,IPB24C-117,1.425
IPB24C-110,IPB24C-119,149.425
IPB24C-110,IPB24C-120,145.557
IPB24C-110,IPB24C-122,129.343
IPB24C-110,IPB24C-125,1.270
IPB24C-110,IPB24C-126,1.270
IPB24C-110,IPB24C-127,1.270
IPB24C-110,IPB24C-128,1.270
IPB24C-110,IPB24C-62,2.058
IPB24C-110,IPB24C-63,2.058
IPB24C-110,IPB24C-65,2.058
IPB24C-110,IPB24C-66,2.058
IPB24C-110,IPB24C-68,1.270
IPB24C-110,IPB24C-69,1.270
IPB24C-110,IPB24C-70,1.270
IPB24C-110,IPB24C-73,1.270
IPB24C-110,IPB24C-74,2.570
IPB24C-110,IPB24C-77,1.425
IPB24C-110,IPB24C-78,1.425
IPB24C-110,IPB24C-84,3.319
IPB24C-110,IPB24C-86,0.000
IPB24C-110,IPB24C-89,0.000
IPB24C-110,IPB24C-90,0.000
IPB24C-110,IPB24C-91,0.000
IPB24C-110,IPB24C-92,0.000
IPB24C-110,IPB24C-95,0.000
IPB24C-110,IPB24C-96,0.000
IPB24C-110,IPB24C-97,0.000
IPB24C-110,IPB24D-46,1057.519
IPB24C-110,IPB24G-209,1424.298
IPB24C-110,IPB24G-218,1353.678
IPB24C-110,IPB24G-219,1551.187
IPB24C-110,IPB24G-222,1424.298
IPB24C-110,IPB24G-231,1464.952
IPB24C-110,IPB24G-232,1551.187
IPB24C-110,IPB24G-233,1551.187
IPB24C-110,IPB24G-234,1551.187
IPB24C-110,IPB24G-239,1663.955
IPB24C-110,IPB24H-129,817.563
IPB24C-110,IPB4B-14,1038.099
IPB24C-110,IPB4B-18,761.891
IPB24C-110,IPB4B-2,1373.827
IPB24C-110,IPB4B-25,642.095
IPB24C-110,IPB4B-36,1378.260
IPB24C-110,IPB4B-4,995.110
IPB24C-110,IPB4B-52,705.903
IPB24C-110,IPB4B-6,996.993
IPB24C-110,IPB4B-67,2079.392
IPB24C-110,IPB4B-68,2079.392
IPB24C-110,IPB4B-80,2102.651
IPB24C-111,IPB24C-112,1.270
IPB24C-111,IPB24C-114,1.270
IPB24C-111,IPB24C-115,1.270
IPB24C-111,IPB24C-117,1.425
IPB24C-111,IPB24C-119,149.425
IPB24C-111,IPB24C-120,145.557
IPB24C-111,IPB24C-125,1.270
IPB24C-111,IPB24C-126,1.270
IPB24C-111,IPB24C-127,1.270
IPB24C-111,IPB24C-128,1.270
IPB24C-111,IPB24C-21,1069.925
IPB24C-111,IPB24C-26,1093.175
IPB24C-111,IPB24C-28,966.675
IPB24C-111,IPB24C-30,976.733
IPB24C-111,IPB24C-60,2.058
IPB24C-111,IPB24C-62,2.058
IPB24C-111,IPB24C-63,2.058
IPB24C-111,IPB24C-65,2.058
IPB24C-111,IPB24C-66,2.058
IPB24C-111,IPB24C-68,1.270
IPB24C-111,IPB24C-69,1.270
IPB24C-111,IPB24C-70,1.270
IPB24C-111,IPB24C-73,1.270
IPB24C-111,IPB24C-74,2.570
IPB24C-111,IPB24C-76,1.425
IPB24C-111,IPB24C-77,1.425
IPB24C-111,IPB24C-78,1.425
IPB24C-111,IPB24C-82,1.425
IPB24C-111,IPB24C-83,1.425
IPB24C-111,IPB24C-84,3.319
IPB24C-111,IPB24C-86,0.000
IPB24C-111,IPB24C-89,0.000
IPB24C-111,IPB24C-90,0.000
IPB24C-111,IPB24C-91,0.000
IPB24C-111,IPB24C-92,0.000
IPB24C-111,IPB24C-95,0.000
IPB24C-111,IPB24C-96,0.000
IPB24C-111,IPB24C-97,0.000
IPB24C-111,IPB24C-99,7.507
IPB24C-111,IPB24D-38,835.417
IPB24C-111,IPB24D-46,1057.519
IPB24C-111,IPB24D-47,1079.417
IPB24C-111,IPB24D-50,1078.089
IPB24C-111,IPB24D-51,1078.089
IPB24C-111,IPB24D-52,1110.411
IPB24C-111,IPB24D-56,3.319
IPB24C-111,IPB24G-223,1464.952
IPB24C-111,IPB24H-129,817.563
IPB24C-111,IPB4B-14,1038.099
IPB24C-111,IPB4B-18,761.891
IPB24C-111,IPB4B-2,1373.827
IPB24C-111,IPB4B-25,642.095
IPB24C-111,IPB4B-36,1378.260
IPB24C-111,IPB4B-4,995.110
IPB24C-111,IPB4B-52,705.903
IPB24C-111,IPB4B-6,996.993
IPB24C-111,IPB4B-67,2079.392
IPB24C-111,IPB4B-68,2079.392
IPB24C-111,IPB4B-80,2102.651
IPB24C-112,IPB24C-114,0.000
IPB24C-112,IPB24C-115,0.000
IPB24C-112,IPB24C-117,0.194
IPB24C-112,IPB24C-119,148.249
IPB24C-112,IPB24C-120,144.354
IPB24C-112,IPB24C-122,128.175
IPB24C-112,IPB24C-123,151.063
IPB24C-112,IPB24C-124,134.919
IPB24C-112,IPB24C-125,0.000
IPB24C-112,IPB24C-126,0.000
IPB24C-112,IPB24C-127,0.000
IPB24C-112,IPB24C-128,0.000
IPB24C-112,IPB24C-21,1070.925
IPB24C-112,IPB24C-26,1093.881
IPB24C-112,IPB24C-30,977.306
IPB24C-112,IPB24C-58,1.024
IPB24C-112,IPB24C-60,1.024
IPB24C-112,IPB24C-61,1.024
IPB24C-112,IPB24C-62,1.024
IPB24C-112,IPB24C-63,1.024
IPB24C-112,IPB24C-65,1.024
IPB24C-112,IPB24C-66,1.024
IPB24C-112,IPB24C-68,0.000
IPB24C-112,IPB24C-69,0.000
IPB24C-112,IPB24C-70,0.000
IPB24C-112,IPB24C-71,0.000
IPB24C-112,IPB24C-73,0.000
IPB24C-112,IPB24C-74,1.319
IPB24C-112,IPB24C-76,0.194
IPB24C-112,IPB24C-77,0.194
IPB24C-112,IPB24C-78,0.194
IPB24C-112,IPB24C-82,0.194
IPB24C-112,IPB24C-83,0.194
IPB24C-112,IPB24C-84,4.572
IPB24C-112,IPB24C-86,1.270
IPB24C-112,IPB24C-88,1.270
IPB24C-112,IPB24C-89,1.270
IPB24C-112,IPB24C-90,1.270
IPB24C-112,IPB24C-91,1.270
IPB24C-112,IPB24C-92,1.270
IPB24C-112,IPB24C-95,1.270
IPB24C-112,IPB24C-96,1.270
IPB24C-112,IPB24C-97,1.270
IPB24C-112,IPB24C-99,6.499
IPB24C-112,IPB24D-46,1058.081
IPB24C-112,IPB24D-47,1080.161
IPB24C-112,IPB24D-50,1078.833
IPB24C-112,IPB24D-51,1078.833
IPB24C-112,IPB24D-52,1111.029
IPB24C-112,IPB24D-56,4.572
IPB24C-112,IPB24G-209,1425.489
IPB24C-112,IPB24G-218,1354.869
IPB24C-112,IPB24G-219,1552.363
IPB24C-112,IPB24G-222,1425.489
IPB24C-112,IPB24G-224,1552.363
IPB24C-112,IPB24G-231,1466.135
IPB24C-112,IPB24G-232,1552.363
IPB24C-112,IPB24G-233,1552.363
IPB24C-112,IPB24G-234,1552.363
IPB24C-112,IPB24G-239,1665.195
IPB24C-112,IPB4B-1,1379.466
IPB24C-112,IPB4B-13,1039.118
IPB24C-112,IPB4B-16,1054.010
IPB24C-112,IPB4B-17,762.062
IPB24C-112,IPB4B-18,762.062
IPB24C-112,IPB4B-22,125.959
IPB24C-112,IPB4B-25,642.440
IPB24C-112,IPB4B-36,1379.084
IPB24C-112,IPB4B-52,706.088
IPB24C-112,IPB4B-6,997.532
IPB24C-114,IPB24C-115,0.000
IPB24C-114,IPB24C-117,0.194
IPB24C-114,IPB24C-119,148.249
IPB24C-114,IPB24C-120,144.354
IPB24C-114,IPB24C-124,134.919
IPB24C-114,IPB24C-125,0.000
IPB24C-114,IPB24C-126,0.000
IPB24C-114,IPB24C-127,0.000
IPB24C-114,IPB24C-128,0.000
IPB24C-114,IPB24C-24,1196.212
IPB24C-114,IPB24C-58,1.024
IPB24C-114,IPB24C-60,1.024
IPB24C-114,IPB24C-61,1.024
IPB24C-114,IPB24C-62,1.024
IPB24C-114,IPB24C-63,1.024
IPB24C-114,IPB24C-66,1.024
IPB24C-114,IPB24C-68,0.000
IPB24C-114,IPB24C-69,0.000
IPB24C-114,IPB24C-70,0.000
IPB24C-114,IPB24C-71,0.000
IPB24C-114,IPB24C-73,0.000
IPB24C-114,IPB24C-74,1.319
IPB24C-114,IPB24C-76,0.194
IPB24C-114,IPB24C-77,0.194
IPB24C-114,IPB24C-78,0.194
IPB24C-114,IPB24C-82,0.194
IPB24C-114,IPB24C-83,0.194
IPB24C-114,IPB24C-84,4.572
IPB24C-114,IPB24C-86,1.270
IPB24C-114,IPB24C-88,1.270
IPB24C-114,IPB24C-89,1.270
IPB24C-114,IPB24C-90,1.270
IPB24C-114,IPB24C-91,1.270
IPB24C-114,IPB24C-92,1.270
IPB24C-114,IPB24C-95,1.270
IPB24C-114,IPB24C-96,1.270
IPB24C-114,IPB24C-97,1.270
IPB24C-114,IPB24C-99,6.499
IPB24C-114,IPB24D-56,4.572
IPB24C-114,IPB24G-209,1425.489
IPB24C-114,IPB24G-218,1354.869
IPB24C-114,IPB24G-219,1552.363
IPB24C-114,IPB24G-222,1425.489
IPB24C-114,IPB24G-231,1466.135
IPB24C-114,IPB24G-232,1552.363
IPB24C-114,IPB24G-233,1552.363
IPB24C-114,IPB24G-234,1552.363
IPB24C-114,IPB24G-239,1665.195
IPB24C-114,IPB4B-36,1379.084
IPB24C-115,IPB24C-117,0.194
IPB24C-115,IPB24C-119,148.249
IPB24C-115,IPB24C-120,144.354
IPB24C-115,IPB24C-124,134.919
IPB24C-115,IPB24C-125,0.000
IPB24C-115,IPB24C-126,0.000
IPB24C-115,IPB24C-127,0.000
IPB24C-115,IPB24C-128,0.000
IPB24C-115,IPB24C-21,1070.925
IPB24C-115,IPB24C-26,1093.881
IPB24C-115,IPB24C-30,977.306
IPB24C-115,IPB24C-58,1.024
IPB24C-115,IPB24C-61,1.024
IPB24C-115,IPB24C-62,1.024
IPB24C-115,IPB24C-63,1.024
IPB24C-115,IPB24C-66,1.024
IPB24C-115,IPB24C-68,0.000
IPB24C-115,IPB24C-69,0.000
IPB24C-115,IPB24C-70,0.000
IPB24C-115,IPB24C-71,0.000
IPB24C-115,IPB24C-73,0.000
IPB24C-115,IPB24C-74,1.319
IPB24C-115,IPB24C-76,0.194
IPB24C-115,IPB24C-77,0.194
IPB24C-115,IPB24C-78,0.194
IPB24C-115,IPB24C-82,0.194
IPB24C-115,IPB24C-84,4.572
IPB24C-115,IPB24C-89,1.270
IPB24C-115,IPB24C-90,1.270
IPB24C-115,IPB24C-91,1.270
IPB24C-115,IPB24C-92,1.270
IPB24C-115,IPB24C-95,1.270
IPB24C-115,IPB24C-96,1.270
IPB24C-115,IPB24C-97,1.270
IPB24C-115,IPB24C-99,6.499
IPB24C-115,IPB24D-47,1080.161
IPB24C-115,IPB24D-50,1078.833
IPB24C-115,IPB24D-51,1078.833
IPB24C-115,IPB24D-52,1111.029
IPB24C-115,IPB24D-56,4.572
IPB24C-115,IPB24G-213,1646.600
IPB24C-115,IPB24G-222,1425.489
IPB24C-115,IPB24G-239,1665.195
IPB24C-115,IPB24H-129,818.822
IPB24C-115,IPB4B-14,1039.118
IPB24C-115,IPB4B-18,762.062
IPB24C-115,IPB4B-2,1374.654
IPB24C-115,IPB4B-25,642.440
IPB24C-115,IPB4B-36,1379.084
IPB24C-115,IPB4B-4,995.645
IPB24C-115,IPB4B-52,706.088
IPB24C-115,IPB4B-6,997.532
IPB24C-115,IPB4B-65,2104.842
IPB24C-115,IPB4B-66,2080.631
IPB24C-115,IPB4B-67,2080.631
IPB24C-115,IPB4B-68,2080.631
IPB24C-115,IPB4B-80,2103.832
IPB24C-117,IPB24C-119,148.064
IPB24C-117,IPB24C-120,144.173
IPB24C-117,IPB24C-124,134.735
IPB24C-117,IPB24C-125,0.194
IPB24C-117,IPB24C-126,0.194
IPB24C-117,IPB24C-127,0.194
IPB24C-117,IPB24C-24,1196.194
IPB24C-117,IPB24C-58,1.051
IPB24C-117,IPB24C-60,1.051
IPB24C-117,IPB24C-62,1.051
IPB24C-117,IPB24C-63,1.051
IPB24C-117,IPB24C-66,1.051
IPB24C-117,IPB24C-68,0.194
IPB24C-117,IPB24C-69,0.194
IPB24C-117,IPB24C-70,0.194
IPB24C-117,IPB24C-71,0.194
IPB24C-117,IPB24C-73,0.194
IPB24C-117,IPB24C-74,1.214
IPB24C-117,IPB24C-76,0.000
IPB24C-117,IPB24C-77,0.000
IPB24C-117,IPB24C-78,0.000
IPB24C-117,IPB24C-82,0.000
IPB24C-117,IPB24C-83,0.000
IPB24C-117,IPB24C-84,4.738
IPB24C-117,IPB24C-86,1.425
IPB24C-117,IPB24C-89,1.425
IPB24C-117,IPB24C-90,1.425
IPB24C-117,IPB24C-91,1.425
IPB24C-117,IPB24C-92,1.425
IPB24C-117,IPB24C-95,1.425
IPB24C-117,IPB24C-97,1.425
IPB24C-117,IPB24C-99,6.304
IPB24C-117,IPB24D-38,836.153
IPB24C-117,IPB24D-42,845.980
IPB24C-117,IPB24D-48,1078.819
IPB24C-117,IPB24D-52,1110.992
IPB24C-117,IPB24D-54,1134.705
IPB24C-117,IPB24D-56,4.738
IPB24C-117,IPB24G-209,1425.585
IPB24C-117,IPB24G-218,1354.965
IPB24C-117,IPB24G-219,1552.453
IPB24C-117,IPB24G-221,1552.453
IPB24C-117,IPB24G-222,1425.585
IPB24C-117,IPB24G-231,1466.229
IPB24C-117,IPB24G-232,1552.453
IPB24C-117,IPB24G-233,1552.453
IPB24C-117,IPB24G-234,1552.453
IPB24C-117,IPB24G-239,1665.314
IPB24C-119,IPB24C-120,9.661
IPB24C-119,IPB24C-122,20.193
IPB24C-119,IPB24C-123,4.697
IPB24C-119,IPB24C-125,148.249
IPB24C-119,IPB24C-126,148.249
IPB24C-119,IPB24C-127,148.249
IPB24C-119,IPB24C-128,148.249
IPB24C-119,IPB24C-21,1151.537
IPB24C-119,IPB24C-26,1132.837
IPB24C-119,IPB24C-28,977.279
IPB24C-119,IPB24C-58,147.988
IPB24C-119,IPB24C-60,147.988
IPB24C-119,IPB24C-61,147.988
IPB24C-119,IPB24C-62,147.988
IPB24C-119,IPB24C-63,147.988
IPB24C-119,IPB24C-65,147.988
IPB24C-119,IPB24C-66,147.988
IPB24C-119,IPB24C-68,148.249
IPB24C-119,IPB24C-69,148.249
IPB24C-119,IPB24C-70,148.249
IPB24C-119,IPB24C-73,148.249
IPB24C-119,IPB24C-74,147.186
IPB24C-119,IPB24C-76,148.064
IPB24C-119,IPB24C-77,148.064
IPB24C-119,IPB24C-78,148.064
IPB24C-119,IPB24C-82,148.064
IPB24C-119,IPB24C-83,148.064
IPB24C-119,IPB24C-84,152.684
IPB24C-119,IPB24C-86,149.425
IPB24C-119,IPB24C-88,149.425
IPB24C-119,IPB24C-89,149.425
IPB24C-119,IPB24C-90,149.425
IPB24C-119,IPB24C-91,149.425
IPB24C-119,IPB24C-92,149.425
IPB24C-119,IPB24C-95,149.425
IPB24C-119,IPB24C-96,149.425
IPB24C-119,IPB24C-97,149.425
IPB24C-119,IPB24C-99,142.101
IPB24C-119,IPB24D-46,1078.571
IPB24C-119,IPB24D-52,1138.298
IPB24C-119,IPB24D-56,152.684
IPB24C-119,IPB4B-18,739.116
IPB24C-119,IPB4B-2,1428.173
IPB24C-119,IPB4B-25,642.916
IPB24C-119,IPB4B-36,1432.233
IPB24C-119,IPB4B-52,685.862
IPB24C-119,IPB4B-6,1015.802
IPB24C-119,IPB4B-67,2203.744
IPB24C-119,IPB4B-68,2203.744
IPB24C-119,IPB4B-80,2212.937
IPB24C-120,IPB24C-122,19.220
IPB24C-120,IPB24C-123,8.497
IPB24C-120,IPB24C-125,144.354
IPB24C-120,IPB24C-126,144.354
IPB24C-120,IPB24C-127,144.354
IPB24C-120,IPB24C-128,144.354
IPB24C-120,IPB24C-32,777.884
IPB24C-120,IPB24C-60,144.034
IPB24C-120,IPB24C-61,144.034
IPB24C-120,IPB24C-62,144.034
IPB24C-120,IPB24C-63,144.034
IPB24C-120,IPB24C-65,144.034
IPB24C-120,IPB24C-66,144.034
IPB24C-120,IPB24C-68,144.354
IPB24C-120,IPB24C-69,144.354
IPB24C-120,IPB24C-70,144.354
IPB24C-120,IPB24C-73,144.354
IPB24C-120,IPB24C-74,143.246
IPB24C-120,IPB24C-76,144.173
IPB24C-120,IPB24C-77,144.173
IPB24C-120,IPB24C-78,144.173
IPB24C-120,IPB24C-82,144.173
IPB24C-120,IPB24C-83,144.173
IPB24C-120,IPB24C-84,148.848
IPB24C-120,IPB24C-86,145.557
IPB24C-120,IPB24C-89,145.557
IPB24C-120,IPB24C-90,145.557
IPB24C-120,IPB24C-91,145.557
IPB24C-120,IPB24C-92,145.557
IPB24C-120,IPB24C-95,145.557
IPB24C-120,IPB24C-96,145.557
IPB24C-120,IPB24C-97,145.557
IPB24C-120,IPB24C-99,138.349
IPB24C-120,IPB24D-38,889.957
IPB24C-120,IPB24D-46,1086.270
IPB24C-120,IPB24D-48,1129.709
IPB24C-120,IPB24D-56,148.848
IPB24C-120,IPB24G-214,1790.273
IPB24C-120,IPB24G-227,1569.775
IPB24C-120,IPB4B-52,694.717
IPB24C-120,IPB4B-67,2204.994
IPB24C-120,IPB4B-68,2204.994
IPB24C-120,IPB6D-12,1614.763
IPB24C-122,IPB24C-125,128.175
IPB24C-122,IPB24C-126,128.175
IPB24C-122,IPB24C-127,128.175
IPB24C-122,IPB24C-32,764.752
IPB24C-122,IPB24C-62,127.930
IPB24C-122,IPB24C-63,127.930
IPB24C-122,IPB24C-66,127.930
IPB24C-122,IPB24C-68,128.175
IPB24C-122,IPB24C-69,128.175
IPB24C-122,IPB24C-70,128.175
IPB24C-122,IPB24C-74,127.124
IPB24C-122,IPB24C-77,127.989
IPB24C-122,IPB24C-78,127.989
IPB24C-122,IPB24C-82,127.989
IPB24C-122,IPB24C-83,127.989
IPB24C-122,IPB24C-84,132.593
IPB24C-122,IPB24C-89,129.343
IPB24C-122,IPB24C-90,129.343
IPB24C-122,IPB24C-92,129.343
IPB24C-122,IPB24C-95,129.343
IPB24C-122,IPB24C-96,129.343
IPB24C-122,IPB24C-97,129.343
IPB24C-122,IPB24C-99,121.996
IPB24C-122,IPB24D-36,1033.135
IPB24C-122,IPB24D-56,132.593
IPB24C-122,IPB24G-209,1520.935
IPB24C-122,IPB24G-214,1771.062
IPB24C-122,IPB24G-224,1644.795
IPB24C-122,IPB6D-12,1596.372
IPB24C-123,IPB24C-125,151.063
IPB24C-123,IPB24C-126,151.063
IPB24C-123,IPB24C-127,151.063
IPB24C-123,IPB24C-128,151.063
IPB24C-123,IPB24C-62,150.777
IPB24C-123,IPB24C-63,150.777
IPB24C-123,IPB24C-66,150.777
IPB24C-123,IPB24C-68,151.063
IPB24C-123,IPB24C-76,150.879
IPB24C-123,IPB24C-78,150.879
IPB24C-123,IPB24C-83,150.879
IPB24C-123,IPB24C-84,155.524
IPB24C-123,IPB24C-86,152.251
IPB24C-123,IPB24C-89,152.251
IPB24C-123,IPB24C-90,152.251
IPB24C-123,IPB24C-91,152.251
IPB24C-123,IPB24C-92,152.251
IPB24C-123,IPB24C-95,152.251
IPB24C-123,IPB24C-96,152.251
IPB24C-123,IPB24C-97,152.251
IPB24C-123,IPB24C-99,144.971
IPB24C-123,IPB24D-46,1082.855
IPB24C-123,IPB24D-56,155.524
IPB24C-123,IPB24E-196,2213.267
IPB24C-123,IPB24G-203,2208.491
IPB24C-123,IPB24G-218,1471.923
IPB24C-123,IPB24G-220,1572.076
IPB24C-123,IPB24G-222,1542.335
IPB24C-123,IPB24G-225,1815.346
IPB24C-123,IPB24G-227,1572.076
IPB24C-123,IPB24G-228,1793.515
IPB24C-123,IPB24G-230,1572.076
IPB24C-123,IPB24G-234,1665.825
IPB24C-123,IPB24G-241,1656.876
IPB24C-123,IPB4B-68,2208.127
IPB24C-124,IPB24C-62,134.638
IPB24C-124,IPB24C-70,134.919
IPB24C-124,IPB24C-73,134.919
IPB24C-124,IPB24C-74,133.840
IPB24C-125,IPB24C-126,0.000
IPB24C-125,IPB24C-127,0.000
IPB24C-125,IPB24C-128,0.000
IPB24C-125,IPB24C-26,1093.881
IPB24C-125,IPB24C-58,1.024
IPB24C-125,IPB24C-60,1.024
IPB24C-125,IPB24C-61,1.024
IPB24C-125,IPB24C-62,1.024
IPB24C-125,IPB24C-63,1.024
IPB24C-125,IPB24C-65,1.024
IPB24C-125,IPB24C-66,1.024
IPB24C-125,IPB24C-68,0.000
IPB24C-125,IPB24C-69,0.000
IPB24C-125,IPB24C-70,0.000
IPB24C-125,IPB24C-71,0.000
IPB24C-125,IPB24C-73,0.000
IPB24C-125,IPB24C-74,1.319
IPB24C-125,IPB24C-76,0.194
IPB24C-125,IPB24C-77,0.194
IPB24C-125,IPB24C-78,0.194
IPB24C-125,IPB24C-82,0.194
IPB24C-125,IPB24C-83,0.194
IPB24C-125,IPB24C-84,4.572
IPB24C-125,IPB24C-86,1.270
IPB24C-125,IPB24C-88,1.270
IPB24C-125,IPB24C-89,1.270
IPB24C-125,IPB24C-90,1.270
IPB24C-125,IPB24C-91,1.270
IPB24C-125,IPB24C-92,1.270
IPB24C-125,IPB24C-95,1.270
IPB24C-125,IPB24C-96,1.270
IPB24C-125,IPB24C-97,1.270
IPB24C-125,IPB24C-99,6.499
IPB24C-125,IPB24D-46,1058.081
IPB24C-125,IPB24D-47,1080.161
IPB24C-125,IPB24D-56,4.572
IPB24C-125,IPB24G-209,1425.489
IPB24C-125,IPB24G-218,1354.869
IPB24C-125,IPB24G-219,1552.363
IPB24C-125,IPB24G-222,1425.489
IPB24C-125,IPB24G-231,1466.135
IPB24C-125,IPB24G-232,1552.363
IPB24C-125,IPB24G-233,1552.363
IPB24C-125,IPB24G-234,1552.363
IPB24C-125,IPB24G-239,1665.195
IPB24C-125,IPB24H-129,818.822
IPB24C-125,IPB4B-14,1039.118
IPB24C-125,IPB4B-18,762.062
IPB24C-125,IPB4B-2,1374.654
IPB24C-125,IPB4B-25,642.440
IPB24C-125,IPB4B-36,1379.084
IPB24C-125,IPB4B-4,995.645
IPB24C-125,IPB4B-52,706.088
IPB24C-125,IPB4B-6,997.532
IPB24C-125,IPB4B-67,2080.631
IPB24C-125,IPB4B-68,2080.631
IPB24C-125,IPB4B-80,2103.832
IPB24C-126,IPB24C-127,0.000
IPB24C-126,IPB24C-128,0.000
IPB24C-126,IPB24C-24,1196.212
IPB24C-126,IPB24C-26,1093.881
IPB24C-126,IPB24C-32,758.332
IPB24C-126,IPB24C-58,1.024
IPB24C-126,IPB24C-60,1.024
IPB24C-126,IPB24C-61,1.024
IPB24C-126,IPB24C-62,1.024
IPB24C-126,IPB24C-63,1.024
IPB24C-126,IPB24C-65,1.024
IPB24C-126,IPB24C-66,1.024
IPB24C-126,IPB24C-68,0.000
IPB24C-126,IPB24C-69,0.000
IPB24C-126,IPB24C-70,0.000
IPB24C-126,IPB24C-73,0.000
IPB24C-126,IPB24C-74,1.319
IPB24C-126,IPB24C-76,0.194
IPB24C-126,IPB24C-77,0.194
IPB24C-126,IPB24C-78,0.194
IPB24C-126,IPB24C-79,0.194
IPB24C-126,IPB24C-82,0.194
IPB24C-126,IPB24C-83,0.194
IPB24C-126,IPB24C-84,4.572
IPB24C-126,IPB24C-86,1.270
IPB24C-126,IPB24C-88,1.270
IPB24C-126,IPB24C-89,1.270
IPB24C-126,IPB24C-90,1.270
IPB24C-126,IPB24C-91,1.270
IPB24C-126,IPB24C-92,1.270
IPB24C-126,IPB24C-95,1.270
IPB24C-126,IPB24C-96,1.270
IPB24C-126,IPB24C-97,1.270
IPB24C-126,IPB24C-99,6.499
IPB24C-126,IPB24D-46,1058.081
IPB24C-126,IPB24D-56,4.572
IPB24C-126,IPB24H-129,818.822
IPB24C-126,IPB4B-14,1039.118
IPB24C-126,IPB4B-18,762.062
IPB24C-126,IPB4B-2,1374.654
IPB24C-126,IPB4B-25,642.440
IPB24C-126,IPB4B-36,1379.084
IPB24C-126,IPB4B-4,995.645
IPB24C-126,IPB4B-52,706.088
IPB24C-126,IPB4B-6,997.532
IPB24C-126,IPB4B-67,2080.631
IPB24C-126,IPB4B-68,2080.631
IPB24C-126,IPB4B-80,2103.832
IPB24C-127,IPB24C-128,0.000
IPB24C-127,IPB24C-22,1176.205
IPB24C-127,IPB24C-23,1176.205
IPB24C-127,IPB24C-32,758.332
IPB24C-127,IPB24C-58,1.024
IPB24C-127,IPB24C-60,1.024
IPB24C-127,IPB24C-62,1.024
IPB24C-127,IPB24C-63,1.024
IPB24C-127,IPB24C-66,1.024
IPB24C-127,IPB24C-68,0.000
IPB24C-127,IPB24C-69,0.000
IPB24C-127,IPB24C-70,0.000
IPB24C-127,IPB24C-73,0.000
IPB24C-127,IPB24C-74,1.319
IPB24C-127,IPB24C-76,0.194
IPB24C-127,IPB24C-77,0.194
IPB24C-127,IPB24C-78,0.194
IPB24C-127,IPB24C-82,0.194
IPB24C-127,IPB24C-83,0.194
IPB24C-127,IPB24C-84,4.572
IPB24C-127,IPB24C-86,1.270
IPB24C-127,IPB24C-89,1.270
IPB24C-127,IPB24C-90,1.270
IPB24C-127,IPB24C-91,1.270
IPB24C-127,IPB24C-92,1.270
IPB24C-127,IPB24C-95,1.270
IPB24C-127,IPB24C-96,1.270
IPB24C-127,IPB24C-97,1.270
IPB24C-127,IPB24C-99,6.499
IPB24C-127,IPB24D-56,4.572
IPB24C-127,IPB24H-129,818.822
IPB24C-127,IPB4B-14,1039.118
IPB24C-127,IPB4B-18,762.062
IPB24C-127,IPB4B-2,1374.654
IPB24C-127,IPB4B-25,642.440
IPB24C-127,IPB4B-36,1379.084
IPB24C-127,IPB4B-4,995.645
IPB24C-127,IPB4B-5,995.404
IPB24C-127,IPB4B-52,706.088
IPB24C-127,IPB4B-6,997.532
IPB24C-127,IPB4B-67,2080.631
IPB24C-127,IPB4B-68,2080.631
IPB24C-127,IPB4B-80,2103.832
IPB24C-128,IPB24C-60,1.024
IPB24C-128,IPB24C-61,1.024
IPB24C-128,IPB24C-62,1.024
IPB24C-128,IPB24C-63,1.024
IPB24C-128,IPB24C-66,1.024
IPB24C-128,IPB24C-68,0.000
IPB24C-128,IPB24C-69,0.000
IPB24C-128,IPB24C-70,0.000
IPB24C-128,IPB24C-73,0.000
IPB24C-128,IPB24C-76,0.194
IPB24C-128,IPB24C-77,0.194
IPB24C-128,IPB24C-78,0.194
IPB24C-128,IPB24C-82,0.194
IPB24C-128,IPB24C-83,0.194
IPB24C-128,IPB24C-84,4.572
IPB24C-128,IPB24C-86,1.270
IPB24C-128,IPB24C-89,1.270
IPB24C-128,IPB24C-90,1.270
IPB24C-128,IPB24C-91,1.270
IPB24C-128,IPB24C-92,1.270
IPB24C-128,IPB24C-95,1.270
IPB24C-128,IPB24C-96,1.270
IPB24C-128,IPB24C-97,1.270
IPB24C-128,IPB24C-99,6.499
IPB24C-128,IPB24D-46,1058.081
IPB24C-128,IPB24D-56,4.572
IPB24C-128,IPB4B-18,762.062
IPB24C-128,IPB4B-2,1374.654
IPB24C-128,IPB4B-25,642.440
IPB24C-128,IPB4B-36,1379.084
IPB24C-128,IPB4B-52,706.088
IPB24C-128,IPB4B-6,997.532
IPB24C-128,IPB4B-67,2080.631
IPB24C-128,IPB4B-68,2080.631
IPB24C-128,IPB4B-80,2103.832
IPB24C-21,IPB24C-26,340.547
IPB24C-21,IPB24C-30,452.788
IPB24C-21,IPB24C-70,1070.925
IPB24C-21,IPB24C-74,1072.128
IPB24C-21,IPB24C-76,1070.965
IPB24C-21,IPB24C-78,1070.965
IPB24C-21,IPB24C-82,1070.965
IPB24C-21,IPB24C-99,1072.205
IPB24C-21,IPB24D-47,299.836
IPB24C-21,IPB24D-50,298.703
IPB24C-21,IPB24D-51,298.703
IPB24C-21,IPB24D-52,431.099
IPB24C-21,IPB24D-56,1067.755
IPB24C-21,IPB4B-18,744.035
IPB24C-21,IPB4B-6,482.669
IPB24C-22,IPB24C-23,0.000
IPB24C-22,IPB24C-32,540.285
IPB24C-22,IPB24C-63,1177.225
IPB24C-22,IPB24C-66,1177.225
IPB24C-22,IPB24C-68,1176.205
IPB24C-22,IPB24C-90,1175.353
IPB24C-22,IPB24C-92,1175.353
IPB24C-22,IPB4B-18,694.585
IPB24C-22,IPB4B-2,201.499
IPB24C-22,IPB4B-25,664.131
IPB24C-22,IPB4B-4,369.919
IPB24C-22,IPB4B-5,367.161
IPB24C-22,IPB4B-6,365.915
IPB24C-23,IPB24C-32,540.285
IPB24C-23,IPB24C-66,1177.225
IPB24C-23,IPB24C-68,1176.205
IPB24C-23,IPB4B-18,694.585
IPB24C-23,IPB4B-2,201.499
IPB24C-23,IPB4B-25,664.131
IPB24C-23,IPB4B-4,369.919
IPB24C-23,IPB4B-5,367.161
IPB24C-23,IPB4B-6,365.915
IPB24C-24,IPB24C-73,1196.212
IPB24C-24,IPB4B-18,622.574
IPB24C-25,IPB24C-90,1096.969
IPB24C-25,IPB24C-96,1096.969
IPB24C-25,IPB24D-52,88.244
IPB24C-26,IPB24C-28,248.453
IPB24C-26,IPB24C-30,170.983
IPB24C-26,IPB24C-62,1094.903
IPB24C-26,IPB24C-68,1093.881
IPB24C-26,IPB24C-70,1093.881
IPB24C-26,IPB24C-78,1093.860
IPB24C-26,IPB24C-82,1093.860
IPB24C-26,IPB24C-99,1093.113
IPB24C-26,IPB24D-47,41.136
IPB24C-26,IPB24D-50,42.446
IPB24C-26,IPB24D-51,42.446
IPB24C-26,IPB24D-52,90.742
IPB24C-26,IPB4B-36,318.412
IPB24C-28,IPB24C-62,968.134
IPB24C-28,IPB24C-63,968.134
IPB24C-28,IPB24C-70,967.146
IPB24C-28,IPB24C-84,966.062
IPB24C-28,IPB24C-89,966.675
IPB24C-28,IPB24G-209,1051.929
IPB24C-28,IPB24G-218,1001.934
IPB24C-28,IPB24G-222,1051.929
IPB24C-28,IPB4B-2,553.200
IPB24C-28,IPB4B-25,334.963
IPB24C-29,IPB24D-52,147.109
IPB24C-29,IPB24D-54,166.222
IPB24C-29,IPB4B-18,349.512
IPB24C-29,IPB4B-62,349.512
IPB24C-30,IPB24C-70,977.306
IPB24C-30,IPB24C-78,977.262
IPB24C-30,IPB24C-83,977.262
IPB24C-30,IPB24C-99,975.763
IPB24C-30,IPB24D-38,203.447
IPB24C-30,IPB24D-47,190.959
IPB24C-30,IPB24D-50,190.907
IPB24C-30,IPB24D-51,190.907
IPB24C-30,IPB24D-52,140.112
IPB24C-32,IPB24C-66,759.316
IPB24C-32,IPB24C-68,758.332
IPB24C-32,IPB24C-69,758.332
IPB24C-32,IPB24C-70,758.332
IPB24C-32,IPB24C-74,759.091
IPB24C-32,IPB24C-77,758.270
IPB24C-32,IPB24C-78,758.270
IPB24C-32,IPB24C-97,757.873
IPB24C-32,IPB24D-34,2.253
IPB24C-32,IPB24D-38,220.811
IPB24C-32,IPB24G-214,1393.650
IPB24C-32,IPB4B-18,177.077
IPB24C-32,IPB4B-2,705.010
IPB24C-32,IPB4B-25,133.112
IPB24C-32,IPB4B-4,243.912
IPB24C-32,IPB4B-5,244.302
IPB24C-32,IPB4B-6,246.495
IPB24C-32,IPB6D-12,1012.362
IPB24C-58,IPB24C-62,0.000
IPB24C-58,IPB24C-63,0.000
IPB24C-58,IPB24C-66,0.000
IPB24C-58,IPB24C-68,1.024
IPB24C-58,IPB24C-70,1.024
IPB24C-58,IPB24C-73,1.024
IPB24C-58,IPB24C-76,1.051
IPB24C-58,IPB24C-84,5.150
IPB24C-58,IPB24C-86,2.058
IPB24C-58,IPB24C-88,2.058
IPB24C-58,IPB24C-89,2.058
IPB24C-58,IPB24C-90,2.058
IPB24C-58,IPB24C-91,2.058
IPB24C-58,IPB24C-95,2.058
IPB24C-58,IPB24C-99,6.642
IPB24C-59,IPB24C-69,1.024
IPB24C-60,IPB24C-62,0.000
IPB24C-60,IPB24C-63,0.000
IPB24C-60,IPB24C-66,0.000
IPB24C-60,IPB24C-68,1.024
IPB24C-60,IPB24C-73,1.024
IPB24C-60,IPB24C-76,1.051
IPB24C-60,IPB24C-77,1.051
IPB24C-60,IPB24C-78,1.051
IPB24C-60,IPB24C-83,1.051
IPB24C-60,IPB24C-84,5.150
IPB24C-60,IPB24C-86,2.058
IPB24C-60,IPB24C-89,2.058
IPB24C-60,IPB24C-90,2.058
IPB24C-60,IPB24C-91,2.058
IPB24C-60,IPB24C-92,2.058
IPB24C-60,IPB24C-95,2.058
IPB24C-60,IPB24C-96,2.058
IPB24C-60,IPB24C-97,2.058
IPB24C-60,IPB24C-99,6.642
IPB24C-60,IPB24D-47,1081.184
IPB24C-60,IPB24D-56,5.150
IPB24C-60,IPB24E-177,2102.083
IPB24C-60,IPB24G-227,1455.572
IPB24C-61,IPB24C-62,0.000
IPB24C-61,IPB24C-63,0.000
IPB24C-61,IPB24C-66,0.000
IPB24C-61,IPB24C-68,1.024
IPB24C-61,IPB24C-69,1.024
IPB24C-61,IPB24C-70,1.024
IPB24C-61,IPB24C-73,1.024
IPB24C-61,IPB24C-76,1.051
IPB24C-61,IPB24C-84,5.150
IPB24C-61,IPB24C-92,2.058
IPB24C-61,IPB24C-95,2.058
IPB24C-61,IPB24C-97,2.058
IPB24C-61,IPB24C-99,6.642
IPB24C-62,IPB24C-63,0.000
IPB24C-62,IPB24C-66,0.000
IPB24C-62,IPB24C-68,1.024
IPB24C-62,IPB24C-69,1.024
IPB24C-62,IPB24C-70,1.024
IPB24C-62,IPB24C-71,1.024
IPB24C-62,IPB24C-72,1.024
IPB24C-62,IPB24C-73,1.024
IPB24C-62,IPB24C-74,0.829
IPB24C-62,IPB24C-76,1.051
IPB24C-62,IPB24C-77,1.051
IPB24C-62,IPB24C-78,1.051
IPB24C-62,IPB24C-82,1.051
IPB24C-62,IPB24C-83,1.051
IPB24C-62,IPB24C-84,5.150
IPB24C-62,IPB24C-86,2.058
IPB24C-62,IPB24C-89,2.058
IPB24C-62,IPB24C-90,2.058
IPB24C-62,IPB24C-91,2.058
IPB24C-62,IPB24C-92,2.058
IPB24C-62,IPB24C-95,2.058
IPB24C-62,IPB24C-96,2.058
IPB24C-62,IPB24C-97,2.058
IPB24C-62,IPB24C-99,6.642
IPB24C-62,IPB24D-38,837.190
IPB24C-62,IPB24D-46,1059.086
IPB24C-62,IPB24D-47,1081.184
IPB24C-62,IPB24D-56,5.150
IPB24C-62,IPB24E-177,2102.083
IPB24C-62,IPB24G-222,1426.353
IPB24C-62,IPB24G-227,1455.572
IPB24C-62,IPB24G-228,1665.974
IPB24C-62,IPB24H-129,819.542
IPB24C-62,IPB4B-14,1040.101
IPB24C-62,IPB4B-18,762.955
IPB24C-62,IPB4B-2,1375.675
IPB24C-62,IPB4B-25,643.394
IPB24C-62,IPB4B-36,1380.106
IPB24C-62,IPB4B-4,996.646
IPB24C-62,IPB4B-52,706.986
IPB24C-62,IPB4B-6,998.534
IPB24C-62,IPB4B-67,2081.414
IPB24C-62,IPB4B-68,2081.414
IPB24C-62,IPB4B-80,2104.708
IPB24C-63,IPB24C-65,0.000
IPB24C-63,IPB24C-66,0.000
IPB24C-63,IPB24C-68,1.024
IPB24C-63,IPB24C-69,1.024
IPB24C-63,IPB24C-70,1.024
IPB24C-63,IPB24C-71,1.024
IPB24C-63,IPB24C-73,1.024
IPB24C-63,IPB24C-74,0.829
IPB24C-63,IPB24C-76,1.051
IPB24C-63,IPB24C-77,1.051
IPB24C-63,IPB24C-78,1.051
IPB24C-63,IPB24C-82,1.051
IPB24C-63,IPB24C-83,1.051
IPB24C-63,IPB24C-84,5.150
IPB24C-63,IPB24C-86,2.058
IPB24C-63,IPB24C-88,2.058
IPB24C-63,IPB24C-89,2.058
IPB24C-63,IPB24C-90,2.058
IPB24C-63,IPB24C-91,2.058
IPB24C-63,IPB24C-92,2.058
IPB24C-63,IPB24C-95,2.058
IPB24C-63,IPB24C-96,2.058
IPB24C-63,IPB24C-97,2.058
IPB24C-63,IPB24C-99,6.642
IPB24C-63,IPB24D-46,1059.086
IPB24C-63,IPB24D-56,5.150
IPB24C-63,IPB24G-209,1426.353
IPB24C-63,IPB24G-218,1355.732
IPB24C-63,IPB24G-222,1426.353
IPB24C-63,IPB24G-228,1665.974
IPB24C-63,IPB24H-129,819.542
IPB24C-63,IPB4B-14,1040.101
IPB24C-63,IPB4B-18,762.955
IPB24C-63,IPB4B-2,1375.675
IPB24C-63,IPB4B-25,643.394
IPB24C-63,IPB4B-36,1380.106
IPB24C-63,IPB4B-4,996.646
IPB24C-63,IPB4B-52,706.986
IPB24C-63,IPB4B-6,998.534
IPB24C-63,IPB4B-67,2081.414
IPB24C-63,IPB4B-68,2081.414
IPB24C-63,IPB4B-80,2104.708
IPB24C-65,IPB24C-66,0.000
IPB24C-65,IPB24C-68,1.024
IPB24C-65,IPB24C-84,5.150
IPB24C-65,IPB24C-89,2.058
IPB24C-65,IPB24C-90,2.058
IPB24C-65,IPB24C-91,2.058
IPB24C-65,IPB24C-92,2.058
IPB24C-65,IPB24C-96,2.058
IPB24C-65,IPB24C-97,2.058
IPB24C-65,IPB24D-46,1059.086
IPB24C-65,IPB4B-36,1380.106
IPB24C-65,IPB4B-52,706.986
IPB24C-65,IPB4B-6,998.534
IPB24C-66,IPB24C-68,1.024
IPB24C-66,IPB24C-69,1.024
IPB24C-66,IPB24C-70,1.024
IPB24C-66,IPB24C-71,1.024
IPB24C-66,IPB24C-73,1.024
IPB24C-66,IPB24C-74,0.829
IPB24C-66,IPB24C-76,1.051
IPB24C-66,IPB24C-77,1.051
IPB24C-66,IPB24C-78,1.051
IPB24C-66,IPB24C-82,1.051
IPB24C-66,IPB24C-83,1.051
IPB24C-66,IPB24C-84,5.150
IPB24C-66,IPB24C-86,2.058
IPB24C-66,IPB24C-89,2.058
IPB24C-66,IPB24C-90,2.058
IPB24C-66,IPB24C-91,2.058
IPB24C-66,IPB24C-92,2.058
IPB24C-66,IPB24C-95,2.058
IPB24C-66,IPB24C-96,2.058
IPB24C-66,IPB24C-97,2.058
IPB24C-66,IPB24C-99,6.642
IPB24C-66,IPB24D-38,837.190
IPB24C-66,IPB24D-46,1059.086
IPB24C-66,IPB24D-47,1081.184
IPB24C-66,IPB24D-56,5.150
IPB24C-66,IPB24E-177,2102.083
IPB24C-66,IPB24G-227,1455.572
IPB24C-66,IPB24H-129,819.542
IPB24C-66,IPB4B-14,1040.101
IPB24C-66,IPB4B-18,762.955
IPB24C-66,IPB4B-2,1375.675
IPB24C-66,IPB4B-25,643.394
IPB24C-66,IPB4B-36,1380.106
IPB24C-66,IPB4B-4,996.646
IPB24C-66,IPB4B-5,996.405
IPB24C-66,IPB4B-52,706.986
IPB24C-66,IPB4B-6,998.534
IPB24C-66,IPB4B-67,2081.414
IPB24C-66,IPB4B-68,2081.414
IPB24C-66,IPB4B-80,2104.708
IPB24C-68,IPB24C-69,0.000
IPB24C-68,IPB24C-70,0.000
IPB24C-68,IPB24C-71,0.000
IPB24C-68,IPB24C-73,0.000
IPB24C-68,IPB24C-74,1.319
IPB24C-68,IPB24C-76,0.194
IPB24C-68,IPB24C-77,0.194
IPB24C-68,IPB24C-78,0.194
IPB24C-68,IPB24C-82,0.194
IPB24C-68,IPB24C-83,0.194
IPB24C-68,IPB24C-84,4.572
IPB24C-68,IPB24C-86,1.270
IPB24C-68,IPB24C-89,1.270
IPB24C-68,IPB24C-90,1.270
IPB24C-68,IPB24C-91,1.270
IPB24C-68,IPB24C-92,1.270
IPB24C-68,IPB24C-95,1.270
IPB24C-68,IPB24C-96,1.270
IPB24C-68,IPB24C-97,1.270
IPB24C-68,IPB24C-99,6.499
IPB24C-68,IPB24D-46,1058.081
IPB24C-68,IPB24D-56,4.572
IPB24C-68,IPB24E-175,2101.208
IPB24C-68,IPB24G-209,1425.489
IPB24C-68,IPB24G-218,1354.869
IPB24C-68,IPB24G-219,1552.363
IPB24C-68,IPB24G-222,1425.489
IPB24C-68,IPB24G-224,1552.363
IPB24C-68,IPB24G-231,1466.135
IPB24C-68,IPB24G-232,1552.363
IPB24C-68,IPB24G-233,1552.363
IPB24C-68,IPB24G-234,1552.363
IPB24C-68,IPB24G-239,1665.195
IPB24C-68,IPB4B-1,1379.466
IPB24C-68,IPB4B-13,1039.118
IPB24C-68,IPB4B-16,1054.010
IPB24C-68,IPB4B-17,762.062
IPB24C-68,IPB4B-18,762.062
IPB24C-68,IPB4B-2,1374.654
IPB24C-68,IPB4B-25,642.440
IPB24C-68,IPB4B-36,1379.084
IPB24C-68,IPB4B-4,995.645
IPB24C-68,IPB4B-5,995.404
IPB24C-68,IPB4B-52,706.088
IPB24C-68,IPB4B-6,997.532
IPB24C-68,IPB4B-67,2080.631
IPB24C-68,IPB4B-68,2080.631
IPB24C-68,IPB4B-80,2103.832
IPB24C-69,IPB24C-70,0.000
IPB24C-69,IPB24C-71,0.000
IPB24C-69,IPB24C-73,0.000
IPB24C-69,IPB24C-74,1.319
IPB24C-69,IPB24C-76,0.194
IPB24C-69,IPB24C-77,0.194
IPB24C-69,IPB24C-78,0.194
IPB24C-69,IPB24C-82,0.194
IPB24C-69,IPB24C-83,0.194
IPB24C-69,IPB24C-84,4.572
IPB24C-69,IPB24C-86,1.270
IPB24C-69,IPB24C-89,1.270
IPB24C-69,IPB24C-90,1.270
IPB24C-69,IPB24C-91,1.270
IPB24C-69,IPB24C-92,1.270
IPB24C-69,IPB24C-95,1.270
IPB24C-69,IPB24C-96,1.270
IPB24C-69,IPB24C-97,1.270
IPB24C-69,IPB24C-99,6.499
IPB24C-69,IPB24D-56,4.572
IPB24C-69,IPB24G-209,1425.489
IPB24C-69,IPB24G-214,1665.195
IPB24C-69,IPB24G-218,1354.869
IPB24C-69,IPB24G-219,1552.363
IPB24C-69,IPB24G-222,1425.489
IPB24C-69,IPB24G-231,1466.135
IPB24C-69,IPB24G-232,1552.363
IPB24C-69,IPB24G-233,1552.363
IPB24C-69,IPB24G-234,1552.363
IPB24C-69,IPB24G-239,1665.195
IPB24C-69,IPB6D-12,1520.576
IPB24C-70,IPB24C-71,0.000
IPB24C-70,IPB24C-73,0.000
IPB24C-70,IPB24C-74,1.319
IPB24C-70,IPB24C-76,0.194
IPB24C-70,IPB24C-77,0.194
IPB24C-70,IPB24C-78,0.194
IPB24C-70,IPB24C-82,0.194
IPB24C-70,IPB24C-83,0.194
IPB24C-70,IPB24C-84,4.572
IPB24C-70,IPB24C-86,1.270
IPB24C-70,IPB24C-89,1.270
IPB24C-70,IPB24C-90,1.270
IPB24C-70,IPB24C-91,1.270
IPB24C-70,IPB24C-92,1.270
IPB24C-70,IPB24C-95,1.270
IPB24C-70,IPB24C-96,1.270
IPB24C-70,IPB24C-97,1.270
IPB24C-70,IPB24C-99,6.499
IPB24C-70,IPB24D-36,984.605
IPB24C-70,IPB24D-47,1080.161
IPB24C-70,IPB24D-50,1078.833
IPB24C-70,IPB24D-51,1078.833
IPB24C-70,IPB24D-52,1111.029
IPB24C-70,IPB24D-56,4.572
IPB24C-70,IPB24G-209,1425.489
IPB24C-70,IPB24G-214,1665.195
IPB24C-70,IPB24G-218,1354.869
IPB24C-70,IPB24G-219,1552.363
IPB24C-70,IPB24G-222,1425.489
IPB24C-70,IPB24G-231,1466.135
IPB24C-70,IPB24G-232,1552.363
IPB24C-70,IPB24G-233,1552.363
IPB24C-70,IPB24G-234,1552.363
IPB24C-70,IPB24G-239,1665.195
IPB24C-70,IPB6D-12,1520.576
IPB24C-71,IPB24C-73,0.000
IPB24C-71,IPB24C-82,0.194
IPB24C-71,IPB24D-56,4.572
IPB24C-73,IPB24C-74,1.319
IPB24C-73,IPB24C-76,0.194
IPB24C-73,IPB24C-77,0.194
IPB24C-73,IPB24C-78,0.194
IPB24C-73,IPB24C-82,0.194
IPB24C-73,IPB24C-83,0.194
IPB24C-73,IPB24C-84,4.572
IPB24C-73,IPB24C-86,1.270
IPB24C-73,IPB24C-89,1.270
IPB24C-73,IPB24C-90,1.270
IPB24C-73,IPB24C-91,1.270
IPB24C-73,IPB24C-92,1.270
IPB24C-73,IPB24C-95,1.270
IPB24C-73,IPB24C-96,1.270
IPB24C-73,IPB24C-97,1.270
IPB24C-73,IPB24C-99,6.499
IPB24C-73,IPB24D-36,984.605
IPB24C-73,IPB24D-38,836.166
IPB24C-73,IPB24D-47,1080.161
IPB24C-73,IPB24D-56,4.572
IPB24C-73,IPB24G-222,1425.489
IPB24C-73,IPB4B-18,762.062
IPB24C-74,IPB24C-76,1.214
IPB24C-74,IPB24C-77,1.214
IPB24C-74,IPB24C-78,1.214
IPB24C-74,IPB24C-82,1.214
IPB24C-74,IPB24C-83,1.214
IPB24C-74,IPB24C-84,5.817
IPB24C-74,IPB24C-86,2.570
IPB24C-74,IPB24C-89,2.570
IPB24C-74,IPB24C-90,2.570
IPB24C-74,IPB24C-91,2.570
IPB24C-74,IPB24C-92,2.570
IPB24C-74,IPB24C-95,2.570
IPB24C-74,IPB24C-96,2.570
IPB24C-74,IPB24C-97,2.570
IPB24C-74,IPB24C-99,5.835
IPB24C-74,IPB24D-56,5.817
IPB24C-74,IPB24E-192,2101.532
IPB24C-74,IPB24E-197,2101.532
IPB24C-74,IPB24E-198,2076.984
IPB24C-74,IPB24G-214,1666.513
IPB24C-74,IPB4B-13,1040.334
IPB24C-74,IPB4B-63,141.338
IPB24C-74,IPB6D-12,1521.825
IPB24C-76,IPB24C-77,0.000
IPB24C-76,IPB24C-78,0.000
IPB24C-76,IPB24C-82,0.000
IPB24C-76,IPB24C-83,0.000
IPB24C-76,IPB24C-84,4.738
IPB24C-76,IPB24C-86,1.425
IPB24C-76,IPB24C-89,1.425
IPB24C-76,IPB24C-90,1.425
IPB24C-76,IPB24C-91,1.425
IPB24C-76,IPB24C-92,1.425
IPB24C-76,IPB24C-95,1.425
IPB24C-76,IPB24C-96,1.425
IPB24C-76,IPB24C-97,1.425
IPB24C-76,IPB24C-99,6.304
IPB24C-76,IPB24D-56,4.738
IPB24C-77,IPB24C-78,0.000
IPB24C-77,IPB24C-82,0.000
IPB24C-77,IPB24C-83,0.000
IPB24C-77,IPB24C-84,4.738
IPB24C-77,IPB24C-86,1.425
IPB24C-77,IPB24C-89,1.425
IPB24C-77,IPB24C-90,1.425
IPB24C-77,IPB24C-91,1.425
IPB24C-77,IPB24C-92,1.425
IPB24C-77,IPB24C-95,1.425
IPB24C-77,IPB24C-96,1.425
IPB24C-77,IPB24C-97,1.425
IPB24C-77,IPB24C-99,6.304
IPB24C-77,IPB24D-56,4.738
IPB24C-77,IPB24G-209,1425.585
IPB24C-77,IPB24G-214,1665.314
IPB24C-77,IPB24G-218,1354.965
IPB24C-77,IPB24G-219,1552.453
IPB24C-77,IPB24G-222,1425.585
IPB24C-77,IPB24G-231,1466.229
IPB24C-77,IPB24G-232,1552.453
IPB24C-77,IPB24G-233,1552.453
IPB24C-77,IPB24G-234,1552.453
IPB24C-77,IPB24G-239,1665.314
IPB24C-77,IPB4B-6,997.483
IPB24C-77,IPB6D-12,1520.634
IPB24C-78,IPB24C-82,0.000
IPB24C-78,IPB24C-83,0.000
IPB24C-78,IPB24C-84,4.738
IPB24C-78,IPB24C-86,1.425
IPB24C-78,IPB24C-89,1.425
IPB24C-78,IPB24C-90,1.425
IPB24C-78,IPB24C-91,1.425
IPB24C-78,IPB24C-92,1.425
IPB24C-78,IPB24C-95,1.425
IPB24C-78,IPB24C-96,1.425
IPB24C-78,IPB24C-97,1.425
IPB24C-78,IPB24C-99,6.304
IPB24C-78,IPB24D-36,984.611
IPB24C-78,IPB24D-47,1080.147
IPB24C-78,IPB24D-50,1078.819
IPB24C-78,IPB24D-51,1078.819
IPB24C-78,IPB24D-52,1110.992
IPB24C-78,IPB24D-56,4.738
IPB24C-78,IPB24G-209,1425.585
IPB24C-78,IPB24G-214,1665.314
IPB24C-78,IPB24G-218,1354.965
IPB24C-78,IPB24G-219,1552.453
IPB24C-78,IPB24G-222,1425.585
IPB24C-78,IPB24G-231,1466.229
IPB24C-78,IPB24G-232,1552.453
IPB24C-78,IPB24G-233,1552.453
IPB24C-78,IPB24G-234,1552.453
IPB24C-78,IPB24G-239,1665.314
IPB24C-78,IPB4B-6,997.483
IPB24C-78,IPB6D-12,1520.634
IPB24C-79,IPB24C-88,1.425
IPB24C-79,IPB24C-95,1.425
IPB24C-79,IPB24C-96,1.425
IPB24C-79,IPB24C-97,1.425
IPB24C-82,IPB24C-83,0.000
IPB24C-82,IPB24C-84,4.738
IPB24C-82,IPB24C-86,1.425
IPB24C-82,IPB24C-89,1.425
IPB24C-82,IPB24C-90,1.425
IPB24C-82,IPB24C-91,1.425
IPB24C-82,IPB24C-92,1.425
IPB24C-82,IPB24C-95,1.425
IPB24C-82,IPB24C-97,1.425
IPB24C-82,IPB24C-99,6.304
IPB24C-82,IPB24D-38,836.153
IPB24C-82,IPB24D-48,1078.819
IPB24C-82,IPB24D-54,1134.705
IPB24C-82,IPB24D-56,4.738
IPB24C-82,IPB24E-192,2100.318
IPB24C-82,IPB24E-195,1874.024
IPB24C-82,IPB24E-198,2075.770
IPB24C-82,IPB24E-200,2103.924
IPB24C-82,IPB24G-206,2106.029
IPB24C-82,IPB24G-213,1646.716
IPB24C-82,IPB24G-223,1466.229
IPB24C-82,IPB24G-228,1665.314
IPB24C-83,IPB24C-84,4.738
IPB24C-83,IPB24C-86,1.425
IPB24C-83,IPB24C-89,1.425
IPB24C-83,IPB24C-90,1.425
IPB24C-83,IPB24C-91,1.425
IPB24C-83,IPB24C-92,1.425
IPB24C-83,IPB24C-95,1.425
IPB24C-83,IPB24C-96,1.425
IPB24C-83,IPB24C-97,1.425
IPB24C-83,IPB24C-99,6.304
IPB24C-83,IPB24D-51,1078.819
IPB24C-83,IPB24D-52,1110.992
IPB24C-83,IPB24D-56,4.738
IPB24C-84,IPB24C-86,3.319
IPB24C-84,IPB24C-88,3.319
IPB24C-84,IPB24C-89,3.319
IPB24C-84,IPB24C-90,3.319
IPB24C-84,IPB24C-91,3.319
IPB24C-84,IPB24C-92,3.319
IPB24C-84,IPB24C-95,3.319
IPB24C-84,IPB24C-96,3.319
IPB24C-84,IPB24C-97,3.319
IPB24C-84,IPB24C-99,10.635
IPB24C-84,IPB24D-46,1056.654
IPB24C-84,IPB24D-54,1133.167
IPB24C-84,IPB24D-56,0.000
IPB24C-84,IPB24G-209,1421.467
IPB24C-84,IPB24G-218,1350.845
IPB24C-84,IPB24G-219,1548.414
IPB24C-84,IPB24G-222,1421.467
IPB24C-84,IPB24G-231,1462.150
IPB24C-84,IPB24G-232,1548.414
IPB24C-84,IPB24G-233,1548.414
IPB24C-84,IPB24G-234,1548.414
IPB24C-84,IPB24G-239,1660.908
IPB24C-84,IPB4B-18,762.089
IPB24C-84,IPB4B-2,1372.194
IPB24C-84,IPB4B-25,641.831
IPB24C-84,IPB4B-36,1376.634
IPB24C-84,IPB4B-52,706.068
IPB24C-84,IPB4B-6,996.192
IPB24C-84,IPB4B-67,2076.353
IPB24C-84,IPB4B-68,2076.353
IPB24C-84,IPB4B-80,2099.859
IPB24C-86,IPB24C-88,0.000
IPB24C-86,IPB24C-89,0.000
IPB24C-86,IPB24C-90,0.000
IPB24C-86,IPB24C-91,0.000
IPB24C-86,IPB24C-92,0.000
IPB24C-86,IPB24C-95,0.000
IPB24C-86,IPB24C-96,0.000
IPB24C-86,IPB24C-97,0.000
IPB24C-86,IPB24C-99,7.507
IPB24C-86,IPB24D-38,835.417
IPB24C-86,IPB24D-56,3.319
IPB24C-86,IPB24G-224,1551.187
IPB24C-86,IPB24G-229,1328.256
IPB24C-86,IPB4B-1,1378.642
IPB24C-86,IPB4B-13,1038.099
IPB24C-86,IPB4B-16,1052.992
IPB24C-86,IPB4B-17,761.891
IPB24C-86,IPB4B-18,761.891
IPB24C-86,IPB4B-25,642.095
IPB24C-86,IPB4B-36,1378.260
IPB24C-88,IPB24C-89,0.000
IPB24C-88,IPB24C-91,0.000
IPB24C-88,IPB24C-95,0.000
IPB24C-88,IPB24C-96,0.000
IPB24C-88,IPB24C-97,0.000
IPB24C-88,IPB24C-99,7.507
IPB24C-89,IPB24C-90,0.000
IPB24C-89,IPB24C-91,0.000
IPB24C-89,IPB24C-92,0.000
IPB24C-89,IPB24C-95,0.000
IPB24C-89,IPB24C-96,0.000
IPB24C-89,IPB24C-97,0.000
IPB24C-89,IPB24C-99,7.507
IPB24C-89,IPB24D-46,1057.519
IPB24C-89,IPB24D-56,3.319
IPB24C-89,IPB24G-209,1424.298
IPB24C-89,IPB24G-218,1353.678
IPB24C-89,IPB24G-222,1424.298
IPB24C-89,IPB24G-224,1551.187
IPB24C-89,IPB24G-229,1328.256
IPB24C-89,IPB4B-1,1378.642
IPB24C-89,IPB4B-13,1038.099
IPB24C-89,IPB4B-16,1052.992
IPB24C-89,IPB4B-17,761.891
IPB24C-89,IPB4B-18,761.891
IPB24C-89,IPB4B-2,1373.827
IPB24C-89,IPB4B-25,642.095
IPB24C-89,IPB4B-36,1378.260
IPB24C-89,IPB4B-52,705.903
IPB24C-89,IPB4B-6,996.993
IPB24C-89,IPB4B-67,2079.392
IPB24C-89,IPB4B-68,2079.392
IPB24C-89,IPB4B-80,2102.651
IPB24C-90,IPB24C-91,0.000
IPB24C-90,IPB24C-92,0.000
IPB24C-90,IPB24C-95,0.000
IPB24C-90,IPB24C-96,0.000
IPB24C-90,IPB24C-97,0.000
IPB24C-90,IPB24C-99,7.507
IPB24C-90,IPB24D-38,835.417
IPB24C-90,IPB24D-46,1057.519
IPB24C-90,IPB24D-47,1079.417
IPB24C-90,IPB24D-48,1078.089
IPB24C-90,IPB24D-52,1110.411
IPB24C-90,IPB24D-56,3.319
IPB24C-90,IPB24E-196,2099.050
IPB24C-90,IPB24E-198,2074.491
IPB24C-90,IPB24E-200,2102.651
IPB24C-90,IPB24G-202,2079.753
IPB24C-90,IPB24G-203,2079.753
IPB24C-90,IPB24G-204,2079.753
IPB24C-90,IPB24G-224,1551.187
IPB24C-90,IPB24G-228,1663.955
IPB24C-90,IPB24G-229,1328.256
IPB24C-90,IPB24H-129,817.563
IPB24C-90,IPB24H-133,738.942
IPB24C-90,IPB4B-1,1378.642
IPB24C-90,IPB4B-13,1038.099
IPB24C-90,IPB4B-14,1038.099
IPB24C-90,IPB4B-16,1052.992
IPB24C-90,IPB4B-17,761.891
IPB24C-90,IPB4B-18,761.891
IPB24C-90,IPB4B-2,1373.827
IPB24C-90,IPB4B-25,642.095
IPB24C-90,IPB4B-36,1378.260
IPB24C-90,IPB4B-4,995.110
IPB24C-90,IPB4B-52,705.903
IPB24C-90,IPB4B-6,996.993
IPB24C-90,IPB4B-67,2079.392
IPB24C-90,IPB4B-68,2079.392
IPB24C-90,IPB4B-80,2102.651
IPB24C-91,IPB24C-92,0.000
IPB24C-91,IPB24C-95,0.000
IPB24C-91,IPB24C-96,0.000
IPB24C-91,IPB24C-97,0.000
IPB24C-91,IPB24C-99,7.507
IPB24C-91,IPB24D-46,1057.519
IPB24C-91,IPB24D-56,3.319
IPB24C-91,IPB24G-218,1353.678
IPB24C-91,IPB24G-224,1551.187
IPB24C-91,IPB24G-229,1328.256
IPB24C-91,IPB24G-239,1663.955
IPB24C-91,IPB4B-1,1378.642
IPB24C-91,IPB4B-13,1038.099
IPB24C-91,IPB4B-16,1052.992
IPB24C-91,IPB4B-17,761.891
IPB24C-91,IPB4B-18,761.891
IPB24C-91,IPB4B-2,1373.827
IPB24C-91,IPB4B-25,642.095
IPB24C-91,IPB4B-36,1378.260
IPB24C-91,IPB4B-52,705.903
IPB24C-91,IPB4B-6,996.993
IPB24C-91,IPB4B-67,2079.392
IPB24C-91,IPB4B-68,2079.392
IPB24C-91,IPB4B-80,2102.651
IPB24C-92,IPB24C-95,0.000
IPB24C-92,IPB24C-96,0.000
IPB24C-92,IPB24C-97,0.000
IPB24C-92,IPB24C-99,7.507
IPB24C-92,IPB24D-38,835.417
IPB24C-92,IPB24D-46,1057.519
IPB24C-92,IPB24D-56,3.319
IPB24C-92,IPB24E-175,2100.027
IPB24C-92,IPB24G-209,1424.298
IPB24C-92,IPB24G-218,1353.678
IPB24C-92,IPB24G-219,1551.187
IPB24C-92,IPB24G-222,1424.298
IPB24C-92,IPB24G-224,1551.187
IPB24C-92,IPB24G-229,1328.256
IPB24C-92,IPB24G-231,1464.952
IPB24C-92,IPB24G-232,1551.187
IPB24C-92,IPB24G-233,1551.187
IPB24C-92,IPB24G-234,1551.187
IPB24C-92,IPB24G-239,1663.955
IPB24C-92,IPB24H-129,817.563
IPB24C-92,IPB4B-1,1378.642
IPB24C-92,IPB4B-13,1038.099
IPB24C-92,IPB4B-14,1038.099
IPB24C-92,IPB4B-16,1052.992
IPB24C-92,IPB4B-17,761.891
IPB24C-92,IPB4B-18,761.891
IPB24C-92,IPB4B-2,1373.827
IPB24C-92,IPB4B-25,642.095
IPB24C-92,IPB4B-36,1378.260
IPB24C-92,IPB4B-4,995.110
IPB24C-92,IPB4B-52,705.903
IPB24C-92,IPB4B-6,996.993
IPB24C-92,IPB4B-67,2079.392
IPB24C-92,IPB4B-68,2079.392
IPB24C-92,IPB4B-80,2102.651
IPB24C-95,IPB24C-96,0.000
IPB24C-95,IPB24C-97,0.000
IPB24C-95,IPB24C-99,7.507
IPB24C-95,IPB24D-38,835.417
IPB24C-95,IPB24D-46,1057.519
IPB24C-95,IPB24D-47,1079.417
IPB24C-95,IPB24D-52,1110.411
IPB24C-95,IPB24D-56,3.319
IPB24C-95,IPB24E-192,2099.050
IPB24C-95,IPB24E-195,1872.777
IPB24C-95,IPB24E-198,2074.491
IPB24C-95,IPB24E-200,2102.651
IPB24C-95,IPB24G-204,2079.753
IPB24C-95,IPB24G-206,2104.791
IPB24C-95,IPB24G-210,1428.481
IPB24C-95,IPB24G-213,1645.366
IPB24C-95,IPB24G-215,1551.187
IPB24C-95,IPB24G-218,1353.678
IPB24C-95,IPB24G-222,1424.298
IPB24C-95,IPB24G-223,1464.952
IPB24C-95,IPB24G-228,1663.955
IPB24C-95,IPB24G-229,1328.256
IPB24C-95,IPB24G-238,1634.514
IPB24C-95,IPB24G-240,1612.569
IPB24C-95,IPB24G-241,1521.910
IPB24C-95,IPB24H-129,817.563
IPB24C-95,IPB4B-14,1038.099
IPB24C-95,IPB4B-18,761.891
IPB24C-95,IPB4B-2,1373.827
IPB24C-95,IPB4B-25,642.095
IPB24C-95,IPB4B-36,1378.260
IPB24C-95,IPB4B-4,995.110
IPB24C-95,IPB4B-52,705.903
IPB24C-95,IPB4B-6,996.993
IPB24C-95,IPB4B-67,2079.392
IPB24C-95,IPB4B-68,2079.392
IPB24C-95,IPB4B-80,2102.651
IPB24C-96,IPB24C-97,0.000
IPB24C-96,IPB24C-99,7.507
IPB24C-96,IPB24D-46,1057.519
IPB24C-96,IPB24D-56,3.319
IPB24C-96,IPB24G-224,1551.187
IPB24C-96,IPB24G-229,1328.256
IPB24C-96,IPB4B-1,1378.642
IPB24C-96,IPB4B-13,1038.099
IPB24C-96,IPB4B-16,1052.992
IPB24C-96,IPB4B-17,761.891
IPB24C-96,IPB4B-18,761.891
IPB24C-96,IPB4B-2,1373.827
IPB24C-96,IPB4B-25,642.095
IPB24C-96,IPB4B-36,1378.260
IPB24C-96,IPB4B-52,705.903
IPB24C-96,IPB4B-6,996.993
IPB24C-96,IPB4B-67,2079.392
IPB24C-96,IPB4B-68,2079.392
IPB24C-96,IPB4B-80,2102.651
IPB24C-97,IPB24C-99,7.507
IPB24C-97,IPB24D-38,835.417
IPB24C-97,IPB24D-46,1057.519
IPB24C-97,IPB24D-52,1110.411
IPB24C-97,IPB24D-56,3.319
IPB24C-97,IPB24E-172,2079.753
IPB24C-97,IPB24E-192,2099.050
IPB24C-97,IPB24E-195,1872.777
IPB24C-97,IPB24E-196,2099.050
IPB24C-97,IPB24E-198,2074.491
IPB24C-97,IPB24E-200,2102.651
IPB24C-97,IPB24G-203,2079.753
IPB24C-97,IPB24G-206,2104.791
IPB24C-97,IPB24G-211,1453.518
IPB24C-97,IPB24G-213,1645.366
IPB24C-97,IPB24G-218,1353.678
IPB24C-97,IPB24G-220,1453.518
IPB24C-97,IPB24G-222,1424.298
IPB24C-97,IPB24G-223,1464.952
IPB24C-97,IPB24G-224,1551.187
IPB24C-97,IPB24G-225,1691.032
IPB24C-97,IPB24G-228,1663.955
IPB24C-97,IPB24G-230,1453.518
IPB24C-97,IPB24G-234,1551.187
IPB24C-97,IPB24G-238,1634.514
IPB24C-97,IPB24G-240,1612.569
IPB24C-97,IPB24G-241,1521.910
IPB24C-97,IPB4B-1,1378.642
IPB24C-97,IPB4B-13,1038.099
IPB24C-97,IPB4B-16,1052.992
IPB24C-97,IPB4B-17,761.891
IPB24C-97,IPB4B-18,761.891
IPB24C-97,IPB4B-2,1373.827
IPB24C-97,IPB4B-25,642.095
IPB24C-97,IPB4B-36,1378.260
IPB24C-97,IPB4B-52,705.903
IPB24C-97,IPB4B-6,996.993
IPB24C-97,IPB4B-67,2079.392
IPB24C-97,IPB4B-68,2079.392
IPB24C-97,IPB4B-80,2102.651
IPB24C-99,IPB24D-46,1056.474
IPB24C-99,IPB24D-47,1079.625
IPB24C-99,IPB24D-50,1078.303
IPB24C-99,IPB24D-51,1078.303
IPB24C-99,IPB24D-52,1109.739
IPB24C-99,IPB24D-56,10.635
IPB24C-99,IPB24E-192,2103.205
IPB24C-99,IPB24E-196,2103.205
IPB24C-99,IPB24E-198,2078.746
IPB24C-99,IPB24E-199,2104.234
IPB24C-99,IPB24E-200,2106.848
IPB24C-99,IPB24G-203,2084.869
IPB24C-99,IPB24G-210,1432.868
IPB24C-99,IPB24G-211,1457.895
IPB24C-99,IPB24G-212,1695.820
IPB24C-99,IPB24G-218,1358.021
IPB24C-99,IPB24G-220,1457.895
IPB24C-99,IPB24G-222,1428.637
IPB24C-99,IPB24G-225,1695.820
IPB24C-99,IPB24G-227,1457.895
IPB24C-99,IPB24G-228,1669.104
IPB24C-99,IPB24G-229,1332.616
IPB24C-99,IPB24G-230,1457.895
IPB24C-99,IPB24G-234,1555.320
IPB24C-99,IPB24G-238,1639.554
IPB24C-99,IPB24G-240,1618.058
IPB24C-99,IPB24G-241,1527.442
IPB24C-99,IPB4B-25,639.728
IPB24C-99,IPB4B-4,993.894
IPB24C-99,IPB4B-6,995.804
IPB24C-99,IPB4B-68,2084.508
IPB24D-36,IPB24G-209,714.436
IPB24D-38,IPB24D-41,0.000
IPB24D-38,IPB24D-51,242.704
IPB24D-38,IPB24D-56,834.016
IPB24D-42,IPB24D-48,233.274
IPB24D-42,IPB24E-192,1442.169
IPB24D-43,IPB4B-36,548.773
IPB24D-46,IPB24G-227,1000.697
IPB24D-46,IPB4B-36,436.991
IPB24D-46,IPB4B-52,442.062
IPB24D-46,IPB4B-6,63.754
IPB24D-46,IPB4B-67,1629.790
IPB24D-46,IPB4B-68,1629.790
IPB24D-47,IPB24D-50,1.619
IPB24D-47,IPB24D-51,1.619
IPB24D-47,IPB24D-52,131.268
IPB24D-47,IPB24D-56,1078.030
IPB24D-47,IPB24E-177,1320.719
IPB24D-47,IPB24G-227,821.628
IPB24D-47,IPB4B-16,322.897
IPB24D-47,IPB4B-18,541.551
IPB24D-47,IPB4B-36,314.349
IPB24D-50,IPB24D-51,0.000
IPB24D-50,IPB24D-52,132.420
IPB24D-51,IPB24D-52,132.420
IPB24D-52,IPB4B-18,486.883
IPB24D-52,IPB4B-36,361.348
IPB24D-54,IPB4B-62,497.128
IPB24E-170,IPB24E-171,105.581
IPB24E-170,IPB24E-172,105.581
IPB24E-170,IPB24E-174,878.848
IPB24E-170,IPB24E-175,217.208
IPB24E-170,IPB24E-177,217.208
IPB24E-170,IPB24E-179,102.021
IPB24E-170,IPB24E-180,325.804
IPB24E-170,IPB24E-181,63.600
IPB24E-170,IPB24E-182,334.089
IPB24E-170,IPB24E-183,119.791
IPB24E-170,IPB24E-188,152.317
IPB24E-170,IPB24E-189,94.879
IPB24E-170,IPB24E-191,569.998
IPB24E-170,IPB24E-192,233.716
IPB24E-170,IPB24E-193,0.000
IPB24E-170,IPB24E-194,63.600
IPB24E-170,IPB24E-195,334.089
IPB24E-170,IPB24E-196,233.716
IPB24E-170,IPB24E-197,233.716
IPB24E-170,IPB24E-198,196.759
IPB24E-170,IPB24E-199,217.208
IPB24E-170,IPB24E-200,221.121
IPB24E-170,IPB24G-202,105.581
IPB24E-170,IPB24G-203,105.581
IPB24E-170,IPB24G-204,105.581
IPB24E-170,IPB24G-206,325.804
IPB24E-170,IPB24G-207,617.206
IPB24E-170,IPB24G-209,648.959
IPB24E-170,IPB24G-210,642.164
IPB24E-170,IPB24G-211,618.406
IPB24E-170,IPB24G-212,366.908
IPB24E-170,IPB24G-213,417.181
IPB24E-170,IPB24G-214,406.974
IPB24E-170,IPB24G-215,546.714
IPB24E-170,IPB24G-216,578.960
IPB24E-170,IPB24G-217,584.534
IPB24E-170,IPB24G-218,717.200
IPB24E-170,IPB24G-219,546.714
IPB24E-170,IPB24G-220,618.406
IPB24E-170,IPB24G-221,546.714
IPB24E-170,IPB24G-222,648.959
IPB24E-170,IPB24G-223,617.206
IPB24E-170,IPB24G-224,546.714
IPB24E-170,IPB24G-225,366.908
IPB24E-170,IPB24G-227,618.406
IPB24E-170,IPB24G-228,406.974
IPB24E-170,IPB24G-229,741.097
IPB24E-170,IPB24G-230,618.406
IPB24E-170,IPB24G-231,617.206
IPB24E-170,IPB24G-232,546.714
IPB24E-170,IPB24G-233,546.714
IPB24E-170,IPB24G-234,546.714
IPB24E-170,IPB24G-235,366.908
IPB24E-170,IPB24G-236,366.908
IPB24E-170,IPB24G-237,366.908
IPB24E-170,IPB24G-238,428.240
IPB24E-170,IPB24G-239,406.974
IPB24E-170,IPB24G-240,495.125
IPB24E-170,IPB24G-241,581.262
IPB24E-170,IPB24H-133,1348.961
IPB24E-170,IPB4B-78,221.121
IPB24E-170,IPB4B-79,221.121
IPB24E-170,IPB4B-80,221.121
IPB24E-170,IPB6D-12,743.617
IPB24E-170,IPB6D-3,931.415
IPB24E-170,IPB6D-5,944.924
IPB24E-170,IPB6D-6,931.415
IPB24E-170,IPB6D-7,931.415
IPB24E-171,IPB24E-172,0.000
IPB24E-171,IPB24E-174,955.780
IPB24E-171,IPB24E-175,318.852
IPB24E-171,IPB24E-177,318.852
IPB24E-171,IPB24E-179,46.571
IPB24E-171,IPB24E-180,428.763
IPB24E-171,IPB24E-181,98.056
IPB24E-171,IPB24E-182,431.002
IPB24E-171,IPB24E-183,220.954
IPB24E-171,IPB24E-188,115.367
IPB24E-171,IPB24E-189,200.350
IPB24E-171,IPB24E-191,651.631
IPB24E-171,IPB24E-192,335.786
IPB24E-171,IPB24E-193,105.581
IPB24E-171,IPB24E-194,98.056
IPB24E-171,IPB24E-195,431.002
IPB24E-171,IPB24E-196,335.786
IPB24E-171,IPB24E-197,335.786
IPB24E-171,IPB24E-198,300.579
IPB24E-171,IPB24E-199,318.852
IPB24E-171,IPB24E-200,322.556
IPB24E-171,IPB24G-202,0.000
IPB24E-171,IPB24G-203,0.000
IPB24E-171,IPB24G-204,0.000
IPB24E-171,IPB24G-206,428.763
IPB24E-171,IPB24G-207,667.707
IPB24E-171,IPB24G-209,694.122
IPB24E-171,IPB24G-210,686.023
IPB24E-171,IPB24G-211,663.718
IPB24E-171,IPB24G-212,403.558
IPB24E-171,IPB24G-213,435.329
IPB24E-171,IPB24G-214,415.930
IPB24E-171,IPB24G-215,606.186
IPB24E-171,IPB24G-216,570.399
IPB24E-171,IPB24G-217,577.080
IPB24E-171,IPB24G-218,759.239
IPB24E-171,IPB24G-219,606.186
IPB24E-171,IPB24G-220,663.718
IPB24E-171,IPB24G-221,606.186
IPB24E-171,IPB24G-222,694.122
IPB24E-171,IPB24G-223,667.707
IPB24E-171,IPB24G-224,606.186
IPB24E-171,IPB24G-225,403.558
IPB24E-171,IPB24G-227,663.718
IPB24E-171,IPB24G-228,415.930
IPB24E-171,IPB24G-229,781.705
IPB24E-171,IPB24G-230,663.718
IPB24E-171,IPB24G-231,667.707
IPB24E-171,IPB24G-232,606.186
IPB24E-171,IPB24G-233,606.186
IPB24E-171,IPB24G-234,606.186
IPB24E-171,IPB24G-235,403.558
IPB24E-171,IPB24G-236,403.558
IPB24E-171,IPB24G-237,403.558
IPB24E-171,IPB24G-238,446.004
IPB24E-171,IPB24G-239,415.930
IPB24E-171,IPB24G-240,483.975
IPB24E-171,IPB24G-241,574.554
IPB24E-171,IPB24H-133,1359.280
IPB24E-171,IPB4B-66,0.379
IPB24E-171,IPB4B-78,322.556
IPB24E-171,IPB4B-79,322.556
IPB24E-171,IPB4B-80,322.556
IPB24E-171,IPB6D-12,823.789
IPB24E-171,IPB6D-3,1019.077
IPB24E-171,IPB6D-5,1031.127
IPB24E-171,IPB6D-6,1019.077
IPB24E-171,IPB6D-7,1019.077
IPB24E-172,IPB24E-174,955.780
IPB24E-172,IPB24E-175,318.852
IPB24E-172,IPB24E-177,318.852
IPB24E-172,IPB24E-179,46.571
IPB24E-172,IPB24E-180,428.763
IPB24E-172,IPB24E-181,98.056
IPB24E-172,IPB24E-182,431.002
IPB24E-172,IPB24E-183,220.954
IPB24E-172,IPB24E-188,115.367
IPB24E-172,IPB24E-189,200.350
IPB24E-172,IPB24E-191,651.631
IPB24E-172,IPB24E-192,335.786
IPB24E-172,IPB24E-193,105.581
IPB24E-172,IPB24E-194,98.056
IPB24E-172,IPB24E-195,431.002
IPB24E-172,IPB24E-196,335.786
IPB24E-172,IPB24E-197,335.786
IPB24E-172,IPB24E-198,300.579
IPB24E-172,IPB24E-199,318.852
IPB24E-172,IPB24E-200,322.556
IPB24E-172,IPB24G-202,0.000
IPB24E-172,IPB24G-203,0.000
IPB24E-172,IPB24G-204,0.000
IPB24E-172,IPB24G-206,428.763
IPB24E-172,IPB24G-207,667.707
IPB24E-172,IPB24G-209,694.122
IPB24E-172,IPB24G-210,686.023
IPB24E-172,IPB24G-211,663.718
IPB24E-172,IPB24G-212,403.558
IPB24E-172,IPB24G-213,435.329
IPB24E-172,IPB24G-214,415.930
IPB24E-172,IPB24G-215,606.186
IPB24E-172,IPB24G-216,570.399
IPB24E-172,IPB24G-217,577.080
IPB24E-172,IPB24G-218,759.239
IPB24E-172,IPB24G-219,606.186
IPB24E-172,IPB24G-220,663.718
IPB24E-172,IPB24G-221,606.186
IPB24E-172,IPB24G-222,694.122
IPB24E-172,IPB24G-223,667.707
IPB24E-172,IPB24G-224,606.186
IPB24E-172,IPB24G-225,403.558
IPB24E-172,IPB24G-227,663.718
IPB24E-172,IPB24G-228,415.930
IPB24E-172,IPB24G-229,781.705
IPB24E-172,IPB24G-230,663.718
IPB24E-172,IPB24G-231,667.707
IPB24E-172,IPB24G-232,606.186
IPB24E-172,IPB24G-233,606.186
IPB24E-172,IPB24G-234,606.186
IPB24E-172,IPB24G-235,403.558
IPB24E-172,IPB24G-236,403.558
IPB24E-172,IPB24G-237,403.558
IPB24E-172,IPB24G-238,446.004
IPB24E-172,IPB24G-239,415.930
IPB24E-172,IPB24G-240,483.975
IPB24E-172,IPB24G-241,574.554
IPB24E-172,IPB24H-133,1359.280
IPB24E-172,IPB4B-66,0.379
IPB24E-172,IPB4B-68,0.379
IPB24E-172,IPB4B-78,322.556
IPB24E-172,IPB4B-79,322.556
IPB24E-172,IPB4B-80,322.556
IPB24E-172,IPB4B-83,0.379
IPB24E-172,IPB6D-12,823.789
IPB24E-172,IPB6D-3,1019.077
IPB24E-172,IPB6D-5,1031.127
IPB24E-172,IPB6D-6,1019.077
IPB24E-172,IPB6D-7,1019.077
IPB24E-174,IPB24E-175,809.729
IPB24E-174,IPB24E-177,809.729
IPB24E-174,IPB24E-179,916.514
IPB24E-174,IPB24E-180,770.486
IPB24E-174,IPB24E-181,938.882
IPB24E-174,IPB24E-182,572.666
IPB24E-174,IPB24E-183,841.876
IPB24E-174,IPB24E-188,1030.904
IPB24E-174,IPB24E-189,820.142
IPB24E-174,IPB24E-191,310.932
IPB24E-174,IPB24E-192,801.511
IPB24E-174,IPB24E-193,878.848
IPB24E-174,IPB24E-194,938.882
IPB24E-174,IPB24E-195,572.666
IPB24E-174,IPB24E-196,801.511
IPB24E-174,IPB24E-197,801.511
IPB24E-174,IPB24E-198,793.846
IPB24E-174,IPB24E-199,809.729
IPB24E-174,IPB24E-200,810.654
IPB24E-174,IPB24G-202,955.780
IPB24E-174,IPB24G-203,955.780
IPB24E-174,IPB24G-204,955.780
IPB24E-174,IPB24G-206,770.486
IPB24E-174,IPB24G-207,366.524
IPB24E-174,IPB24G-209,381.251
IPB24E-174,IPB24G-210,392.786
IPB24E-174,IPB24G-211,395.995
IPB24E-174,IPB24G-212,598.523
IPB24E-174,IPB24G-213,630.931
IPB24E-174,IPB24G-214,670.445
IPB24E-174,IPB24G-215,376.044
IPB24E-174,IPB24G-216,716.293
IPB24E-174,IPB24G-217,710.211
IPB24E-174,IPB24G-218,376.795
IPB24E-174,IPB24G-219,376.044
IPB24E-174,IPB24G-220,395.995
IPB24E-174,IPB24G-221,376.044
IPB24E-174,IPB24G-222,381.251
IPB24E-174,IPB24G-223,366.524
IPB24E-174,IPB24G-224,376.044
IPB24E-174,IPB24G-225,598.523
IPB24E-174,IPB24G-227,395.995
IPB24E-174,IPB24G-228,670.445
IPB24E-174,IPB24G-229,381.896
IPB24E-174,IPB24G-230,395.995
IPB24E-174,IPB24G-231,366.524
IPB24E-174,IPB24G-232,376.044
IPB24E-174,IPB24G-233,376.044
IPB24E-174,IPB24G-234,376.044
IPB24E-174,IPB24G-235,598.523
IPB24E-174,IPB24G-236,598.523
IPB24E-174,IPB24G-237,598.523
IPB24E-174,IPB24G-238,627.040
IPB24E-174,IPB24G-239,670.445
IPB24E-174,IPB24G-240,733.505
IPB24E-174,IPB24G-241,706.141
IPB24E-174,IPB24H-133,894.116
IPB24E-174,IPB4B-78,810.654
IPB24E-174,IPB4B-79,810.654
IPB24E-174,IPB4B-80,810.654
IPB24E-174,IPB6D-12,139.243
IPB24E-174,IPB6D-3,164.110
IPB24E-174,IPB6D-5,149.346
IPB24E-174,IPB6D-6,164.110
IPB24E-174,IPB6D-7,164.110
IPB24E-175,IPB24E-177,0.000
IPB24E-175,IPB24E-179,318.746
IPB24E-175,IPB24E-180,110.492
IPB24E-175,IPB24E-181,232.034
IPB24E-175,IPB24E-182,240.134
IPB24E-175,IPB24E-183,97.963
IPB24E-175,IPB24E-188,308.041
IPB24E-175,IPB24E-189,128.160
IPB24E-175,IPB24E-191,504.584
IPB24E-175,IPB24E-192,17.252
IPB24E-175,IPB24E-193,217.208
IPB24E-175,IPB24E-194,232.034
IPB24E-175,IPB24E-195,240.134
IPB24E-175,IPB24E-196,17.252
IPB24E-175,IPB24E-197,17.252
IPB24E-175,IPB24E-198,30.091
IPB24E-175,IPB24E-199,0.000
IPB24E-175,IPB24E-200,4.270
IPB24E-175,IPB24G-202,318.852
IPB24E-175,IPB24G-203,318.852
IPB24E-175,IPB24G-204,318.852
IPB24E-175,IPB24G-206,110.492
IPB24E-175,IPB24G-207,635.111
IPB24E-175,IPB24G-209,676.655
IPB24E-175,IPB24G-210,673.310
IPB24E-175,IPB24G-211,648.189
IPB24E-175,IPB24G-212,446.510
IPB24E-175,IPB24G-213,521.490
IPB24E-175,IPB24G-214,527.127
IPB24E-175,IPB24G-215,549.288
IPB24E-175,IPB24G-216,709.997
IPB24E-175,IPB24G-217,713.596
IPB24E-175,IPB24G-218,747.189
IPB24E-175,IPB24G-219,549.288
IPB24E-175,IPB24G-220,648.189
IPB24E-175,IPB24G-221,549.288
IPB24E-175,IPB24G-222,676.655
IPB24E-175,IPB24G-223,635.111
IPB24E-175,IPB24G-224,549.288
IPB24E-175,IPB24G-225,446.510
IPB24E-175,IPB24G-227,648.189
IPB24E-175,IPB24G-228,527.127
IPB24E-175,IPB24G-229,772.798
IPB24E-175,IPB24G-230,648.189
IPB24E-175,IPB24G-231,635.111
IPB24E-175,IPB24G-232,549.288
IPB24E-175,IPB24G-233,549.288
IPB24E-175,IPB24G-234,549.288
IPB24E-175,IPB24G-235,446.510
IPB24E-175,IPB24G-236,446.510
IPB24E-175,IPB24G-237,446.510
IPB24E-175,IPB24G-238,531.746
IPB24E-175,IPB24G-239,527.127
IPB24E-175,IPB24G-240,635.539
IPB24E-175,IPB24G-241,709.416
IPB24E-175,IPB24H-133,1422.904
IPB24E-175,IPB4B-78,4.270
IPB24E-175,IPB4B-79,4.270
IPB24E-175,IPB4B-80,4.270
IPB24E-175,IPB6D-12,670.536
IPB24E-175,IPB6D-3,825.130
IPB24E-175,IPB6D-5,843.350
IPB24E-175,IPB6D-6,825.130
IPB24E-175,IPB6D-7,825.130
IPB24E-177,IPB24E-179,318.746
IPB24E-177,IPB24E-180,110.492
IPB24E-177,IPB24E-181,232.034
IPB24E-177,IPB24E-182,240.134
IPB24E-177,IPB24E-183,97.963
IPB24E-177,IPB24E-188,308.041
IPB24E-177,IPB24E-189,128.160
IPB24E-177,IPB24E-191,504.584
IPB24E-177,IPB24E-192,17.252
IPB24E-177,IPB24E-193,217.208
IPB24E-177,IPB24E-194,232.034
IPB24E-177,IPB24E-195,240.134
IPB24E-177,IPB24E-196,17.252
IPB24E-177,IPB24E-197,17.252
IPB24E-177,IPB24E-198,30.091
IPB24E-177,IPB24E-199,0.000
IPB24E-177,IPB24E-200,4.270
IPB24E-177,IPB24G-202,318.852
IPB24E-177,IPB24G-203,318.852
IPB24E-177,IPB24G-204,318.852
IPB24E-177,IPB24G-206,110.492
IPB24E-177,IPB24G-207,635.111
IPB24E-177,IPB24G-209,676.655
IPB24E-177,IPB24G-210,673.310
IPB24E-177,IPB24G-211,648.189
IPB24E-177,IPB24G-212,446.510
IPB24E-177,IPB24G-213,521.490
IPB24E-177,IPB24G-214,527.127
IPB24E-177,IPB24G-215,549.288
IPB24E-177,IPB24G-216,709.997
IPB24E-177,IPB24G-217,713.596
IPB24E-177,IPB24G-218,747.189
IPB24E-177,IPB24G-219,549.288
IPB24E-177,IPB24G-220,648.189
IPB24E-177,IPB24G-221,549.288
IPB24E-177,IPB24G-222,676.655
IPB24E-177,IPB24G-223,635.111
IPB24E-177,IPB24G-224,549.288
IPB24E-177,IPB24G-225,446.510
IPB24E-177,IPB24G-227,648.189
IPB24E-177,IPB24G-228,527.127
IPB24E-177,IPB24G-229,772.798
IPB24E-177,IPB24G-230,648.189
IPB24E-177,IPB24G-231,635.111
IPB24E-177,IPB24G-232,549.288
IPB24E-177,IPB24G-233,549.288
IPB24E-177,IPB24G-234,549.288
IPB24E-177,IPB24G-235,446.510
IPB24E-177,IPB24G-236,446.510
IPB24E-177,IPB24G-237,446.510
IPB24E-177,IPB24G-238,531.746
IPB24E-177,IPB24G-239,527.127
IPB24E-177,IPB24G-240,635.539
IPB24E-177,IPB24G-241,709.416
IPB24E-177,IPB24H-133,1422.904
IPB24E-177,IPB4B-78,4.270
IPB24E-177,IPB4B-79,4.270
IPB24E-177,IPB4B-80,4.270
IPB24E-177,IPB6D-12,670.536
IPB24E-177,IPB6D-3,825.130
IPB24E-177,IPB6D-5,843.350
IPB24E-177,IPB6D-6,825.130
IPB24E-177,IPB6D-7,825.130
IPB24E-179,IPB24E-180,426.356
IPB24E-179,IPB24E-181,121.455
IPB24E-179,IPB24E-182,404.260
IPB24E-179,IPB24E-183,221.732
IPB24E-179,IPB24E-188,159.894
IPB24E-179,IPB24E-189,193.269
IPB24E-179,IPB24E-191,614.805
IPB24E-179,IPB24E-192,335.039
IPB24E-179,IPB24E-193,102.021
IPB24E-179,IPB24E-194,121.455
IPB24E-179,IPB24E-195,404.260
IPB24E-179,IPB24E-196,335.039
IPB24E-179,IPB24E-197,335.039
IPB24E-179,IPB24E-198,297.085
IPB24E-179,IPB24E-199,318.746
IPB24E-179,IPB24E-200,322.719
IPB24E-179,IPB24G-202,46.571
IPB24E-179,IPB24G-203,46.571
IPB24E-179,IPB24G-204,46.571
IPB24E-179,IPB24G-206,426.356
IPB24E-179,IPB24G-207,622.936
IPB24E-179,IPB24G-209,648.663
IPB24E-179,IPB24G-210,640.439
IPB24E-179,IPB24G-211,618.313
IPB24E-179,IPB24G-212,357.838
IPB24E-179,IPB24G-213,388.759
IPB24E-179,IPB24G-214,369.562
IPB24E-179,IPB24G-215,563.051
IPB24E-179,IPB24G-216,525.935
IPB24E-179,IPB24G-217,532.478
IPB24E-179,IPB24G-218,713.415
IPB24E-179,IPB24G-219,563.051
IPB24E-179,IPB24G-220,618.313
IPB24E-179,IPB24G-221,563.051
IPB24E-179,IPB24G-222,648.663
IPB24E-179,IPB24G-223,622.936
IPB24E-179,IPB24G-224,563.051
IPB24E-179,IPB24G-225,357.838
IPB24E-179,IPB24G-227,618.313
IPB24E-179,IPB24G-228,369.562
IPB24E-179,IPB24G-229,735.747
IPB24E-179,IPB24G-230,618.313
IPB24E-179,IPB24G-231,622.936
IPB24E-179,IPB24G-232,563.051
IPB24E-179,IPB24G-233,563.051
IPB24E-179,IPB24G-234,563.051
IPB24E-179,IPB24G-235,357.838
IPB24E-179,IPB24G-236,357.838
IPB24E-179,IPB24G-237,357.838
IPB24E-179,IPB24G-238,399.437
IPB24E-179,IPB24G-239,369.562
IPB24E-179,IPB24G-240,439.671
IPB24E-179,IPB24G-241,529.849
IPB24E-179,IPB24H-133,1313.357
IPB24E-179,IPB4B-17,1900.657
IPB24E-179,IPB4B-52,1893.318
IPB24E-179,IPB4B-76,320.657
IPB24E-179,IPB4B-78,322.719
IPB24E-179,IPB4B-79,322.719
IPB24E-179,IPB4B-80,322.719
IPB24E-179,IPB6D-12,785.920
IPB24E-179,IPB6D-3,984.184
IPB24E-179,IPB6D-5,995.496
IPB24E-179,IPB6D-6,984.184
IPB24E-179,IPB6D-7,984.184
IPB24E-180,IPB24E-181,342.438
IPB24E-180,IPB24E-182,233.555
IPB24E-180,IPB24E-183,207.877
IPB24E-180,IPB24E-188,416.004
IPB24E-180,IPB24E-189,233.331
IPB24E-180,IPB24E-191,479.855
IPB24E-180,IPB24E-192,93.303
IPB24E-180,IPB24E-193,325.804
IPB24E-180,IPB24E-194,342.438
IPB24E-180,IPB24E-195,233.555
IPB24E-180,IPB24E-196,93.303
IPB24E-180,IPB24E-197,93.303
IPB24E-180,IPB24E-198,129.271
IPB24E-180,IPB24E-199,110.492
IPB24E-180,IPB24E-200,107.106
IPB24E-180,IPB24G-202,428.763
IPB24E-180,IPB24G-203,428.763
IPB24E-180,IPB24G-204,428.763
IPB24E-180,IPB24G-206,0.000
IPB24E-180,IPB24G-207,647.529
IPB24E-180,IPB24G-209,692.216
IPB24E-180,IPB24G-210,690.714
IPB24E-180,IPB24G-211,665.946
IPB24E-180,IPB24G-212,498.810
IPB24E-180,IPB24G-213,579.678
IPB24E-180,IPB24G-214,591.727
IPB24E-180,IPB24G-215,558.413
IPB24E-180,IPB24G-216,773.316
IPB24E-180,IPB24G-217,775.926
IPB24E-180,IPB24G-218,761.386
IPB24E-180,IPB24G-219,558.413
IPB24E-180,IPB24G-220,665.946
IPB24E-180,IPB24G-221,558.413
IPB24E-180,IPB24G-222,692.216
IPB24E-180,IPB24G-223,647.529
IPB24E-180,IPB24G-224,558.413
IPB24E-180,IPB24G-225,498.810
IPB24E-180,IPB24G-227,665.946
IPB24E-180,IPB24G-228,591.727
IPB24E-180,IPB24G-229,787.051
IPB24E-180,IPB24G-230,665.946
IPB24E-180,IPB24G-231,647.529
IPB24E-180,IPB24G-232,558.413
IPB24E-180,IPB24G-233,558.413
IPB24E-180,IPB24G-234,558.413
IPB24E-180,IPB24G-235,498.810
IPB24E-180,IPB24G-236,498.810
IPB24E-180,IPB24G-237,498.810
IPB24E-180,IPB24G-238,589.083
IPB24E-180,IPB24G-239,591.727
IPB24E-180,IPB24G-240,704.976
IPB24E-180,IPB24G-241,771.433
IPB24E-180,IPB4B-78,107.106
IPB24E-180,IPB4B-79,107.106
IPB24E-180,IPB4B-80,107.106
IPB24E-180,IPB6D-12,633.289
IPB24E-180,IPB6D-3,765.410
IPB24E-180,IPB6D-5,785.828
IPB24E-180,IPB6D-6,765.410
IPB24E-180,IPB6D-7,765.410
IPB24E-181,IPB24E-182,385.763
IPB24E-181,IPB24E-183,137.345
IPB24E-181,IPB24E-188,93.009
IPB24E-181,IPB24E-189,131.605
IPB24E-181,IPB24E-191,629.087
IPB24E-181,IPB24E-192,249.279
IPB24E-181,IPB24E-193,63.600
IPB24E-181,IPB24E-194,0.000
IPB24E-181,IPB24E-195,385.763
IPB24E-181,IPB24E-196,249.279
IPB24E-181,IPB24E-197,249.279
IPB24E-181,IPB24E-198,218.569
IPB24E-181,IPB24E-199,232.034
IPB24E-181,IPB24E-200,235.338
IPB24E-181,IPB24G-202,98.056
IPB24E-181,IPB24G-203,98.056
IPB24E-181,IPB24G-204,98.056
IPB24E-181,IPB24G-206,342.438
IPB24E-181,IPB24G-207,680.805
IPB24E-181,IPB24G-209,712.460
IPB24E-181,IPB24G-210,705.609
IPB24E-181,IPB24G-211,681.901
IPB24E-181,IPB24G-212,429.363
IPB24E-181,IPB24G-213,476.848
IPB24E-181,IPB24G-214,464.519
IPB24E-181,IPB24G-215,610.070
IPB24E-181,IPB24G-216,632.452
IPB24E-181,IPB24G-217,638.388
IPB24E-181,IPB24G-218,780.589
IPB24E-181,IPB24G-219,610.070
IPB24E-181,IPB24G-220,681.901
IPB24E-181,IPB24G-221,610.070
IPB24E-181,IPB24G-222,712.460
IPB24E-181,IPB24G-223,680.805
IPB24E-181,IPB24G-224,610.070
IPB24E-181,IPB24G-225,429.363
IPB24E-181,IPB24G-227,681.901
IPB24E-181,IPB24G-228,464.519
IPB24E-181,IPB24G-229,804.415
IPB24E-181,IPB24G-230,681.901
IPB24E-181,IPB24G-231,680.805
IPB24E-181,IPB24G-232,610.070
IPB24E-181,IPB24G-233,610.070
IPB24E-181,IPB24G-234,610.070
IPB24E-181,IPB24G-235,429.363
IPB24E-181,IPB24G-236,429.363
IPB24E-181,IPB24G-237,429.363
IPB24E-181,IPB24G-238,487.881
IPB24E-181,IPB24G-239,464.519
IPB24E-181,IPB24G-240,547.431
IPB24E-181,IPB24G-241,635.332
IPB24E-181,IPB4B-78,235.338
IPB24E-181,IPB4B-79,235.338
IPB24E-181,IPB4B-80,235.338
IPB24E-181,IPB6D-12,802.819
IPB24E-181,IPB6D-3,987.089
IPB24E-181,IPB6D-5,1001.321
IPB24E-181,IPB6D-6,987.089
IPB24E-181,IPB6D-7,987.089
IPB24E-182,IPB24E-183,272.005
IPB24E-182,IPB24E-188,478.436
IPB24E-182,IPB24E-189,256.931
IPB24E-182,IPB24E-191,264.833
IPB24E-182,IPB24E-192,234.426
IPB24E-182,IPB24E-193,334.089
IPB24E-182,IPB24E-194,385.763
IPB24E-182,IPB24E-195,0.000
IPB24E-182,IPB24E-196,234.426
IPB24E-182,IPB24E-197,234.426
IPB24E-182,IPB24E-198,221.787
IPB24E-182,IPB24E-199,240.134
IPB24E-182,IPB24E-200,241.633
IPB24E-182,IPB24G-202,431.002
IPB24E-182,IPB24G-203,431.002
IPB24E-182,IPB24G-204,431.002
IPB24E-182,IPB24G-206,233.555
IPB24E-182,IPB24G-207,414.052
IPB24E-182,IPB24G-209,458.996
IPB24E-182,IPB24G-210,457.802
IPB24E-182,IPB24G-211,433.188
IPB24E-182,IPB24G-212,300.409
IPB24E-182,IPB24G-213,384.709
IPB24E-182,IPB24G-214,406.833
IPB24E-182,IPB24G-215,324.862
IPB24E-182,IPB24G-216,578.156
IPB24E-182,IPB24G-217,579.161
IPB24E-182,IPB24G-218,527.928
IPB24E-182,IPB24G-219,324.862
IPB24E-182,IPB24G-220,433.188
IPB24E-182,IPB24G-221,324.862
IPB24E-182,IPB24G-222,458.996
IPB24E-182,IPB24G-223,414.052
IPB24E-182,IPB24G-224,324.862
IPB24E-182,IPB24G-225,300.409
IPB24E-182,IPB24G-227,433.188
IPB24E-182,IPB24G-228,406.833
IPB24E-182,IPB24G-229,553.577
IPB24E-182,IPB24G-230,433.188
IPB24E-182,IPB24G-231,414.052
IPB24E-182,IPB24G-232,324.862
IPB24E-182,IPB24G-233,324.862
IPB24E-182,IPB24G-234,324.862
IPB24E-182,IPB24G-235,300.409
IPB24E-182,IPB24G-236,300.409
IPB24E-182,IPB24G-237,300.409
IPB24E-182,IPB24G-238,392.238
IPB24E-182,IPB24G-239,406.833
IPB24E-182,IPB24G-240,522.813
IPB24E-182,IPB24G-241,574.325
IPB24E-182,IPB24H-133,1215.435
IPB24E-182,IPB4B-78,241.633
IPB24E-182,IPB4B-79,241.633
IPB24E-182,IPB4B-80,241.633
IPB24E-182,IPB6D-12,433.517
IPB24E-182,IPB6D-3,603.533
IPB24E-182,IPB6D-5,619.119
IPB24E-182,IPB6D-6,603.533
IPB24E-182,IPB6D-7,603.533
IPB24E-183,IPB24E-188,221.070
IPB24E-183,IPB24E-189,43.072
IPB24E-183,IPB24E-191,531.333
IPB24E-183,IPB24E-192,114.836
IPB24E-183,IPB24E-193,119.791
IPB24E-183,IPB24E-194,137.345
IPB24E-183,IPB24E-195,272.005
IPB24E-183,IPB24E-196,114.836
IPB24E-183,IPB24E-197,114.836
IPB24E-183,IPB24E-198,81.306
IPB24E-183,IPB24E-199,97.963
IPB24E-183,IPB24E-200,101.743
IPB24E-183,IPB24G-202,220.954
IPB24E-183,IPB24G-203,220.954
IPB24E-183,IPB24G-204,220.954
IPB24E-183,IPB24G-206,207.877
IPB24E-183,IPB24G-207,625.403
IPB24E-183,IPB24G-209,663.117
IPB24E-183,IPB24G-210,658.175
IPB24E-183,IPB24G-211,633.314
IPB24E-183,IPB24G-212,405.274
IPB24E-183,IPB24G-213,471.667
IPB24E-183,IPB24G-214,470.744
IPB24E-183,IPB24G-215,545.066
IPB24E-183,IPB24G-216,651.408
IPB24E-183,IPB24G-217,655.890
IPB24E-183,IPB24G-218,733.470
IPB24E-183,IPB24G-219,545.066
IPB24E-183,IPB24G-220,633.314
IPB24E-183,IPB24G-221,545.066
IPB24E-183,IPB24G-222,663.117
IPB24E-183,IPB24G-223,625.403
IPB24E-183,IPB24G-224,545.066
IPB24E-183,IPB24G-225,405.274
IPB24E-183,IPB24G-227,633.314
IPB24E-183,IPB24G-228,470.744
IPB24E-183,IPB24G-229,758.578
IPB24E-183,IPB24G-230,633.314
IPB24E-183,IPB24G-231,625.403
IPB24E-183,IPB24G-232,545.066
IPB24E-183,IPB24G-233,545.066
IPB24E-183,IPB24G-234,545.066
IPB24E-183,IPB24G-235,405.274
IPB24E-183,IPB24G-236,405.274
IPB24E-183,IPB24G-237,405.274
IPB24E-183,IPB24G-238,482.474
IPB24E-183,IPB24G-239,470.744
IPB24E-183,IPB24G-240,572.206
IPB24E-183,IPB24G-241,652.063
IPB24E-183,IPB24H-133,1393.188
IPB24E-183,IPB4B-78,101.743
IPB24E-183,IPB4B-79,101.743
IPB24E-183,IPB4B-80,101.743
IPB24E-183,IPB6D-12,703.279
IPB24E-183,IPB6D-3,874.573
IPB24E-183,IPB6D-5,890.721
IPB24E-183,IPB6D-6,874.573
IPB24E-183,IPB6D-7,874.573
IPB24E-188,IPB24E-189,222.746
IPB24E-188,IPB24E-191,721.531
IPB24E-188,IPB24E-192,325.054
IPB24E-188,IPB24E-193,152.317
IPB24E-188,IPB24E-194,93.009
IPB24E-188,IPB24E-195,478.436
IPB24E-188,IPB24E-196,325.054
IPB24E-188,IPB24E-197,325.054
IPB24E-188,IPB24E-198,299.881
IPB24E-188,IPB24E-199,308.041
IPB24E-188,IPB24E-200,310.737
IPB24E-188,IPB24G-202,115.367
IPB24E-188,IPB24G-203,115.367
IPB24E-188,IPB24G-204,115.367
IPB24E-188,IPB24G-206,416.004
IPB24E-188,IPB24G-207,764.483
IPB24E-188,IPB24G-209,794.051
IPB24E-188,IPB24G-210,786.635
IPB24E-188,IPB24G-211,763.485
IPB24E-188,IPB24G-212,506.377
IPB24E-188,IPB24G-213,545.289
IPB24E-188,IPB24G-214,528.162
IPB24E-188,IPB24G-215,696.833
IPB24E-188,IPB24G-216,685.581
IPB24E-188,IPB24G-217,692.200
IPB24E-188,IPB24G-218,860.978
IPB24E-188,IPB24G-219,696.833
IPB24E-188,IPB24G-220,763.485
IPB24E-188,IPB24G-221,696.833
IPB24E-188,IPB24G-222,794.051
IPB24E-188,IPB24G-223,764.483
IPB24E-188,IPB24G-224,696.833
IPB24E-188,IPB24G-225,506.377
IPB24E-188,IPB24G-227,763.485
IPB24E-188,IPB24G-228,528.162
IPB24E-188,IPB24G-229,884.215
IPB24E-188,IPB24G-230,763.485
IPB24E-188,IPB24G-231,764.483
IPB24E-188,IPB24G-232,696.833
IPB24E-188,IPB24G-233,696.833
IPB24E-188,IPB24G-234,696.833
IPB24E-188,IPB24G-235,506.377
IPB24E-188,IPB24G-236,506.377
IPB24E-188,IPB24G-237,506.377
IPB24E-188,IPB24G-238,556.141
IPB24E-188,IPB24G-239,528.162
IPB24E-188,IPB24G-240,599.208
IPB24E-188,IPB24G-241,689.619
IPB24E-188,IPB24H-133,1472.778
IPB24E-188,IPB4B-78,310.737
IPB24E-188,IPB4B-79,310.737
IPB24E-188,IPB4B-80,310.737
IPB24E-188,IPB6D-12,895.242
IPB24E-188,IPB6D-3,1080.093
IPB24E-188,IPB6D-5,1094.324
IPB24E-188,IPB6D-6,1080.093
IPB24E-188,IPB6D-7,1080.093
IPB24E-189,IPB24E-191,509.217
IPB24E-189,IPB24E-192,143.519
IPB24E-189,IPB24E-193,94.879
IPB24E-189,IPB24E-194,131.605
IPB24E-189,IPB24E-195,256.931
IPB24E-189,IPB24E-196,143.519
IPB24E-189,IPB24E-197,143.519
IPB24E-189,IPB24E-198,104.199
IPB24E-189,IPB24E-199,128.160
IPB24E-189,IPB24E-200,132.332
IPB24E-189,IPB24G-202,200.350
IPB24E-189,IPB24G-203,200.350
IPB24E-189,IPB24G-204,200.350
IPB24E-189,IPB24G-206,233.331
IPB24E-189,IPB24G-207,590.572
IPB24E-189,IPB24G-209,627.141
IPB24E-189,IPB24G-210,621.813
IPB24E-189,IPB24G-211,597.103
IPB24E-189,IPB24G-212,364.387
IPB24E-189,IPB24G-213,429.392
IPB24E-189,IPB24G-214,427.907
IPB24E-189,IPB24G-215,512.192
IPB24E-189,IPB24G-216,608.388
IPB24E-189,IPB24G-217,612.899
IPB24E-189,IPB24G-218,697.237
IPB24E-189,IPB24G-219,512.192
IPB24E-189,IPB24G-220,597.103
IPB24E-189,IPB24G-221,512.192
IPB24E-189,IPB24G-222,627.141
IPB24E-189,IPB24G-223,590.572
IPB24E-189,IPB24G-224,512.192
IPB24E-189,IPB24G-225,364.387
IPB24E-189,IPB24G-227,597.103
IPB24E-189,IPB24G-228,427.907
IPB24E-189,IPB24G-229,722.157
IPB24E-189,IPB24G-230,597.103
IPB24E-189,IPB24G-231,590.572
IPB24E-189,IPB24G-232,512.192
IPB24E-189,IPB24G-233,512.192
IPB24E-189,IPB24G-234,512.192
IPB24E-189,IPB24G-235,364.387
IPB24E-189,IPB24G-236,364.387
IPB24E-189,IPB24G-237,364.387
IPB24E-189,IPB24G-238,440.240
IPB24E-189,IPB24G-239,427.907
IPB24E-189,IPB24G-240,529.135
IPB24E-189,IPB24G-241,609.086
IPB24E-189,IPB24H-133,1352.879
IPB24E-189,IPB4B-78,132.332
IPB24E-189,IPB4B-79,132.332
IPB24E-189,IPB4B-80,132.332
IPB24E-189,IPB6D-12,682.377
IPB24E-189,IPB6D-3,860.226
IPB24E-189,IPB6D-5,875.353
IPB24E-189,IPB6D-6,860.226
IPB24E-189,IPB6D-7,860.226
IPB24E-191,IPB24E-192,497.923
IPB24E-191,IPB24E-193,569.998
IPB24E-191,IPB24E-194,629.087
IPB24E-191,IPB24E-195,264.833
IPB24E-191,IPB24E-196,497.923
IPB24E-191,IPB24E-197,497.923
IPB24E-191,IPB24E-198,486.581
IPB24E-191,IPB24E-199,504.584
IPB24E-191,IPB24E-200,505.901
IPB24E-191,IPB24G-202,651.631
IPB24E-191,IPB24G-203,651.631
IPB24E-191,IPB24G-204,651.631
IPB24E-191,IPB24G-206,479.855
IPB24E-191,IPB24G-207,241.134
IPB24E-191,IPB24G-209,286.410
IPB24E-191,IPB24G-210,291.683
IPB24E-191,IPB24G-211,274.173
IPB24E-191,IPB24G-212,339.537
IPB24E-191,IPB24G-213,399.898
IPB24E-191,IPB24G-214,437.559
IPB24E-191,IPB24G-215,171.776
IPB24E-191,IPB24G-216,550.058
IPB24E-191,IPB24G-217,547.051
IPB24E-191,IPB24G-218,339.536
IPB24E-191,IPB24G-219,171.776
IPB24E-191,IPB24G-220,274.173
IPB24E-191,IPB24G-221,171.776
IPB24E-191,IPB24G-222,286.410
IPB24E-191,IPB24G-223,241.134
IPB24E-191,IPB24G-224,171.776
IPB24E-191,IPB24G-225,339.537
IPB24E-191,IPB24G-227,274.173
IPB24E-191,IPB24G-228,437.559
IPB24E-191,IPB24G-229,362.170
IPB24E-191,IPB24G-230,274.173
IPB24E-191,IPB24G-231,241.134
IPB24E-191,IPB24G-232,171.776
IPB24E-191,IPB24G-233,171.776
IPB24E-191,IPB24G-234,171.776
IPB24E-191,IPB24G-235,339.537
IPB24E-191,IPB24G-236,339.537
IPB24E-191,IPB24G-237,339.537
IPB24E-191,IPB24G-238,400.604
IPB24E-191,IPB24G-239,437.559
IPB24E-191,IPB24G-240,532.590
IPB24E-191,IPB24G-241,542.122
IPB24E-191,IPB24H-133,1017.689
IPB24E-191,IPB4B-52,1343.965
IPB24E-191,IPB4B-65,507.685
IPB24E-191,IPB4B-66,651.281
IPB24E-191,IPB4B-78,505.901
IPB24E-191,IPB4B-79,505.901
IPB24E-191,IPB4B-80,505.901
IPB24E-191,IPB6D-12,173.733
IPB24E-191,IPB6D-3,372.087
IPB24E-191,IPB6D-5,381.554
IPB24E-191,IPB6D-6,372.087
IPB24E-191,IPB6D-7,372.087
IPB24E-192,IPB24E-193,233.716
IPB24E-192,IPB24E-194,249.279
IPB24E-192,IPB24E-195,234.426
IPB24E-192,IPB24E-196,0.000
IPB24E-192,IPB24E-197,0.000
IPB24E-192,IPB24E-198,41.166
IPB24E-192,IPB24E-199,17.252
IPB24E-192,IPB24E-200,14.327
IPB24E-192,IPB24G-202,335.786
IPB24E-192,IPB24G-203,335.786
IPB24E-192,IPB24G-204,335.786
IPB24E-192,IPB24G-206,93.303
IPB24E-192,IPB24G-207,634.453
IPB24E-192,IPB24G-209,676.576
IPB24E-192,IPB24G-210,673.521
IPB24E-192,IPB24G-211,648.411
IPB24E-192,IPB24G-212,452.049
IPB24E-192,IPB24G-213,528.268
IPB24E-192,IPB24G-214,535.063
IPB24E-192,IPB24G-215,547.911
IPB24E-192,IPB24G-216,717.969
IPB24E-192,IPB24G-217,721.398
IPB24E-192,IPB24G-218,747.003
IPB24E-192,IPB24G-219,547.911
IPB24E-192,IPB24G-220,648.411
IPB24E-192,IPB24G-221,547.911
IPB24E-192,IPB24G-222,676.576
IPB24E-192,IPB24G-223,634.453
IPB24E-192,IPB24G-224,547.911
IPB24E-192,IPB24G-225,452.049
IPB24E-192,IPB24G-227,648.411
IPB24E-192,IPB24G-228,535.063
IPB24E-192,IPB24G-229,772.656
IPB24E-192,IPB24G-230,648.411
IPB24E-192,IPB24G-231,634.453
IPB24E-192,IPB24G-232,547.911
IPB24E-192,IPB24G-233,547.911
IPB24E-192,IPB24G-234,547.911
IPB24E-192,IPB24G-235,452.049
IPB24E-192,IPB24G-236,452.049
IPB24E-192,IPB24G-237,452.049
IPB24E-192,IPB24G-238,538.395
IPB24E-192,IPB24G-239,535.063
IPB24E-192,IPB24G-240,644.512
IPB24E-192,IPB24G-241,717.158
IPB24E-192,IPB24H-133,1424.948
IPB24E-192,IPB4B-78,14.327
IPB24E-192,IPB4B-79,14.327
IPB24E-192,IPB4B-80,14.327
IPB24E-192,IPB6D-12,662.426
IPB24E-192,IPB6D-3,814.035
IPB24E-192,IPB6D-5,832.574
IPB24E-192,IPB6D-6,814.035
IPB24E-192,IPB6D-7,814.035
IPB24E-193,IPB24E-194,63.600
IPB24E-193,IPB24E-195,334.089
IPB24E-193,IPB24E-196,233.716
IPB24E-193,IPB24E-197,233.716
IPB24E-193,IPB24E-198,196.759
IPB24E-193,IPB24E-199,217.208
IPB24E-193,IPB24E-200,221.121
IPB24E-193,IPB24G-202,105.581
IPB24E-193,IPB24G-203,105.581
IPB24E-193,IPB24G-204,105.581
IPB24E-193,IPB24G-206,325.804
IPB24E-193,IPB24G-207,617.206
IPB24E-193,IPB24G-209,648.959
IPB24E-193,IPB24G-210,642.164
IPB24E-193,IPB24G-211,618.406
IPB24E-193,IPB24G-212,366.908
IPB24E-193,IPB24G-213,417.181
IPB24E-193,IPB24G-214,406.974
IPB24E-193,IPB24G-215,546.714
IPB24E-193,IPB24G-216,578.960
IPB24E-193,IPB24G-217,584.534
IPB24E-193,IPB24G-218,717.200
IPB24E-193,IPB24G-219,546.714
IPB24E-193,IPB24G-220,618.406
IPB24E-193,IPB24G-221,546.714
IPB24E-193,IPB24G-222,648.959
IPB24E-193,IPB24G-223,617.206
IPB24E-193,IPB24G-224,546.714
IPB24E-193,IPB24G-225,366.908
IPB24E-193,IPB24G-227,618.406
IPB24E-193,IPB24G-228,406.974
IPB24E-193,IPB24G-229,741.097
IPB24E-193,IPB24G-230,618.406
IPB24E-193,IPB24G-231,617.206
IPB24E-193,IPB24G-232,546.714
IPB24E-193,IPB24G-233,546.714
IPB24E-193,IPB24G-234,546.714
IPB24E-193,IPB24G-235,366.908
IPB24E-193,IPB24G-236,366.908
IPB24E-193,IPB24G-237,366.908
IPB24E-193,IPB24G-238,428.240
IPB24E-193,IPB24G-239,406.974
IPB24E-193,IPB24G-240,495.125
IPB24E-193,IPB24G-241,581.262
IPB24E-193,IPB24H-133,1348.961
IPB24E-193,IPB4B-78,221.121
IPB24E-193,IPB4B-79,221.121
IPB24E-193,IPB4B-80,221.121
IPB24E-193,IPB6D-12,743.617
IPB24E-193,IPB6D-3,931.415
IPB24E-193,IPB6D-5,944.924
IPB24E-193,IPB6D-6,931.415
IPB24E-193,IPB6D-7,931.415
IPB24E-194,IPB24E-195,385.763
IPB24E-194,IPB24E-196,249.279
IPB24E-194,IPB24E-197,249.279
IPB24E-194,IPB24E-198,218.569
IPB24E-194,IPB24E-199,232.034
IPB24E-194,IPB24E-200,235.338
IPB24E-194,IPB24G-202,98.056
IPB24E-194,IPB24G-203,98.056
IPB24E-194,IPB24G-204,98.056
IPB24E-194,IPB24G-206,342.438
IPB24E-194,IPB24G-207,680.805
IPB24E-194,IPB24G-209,712.460
IPB24E-194,IPB24G-210,705.609
IPB24E-194,IPB24G-211,681.901
IPB24E-194,IPB24G-212,429.363
IPB24E-194,IPB24G-213,476.848
IPB24E-194,IPB24G-214,464.519
IPB24E-194,IPB24G-215,610.070
IPB24E-194,IPB24G-216,632.452
IPB24E-194,IPB24G-217,638.388
IPB24E-194,IPB24G-218,780.589
IPB24E-194,IPB24G-219,610.070
IPB24E-194,IPB24G-220,681.901
IPB24E-194,IPB24G-221,610.070
IPB24E-194,IPB24G-222,712.460
IPB24E-194,IPB24G-223,680.805
IPB24E-194,IPB24G-224,610.070
IPB24E-194,IPB24G-225,429.363
IPB24E-194,IPB24G-227,681.901
IPB24E-194,IPB24G-228,464.519
IPB24E-194,IPB24G-229,804.415
IPB24E-194,IPB24G-230,681.901
IPB24E-194,IPB24G-231,680.805
IPB24E-194,IPB24G-232,610.070
IPB24E-194,IPB24G-233,610.070
IPB24E-194,IPB24G-234,610.070
IPB24E-194,IPB24G-235,429.363
IPB24E-194,IPB24G-236,429.363
IPB24E-194,IPB24G-237,429.363
IPB24E-194,IPB24G-238,487.881
IPB24E-194,IPB24G-239,464.519
IPB24E-194,IPB24G-240,547.431
IPB24E-194,IPB24G-241,635.332
IPB24E-194,IPB24H-133,1408.472
IPB24E-194,IPB4B-78,235.338
IPB24E-194,IPB4B-79,235.338
IPB24E-194,IPB4B-80,235.338
IPB24E-194,IPB6D-12,802.819
IPB24E-194,IPB6D-3,987.089
IPB24E-194,IPB6D-5,1001.321
IPB24E-194,IPB6D-6,987.089
IPB24E-194,IPB6D-7,987.089
IPB24E-195,IPB24E-196,234.426
IPB24E-195,IPB24E-197,234.426
IPB24E-195,IPB24E-198,221.787
IPB24E-195,IPB24E-199,240.134
IPB24E-195,IPB24E-200,241.633
IPB24E-195,IPB24G-202,431.002
IPB24E-195,IPB24G-203,431.002
IPB24E-195,IPB24G-204,431.002
IPB24E-195,IPB24G-206,233.555
IPB24E-195,IPB24G-207,414.052
IPB24E-195,IPB24G-209,458.996
IPB24E-195,IPB24G-210,457.802
IPB24E-195,IPB24G-211,433.188
IPB24E-195,IPB24G-212,300.409
IPB24E-195,IPB24G-213,384.709
IPB24E-195,IPB24G-214,406.833
IPB24E-195,IPB24G-215,324.862
IPB24E-195,IPB24G-216,578.156
IPB24E-195,IPB24G-217,579.161
IPB24E-195,IPB24G-218,527.928
IPB24E-195,IPB24G-219,324.862
IPB24E-195,IPB24G-220,433.188
IPB24E-195,IPB24G-221,324.862
IPB24E-195,IPB24G-222,458.996
IPB24E-195,IPB24G-223,414.052
IPB24E-195,IPB24G-224,324.862
IPB24E-195,IPB24G-225,300.409
IPB24E-195,IPB24G-227,433.188
IPB24E-195,IPB24G-228,406.833
IPB24E-195,IPB24G-229,553.577
IPB24E-195,IPB24G-230,433.188
IPB24E-195,IPB24G-231,414.052
IPB24E-195,IPB24G-232,324.862
IPB24E-195,IPB24G-233,324.862
IPB24E-195,IPB24G-234,324.862
IPB24E-195,IPB24G-235,300.409
IPB24E-195,IPB24G-236,300.409
IPB24E-195,IPB24G-237,300.409
IPB24E-195,IPB24G-238,392.238
IPB24E-195,IPB24G-239,406.833
IPB24E-195,IPB24G-240,522.813
IPB24E-195,IPB24G-241,574.325
IPB24E-195,IPB24H-133,1215.435
IPB24E-195,IPB4B-78,241.633
IPB24E-195,IPB4B-79,241.633
IPB24E-195,IPB4B-80,241.633
IPB24E-195,IPB6D-12,433.517
IPB24E-195,IPB6D-3,603.533
IPB24E-195,IPB6D-5,619.119
IPB24E-195,IPB6D-6,603.533
IPB24E-195,IPB6D-7,603.533
IPB24E-196,IPB24E-197,0.000
IPB24E-196,IPB24E-198,41.166
IPB24E-196,IPB24E-199,17.252
IPB24E-196,IPB24E-200,14.327
IPB24E-196,IPB24G-202,335.786
IPB24E-196,IPB24G-203,335.786
IPB24E-196,IPB24G-204,335.786
IPB24E-196,IPB24G-206,93.303
IPB24E-196,IPB24G-207,634.453
IPB24E-196,IPB24G-209,676.576
IPB24E-196,IPB24G-210,673.521
IPB24E-196,IPB24G-211,648.411
IPB24E-196,IPB24G-212,452.049
IPB24E-196,IPB24G-213,528.268
IPB24E-196,IPB24G-214,535.063
IPB24E-196,IPB24G-215,547.911
IPB24E-196,IPB24G-216,717.969
IPB24E-196,IPB24G-217,721.398
IPB24E-196,IPB24G-218,747.003
IPB24E-196,IPB24G-219,547.911
IPB24E-196,IPB24G-220,648.411
IPB24E-196,IPB24G-221,547.911
IPB24E-196,IPB24G-222,676.576
IPB24E-196,IPB24G-223,634.453
IPB24E-196,IPB24G-224,547.911
IPB24E-196,IPB24G-225,452.049
IPB24E-196,IPB24G-227,648.411
IPB24E-196,IPB24G-228,535.063
IPB24E-196,IPB24G-229,772.656
IPB24E-196,IPB24G-230,648.411
IPB24E-196,IPB24G-231,634.453
IPB24E-196,IPB24G-232,547.911
IPB24E-196,IPB24G-233,547.911
IPB24E-196,IPB24G-234,547.911
IPB24E-196,IPB24G-235,452.049
IPB24E-196,IPB24G-236,452.049
IPB24E-196,IPB24G-237,452.049
IPB24E-196,IPB24G-238,538.395
IPB24E-196,IPB24G-239,535.063
IPB24E-196,IPB24G-240,644.512
IPB24E-196,IPB24G-241,717.158
IPB24E-196,IPB24H-133,1424.948
IPB24E-196,IPB4B-78,14.327
IPB24E-196,IPB4B-79,14.327
IPB24E-196,IPB4B-80,14.327
IPB24E-196,IPB6D-12,662.426
IPB24E-196,IPB6D-3,814.035
IPB24E-196,IPB6D-5,832.574
IPB24E-196,IPB6D-6,814.035
IPB24E-196,IPB6D-7,814.035
IPB24E-197,IPB24E-198,41.166
IPB24E-197,IPB24E-199,17.252
IPB24E-197,IPB24E-200,14.327
IPB24E-197,IPB24G-202,335.786
IPB24E-197,IPB24G-203,335.786
IPB24E-197,IPB24G-204,335.786
IPB24E-197,IPB24G-206,93.303
IPB24E-197,IPB24G-207,634.453
IPB24E-197,IPB24G-209,676.576
IPB24E-197,IPB24G-210,673.521
IPB24E-197,IPB24G-211,648.411
IPB24E-197,IPB24G-212,452.049
IPB24E-197,IPB24G-213,528.268
IPB24E-197,IPB24G-214,535.063
IPB24E-197,IPB24G-215,547.911
IPB24E-197,IPB24G-216,717.969
IPB24E-197,IPB24G-217,721.398
IPB24E-197,IPB24G-218,747.003
IPB24E-197,IPB24G-219,547.911
IPB24E-197,IPB24G-220,648.411
IPB24E-197,IPB24G-221,547.911
IPB24E-197,IPB24G-222,676.576
IPB24E-197,IPB24G-223,634.453
IPB24E-197,IPB24G-224,547.911
IPB24E-197,IPB24G-225,452.049
IPB24E-197,IPB24G-227,648.411
IPB24E-197,IPB24G-228,535.063
IPB24E-197,IPB24G-229,772.656
IPB24E-197,IPB24G-230,648.411
IPB24E-197,IPB24G-231,634.453
IPB24E-197,IPB24G-232,547.911
IPB24E-197,IPB24G-233,547.911
IPB24E-197,IPB24G-234,547.911
IPB24E-197,IPB24G-235,452.049
IPB24E-197,IPB24G-236,452.049
IPB24E-197,IPB24G-237,452.049
IPB24E-197,IPB24G-238,538.395
IPB24E-197,IPB24G-239,535.063
IPB24E-197,IPB24G-240,644.512
IPB24E-197,IPB24G-241,717.158
IPB24E-197,IPB24H-133,1424.948
IPB24E-197,IPB4B-78,14.327
IPB24E-197,IPB4B-79,14.327
IPB24E-197,IPB4B-80,14.327
IPB24E-197,IPB6D-12,662.426
IPB24E-197,IPB6D-3,814.035
IPB24E-197,IPB6D-5,832.574
IPB24E-197,IPB6D-6,814.035
IPB24E-197,IPB6D-7,814.035
IPB24E-198,IPB24E-199,30.091
IPB24E-198,IPB24E-200,34.126
IPB24E-198,IPB24G-202,300.579
IPB24E-198,IPB24G-203,300.579
IPB24E-198,IPB24G-204,300.579
IPB24E-198,IPB24G-206,129.271
IPB24E-198,IPB24G-207,609.575
IPB24E-198,IPB24G-209,650.564
IPB24E-198,IPB24G-210,646.969
IPB24E-198,IPB24G-211,621.851
IPB24E-198,IPB24G-212,416.966
IPB24E-198,IPB24G-213,491.574
IPB24E-198,IPB24G-214,497.050
IPB24E-198,IPB24G-215,524.527
IPB24E-198,IPB24G-216,679.915
IPB24E-198,IPB24G-217,683.524
IPB24E-198,IPB24G-218,721.160
IPB24E-198,IPB24G-219,524.527
IPB24E-198,IPB24G-220,621.851
IPB24E-198,IPB24G-221,524.527
IPB24E-198,IPB24G-222,650.564
IPB24E-198,IPB24G-223,609.575
IPB24E-198,IPB24G-224,524.527
IPB24E-198,IPB24G-225,416.966
IPB24E-198,IPB24G-227,621.851
IPB24E-198,IPB24G-228,497.050
IPB24E-198,IPB24G-229,746.718
IPB24E-198,IPB24G-230,621.851
IPB24E-198,IPB24G-231,609.575
IPB24E-198,IPB24G-232,524.527
IPB24E-198,IPB24G-233,524.527
IPB24E-198,IPB24G-234,524.527
IPB24E-198,IPB24G-235,416.966
IPB24E-198,IPB24G-236,416.966
IPB24E-198,IPB24G-237,416.966
IPB24E-198,IPB24G-238,501.856
IPB24E-198,IPB24G-239,497.050
IPB24E-198,IPB24G-240,605.477
IPB24E-198,IPB24G-241,679.348
IPB24E-198,IPB24H-133,1395.006
IPB24E-198,IPB4B-78,34.126
IPB24E-198,IPB4B-79,34.126
IPB24E-198,IPB4B-80,34.126
IPB24E-198,IPB6D-12,654.607
IPB24E-198,IPB6D-3,814.699
IPB24E-198,IPB6D-5,832.231
IPB24E-198,IPB6D-6,814.699
IPB24E-198,IPB6D-7,814.699
IPB24E-199,IPB24E-200,4.270
IPB24E-199,IPB24G-202,318.852
IPB24E-199,IPB24G-203,318.852
IPB24E-199,IPB24G-204,318.852
IPB24E-199,IPB24G-206,110.492
IPB24E-199,IPB24G-207,635.111
IPB24E-199,IPB24G-209,676.655
IPB24E-199,IPB24G-210,673.310
IPB24E-199,IPB24G-211,648.189
IPB24E-199,IPB24G-212,446.510
IPB24E-199,IPB24G-213,521.490
IPB24E-199,IPB24G-214,527.127
IPB24E-199,IPB24G-215,549.288
IPB24E-199,IPB24G-216,709.997
IPB24E-199,IPB24G-217,713.596
IPB24E-199,IPB24G-218,747.189
IPB24E-199,IPB24G-219,549.288
IPB24E-199,IPB24G-220,648.189
IPB24E-199,IPB24G-221,549.288
IPB24E-199,IPB24G-222,676.655
IPB24E-199,IPB24G-223,635.111
IPB24E-199,IPB24G-224,549.288
IPB24E-199,IPB24G-225,446.510
IPB24E-199,IPB24G-227,648.189
IPB24E-199,IPB24G-228,527.127
IPB24E-199,IPB24G-229,772.798
IPB24E-199,IPB24G-230,648.189
IPB24E-199,IPB24G-231,635.111
IPB24E-199,IPB24G-232,549.288
IPB24E-199,IPB24G-233,549.288
IPB24E-199,IPB24G-234,549.288
IPB24E-199,IPB24G-235,446.510
IPB24E-199,IPB24G-236,446.510
IPB24E-199,IPB24G-237,446.510
IPB24E-199,IPB24G-238,531.746
IPB24E-199,IPB24G-239,527.127
IPB24E-199,IPB24G-240,635.539
IPB24E-199,IPB24G-241,709.416
IPB24E-199,IPB24H-133,1422.904
IPB24E-199,IPB4B-78,4.270
IPB24E-199,IPB4B-79,4.270
IPB24E-199,IPB4B-80,4.270
IPB24E-199,IPB6D-12,670.536
IPB24E-199,IPB6D-3,825.130
IPB24E-199,IPB6D-5,843.350
IPB24E-199,IPB6D-6,825.130
IPB24E-199,IPB6D-7,825.130
IPB24E-200,IPB24G-202,322.556
IPB24E-200,IPB24G-203,322.556
IPB24E-200,IPB24G-204,322.556
IPB24E-200,IPB24G-206,107.106
IPB24E-200,IPB24G-207,637.771
IPB24E-200,IPB24G-209,679.428
IPB24E-200,IPB24G-210,676.137
IPB24E-200,IPB24G-211,651.016
IPB24E-200,IPB24G-212,450.177
IPB24E-200,IPB24G-213,525.319
IPB24E-200,IPB24G-214,531.086
IPB24E-200,IPB24G-215,551.801
IPB24E-200,IPB24G-216,713.965
IPB24E-200,IPB24G-217,717.546
IPB24E-200,IPB24G-218,749.945
IPB24E-200,IPB24G-219,551.801
IPB24E-200,IPB24G-220,651.016
IPB24E-200,IPB24G-221,551.801
IPB24E-200,IPB24G-222,679.428
IPB24E-200,IPB24G-223,637.771
IPB24E-200,IPB24G-224,551.801
IPB24E-200,IPB24G-225,450.177
IPB24E-200,IPB24G-227,651.016
IPB24E-200,IPB24G-228,531.086
IPB24E-200,IPB24G-229,775.563
IPB24E-200,IPB24G-230,651.016
IPB24E-200,IPB24G-231,637.771
IPB24E-200,IPB24G-232,551.801
IPB24E-200,IPB24G-233,551.801
IPB24E-200,IPB24G-234,551.801
IPB24E-200,IPB24G-235,450.177
IPB24E-200,IPB24G-236,450.177
IPB24E-200,IPB24G-237,450.177
IPB24E-200,IPB24G-238,535.560
IPB24E-200,IPB24G-239,531.086
IPB24E-200,IPB24G-240,639.602
IPB24E-200,IPB24G-241,713.360
IPB24E-200,IPB24H-133,1426.071
IPB24E-200,IPB4B-13,1131.211
IPB24E-200,IPB4B-67,322.439
IPB24E-200,IPB4B-76,2.656
IPB24E-200,IPB4B-78,0.000
IPB24E-200,IPB4B-79,0.000
IPB24E-200,IPB4B-80,0.000
IPB24E-200,IPB6D-12,671.485
IPB24E-200,IPB6D-3,825.206
IPB24E-200,IPB6D-5,843.527
IPB24E-200,IPB6D-6,825.206
IPB24E-200,IPB6D-7,825.206
IPB24G-202,IPB24G-203,0.000
IPB24G-202,IPB24G-204,0.000
IPB24G-202,IPB24G-206,428.763
IPB24G-202,IPB24G-207,667.707
IPB24G-202,IPB24G-209,694.122
IPB24G-202,IPB24G-210,686.023
IPB24G-202,IPB24G-211,663.718
IPB24G-202,IPB24G-212,403.558
IPB24G-202,IPB24G-213,435.329
IPB24G-202,IPB24G-214,415.930
IPB24G-202,IPB24G-215,606.186
IPB24G-202,IPB24G-216,570.399
IPB24G-202,IPB24G-217,577.080
IPB24G-202,IPB24G-218,759.239
IPB24G-202,IPB24G-219,606.186
IPB24G-202,IPB24G-220,663.718
IPB24G-202,IPB24G-221,606.186
IPB24G-202,IPB24G-222,694.122
IPB24G-202,IPB24G-223,667.707
IPB24G-202,IPB24G-224,606.186
IPB24G-202,IPB24G-225,403.558
IPB24G-202,IPB24G-227,663.718
IPB24G-202,IPB24G-228,415.930
IPB24G-202,IPB24G-229,781.705
IPB24G-202,IPB24G-230,663.718
IPB24G-202,IPB24G-231,667.707
IPB24G-202,IPB24G-232,606.186
IPB24G-202,IPB24G-233,606.186
IPB24G-202,IPB24G-234,606.186
IPB24G-202,IPB24G-235,403.558
IPB24G-202,IPB24G-236,403.558
IPB24G-202,IPB24G-237,403.558
IPB24G-202,IPB24G-238,446.004
IPB24G-202,IPB24G-239,415.930
IPB24G-202,IPB24G-240,483.975
IPB24G-202,IPB24G-241,574.554
IPB24G-202,IPB24H-133,1359.280
IPB24G-202,IPB4B-66,0.379
IPB24G-202,IPB4B-68,0.379
IPB24G-202,IPB4B-78,322.556
IPB24G-202,IPB4B-79,322.556
IPB24G-202,IPB4B-80,322.556
IPB24G-202,IPB4B-83,0.379
IPB24G-202,IPB6D-12,823.789
IPB24G-202,IPB6D-3,1019.077
IPB24G-202,IPB6D-5,1031.127
IPB24G-202,IPB6D-6,1019.077
IPB24G-202,IPB6D-7,1019.077
IPB24G-203,IPB24G-204,0.000
IPB24G-203,IPB24G-206,428.763
IPB24G-203,IPB24G-207,667.707
IPB24G-203,IPB24G-209,694.122
IPB24G-203,IPB24G-210,686.023
IPB24G-203,IPB24G-211,663.718
IPB24G-203,IPB24G-212,403.558
IPB24G-203,IPB24G-213,435.329
IPB24G-203,IPB24G-214,415.930
IPB24G-203,IPB24G-215,606.186
IPB24G-203,IPB24G-216,570.399
IPB24G-203,IPB24G-217,577.080
IPB24G-203,IPB24G-218,759.239
IPB24G-203,IPB24G-219,606.186
IPB24G-203,IPB24G-220,663.718
IPB24G-203,IPB24G-221,606.186
IPB24G-203,IPB24G-222,694.122
IPB24G-203,IPB24G-223,667.707
IPB24G-203,IPB24G-224,606.186
IPB24G-203,IPB24G-225,403.558
IPB24G-203,IPB24G-227,663.718
IPB24G-203,IPB24G-228,415.930
IPB24G-203,IPB24G-229,781.705
IPB24G-203,IPB24G-230,663.718
IPB24G-203,IPB24G-231,667.707
IPB24G-203,IPB24G-232,606.186
IPB24G-203,IPB24G-233,606.186
IPB24G-203,IPB24G-234,606.186
IPB24G-203,IPB24G-235,403.558
IPB24G-203,IPB24G-236,403.558
IPB24G-203,IPB24G-237,403.558
IPB24G-203,IPB24G-238,446.004
IPB24G-203,IPB24G-239,415.930
IPB24G-203,IPB24G-240,483.975
IPB24G-203,IPB24G-241,574.554
IPB24G-203,IPB24H-133,1359.280
IPB24G-203,IPB4B-66,0.379
IPB24G-203,IPB4B-68,0.379
IPB24G-203,IPB4B-76,320.274
IPB24G-203,IPB4B-78,322.556
IPB24G-203,IPB4B-79,322.556
IPB24G-203,IPB4B-80,322.556
IPB24G-203,IPB4B-83,0.379
IPB24G-203,IPB6D-12,823.789
IPB24G-203,IPB6D-3,1019.077
IPB24G-203,IPB6D-5,1031.127
IPB24G-203,IPB6D-6,1019.077
IPB24G-203,IPB6D-7,1019.077
IPB24G-204,IPB24G-206,428.763
IPB24G-204,IPB24G-207,667.707
IPB24G-204,IPB24G-209,694.122
IPB24G-204,IPB24G-210,686.023
IPB24G-204,IPB24G-211,663.718
IPB24G-204,IPB24G-212,403.558
IPB24G-204,IPB24G-213,435.329
IPB24G-204,IPB24G-214,415.930
IPB24G-204,IPB24G-215,606.186
IPB24G-204,IPB24G-216,570.399
IPB24G-204,IPB24G-217,577.080
IPB24G-204,IPB24G-218,759.239
IPB24G-204,IPB24G-219,606.186
IPB24G-204,IPB24G-220,663.718
IPB24G-204,IPB24G-221,606.186
IPB24G-204,IPB24G-222,694.122
IPB24G-204,IPB24G-223,667.707
IPB24G-204,IPB24G-224,606.186
IPB24G-204,IPB24G-225,403.558
IPB24G-204,IPB24G-227,663.718
IPB24G-204,IPB24G-228,415.930
IPB24G-204,IPB24G-229,781.705
IPB24G-204,IPB24G-230,663.718
IPB24G-204,IPB24G-231,667.707
IPB24G-204,IPB24G-232,606.186
IPB24G-204,IPB24G-233,606.186
IPB24G-204,IPB24G-234,606.186
IPB24G-204,IPB24G-235,403.558
IPB24G-204,IPB24G-236,403.558
IPB24G-204,IPB24G-237,403.558
IPB24G-204,IPB24G-238,446.004
IPB24G-204,IPB24G-239,415.930
IPB24G-204,IPB24G-240,483.975
IPB24G-204,IPB24G-241,574.554
IPB24G-204,IPB24H-133,1359.280
IPB24G-204,IPB4B-78,322.556
IPB24G-204,IPB4B-79,322.556
IPB24G-204,IPB4B-80,322.556
IPB24G-204,IPB4B-83,0.379
IPB24G-204,IPB6D-12,823.789
IPB24G-204,IPB6D-3,1019.077
IPB24G-204,IPB6D-5,1031.127
IPB24G-204,IPB6D-6,1019.077
IPB24G-204,IPB6D-7,1019.077
IPB24G-206,IPB24G-207,647.529
IPB24G-206,IPB24G-209,692.216
IPB24G-206,IPB24G-210,690.714
IPB24G-206,IPB24G-211,665.946
IPB24G-206,IPB24G-212,498.810
IPB24G-206,IPB24G-213,579.678
IPB24G-206,IPB24G-214,591.727
IPB24G-206,IPB24G-215,558.413
IPB24G-206,IPB24G-216,773.316
IPB24G-206,IPB24G-217,775.926
IPB24G-206,IPB24G-218,761.386
IPB24G-206,IPB24G-219,558.413
IPB24G-206,IPB24G-220,665.946
IPB24G-206,IPB24G-221,558.413
IPB24G-206,IPB24G-222,692.216
IPB24G-206,IPB24G-223,647.529
IPB24G-206,IPB24G-224,558.413
IPB24G-206,IPB24G-225,498.810
IPB24G-206,IPB24G-227,665.946
IPB24G-206,IPB24G-228,591.727
IPB24G-206,IPB24G-229,787.051
IPB24G-206,IPB24G-230,665.946
IPB24G-206,IPB24G-231,647.529
IPB24G-206,IPB24G-232,558.413
IPB24G-206,IPB24G-233,558.413
IPB24G-206,IPB24G-234,558.413
IPB24G-206,IPB24G-235,498.810
IPB24G-206,IPB24G-236,498.810
IPB24G-206,IPB24G-237,498.810
IPB24G-206,IPB24G-238,589.083
IPB24G-206,IPB24G-239,591.727
IPB24G-206,IPB24G-240,704.976
IPB24G-206,IPB24G-241,771.433
IPB24G-206,IPB24H-133,1447.914
IPB24G-206,IPB4B-78,107.106
IPB24G-206,IPB4B-79,107.106
IPB24G-206,IPB4B-80,107.106
IPB24G-206,IPB6D-12,633.289
IPB24G-206,IPB6D-3,765.410
IPB24G-206,IPB6D-5,785.828
IPB24G-206,IPB6D-6,765.410
IPB24G-206,IPB6D-7,765.410
IPB24G-207,IPB24G-209,47.240
IPB24G-207,IPB24G-210,50.705
IPB24G-207,IPB24G-211,35.337
IPB24G-207,IPB24G-212,268.151
IPB24G-207,IPB24G-213,275.522
IPB24G-207,IPB24G-214,313.616
IPB24G-207,IPB24G-215,89.635
IPB24G-207,IPB24G-216,353.513
IPB24G-207,IPB24G-217,348.137
IPB24G-207,IPB24G-218,113.880
IPB24G-207,IPB24G-219,89.635
IPB24G-207,IPB24G-220,35.337
IPB24G-207,IPB24G-221,89.635
IPB24G-207,IPB24G-222,47.240
IPB24G-207,IPB24G-223,0.000
IPB24G-207,IPB24G-224,89.635
IPB24G-207,IPB24G-225,268.151
IPB24G-207,IPB24G-227,35.337
IPB24G-207,IPB24G-228,313.616
IPB24G-207,IPB24G-229,139.526
IPB24G-207,IPB24G-230,35.337
IPB24G-207,IPB24G-231,0.000
IPB24G-207,IPB24G-232,89.635
IPB24G-207,IPB24G-233,89.635
IPB24G-207,IPB24G-234,89.635
IPB24G-207,IPB24G-235,268.151
IPB24G-207,IPB24G-236,268.151
IPB24G-207,IPB24G-237,268.151
IPB24G-207,IPB24G-238,269.590
IPB24G-207,IPB24G-239,313.616
IPB24G-207,IPB24G-240,367.087
IPB24G-207,IPB24G-241,343.760
IPB24G-207,IPB24H-133,803.021
IPB24G-207,IPB4B-78,637.771
IPB24G-207,IPB4B-79,637.771
IPB24G-207,IPB4B-80,637.771
IPB24G-207,IPB6D-12,292.291
IPB24G-207,IPB6D-3,502.132
IPB24G-207,IPB6D-5,498.808
IPB24G-207,IPB6D-6,502.132
IPB24G-207,IPB6D-7,502.132
IPB24G-209,IPB24G-210,11.749
IPB24G-209,IPB24G-211,30.577
IPB24G-209,IPB24G-212,291.037
IPB24G-209,IPB24G-213,285.057
IPB24G-209,IPB24G-214,320.979
IPB24G-209,IPB24G-215,135.971
IPB24G-209,IPB24G-216,335.203
IPB24G-209,IPB24G-217,329.012
IPB24G-209,IPB24G-218,70.625
IPB24G-209,IPB24G-219,135.971
IPB24G-209,IPB24G-220,30.577
IPB24G-209,IPB24G-221,135.971
IPB24G-209,IPB24G-222,0.000
IPB24G-209,IPB24G-223,47.240
IPB24G-209,IPB24G-224,135.971
IPB24G-209,IPB24G-225,291.037
IPB24G-209,IPB24G-227,30.577
IPB24G-209,IPB24G-228,320.979
IPB24G-209,IPB24G-229,96.155
IPB24G-209,IPB24G-230,30.577
IPB24G-209,IPB24G-231,47.240
IPB24G-209,IPB24G-232,135.971
IPB24G-209,IPB24G-233,135.971
IPB24G-209,IPB24G-234,135.971
IPB24G-209,IPB24G-235,291.037
IPB24G-209,IPB24G-236,291.037
IPB24G-209,IPB24G-237,291.037
IPB24G-209,IPB24G-238,277.648
IPB24G-209,IPB24G-239,320.979
IPB24G-209,IPB24G-240,359.624
IPB24G-209,IPB24G-241,324.988
IPB24G-209,IPB24H-133,756.998
IPB24G-209,IPB4B-13,516.226
IPB24G-209,IPB4B-15,507.799
IPB24G-209,IPB4B-5,995.333
IPB24G-209,IPB4B-67,693.743
IPB24G-209,IPB4B-78,679.428
IPB24G-209,IPB4B-79,679.428
IPB24G-209,IPB4B-80,679.428
IPB24G-209,IPB6D-12,321.988
IPB24G-209,IPB6D-3,525.313
IPB24G-209,IPB6D-5,519.812
IPB24G-209,IPB6D-6,525.313
IPB24G-209,IPB6D-7,525.313
IPB24G-210,IPB24G-211,25.122
IPB24G-210,IPB24G-212,282.642
IPB24G-210,IPB24G-213,274.619
IPB24G-210,IPB24G-214,310.249
IPB24G-210,IPB24G-215,136.756
IPB24G-210,IPB24G-216,323.594
IPB24G-210,IPB24G-217,317.438
IPB24G-210,IPB24G-218,75.464
IPB24G-210,IPB24G-219,136.756
IPB24G-210,IPB24G-220,25.122
IPB24G-210,IPB24G-221,136.756
IPB24G-210,IPB24G-222,11.749
IPB24G-210,IPB24G-223,50.705
IPB24G-210,IPB24G-224,136.756
IPB24G-210,IPB24G-225,282.642
IPB24G-210,IPB24G-227,25.122
IPB24G-210,IPB24G-228,310.249
IPB24G-210,IPB24G-229,100.403
IPB24G-210,IPB24G-230,25.122
IPB24G-210,IPB24G-231,50.705
IPB24G-210,IPB24G-232,136.756
IPB24G-210,IPB24G-233,136.756
IPB24G-210,IPB24G-234,136.756
IPB24G-210,IPB24G-235,282.642
IPB24G-210,IPB24G-236,282.642
IPB24G-210,IPB24G-237,282.642
IPB24G-210,IPB24G-238,267.056
IPB24G-210,IPB24G-239,310.249
IPB24G-210,IPB24G-240,347.923
IPB24G-210,IPB24G-241,313.396
IPB24G-210,IPB4B-13,525.876
IPB24G-210,IPB4B-14,525.876
IPB24G-210,IPB4B-15,517.607
IPB24G-210,IPB4B-68,685.645
IPB24G-210,IPB4B-78,676.137
IPB24G-210,IPB4B-79,676.137
IPB24G-210,IPB4B-80,676.137
IPB24G-210,IPB6D-12,332.026
IPB24G-210,IPB6D-3,536.283
IPB24G-210,IPB6D-5,530.979
IPB24G-210,IPB6D-6,536.283
IPB24G-210,IPB6D-7,536.283
IPB24G-211,IPB24G-212,260.832
IPB24G-211,IPB24G-213,257.733
IPB24G-211,IPB24G-214,294.452
IPB24G-211,IPB24G-215,113.974
IPB24G-211,IPB24G-216,321.361
IPB24G-211,IPB24G-217,315.700
IPB24G-211,IPB24G-218,100.163
IPB24G-211,IPB24G-219,113.974
IPB24G-211,IPB24G-220,0.000
IPB24G-211,IPB24G-221,113.974
IPB24G-211,IPB24G-222,30.577
IPB24G-211,IPB24G-223,35.337
IPB24G-211,IPB24G-224,113.974
IPB24G-211,IPB24G-225,260.832
IPB24G-211,IPB24G-227,0.000
IPB24G-211,IPB24G-228,294.452
IPB24G-211,IPB24G-229,125.327
IPB24G-211,IPB24G-230,0.000
IPB24G-211,IPB24G-231,35.337
IPB24G-211,IPB24G-232,113.974
IPB24G-211,IPB24G-233,113.974
IPB24G-211,IPB24G-234,113.974
IPB24G-211,IPB24G-235,260.832
IPB24G-211,IPB24G-236,260.832
IPB24G-211,IPB24G-237,260.832
IPB24G-211,IPB24G-238,250.770
IPB24G-211,IPB24G-239,294.452
IPB24G-211,IPB24G-240,339.503
IPB24G-211,IPB24G-241,311.432
IPB24G-211,IPB24H-133,782.249
IPB24G-211,IPB4B-78,651.016
IPB24G-211,IPB4B-79,651.016
IPB24G-211,IPB4B-80,651.016
IPB24G-211,IPB6D-12,326.658
IPB24G-211,IPB6D-3,534.926
IPB24G-211,IPB6D-5,530.876
IPB24G-211,IPB6D-6,534.926
IPB24G-211,IPB6D-7,534.926
IPB24G-212,IPB24G-213,84.304
IPB24G-212,IPB24G-214,110.115
IPB24G-212,IPB24G-215,223.618
IPB24G-212,IPB24G-216,278.570
IPB24G-212,IPB24G-217,280.114
IPB24G-212,IPB24G-218,355.698
IPB24G-212,IPB24G-219,223.618
IPB24G-212,IPB24G-220,260.832
IPB24G-212,IPB24G-221,223.618
IPB24G-212,IPB24G-222,291.037
IPB24G-212,IPB24G-223,268.151
IPB24G-212,IPB24G-224,223.618
IPB24G-212,IPB24G-225,0.000
IPB24G-212,IPB24G-227,260.832
IPB24G-212,IPB24G-228,110.115
IPB24G-212,IPB24G-229,378.359
IPB24G-212,IPB24G-230,260.832
IPB24G-212,IPB24G-231,268.151
IPB24G-212,IPB24G-232,223.618
IPB24G-212,IPB24G-233,223.618
IPB24G-212,IPB24G-234,223.618
IPB24G-212,IPB24G-235,0.000
IPB24G-212,IPB24G-236,0.000
IPB24G-212,IPB24G-237,0.000
IPB24G-212,IPB24G-238,92.172
IPB24G-212,IPB24G-239,110.115
IPB24G-212,IPB24G-240,224.118
IPB24G-212,IPB24G-241,275.391
IPB24G-212,IPB24H-133,988.683
IPB24G-212,IPB4B-78,450.177
IPB24G-212,IPB4B-79,450.177
IPB24G-212,IPB4B-80,450.177
IPB24G-212,IPB6D-12,485.254
IPB24G-212,IPB6D-3,700.552
IPB24G-212,IPB6D-5,705.241
IPB24G-212,IPB6D-6,700.552
IPB24G-212,IPB6D-7,700.552
IPB24G-213,IPB24G-214,39.648
IPB24G-213,IPB24G-215,257.795
IPB24G-213,IPB24G-216,194.823
IPB24G-213,IPB24G-217,196.772
IPB24G-213,IPB24G-218,340.018
IPB24G-213,IPB24G-219,257.795
IPB24G-213,IPB24G-220,257.733
IPB24G-213,IPB24G-221,257.795
IPB24G-213,IPB24G-222,285.057
IPB24G-213,IPB24G-223,275.522
IPB24G-213,IPB24G-224,257.795
IPB24G-213,IPB24G-225,84.304
IPB24G-213,IPB24G-227,257.733
IPB24G-213,IPB24G-228,39.648
IPB24G-213,IPB24G-229,359.299
IPB24G-213,IPB24G-230,257.733
IPB24G-213,IPB24G-231,275.522
IPB24G-213,IPB24G-232,257.795
IPB24G-213,IPB24G-233,257.795
IPB24G-213,IPB24G-234,257.795
IPB24G-213,IPB24G-235,84.304
IPB24G-213,IPB24G-236,84.304
IPB24G-213,IPB24G-237,84.304
IPB24G-213,IPB24G-238,11.062
IPB24G-213,IPB24G-239,39.648
IPB24G-213,IPB24G-240,141.839
IPB24G-213,IPB24G-241,192.154
IPB24G-213,IPB4B-13,799.325
IPB24G-213,IPB4B-14,799.325
IPB24G-213,IPB4B-68,434.962
IPB24G-213,IPB4B-78,525.319
IPB24G-213,IPB4B-79,525.319
IPB24G-213,IPB4B-80,525.319
IPB24G-213,IPB6D-12,529.560
IPB24G-213,IPB6D-3,746.690
IPB24G-213,IPB6D-5,748.734
IPB24G-213,IPB6D-6,746.690
IPB24G-213,IPB6D-7,746.690
IPB24G-214,IPB24G-215,297.426
IPB24G-214,IPB24G-216,182.908
IPB24G-214,IPB24G-217,186.494
IPB24G-214,IPB24G-218,373.245
IPB24G-214,IPB24G-219,297.426
IPB24G-214,IPB24G-220,294.452
IPB24G-214,IPB24G-221,297.426
IPB24G-214,IPB24G-222,320.979
IPB24G-214,IPB24G-223,313.616
IPB24G-214,IPB24G-224,297.426
IPB24G-214,IPB24G-225,110.115
IPB24G-214,IPB24G-227,294.452
IPB24G-214,IPB24G-228,0.000
IPB24G-214,IPB24G-229,391.447
IPB24G-214,IPB24G-230,294.452
IPB24G-214,IPB24G-231,313.616
IPB24G-214,IPB24G-232,297.426
IPB24G-214,IPB24G-233,297.426
IPB24G-214,IPB24G-234,297.426
IPB24G-214,IPB24G-235,110.115
IPB24G-214,IPB24G-236,110.115
IPB24G-214,IPB24G-237,110.115
IPB24G-214,IPB24G-238,44.035
IPB24G-214,IPB24G-239,0.000
IPB24G-214,IPB24G-240,116.092
IPB24G-214,IPB24G-241,182.370
IPB24G-214,IPB24H-133,945.080
IPB24G-214,IPB4B-13,833.188
IPB24G-214,IPB4B-78,531.086
IPB24G-214,IPB4B-79,531.086
IPB24G-214,IPB4B-80,531.086
IPB24G-214,IPB6D-12,569.088
IPB24G-214,IPB6D-3,786.201
IPB24G-214,IPB6D-5,788.336
IPB24G-214,IPB6D-6,786.201
IPB24G-214,IPB6D-7,786.201
IPB24G-215,IPB24G-216,383.065
IPB24G-215,IPB24G-217,379.382
IPB24G-215,IPB24G-218,203.361
IPB24G-215,IPB24G-219,0.000
IPB24G-215,IPB24G-220,113.974
IPB24G-215,IPB24G-221,0.000
IPB24G-215,IPB24G-222,135.971
IPB24G-215,IPB24G-223,89.635
IPB24G-215,IPB24G-224,0.000
IPB24G-215,IPB24G-225,223.618
IPB24G-215,IPB24G-227,113.974
IPB24G-215,IPB24G-228,297.426
IPB24G-215,IPB24G-229,228.928
IPB24G-215,IPB24G-230,113.974
IPB24G-215,IPB24G-231,89.635
IPB24G-215,IPB24G-232,0.000
IPB24G-215,IPB24G-233,0.000
IPB24G-215,IPB24G-234,0.000
IPB24G-215,IPB24G-235,223.618
IPB24G-215,IPB24G-236,223.618
IPB24G-215,IPB24G-237,223.618
IPB24G-215,IPB24G-238,255.265
IPB24G-215,IPB24G-239,297.426
IPB24G-215,IPB24G-240,376.167
IPB24G-215,IPB24G-241,374.551
IPB24G-215,IPB4B-78,551.801
IPB24G-215,IPB4B-79,551.801
IPB24G-215,IPB4B-80,551.801
IPB24G-215,IPB6D-12,272.384
IPB24G-215,IPB6D-3,489.471
IPB24G-215,IPB6D-5,491.003
IPB24G-215,IPB6D-6,489.471
IPB24G-215,IPB6D-7,489.471
IPB24G-216,IPB24G-217,8.639
IPB24G-216,IPB24G-218,355.914
IPB24G-216,IPB24G-219,383.065
IPB24G-216,IPB24G-220,321.361
IPB24G-216,IPB24G-221,383.065
IPB24G-216,IPB24G-222,335.203
IPB24G-216,IPB24G-223,353.513
IPB24G-216,IPB24G-224,383.065
IPB24G-216,IPB24G-225,278.570
IPB24G-216,IPB24G-227,321.361
IPB24G-216,IPB24G-228,182.908
IPB24G-216,IPB24G-229,363.313
IPB24G-216,IPB24G-230,321.361
IPB24G-216,IPB24G-231,353.513
IPB24G-216,IPB24G-232,383.065
IPB24G-216,IPB24G-233,383.065
IPB24G-216,IPB24G-234,383.065
IPB24G-216,IPB24G-235,278.570
IPB24G-216,IPB24G-236,278.570
IPB24G-216,IPB24G-237,278.570
IPB24G-216,IPB24G-238,186.402
IPB24G-216,IPB24G-239,182.908
IPB24G-216,IPB24G-240,86.542
IPB24G-216,IPB24G-241,10.632
IPB24G-216,IPB4B-78,713.965
IPB24G-216,IPB4B-79,713.965
IPB24G-216,IPB4B-80,713.965
IPB24G-216,IPB6D-12,643.805
IPB24G-216,IPB6D-3,855.630
IPB24G-216,IPB6D-5,852.142
IPB24G-216,IPB6D-6,855.630
IPB24G-216,IPB6D-7,855.630
IPB24G-217,IPB24G-218,348.657
IPB24G-217,IPB24G-219,379.382
IPB24G-217,IPB24G-220,315.700
IPB24G-217,IPB24G-221,379.382
IPB24G-217,IPB24G-222,329.012
IPB24G-217,IPB24G-223,348.137
IPB24G-217,IPB24G-224,379.382
IPB24G-217,IPB24G-225,280.114
IPB24G-217,IPB24G-227,315.700
IPB24G-217,IPB24G-228,186.494
IPB24G-217,IPB24G-229,355.749
IPB24G-217,IPB24G-230,315.700
IPB24G-217,IPB24G-231,348.137
IPB24G-217,IPB24G-232,379.382
IPB24G-217,IPB24G-233,379.382
IPB24G-217,IPB24G-234,379.382
IPB24G-217,IPB24G-235,280.114
IPB24G-217,IPB24G-236,280.114
IPB24G-217,IPB24G-237,280.114
IPB24G-217,IPB24G-238,188.043
IPB24G-217,IPB24G-239,186.494
IPB24G-217,IPB24G-240,93.596
IPB24G-217,IPB24G-241,5.027
IPB24G-217,IPB24H-133,788.852
IPB24G-217,IPB4B-78,717.546
IPB24G-217,IPB4B-79,717.546
IPB24G-217,IPB4B-80,717.546
IPB24G-217,IPB6D-12,638.898
IPB24G-217,IPB6D-3,850.264
IPB24G-217,IPB6D-5,846.565
IPB24G-217,IPB6D-6,850.264
IPB24G-217,IPB6D-7,850.264
IPB24G-218,IPB24G-219,203.361
IPB24G-218,IPB24G-220,100.163
IPB24G-218,IPB24G-221,203.361
IPB24G-218,IPB24G-222,70.625
IPB24G-218,IPB24G-223,113.880
IPB24G-218,IPB24G-224,203.361
IPB24G-218,IPB24G-225,355.698
IPB24G-218,IPB24G-227,100.163
IPB24G-218,IPB24G-228,373.245
IPB24G-218,IPB24G-229,25.705
IPB24G-218,IPB24G-230,100.163
IPB24G-218,IPB24G-231,113.880
IPB24G-218,IPB24G-232,203.361
IPB24G-218,IPB24G-233,203.361
IPB24G-218,IPB24G-234,203.361
IPB24G-218,IPB24G-235,355.698
IPB24G-218,IPB24G-236,355.698
IPB24G-218,IPB24G-237,355.698
IPB24G-218,IPB24G-238,331.488
IPB24G-218,IPB24G-239,373.245
IPB24G-218,IPB24G-240,394.798
IPB24G-218,IPB24G-241,345.318
IPB24G-218,IPB24H-133,689.795
IPB24G-218,IPB4B-78,749.945
IPB24G-218,IPB4B-79,749.945
IPB24G-218,IPB4B-80,749.945
IPB24G-218,IPB6D-12,343.450
IPB24G-218,IPB6D-3,531.436
IPB24G-218,IPB6D-5,522.437
IPB24G-218,IPB6D-6,531.436
IPB24G-218,IPB6D-7,531.436
IPB24G-219,IPB24G-220,113.974
IPB24G-219,IPB24G-221,0.000
IPB24G-219,IPB24G-222,135.971
IPB24G-219,IPB24G-223,89.635
IPB24G-219,IPB24G-224,0.000
IPB24G-219,IPB24G-225,223.618
IPB24G-219,IPB24G-227,113.974
IPB24G-219,IPB24G-228,297.426
IPB24G-219,IPB24G-229,228.928
IPB24G-219,IPB24G-230,113.974
IPB24G-219,IPB24G-231,89.635
IPB24G-219,IPB24G-232,0.000
IPB24G-219,IPB24G-233,0.000
IPB24G-219,IPB24G-234,0.000
IPB24G-219,IPB24G-235,223.618
IPB24G-219,IPB24G-236,223.618
IPB24G-219,IPB24G-237,223.618
IPB24G-219,IPB24G-238,255.265
IPB24G-219,IPB24G-239,297.426
IPB24G-219,IPB24G-240,376.167
IPB24G-219,IPB24G-241,374.551
IPB24G-219,IPB4B-78,551.801
IPB24G-219,IPB4B-79,551.801
IPB24G-219,IPB4B-80,551.801
IPB24G-219,IPB6D-12,272.384
IPB24G-219,IPB6D-3,489.471
IPB24G-219,IPB6D-5,491.003
IPB24G-219,IPB6D-6,489.471
IPB24G-219,IPB6D-7,489.471
IPB24G-220,IPB24G-221,113.974
IPB24G-220,IPB24G-222,30.577
IPB24G-220,IPB24G-223,35.337
IPB24G-220,IPB24G-224,113.974
IPB24G-220,IPB24G-225,260.832
IPB24G-220,IPB24G-227,0.000
IPB24G-220,IPB24G-228,294.452
IPB24G-220,IPB24G-229,125.327
IPB24G-220,IPB24G-230,0.000
IPB24G-220,IPB24G-231,35.337
IPB24G-220,IPB24G-232,113.974
IPB24G-220,IPB24G-233,113.974
IPB24G-220,IPB24G-234,113.974
IPB24G-220,IPB24G-235,260.832
IPB24G-220,IPB24G-236,260.832
IPB24G-220,IPB24G-237,260.832
IPB24G-220,IPB24G-238,250.770
IPB24G-220,IPB24G-239,294.452
IPB24G-220,IPB24G-240,339.503
IPB24G-220,IPB24G-241,311.432
IPB24G-220,IPB24H-133,782.249
IPB24G-220,IPB4B-78,651.016
IPB24G-220,IPB4B-79,651.016
IPB24G-220,IPB4B-80,651.016
IPB24G-220,IPB6D-12,326.658
IPB24G-220,IPB6D-3,534.926
IPB24G-220,IPB6D-5,530.876
IPB24G-220,IPB6D-6,534.926
IPB24G-220,IPB6D-7,534.926
IPB24G-221,IPB24G-222,135.971
IPB24G-221,IPB24G-223,89.635
IPB24G-221,IPB24G-224,0.000
IPB24G-221,IPB24G-225,223.618
IPB24G-221,IPB24G-227,113.974
IPB24G-221,IPB24G-228,297.426
IPB24G-221,IPB24G-229,228.928
IPB24G-221,IPB24G-230,113.974
IPB24G-221,IPB24G-231,89.635
IPB24G-221,IPB24G-232,0.000
IPB24G-221,IPB24G-233,0.000
IPB24G-221,IPB24G-234,0.000
IPB24G-221,IPB24G-235,223.618
IPB24G-221,IPB24G-236,223.618
IPB24G-221,IPB24G-237,223.618
IPB24G-221,IPB24G-238,255.265
IPB24G-221,IPB24G-239,297.426
IPB24G-221,IPB24G-240,376.167
IPB24G-221,IPB24G-241,374.551
IPB24G-221,IPB24H-133,892.637
IPB24G-221,IPB4B-78,551.801
IPB24G-221,IPB4B-79,551.801
IPB24G-221,IPB4B-80,551.801
IPB24G-221,IPB6D-12,272.384
IPB24G-221,IPB6D-3,489.471
IPB24G-221,IPB6D-5,491.003
IPB24G-221,IPB6D-6,489.471
IPB24G-221,IPB6D-7,489.471
IPB24G-222,IPB24G-223,47.240
IPB24G-222,IPB24G-224,135.971
IPB24G-222,IPB24G-225,291.037
IPB24G-222,IPB24G-227,30.577
IPB24G-222,IPB24G-228,320.979
IPB24G-222,IPB24G-229,96.155
IPB24G-222,IPB24G-230,30.577
IPB24G-222,IPB24G-231,47.240
IPB24G-222,IPB24G-232,135.971
IPB24G-222,IPB24G-233,135.971
IPB24G-222,IPB24G-234,135.971
IPB24G-222,IPB24G-235,291.037
IPB24G-222,IPB24G-236,291.037
IPB24G-222,IPB24G-237,291.037
IPB24G-222,IPB24G-238,277.648
IPB24G-222,IPB24G-239,320.979
IPB24G-222,IPB24G-240,359.624
IPB24G-222,IPB24G-241,324.988
IPB24G-222,IPB24H-133,756.998
IPB24G-222,IPB4B-5,995.333
IPB24G-222,IPB4B-78,679.428
IPB24G-222,IPB4B-79,679.428
IPB24G-222,IPB4B-80,679.428
IPB24G-222,IPB6D-12,321.988
IPB24G-222,IPB6D-3,525.313
IPB24G-222,IPB6D-5,519.812
IPB24G-222,IPB6D-6,525.313
IPB24G-222,IPB6D-7,525.313
IPB24G-223,IPB24G-224,89.635
IPB24G-223,IPB24G-225,268.151
IPB24G-223,IPB24G-227,35.337
IPB24G-223,IPB24G-228,313.616
IPB24G-223,IPB24G-229,139.526
IPB24G-223,IPB24G-230,35.337
IPB24G-223,IPB24G-231,0.000
IPB24G-223,IPB24G-232,89.635
IPB24G-223,IPB24G-233,89.635
IPB24G-223,IPB24G-234,89.635
IPB24G-223,IPB24G-235,268.151
IPB24G-223,IPB24G-236,268.151
IPB24G-223,IPB24G-237,268.151
IPB24G-223,IPB24G-238,269.590
IPB24G-223,IPB24G-239,313.616
IPB24G-223,IPB24G-240,367.087
IPB24G-223,IPB24G-241,343.760
IPB24G-223,IPB24H-133,803.021
IPB24G-223,IPB4B-78,637.771
IPB24G-223,IPB4B-79,637.771
IPB24G-223,IPB4B-80,637.771
IPB24G-223,IPB6D-12,292.291
IPB24G-223,IPB6D-3,502.132
IPB24G-223,IPB6D-5,498.808
IPB24G-223,IPB6D-6,502.132
IPB24G-223,IPB6D-7,502.132
IPB24G-224,IPB24G-225,223.618
IPB24G-224,IPB24G-227,113.974
IPB24G-224,IPB24G-228,297.426
IPB24G-224,IPB24G-229,228.928
IPB24G-224,IPB24G-230,113.974
IPB24G-224,IPB24G-231,89.635
IPB24G-224,IPB24G-232,0.000
IPB24G-224,IPB24G-233,0.000
IPB24G-224,IPB24G-234,0.000
IPB24G-224,IPB24G-235,223.618
IPB24G-224,IPB24G-236,223.618
IPB24G-224,IPB24G-237,223.618
IPB24G-224,IPB24G-238,255.265
IPB24G-224,IPB24G-239,297.426
IPB24G-224,IPB24G-240,376.167
IPB24G-224,IPB24G-241,374.551
IPB24G-224,IPB4B-1,705.199
IPB24G-224,IPB4B-13,602.503
IPB24G-224,IPB4B-16,591.874
IPB24G-224,IPB4B-17,1340.049
IPB24G-224,IPB4B-18,1340.049
IPB24G-224,IPB4B-25,1259.586
IPB24G-224,IPB4B-78,551.801
IPB24G-224,IPB4B-79,551.801
IPB24G-224,IPB4B-80,551.801
IPB24G-224,IPB6D-12,272.384
IPB24G-224,IPB6D-3,489.471
IPB24G-224,IPB6D-5,491.003
IPB24G-224,IPB6D-6,489.471
IPB24G-224,IPB6D-7,489.471
IPB24G-225,IPB24G-227,260.832
IPB24G-225,IPB24G-228,110.115
IPB24G-225,IPB24G-229,378.359
IPB24G-225,IPB24G-230,260.832
IPB24G-225,IPB24G-231,268.151
IPB24G-225,IPB24G-232,223.618
IPB24G-225,IPB24G-233,223.618
IPB24G-225,IPB24G-234,223.618
IPB24G-225,IPB24G-235,0.000
IPB24G-225,IPB24G-236,0.000
IPB24G-225,IPB24G-237,0.000
IPB24G-225,IPB24G-238,92.172
IPB24G-225,IPB24G-239,110.115
IPB24G-225,IPB24G-240,224.118
IPB24G-225,IPB24G-241,275.391
IPB24G-225,IPB4B-78,450.177
IPB24G-225,IPB4B-79,450.177
IPB24G-225,IPB4B-80,450.177
IPB24G-225,IPB6D-12,485.254
IPB24G-225,IPB6D-3,700.552
IPB24G-225,IPB6D-5,705.241
IPB24G-225,IPB6D-6,700.552
IPB24G-225,IPB6D-7,700.552
IPB24G-227,IPB24G-228,294.452
IPB24G-227,IPB24G-229,125.327
IPB24G-227,IPB24G-230,0.000
IPB24G-227,IPB24G-231,35.337
IPB24G-227,IPB24G-232,113.974
IPB24G-227,IPB24G-233,113.974
IPB24G-227,IPB24G-234,113.974
IPB24G-227,IPB24G-235,260.832
IPB24G-227,IPB24G-236,260.832
IPB24G-227,IPB24G-237,260.832
IPB24G-227,IPB24G-238,250.770
IPB24G-227,IPB24G-239,294.452
IPB24G-227,IPB24G-240,339.503
IPB24G-227,IPB24G-241,311.432
IPB24G-227,IPB4B-68,663.340
IPB24G-227,IPB4B-78,651.016
IPB24G-227,IPB4B-79,651.016
IPB24G-227,IPB4B-80,651.016
IPB24G-227,IPB6D-12,326.658
IPB24G-227,IPB6D-3,534.926
IPB24G-227,IPB6D-5,530.876
IPB24G-227,IPB6D-6,534.926
IPB24G-227,IPB6D-7,534.926
IPB24G-228,IPB24G-229,391.447
IPB24G-228,IPB24G-230,294.452
IPB24G-228,IPB24G-231,313.616
IPB24G-228,IPB24G-232,297.426
IPB24G-228,IPB24G-233,297.426
IPB24G-228,IPB24G-234,297.426
IPB24G-228,IPB24G-235,110.115
IPB24G-228,IPB24G-236,110.115
IPB24G-228,IPB24G-237,110.115
IPB24G-228,IPB24G-238,44.035
IPB24G-228,IPB24G-239,0.000
IPB24G-228,IPB24G-240,116.092
IPB24G-228,IPB24G-241,182.370
IPB24G-228,IPB24H-133,945.080
IPB24G-228,IPB4B-78,531.086
IPB24G-228,IPB4B-79,531.086
IPB24G-228,IPB4B-80,531.086
IPB24G-228,IPB6D-12,569.088
IPB24G-228,IPB6D-3,786.201
IPB24G-228,IPB6D-5,788.336
IPB24G-228,IPB6D-6,786.201
IPB24G-228,IPB6D-7,786.201
IPB24G-229,IPB24G-230,125.327
IPB24G-229,IPB24G-231,139.526
IPB24G-229,IPB24G-232,228.928
IPB24G-229,IPB24G-233,228.928
IPB24G-229,IPB24G-234,228.928
IPB24G-229,IPB24G-235,378.359
IPB24G-229,IPB24G-236,378.359
IPB24G-229,IPB24G-237,378.359
IPB24G-229,IPB24G-238,350.429
IPB24G-229,IPB24G-239,391.447
IPB24G-229,IPB24G-240,406.959
IPB24G-229,IPB24G-241,352.682
IPB24G-229,IPB24H-133,664.577
IPB24G-229,IPB4B-13,443.083
IPB24G-229,IPB4B-67,781.328
IPB24G-229,IPB4B-78,775.563
IPB24G-229,IPB4B-79,775.563
IPB24G-229,IPB4B-80,775.563
IPB24G-229,IPB6D-12,357.447
IPB24G-229,IPB6D-3,539.335
IPB24G-229,IPB6D-5,529.162
IPB24G-229,IPB6D-6,539.335
IPB24G-229,IPB6D-7,539.335
IPB24G-230,IPB24G-231,35.337
IPB24G-230,IPB24G-232,113.974
IPB24G-230,IPB24G-233,113.974
IPB24G-230,IPB24G-234,113.974
IPB24G-230,IPB24G-235,260.832
IPB24G-230,IPB24G-236,260.832
IPB24G-230,IPB24G-237,260.832
IPB24G-230,IPB24G-238,250.770
IPB24G-230,IPB24G-239,294.452
IPB24G-230,IPB24G-240,339.503
IPB24G-230,IPB24G-241,311.432
IPB24G-230,IPB24H-133,782.249
IPB24G-230,IPB4B-78,651.016
IPB24G-230,IPB4B-79,651.016
IPB24G-230,IPB4B-80,651.016
IPB24G-230,IPB6D-12,326.658
IPB24G-230,IPB6D-3,534.926
IPB24G-230,IPB6D-5,530.876
IPB24G-230,IPB6D-6,534.926
IPB24G-230,IPB6D-7,534.926
IPB24G-231,IPB24G-232,89.635
IPB24G-231,IPB24G-233,89.635
IPB24G-231,IPB24G-234,89.635
IPB24G-231,IPB24G-235,268.151
IPB24G-231,IPB24G-236,268.151
IPB24G-231,IPB24G-237,268.151
IPB24G-231,IPB24G-238,269.590
IPB24G-231,IPB24G-239,313.616
IPB24G-231,IPB24G-240,367.087
IPB24G-231,IPB24G-241,343.760
IPB24G-231,IPB24H-133,803.021
IPB24G-231,IPB4B-78,637.771
IPB24G-231,IPB4B-79,637.771
IPB24G-231,IPB4B-80,637.771
IPB24G-231,IPB6D-12,292.291
IPB24G-231,IPB6D-3,502.132
IPB24G-231,IPB6D-5,498.808
IPB24G-231,IPB6D-6,502.132
IPB24G-231,IPB6D-7,502.132
IPB24G-232,IPB24G-233,0.000
IPB24G-232,IPB24G-234,0.000
IPB24G-232,IPB24G-235,223.618
IPB24G-232,IPB24G-236,223.618
IPB24G-232,IPB24G-237,223.618
IPB24G-232,IPB24G-238,255.265
IPB24G-232,IPB24G-239,297.426
IPB24G-232,IPB24G-240,376.167
IPB24G-232,IPB24G-241,374.551
IPB24G-232,IPB4B-78,551.801
IPB24G-232,IPB4B-79,551.801
IPB24G-232,IPB4B-80,551.801
IPB24G-232,IPB6D-12,272.384
IPB24G-232,IPB6D-3,489.471
IPB24G-232,IPB6D-5,491.003
IPB24G-232,IPB6D-6,489.471
IPB24G-232,IPB6D-7,489.471
IPB24G-233,IPB24G-234,0.000
IPB24G-233,IPB24G-235,223.618
IPB24G-233,IPB24G-236,223.618
IPB24G-233,IPB24G-237,223.618
IPB24G-233,IPB24G-238,255.265
IPB24G-233,IPB24G-239,297.426
IPB24G-233,IPB24G-240,376.167
IPB24G-233,IPB24G-241,374.551
IPB24G-233,IPB4B-2,702.241
IPB24G-233,IPB4B-78,551.801
IPB24G-233,IPB4B-79,551.801
IPB24G-233,IPB4B-80,551.801
IPB24G-233,IPB6D-12,272.384
IPB24G-233,IPB6D-3,489.471
IPB24G-233,IPB6D-5,491.003
IPB24G-233,IPB6D-6,489.471
IPB24G-233,IPB6D-7,489.471
IPB24G-234,IPB24G-235,223.618
IPB24G-234,IPB24G-236,223.618
IPB24G-234,IPB24G-237,223.618
IPB24G-234,IPB24G-238,255.265
IPB24G-234,IPB24G-239,297.426
IPB24G-234,IPB24G-240,376.167
IPB24G-234,IPB24G-241,374.551
IPB24G-234,IPB24H-133,892.637
IPB24G-234,IPB4B-78,551.801
IPB24G-234,IPB4B-79,551.801
IPB24G-234,IPB4B-80,551.801
IPB24G-234,IPB6D-12,272.384
IPB24G-234,IPB6D-3,489.471
IPB24G-234,IPB6D-5,491.003
IPB24G-234,IPB6D-6,489.471
IPB24G-234,IPB6D-7,489.471
IPB24G-235,IPB24G-236,0.000
IPB24G-235,IPB24G-237,0.000
IPB24G-235,IPB24G-238,92.172
IPB24G-235,IPB24G-239,110.115
IPB24G-235,IPB24G-240,224.118
IPB24G-235,IPB24G-241,275.391
IPB24G-235,IPB24H-133,988.683
IPB24G-235,IPB4B-13,805.246
IPB24G-235,IPB4B-67,403.181
IPB24G-235,IPB4B-78,450.177
IPB24G-235,IPB4B-79,450.177
IPB24G-235,IPB4B-80,450.177
IPB24G-235,IPB6D-12,485.254
IPB24G-235,IPB6D-3,700.552
IPB24G-235,IPB6D-5,705.241
IPB24G-235,IPB6D-6,700.552
IPB24G-235,IPB6D-7,700.552
IPB24G-236,IPB24G-237,0.000
IPB24G-236,IPB24G-238,92.172
IPB24G-236,IPB24G-239,110.115
IPB24G-236,IPB24G-240,224.118
IPB24G-236,IPB24G-241,275.391
IPB24G-236,IPB24H-133,988.683
IPB24G-236,IPB4B-13,805.246
IPB24G-236,IPB4B-67,403.181
IPB24G-236,IPB4B-78,450.177
IPB24G-236,IPB4B-79,450.177
IPB24G-236,IPB4B-80,450.177
IPB24G-236,IPB6D-12,485.254
IPB24G-236,IPB6D-3,700.552
IPB24G-236,IPB6D-5,705.241
IPB24G-236,IPB6D-6,700.552
IPB24G-236,IPB6D-7,700.552
IPB24G-237,IPB24G-238,92.172
IPB24G-237,IPB24G-239,110.115
IPB24G-237,IPB24G-240,224.118
IPB24G-237,IPB24G-241,275.391
IPB24G-237,IPB24H-133,988.683
IPB24G-237,IPB4B-78,450.177
IPB24G-237,IPB4B-79,450.177
IPB24G-237,IPB4B-80,450.177
IPB24G-237,IPB6D-12,485.254
IPB24G-237,IPB6D-3,700.552
IPB24G-237,IPB6D-5,705.241
IPB24G-237,IPB6D-6,700.552
IPB24G-237,IPB6D-7,700.552
IPB24G-238,IPB24G-239,44.035
IPB24G-238,IPB24G-240,137.191
IPB24G-238,IPB24G-241,183.357
IPB24G-238,IPB24H-133,920.759
IPB24G-238,IPB4B-78,535.560
IPB24G-238,IPB4B-79,535.560
IPB24G-238,IPB4B-80,535.560
IPB24G-238,IPB6D-12,527.452
IPB24G-238,IPB6D-3,744.597
IPB24G-238,IPB6D-5,746.250
IPB24G-238,IPB6D-6,744.597
IPB24G-238,IPB6D-7,744.597
IPB24G-239,IPB24G-240,116.092
IPB24G-239,IPB24G-241,182.370
IPB24G-239,IPB24H-133,945.080
IPB24G-239,IPB4B-1,999.645
IPB24G-239,IPB4B-13,833.188
IPB24G-239,IPB4B-52,1558.055
IPB24G-239,IPB4B-65,530.732
IPB24G-239,IPB4B-66,415.572
IPB24G-239,IPB4B-78,531.086
IPB24G-239,IPB4B-79,531.086
IPB24G-239,IPB4B-80,531.086
IPB24G-239,IPB6D-12,569.088
IPB24G-239,IPB6D-3,786.201
IPB24G-239,IPB6D-5,788.336
IPB24G-239,IPB6D-6,786.201
IPB24G-239,IPB6D-7,786.201
IPB24G-240,IPB24G-241,91.584
IPB24G-240,IPB24H-133,881.980
IPB24G-240,IPB4B-78,639.602
IPB24G-240,IPB4B-79,639.602
IPB24G-240,IPB4B-80,639.602
IPB24G-240,IPB6D-12,646.651
IPB24G-240,IPB6D-3,862.592
IPB24G-240,IPB6D-5,861.814
IPB24G-240,IPB6D-6,862.592
IPB24G-240,IPB6D-7,862.592
IPB24G-241,IPB4B-78,713.360
IPB24G-241,IPB4B-79,713.360
IPB24G-241,IPB4B-80,713.360
IPB24G-241,IPB6D-12,634.369
IPB24G-241,IPB6D-3,845.892
IPB24G-241,IPB6D-5,842.274
IPB24G-241,IPB6D-6,845.892
IPB24G-241,IPB6D-7,845.892
IPB24H-129,IPB4B-14,513.199
IPB24H-129,IPB4B-18,959.075
IPB24H-129,IPB4B-25,815.824
IPB24H-129,IPB4B-4,885.693
IPB24H-129,IPB4B-67,1267.365
IPB24H-133,IPB4B-80,1426.071
IPB24H-133,IPB6D-12,954.827
IPB24H-133,IPB6D-3,1047.158
IPB24H-133,IPB6D-5,1024.701
IPB24H-133,IPB6D-6,1047.158
IPB24H-133,IPB6D-7,1047.158
IPB4B-1,IPB4B-13,432.604
IPB4B-1,IPB4B-16,421.279
IPB4B-1,IPB4B-17,843.209
IPB4B-1,IPB4B-18,843.209
IPB4B-1,IPB4B-25,838.767
IPB4B-13,IPB4B-14,0.000
IPB4B-13,IPB4B-15,14.944
IPB4B-13,IPB4B-16,14.944
IPB4B-13,IPB4B-17,740.715
IPB4B-13,IPB4B-18,740.715
IPB4B-13,IPB4B-25,657.464
IPB4B-13,IPB4B-43,644.221
IPB4B-13,IPB4B-63,1125.936
IPB4B-13,IPB4B-67,1204.575
IPB4B-13,IPB6D-3,491.428
IPB4B-13,IPB6D-5,465.508
IPB4B-13,IPB6D-6,491.428
IPB4B-14,IPB4B-15,14.944
IPB4B-14,IPB4B-18,740.715
IPB4B-14,IPB4B-25,657.464
IPB4B-14,IPB4B-36,432.543
IPB4B-14,IPB4B-4,499.094
IPB4B-14,IPB4B-43,644.221
IPB4B-14,IPB4B-6,495.873
IPB4B-14,IPB4B-67,1204.575
IPB4B-15,IPB4B-18,749.995
IPB4B-15,IPB4B-36,421.232
IPB4B-15,IPB4B-4,502.931
IPB4B-15,IPB4B-6,499.641
IPB4B-16,IPB4B-17,749.995
IPB4B-16,IPB4B-18,749.995
IPB4B-16,IPB4B-25,668.755
IPB4B-17,IPB4B-18,0.000
IPB4B-17,IPB4B-25,154.406
IPB4B-18,IPB4B-2,840.493
IPB4B-18,IPB4B-25,154.406
IPB4B-18,IPB4B-36,842.637
IPB4B-18,IPB4B-4,348.559
IPB4B-18,IPB4B-5,350.331
IPB4B-18,IPB4B-52,56.504
IPB4B-18,IPB4B-6,352.300
IPB4B-18,IPB4B-67,1944.493
IPB4B-18,IPB4B-68,1944.493
IPB4B-18,IPB4B-80,1847.443
IPB4B-2,IPB4B-25,835.181
IPB4B-2,IPB4B-36,5.653
IPB4B-2,IPB4B-4,494.039
IPB4B-2,IPB4B-5,491.944
IPB4B-2,IPB4B-52,862.015
IPB4B-2,IPB4B-6,490.123
IPB4B-2,IPB4B-62,840.493
IPB4B-2,IPB4B-63,1433.515
IPB4B-2,IPB4B-67,1268.523
IPB4B-2,IPB4B-68,1268.523
IPB4B-2,IPB4B-80,1086.978
IPB4B-22,IPB6D-5,1551.341
IPB4B-25,IPB4B-36,838.249
IPB4B-25,IPB4B-4,375.270
IPB4B-25,IPB4B-43,13.258
IPB4B-25,IPB4B-5,375.867
IPB4B-25,IPB4B-52,107.727
IPB4B-25,IPB4B-6,378.059
IPB4B-25,IPB4B-67,1858.520
IPB4B-25,IPB4B-68,1858.520
IPB4B-25,IPB4B-80,1784.395
IPB4B-36,IPB4B-4,495.881
IPB4B-36,IPB4B-52,864.475
IPB4B-36,IPB4B-6,491.975
IPB4B-36,IPB4B-67,1270.860
IPB4B-36,IPB4B-68,1270.860
IPB4B-36,IPB4B-80,1088.089
IPB4B-4,IPB4B-5,3.046
IPB4B-4,IPB4B-6,4.038
IPB4B-4,IPB4B-67,1663.864
IPB4B-4,IPB4B-71,1372.677
IPB4B-4,IPB4B-80,1534.970
IPB4B-43,IPB4B-57,160.347
IPB4B-5,IPB4B-6,2.193
IPB4B-5,IPB4B-83,1660.921
IPB4B-52,IPB4B-6,379.820
IPB4B-52,IPB4B-65,1851.633
IPB4B-52,IPB4B-66,1937.567
IPB4B-52,IPB4B-67,1937.567
IPB4B-52,IPB4B-68,1937.567
IPB4B-52,IPB4B-76,1851.633
IPB4B-52,IPB4B-80,1849.861
IPB4B-57,IPB4B-71,1695.646
IPB4B-6,IPB4B-67,1660.013
IPB4B-6,IPB4B-68,1660.013
IPB4B-6,IPB4B-80,1530.961
IPB4B-62,IPB4B-63,747.970
IPB4B-65,IPB4B-66,320.158
IPB4B-66,IPB4B-68,0.000
IPB4B-66,IPB4B-83,0.000
IPB4B-66,IPB6D-3,1018.738
IPB4B-67,IPB4B-68,0.000
IPB4B-67,IPB4B-80,322.439
IPB4B-67,IPB6D-3,1018.738
IPB4B-67,IPB6D-5,1030.784
IPB4B-67,IPB6D-6,1018.738
IPB4B-68,IPB4B-80,322.439
IPB4B-68,IPB4B-83,0.000
IPB4B-71,IPB4B-80,195.683
IPB4B-76,IPB4B-78,2.656
IPB4B-76,IPB4B-79,2.656
IPB4B-76,IPB4B-80,2.656
IPB4B-78,IPB4B-79,0.000
IPB4B-78,IPB4B-80,0.000
IPB4B-78,IPB6D-12,671.485
IPB4B-78,IPB6D-3,825.206
IPB4B-78,IPB6D-5,843.527
IPB4B-78,IPB6D-6,825.206
IPB4B-78,IPB6D-7,825.206
IPB4B-79,IPB4B-80,0.000
IPB4B-79,IPB6D-12,671.485
IPB4B-79,IPB6D-3,825.206
IPB4B-79,IPB6D-5,843.527
IPB4B-79,IPB6D-6,825.206
IPB4B-79,IPB6D-7,825.206
IPB4B-80,IPB6D-12,671.485
IPB4B-80,IPB6D-3,825.206
IPB4B-80,IPB6D-5,843.527
IPB4B-80,IPB6D-6,825.206
IPB4B-80,IPB6D-7,825.206
IPB6D-12,IPB6D-3,217.148
IPB6D-12,IPB6D-5,220.075
IPB6D-12,IPB6D-6,217.148
IPB6D-12,IPB6D-7,217.148
IPB6D-3,IPB6D-5,27.003
IPB6D-3,IPB6D-6,0.000
IPB6D-3,IPB6D-7,0.000
IPB6D-5,IPB6D-6,27.003
IPB6D-5,IPB6D-7,27.003
IPB6D-6,IPB6D-7,0.000
