Sample group,Shannon index,Season,Year,SampleSize (log10),latitude,longitude,Terrain,Host genus,Annual Mean Temperature (Bio1),Mean Diurnal Range (Mean of monthly max temp - min temp) (Bio2),Isothermality (BIO2/BIO7) (x100) (Bio3),Temperature Seasonality (standard deviation x100) (Bio4),Max Temperature of Warmest Month (Bio5),Min Temperature of Coldest Month (Bio6),Temperature Annual Range (BIO5-BIO6) (Bio7),Mean Temperature of Wettest Quarter (Bio8),Mean Temperature of Driest Quarter (Bio9),Mean Temperature of Warmest Quarter (Bio10),Mean Temperature of Coldest Quarter (Bio11),Annual Precipitation (Bio12),Precipitation of Wettest Month (Bio13),Precipitation of Driest Month (Bio14),Precipitation Seasonality (Coefficient of Variation) (Bio15),Precipitation of Wettest Quarter (Bio16),Precipitation of Driest Quarter (Bio17),Precipitation of Warmest Quarter (Bio18),Precipitation of Coldest Quarter (Bio19),Global Mammal Richness (GMR),Global Railway (GR),Global Linear Hydrography (GLH),Human Footprint (HFT),Fractional Vegetation Cover (FVC),Normalized Difference Vegetation Index (NDVI),China GDP Spatial Distribution (GDP),China High-Resolution Ecological Environment Quality (CHEQ),China Population Spatial Distribution (PSD),Digital Elevation Model (DEM),landuseName Forest land closed canopy,landuseName High coverage grassland,landuseName Low coverage grassland,landuseName Medium coverage grassland,landuseName Other construction land,landuseName Other forest land,landuseName Paddy field,landuseName Reservoirs and ponds,landuseName Rivers and canals,landuseName Rural residential area,landuseName Shrubland,landuseName Sparse woodland,landuseName Urban built up area
IPB24A-10,4.973499308,Autumn,2023,1.301029996,29.99,122.31,Mountain,Rhinolophus,-0.438078412,-1.276740552,-1.089741722,0.6250164897917531,0.06289705917316941,-0.178303613,0.20550551080386992,0.7261689056690863,-0.15322875,0.2475333297422575,-0.526742668,-0.462082248,-1.199275967,1.6304222613101191,-1.729539169,-1.335952904,1.6501513921402924,-1.22990748,1.3026802950339118,-2.15503564,-0.104894138,2.2772381437559943,0.8002768145137207,0.6681644173638885,0.7130464014207734,0.080084669868256,-0.017421365,0.06414457982961544,-0.657909596,0,0,0,0,0,0,0,0,0,0,0,0,1
IPB24A-11,5.429197334,Autumn,2023,1.301029996,29.99,122.31,Mountain,Rhinolophus,-0.438078412,-1.276740552,-1.089741722,0.6250164897917531,0.06289705917316941,-0.178303613,0.20550551080386992,0.7261689056690863,-0.15322875,0.2475333297422575,-0.526742668,-0.462082248,-1.199275967,1.6304222613101191,-1.729539169,-1.335952904,1.6501513921402924,-1.22990748,1.3026802950339118,-2.15503564,-0.104894138,2.2772381437559943,0.8002768145137207,0.6681644173638885,0.7130464014207734,0.080084669868256,-0.017421365,0.06414457982961544,-0.657909596,0,0,0,0,0,0,0,0,0,0,0,0,1
IPB24A-12,5.965269974,Autumn,2023,1.301029996,29.99,122.31,Mountain,Rhinolophus,-0.438078412,-1.276740552,-1.089741722,0.6250164897917531,0.06289705917316941,-0.178303613,0.20550551080386992,0.7261689056690863,-0.15322875,0.2475333297422575,-0.526742668,-0.462082248,-1.199275967,1.6304222613101191,-1.729539169,-1.335952904,1.6501513921402924,-1.22990748,1.3026802950339118,-2.15503564,-0.104894138,2.2772381437559943,0.8002768145137207,0.6681644173638885,0.7130464014207734,0.080084669868256,-0.017421365,0.06414457982961544,-0.657909596,0,0,0,0,0,0,0,0,0,0,0,0,1
IPB24A-13,5.088629625,Autumn,2023,0.954242509,30.07,122.14,Mountain,Myotis,-0.561177435,-1.113633909,-1.043379874,0.693937257137878,0.06289705917316941,-0.350021964,0.36310175482121365,0.6436492313083649,-0.272227903,0.17407905453019057,-0.653797783,-0.415023378,-1.167730831,1.5367198324991929,-1.630376903,-1.24235354,1.5506194340587531,-1.13257367,1.2172050781015884,-2.118814659,-0.340383968,1.9577364013027536,-0.095047366,-0.472480453,0.550586904426815,0.025122412512748455,0.5421632141119818,-0.003874903,-0.608100542,1,0,0,0,0,0,0,0,0,0,0,0,0
IPB24A-14,4.496898555,Autumn,2023,1.361727836,30.07,122.2,Mountain,Rhinolophus,-0.481613502,-1.233565193,-1.105329771,0.6817302935160424,0.09672076451246811,-0.276428385,0.31807470680552696,0.7198211505203334,-0.221743578,0.24188292264495012,-0.594240661,-0.488973031,-1.215048535,1.6304222613101191,-1.69325842,-1.324941214,1.575502423579138,-1.218456443,1.25994268656775,-2.118814659,-0.240456481,2.0097554298865927,0.6431705490339672,-0.472480453,0.7259569809015753,-0.041626241,0.7976548447481313,-0.089952657,-0.671376168,1,0,0,0,0,0,0,0,0,0,0,0,0
IPB24A-15,4.93418372,Autumn,2023,1.342422681,30.07,122.2,Mountain,Rhinolophus,-0.481613502,-1.233565193,-1.105329771,0.6817302935160424,0.09672076451246811,-0.276428385,0.31807470680552696,0.7198211505203334,-0.221743578,0.24188292264495012,-0.594240661,-0.488973031,-1.215048535,1.6304222613101191,-1.69325842,-1.324941214,1.575502423579138,-1.218456443,1.25994268656775,-2.118814659,-0.240456481,2.0097554298865927,0.6431705490339672,-0.472480453,0.7259569809015753,-0.041626241,0.7976548447481313,-0.089952657,-0.671376168,1,0,0,0,0,0,0,0,0,0,0,0,0
IPB24A-17,3.87314068,Autumn,2023,1.255272505,30.08,122.13,Mountain,Rhinolophus,-0.570184285,-1.16160655,-1.075169556,0.6889111667436535,0.06289705917316941,-0.350021964,0.36310175482121365,0.6309544827262407,-0.279439888,0.16277891837086506,-0.653797783,-0.448636857,-1.199275967,1.5367198324991929,-1.659046167,-1.280894454,1.575502423579138,-1.172652297,1.2172050781015884,-2.118814659,-0.334387484,1.9130021760446114,-0.03300026,-1.042802888,1.1292263596092131,-0.015229625,1.1760814388668057,-0.056243886,-0.602057849,1,0,0,0,0,0,0,0,0,0,0,0,0
IPB24A-18,4.418295834,Autumn,2023,1.176091259,30.07,122.14,Mountain,Rhinolophus,-0.561177435,-1.113633909,-1.043379874,0.693937257137878,0.06289705917316941,-0.350021964,0.36310175482121365,0.6436492313083649,-0.272227903,0.17407905453019057,-0.653797783,-0.415023378,-1.167730831,1.5367198324991929,-1.630376903,-1.24235354,1.5506194340587531,-1.13257367,1.2172050781015884,-2.118814659,-0.340383968,1.9577364013027536,-0.095047366,-0.472480453,0.550586904426815,0.025122412512748455,0.5421632141119818,-0.003874903,-0.608100542,1,0,0,0,0,0,0,0,0,0,0,0,0
IPB24A-19,4.235926351,Autumn,2023,1.176091259,30.07,122.14,Mountain,Rhinolophus,-0.561177435,-1.113633909,-1.043379874,0.693937257137878,0.06289705917316941,-0.350021964,0.36310175482121365,0.6436492313083649,-0.272227903,0.17407905453019057,-0.653797783,-0.415023378,-1.167730831,1.5367198324991929,-1.630376903,-1.24235354,1.5506194340587531,-1.13257367,1.2172050781015884,-2.118814659,-0.340383968,1.9577364013027536,-0.095047366,-0.472480453,0.550586904426815,0.025122412512748455,0.5421632141119818,-0.003874903,-0.608100542,1,0,0,0,0,0,0,0,0,0,0,0,0
IPB24A-2,6.963676637,Autumn,2023,1.204119983,30.06,122.15,Mountain,Rhinolophus,-0.414059424,-1.104039807,-1.037022044,0.7043693084562249,0.1981918805303666,-0.251897192,0.36310175482121365,0.8086878183144248,-0.192895423,0.32098692691903397,-0.566447329,-0.438552813,-1.199275967,1.6304222613101191,-1.673669019,-1.264376919,1.6252684026199076,-1.155475743,1.281311490800831,-2.118814659,-0.322702926,1.9847245531975408,0.7894093522464357,-0.472480453,1.1292263596092131,0.05692112730443078,0.1467047065377026,0.03705717499428198,-0.740003894,1,0,0,0,0,0,0,0,0,0,0,0,0
IPB24A-20,3.9677201,Autumn,2023,1.230448921,30.04,122.2,Mountain,Rhinolophus,-0.62572887,-1.166403773,-1.060505097,0.6698077944398105,-0.038574057,-0.374553157,0.31807425653054355,0.5611303186630264,-0.301076275,0.10062545735341408,-0.681591186,-0.408300683,-1.151958263,1.6304222613101191,-1.659915816,-1.269882764,1.6003854130995228,-1.161201261,1.25994268656775,-2.118814659,-0.267411526,2.0529176930006843,0.1704873889787474,-0.472480453,1.1292263596092131,-0.041298841,1.3475967105255102,-0.089952657,-0.545860806,1,0,0,0,0,0,0,0,0,0,0,0,0
IPB24A-21,4.548688113,Autumn,2023,1.204119983,30.04,122.2,Mountain,Rhinolophus,-0.62572887,-1.166403773,-1.060505097,0.6698077944398105,-0.038574057,-0.374553157,0.31807425653054355,0.5611303186630264,-0.301076275,0.10062545735341408,-0.681591186,-0.408300683,-1.151958263,1.6304222613101191,-1.659915816,-1.269882764,1.6003854130995228,-1.161201261,1.25994268656775,-2.118814659,-0.267411526,2.0529176930006843,0.1704873889787474,-0.472480453,1.1292263596092131,-0.041298841,1.3475967105255102,-0.089952657,-0.545860806,1,0,0,0,0,0,0,0,0,0,0,0,0
IPB24A-27,5.112199975,Summer,2023,0.903089987,22.83,112.8,Mountain,Nyctalus,1.5990521113900698,-0.926541666,-0.245558312,-0.477017003,0.8070185766377551,1.5879422800661414,-0.920181946,1.2784125587375912,1.3108184228583688,1.0498748647130098,1.3036463865591494,1.5580878100565936,1.0404286822365754,0.9745052596336344,0.09933005023730074,1.0811130345232332,0.48065088468220646,1.0717508532435154,0.576140951109163,-0.199102704,-0.286848288,-0.753743528,0.5407758536354896,0.09784198220882431,-0.421819772,0.025490737394505393,-0.939183708,-0.177234294,-0.76736866,1,0,0,0,0,0,0,0,0,0,0,0,0
IPB24A-28,3.98418372,Spring,2023,0.903089987,23.31,114.4,Mountain,Rhinolophus,0.9024942631305718,-0.811407951,-0.14984892,-0.538120153,0.09672076451246811,1.0727872278633677,-0.920181496,0.48495878030875017,0.9321856565503517,0.3548890304852373,0.8827759753472556,1.7496846375370319,1.2770172014757912,0.5996955443899288,0.11602373429527278,1.202241623691507,0.3811189266006672,1.2778695099334458,0.9180418188384565,-0.162881724,-0.73478814,-0.787158327,-1.193539362,-0.472480453,0.6315702324754636,-0.242608852,2.303005648513916,-0.234418816,-0.248905615,1,0,0,0,0,0,0,0,0,0,0,0,0
IPB24A-29,4.31990258,Summer,2023,1.041392685,23.34,114.46,Mountain,Hypsugo,1.5239921444100002,-0.581139945,-0.082879627,-0.458739589,0.7731948712984577,1.3671615434078097,-0.740071953,1.1768499997883004,1.2531221125974523,0.9877214036955576,1.240118709896461,1.4606087223911075,1.1350640899322617,0.5059931155790024,0.10240318217871548,1.037066274825679,0.3562359370802824,0.991593597864098,0.8539354061392139,-0.235323684,-0.802749658,-0.930395108,0.275074555494835,-1.042802888,1.1292263596092131,-0.239089303,-0.013253108,-0.224185796,-0.759167862,0,0,0,1,0,0,0,0,0,0,0,0,0
IPB24A-31,7.88514817,Summer,2023,1.230448921,23.12,115.21,Mountain,Myotis,1.313823660404336,-0.955324893,-0.115373686,-0.620099163,0.2996629965482651,1.4652863152559572,-1.145319438,1.202241020383315,1.2278800579939404,0.6713053865992198,1.2083549906793614,0.9799359797647452,0.4252985322146141,0.13118340033529682,0.001954056879128945,0.5910928328879435,0.0825230523560495,0.7740239046913936,0.5120345384099204,-0.271544665,0.38725241270107574,0.3751331838850514,-0.607862012,0.09784198220882431,1.1292263596092131,-0.241667577,-0.004192581,-0.262108163,-0.625106406,0,0,0,0,0,0,1,0,0,0,0,0,0
IPB24A-32,8.288572784,Summer,2023,1.230448921,23.12,115.21,Mountain,Myotis,1.313823660404336,-0.955324893,-0.115373686,-0.620099163,0.2996629965482651,1.4652863152559572,-1.145319438,1.202241020383315,1.2278800579939404,0.6713053865992198,1.2083549906793614,0.9799359797647452,0.4252985322146141,0.13118340033529682,0.001954056879128945,0.5910928328879435,0.0825230523560495,0.7740239046913936,0.5120345384099204,-0.271544665,0.38725241270107574,0.3751331838850514,-0.607862012,0.09784198220882431,1.1292263596092131,-0.241667577,-0.004192581,-0.262108163,-0.625106406,0,0,0,0,0,0,1,0,0,0,0,0,0
IPB24A-33,4.664497779,Spring,2023,1.230448921,23.31,114.4,Mountain,Rhinolophus,0.9024942631305718,-0.811407951,-0.14984892,-0.538120153,0.09672076451246811,1.0727872278633677,-0.920181496,0.48495878030875017,0.9321856565503517,0.3548890304852373,0.8827759753472556,1.7496846375370319,1.2770172014757912,0.5996955443899288,0.11602373429527278,1.202241623691507,0.3811189266006672,1.2778695099334458,0.9180418188384565,-0.162881724,-0.73478814,-0.787158327,-1.193539362,-0.472480453,0.6315702324754636,-0.242608852,2.303005648513916,-0.234418816,-0.248905615,1,0,0,0,0,0,0,0,0,0,0,0,0
IPB24A-34,5.56385619,Spring,2023,1.230448921,23.31,114.4,Mountain,Rhinolophus,0.9024942631305718,-0.811407951,-0.14984892,-0.538120153,0.09672076451246811,1.0727872278633677,-0.920181496,0.48495878030875017,0.9321856565503517,0.3548890304852373,0.8827759753472556,1.7496846375370319,1.2770172014757912,0.5996955443899288,0.11602373429527278,1.202241623691507,0.3811189266006672,1.2778695099334458,0.9180418188384565,-0.162881724,-0.73478814,-0.787158327,-1.193539362,-0.472480453,0.6315702324754636,-0.242608852,2.303005648513916,-0.234418816,-0.248905615,1,0,0,0,0,0,0,0,0,0,0,0,0
IPB24A-35,4.639279277,Spring,2023,1.230448921,23.31,114.4,Mountain,Rhinolophus,0.9024942631305718,-0.811407951,-0.14984892,-0.538120153,0.09672076451246811,1.0727872278633677,-0.920181496,0.48495878030875017,0.9321856565503517,0.3548890304852373,0.8827759753472556,1.7496846375370319,1.2770172014757912,0.5996955443899288,0.11602373429527278,1.202241623691507,0.3811189266006672,1.2778695099334458,0.9180418188384565,-0.162881724,-0.73478814,-0.787158327,-1.193539362,-0.472480453,0.6315702324754636,-0.242608852,2.303005648513916,-0.234418816,-0.248905615,1,0,0,0,0,0,0,0,0,0,0,0,0
IPB24A-36,6.88155701,Spring,2023,1.146128036,24.56,115.88,Hill,Tylonycteris,1.036101458318502,0.17202642626441386,0.06728524750193475,-0.201687194,0.9423133979949547,0.7784129123189255,-0.087173228,-0.079980002,0.8384289901050838,0.7843114944395069,0.7835140252296464,0.5900196291028009,0.10984717322899289,0.412290686768076,-0.52538854,0.14511939095020793,0.6797148008452849,-0.388256298,1.281311490800831,-0.090439763,-0.156508041,-0.347228997,0.5041547154900823,0.09784198220882431,-0.609792068,-0.289263337,-0.412900714,-0.349991743,-0.52427976,1,0,0,0,0,0,0,0,0,0,0,0,0
IPB24A-37,4.412087069,Spring,2023,1,24.43,112.18,Mountain,Rhinolophus,-0.517642344,-0.657896043,-0.416151723,-0.035734673,-0.681224458,-0.178303613,-0.289797196,-1.603410769,-0.131592795,-0.554808544,-0.340130311,1.0438015889248913,0.8669304347944837,1.4430174036882664,-0.277488304,0.7177272670184116,0.9036617065287482,0.0010789421041542805,1.665949966996286,0.12688611849420176,0.8033792209302779,1.5094939583321838,-1.674086022,-0.472480453,0.5442145436556646,-0.297243709,1.984039451068981,-0.380690802,0.4798431396305274,1,0,0,0,0,0,0,0,0,0,0,0,0
IPB24A-38,4.413607347,Spring,2023,0.477121255,24.43,112.18,Mountain,Rhinolophus,-0.517642344,-0.657896043,-0.416151723,-0.035734673,-0.681224458,-0.178303613,-0.289797196,-1.603410769,-0.131592795,-0.554808544,-0.340130311,1.0438015889248913,0.8669304347944837,1.4430174036882664,-0.277488304,0.7177272670184116,0.9036617065287482,0.0010789421041542805,1.665949966996286,0.12688611849420176,0.8033792209302779,1.5094939583321838,-1.674086022,-0.472480453,0.5442145436556646,-0.297243709,1.984039451068981,-0.380690802,0.4798431396305274,1,0,0,0,0,0,0,0,0,0,0,0,0
IPB24A-39,6.003666985,Spring,2023,1.322219295,24.43,112.18,Mountain,Rhinolophus,-0.517642344,-0.657896043,-0.416151723,-0.035734673,-0.681224458,-0.178303613,-0.289797196,-1.603410769,-0.131592795,-0.554808544,-0.340130311,1.0438015889248913,0.8669304347944837,1.4430174036882664,-0.277488304,0.7177272670184116,0.9036617065287482,0.0010789421041542805,1.665949966996286,0.12688611849420176,0.8033792209302779,1.5094939583321838,-1.674086022,-0.472480453,0.5442145436556646,-0.297243709,1.984039451068981,-0.380690802,0.4798431396305274,1,0,0,0,0,0,0,0,0,0,0,0,0
IPB24A-4,5.709067383,Autumn,2023,1.113943352,30.07,122.14,Mountain,Rhinolophus,-0.561177435,-1.113633909,-1.043379874,0.693937257137878,0.06289705917316941,-0.350021964,0.36310175482121365,0.6436492313083649,-0.272227903,0.17407905453019057,-0.653797783,-0.415023378,-1.167730831,1.5367198324991929,-1.630376903,-1.24235354,1.5506194340587531,-1.13257367,1.2172050781015884,-2.118814659,-0.340383968,1.9577364013027536,-0.095047366,-0.472480453,0.550586904426815,0.025122412512748455,0.5421632141119818,-0.003874903,-0.608100542,1,0,0,0,0,0,0,0,0,0,0,0,0
IPB24A-40,4.953263142,Spring,2023,1.342422681,25.3,113.02,Hill,Nyctalus,0.53620127839095,-0.168577437,-0.493694495,0.467315812687644,1.111431924691452,0.2387266671541151,0.5206982239760483,-0.314842372,0.2506460713831486,0.9029669923241651,0.09662195933900382,0.045481277316292444,-0.110968778,0.6933979732008553,-0.42063429,-0.014550113,0.48065088468220646,-0.766140502,0.7043537765076481,0.27177003963703555,-0.78242686,0.7105167124597898,0.9814702959753633,0.09784198220882431,-0.182918182,-0.29495191,-0.814425672,-0.349991743,-0.563470939,0,0,0,0,0,0,1,0,0,0,0,0,0
IPB24A-41,8.385041728,Spring,2023,1.204119983,25.05,113.77,Mesa,Hipposideros,0.797410381416158,-0.25492781,-0.395323028,0.2561855152634669,1.077608219352152,0.557632175660594,0.20550506052888734,-0.130760901,0.5030681319501975,0.9651197753063256,0.39043725545401003,0.3950614537718287,0.17293744502611713,0.7871004020117817,-0.268819716,0.3158005847782302,0.5055338742025912,-0.594374955,1.281311490800831,0.0906651382084933,-0.360503207,-0.882780636,0.19897600305512486,0.09784198220882431,0.3502599411265576,-0.292291786,-0.073020062,-0.382496629,-0.640558435,1,0,0,0,0,0,0,0,0,0,0,0,0
IPB24A-42,4.542543824,Summer,2023,0.77815125,22.55,114.15,Mountain,Cynopterus,1.8302372996809335,-1.185592553,-0.172978658,-0.723417346,0.6717237552805579,1.955910174496694,-1.34794318,1.6656176248000363,1.592088854917581,1.083776629261566,1.6093728689306395,2.1295169446473743,1.9079199194470338,-0.149923886,0.7533541996240646,2.0611534377938123,-0.265838801,2.3027372751417112,-0.23587361,-0.235323684,-0.74557136,0.12104334874419223,0.5445239605200618,1.8088092876740172,-0.304911841,11.092507534558363,-0.744286809,10.53493140451018,-0.761498615,0,0,0,0,0,0,0,0,0,1,0,0,0
IPB24A-43,4.680813428,Summer,2023,1.041392685,22.56,114.23,Mountain,Rhinolophus,1.6876228940438576,-1.382279359,-0.303876236,-0.714566043,0.5026052285840609,1.90684778857262,-1.415484428,1.5132745480914835,1.5163622583836363,0.9481695710673386,1.5140814730508514,2.200105249508588,1.8921473514977527,0.037480971524370424,0.7101286927610456,2.072165127718201,-0.191189832,2.314188311624485,-0.129029589,-0.452649566,-0.623697099,0.12954617447057554,0.5445239605200618,1.8088092876740172,-0.006916981,4.596770844879864,-0.752696772,1.9090978202806608,-0.774965188,1,0,0,0,0,0,0,0,0,0,0,0,0
IPB24A-44,4.889680181,Summer,2023,0.301029996,23.15,112.52,Mountain,Rhinolophus,1.2087397786899223,-0.80181333,-0.187145091,-0.449778853,0.5026052285840609,1.293567964521699,-0.852640699,0.8848593566687011,1.0764266485643474,0.699556405032824,1.0296836234047588,1.3496842433234855,1.0404286822365754,0.9745052596336344,0.014387001406048842,0.8553733910732683,0.45576789516182165,0.7339452770016849,0.8325666019061331,-0.235323684,-0.793917687,-0.906703713,-0.413655084,-0.472480453,0.8971065284450117,-0.230126731,1.8758970990854775,-0.237428527,-0.495792779,1,0,0,0,0,0,0,0,0,0,0,0,0
IPB24A-45,5.882643049,Summer,2023,1.322219295,23.13,112.55,Plain,Myotis,1.4219105460824957,-0.811407951,-0.18009339,-0.452266113,0.7055474606198578,1.4652863152559572,-0.875154448,1.1070265974404692,1.2098497717209125,0.9029676703594568,1.1765910332337723,1.2858186341633395,0.9773384104394511,0.9745052596336344,0.0014568527447106191,0.8168324763379083,0.48065088468220646,0.6938666493119762,0.7470913849738098,-0.199102704,-0.771591042,-0.980810757,0.9323726070668464,-0.472480453,-0.344661157,-0.190552268,-0.339857552,-0.141719697,-0.634774714,0,0,0,0,0,0,1,0,0,0,0,0,0
IPB24A-5,5.559733603,Autumn,2023,1.380211242,30.04,122.2,Mountain,Rhinolophus,-0.62572887,-1.166403773,-1.060505097,0.6698077944398105,-0.038574057,-0.374553157,0.31807425653054355,0.5611303186630264,-0.301076275,0.10062545735341408,-0.681591186,-0.408300683,-1.151958263,1.6304222613101191,-1.659915816,-1.269882764,1.6003854130995228,-1.161201261,1.25994268656775,-2.118814659,-0.267411526,2.0529176930006843,0.1704873889787474,-0.472480453,1.1292263596092131,-0.041298841,1.3475967105255102,-0.089952657,-0.545860806,1,0,0,0,0,0,0,0,0,0,0,0,0
IPB24A-6,5.261098725,Autumn,2023,1.380211242,30.04,122.2,Mountain,Rhinolophus,-0.62572887,-1.166403773,-1.060505097,0.6698077944398105,-0.038574057,-0.374553157,0.31807425653054355,0.5611303186630264,-0.301076275,0.10062545735341408,-0.681591186,-0.408300683,-1.151958263,1.6304222613101191,-1.659915816,-1.269882764,1.6003854130995228,-1.161201261,1.25994268656775,-2.118814659,-0.267411526,2.0529176930006843,0.1704873889787474,-0.472480453,1.1292263596092131,-0.041298841,1.3475967105255102,-0.089952657,-0.545860806,1,0,0,0,0,0,0,0,0,0,0,0,0
IPB24A-7,6.673347539,Autumn,2023,1.361727836,30.07,122.07,Mountain,Rhinolophus,-0.738319,-1.19039018,-1.076514101,0.6653497048623519,-0.140045173,-0.448146736,0.31807425653054355,0.4341778816917962,-0.36959067,-0.012380311,-0.753059638,-0.391493943,-1.151958263,1.5367198324991929,-1.609077246,-1.236847695,1.5506194340587531,-1.126848151,1.2172050781015884,-2.118814659,-0.417886997,1.902000203973179,-0.61459899,-0.472480453,1.0859215926714,0.10750441106571695,1.098538162020213,0.10266888892875635,-0.47144936,0,0,0,0,0,0,0,0,0,0,0,0,0
IPB24A-8,7.448901496,Autumn,2023,1.361727836,30.07,122.07,Mountain,Rhinolophus,-0.738319,-1.19039018,-1.076514101,0.6653497048623519,-0.140045173,-0.448146736,0.31807425653054355,0.4341778816917962,-0.36959067,-0.012380311,-0.753059638,-0.391493943,-1.151958263,1.5367198324991929,-1.609077246,-1.236847695,1.5506194340587531,-1.126848151,1.2172050781015884,-2.118814659,-0.417886997,1.902000203973179,-0.61459899,-0.472480453,1.0859215926714,0.10750441106571695,1.098538162020213,0.10266888892875635,-0.47144936,0,0,0,0,0,0,0,0,0,0,0,0,0
IPB24A-9,5.208411152,Autumn,2023,0.77815125,29.89,122.42,Plain,Rhinolophus,0.8577586193677458,-1.422576591,-0.699933771,-0.142749028,0.3537809250911442,1.0825997050481824,-0.758082863,1.2466742400230537,0.8304954824011199,0.7108572870309686,0.6826640297059909,0.7096836125818111,0.15716487707683607,0.5996955443899288,-0.400638527,0.197975502587273,0.5503232553392838,0.3652219022563649,0.4180117997843646,-2.19125662,0.06294164557929481,2.598032629299731,0.12331548381875515,3.5197765931392095,0.3795927200887972,0.1809811324775399,-0.752696772,0.11085530461232382,-0.736378278,1,0,0,0,0,0,0,0,0,0,0,0,0
IPB24B-1,6.633580832,Summer,2023,1.301029996,22.36,113.49,Mountain,Hypsugo,1.746170122251718,-1.444644247,-0.423620198,-0.626073331,0.6379000499412593,1.90684778857262,-1.325429881,1.659270250508974,1.4983319721106083,1.0781265611819033,1.502170048565878,1.978256291373344,1.3401074732729155,0.5059931155790024,0.5167355412676772,1.6096741508938828,0.0825230523560495,1.8332447793479807,0.1273960622144652,-0.271544665,0.25358113478457683,-0.67948376,1.0139868177683484,0.09784198220882431,-0.810350533,2.0621636335629256,-0.821825071,1.6267868676635189,-0.786532629,0,0,0,0,0,0,0,0,0,0,0,0,0
IPB24B-10,5.56385619,Summer,2023,1.342422681,31.35,118.45,Plain,Pipistrellus,-0.597206277,-0.134996353,-0.849482318,1.3166926512769053,0.7055474606198578,-1.036895367,1.421247964651945,0.23740128065735047,-1.231431495,0.6035015184844602,-1.114372903,-0.781410294,-0.962687447,0.22488582914622324,-0.945369138,-0.956049601,0.530416863722976,-0.874925349,0.23424008337986943,-0.561312507,-0.71091269,-0.799178161,1.3304592440470617,-1.042802888,-1.213267,-0.100803772,-0.715850857,0.006960058510578146,-0.784374524,0,0,0,0,1,0,0,0,0,0,0,0,0
IPB24B-11,7.006119814,Summer,2023,1.414973348,31.35,118.45,Plain,Pipistrellus,-0.597206277,-0.134996353,-0.849482318,1.3166926512769053,0.7055474606198578,-1.036895367,1.421247964651945,0.23740128065735047,-1.231431495,0.6035015184844602,-1.114372903,-0.781410294,-0.962687447,0.22488582914622324,-0.945369138,-0.956049601,0.530416863722976,-0.874925349,0.23424008337986943,-0.561312507,-0.71091269,-0.799178161,1.3304592440470617,-1.042802888,-1.213267,-0.100803772,-0.715850857,0.006960058510578146,-0.784374524,0,0,0,0,1,0,0,0,0,0,0,0,0
IPB24B-12,5.435812887,Summer,2023,1.414973348,31.35,118.45,Plain,Pipistrellus,-0.597206277,-0.134996353,-0.849482318,1.3166926512769053,0.7055474606198578,-1.036895367,1.421247964651945,0.23740128065735047,-1.231431495,0.6035015184844602,-1.114372903,-0.781410294,-0.962687447,0.22488582914622324,-0.945369138,-0.956049601,0.530416863722976,-0.874925349,0.23424008337986943,-0.561312507,-0.71091269,-0.799178161,1.3304592440470617,-1.042802888,-1.213267,-0.100803772,-0.715850857,0.006960058510578146,-0.784374524,0,0,0,0,1,0,0,0,0,0,0,0,0
IPB24B-13,4.146286371,Autumn,2023,0.301029996,30.07,122.14,Mountain,Miniopterus,-0.561177435,-1.113633909,-1.043379874,0.693937257137878,0.06289705917316941,-0.350021964,0.36310175482121365,0.6436492313083649,-0.272227903,0.17407905453019057,-0.653797783,-0.415023378,-1.167730831,1.5367198324991929,-1.630376903,-1.24235354,1.5506194340587531,-1.13257367,1.2172050781015884,-2.118814659,-0.340383968,1.9577364013027536,-0.095047366,-0.472480453,0.550586904426815,0.025122412512748455,0.5421632141119818,-0.003874903,-0.608100542,1,0,0,0,0,0,0,0,0,0,0,0,0
IPB24B-14,4.636564138,Spring,2023,0.698970004,23.68,106.98,Plain,Pipistrellus,1.8332395830678427,-0.063037709,0.2668537284749396,-0.435006139,1.246726746048649,1.6124734730281782,-0.650017407,1.938565383331066,1.0692146638721591,1.3267390491811275,1.4187900771710635,0.07237206012056446,0.2991179886203656,-0.243626315,0.8126019913367498,0.5745752980013606,-0.29072179,0.7568473499672327,-0.470930456,0.8150847439226624,-0.749992461,-0.964916243,0.38880221548310623,-1.042802888,-1.885696444,-0.289140562,-0.387062782,-0.366244186,-0.643061836,0,0,0,0,0,0,1,0,0,0,0,0,0
IPB24B-15,4.221928095,Summer,2023,0.602059991,22.36,106.8,Plain,Tylonycteris,1.7942084578843527,-0.27411659,0.367055974991056,-0.671624583,0.9084896926556548,1.7596606308003993,-1.010237393,1.6402269850627138,1.1701833150096153,1.06117533988998,1.5299632135451566,-0.347796421,-0.331784729,-0.712138459,0.4451141538390366,-0.058596873,-0.589317665,0.09841275220773256,-0.727356107,0.8150847439226624,-0.438998186,1.7647333048972753,0.11982818629594957,-1.042802888,-0.981379699,-0.297612034,-0.114705975,-0.376477205,-0.617078257,0,0,0,0,0,1,0,0,0,0,0,0,0
IPB24B-2,3.664497779,Summer,2023,0.954242509,22.36,113.49,Mountain,Pipistrellus,1.746170122251718,-1.444644247,-0.423620198,-0.626073331,0.6379000499412593,1.90684778857262,-1.325429881,1.659270250508974,1.4983319721106083,1.0781265611819033,1.502170048565878,1.978256291373344,1.3401074732729155,0.5059931155790024,0.5167355412676772,1.6096741508938828,0.0825230523560495,1.8332447793479807,0.1273960622144652,-0.271544665,0.25358113478457683,-0.67948376,1.0139868177683484,0.09784198220882431,-0.810350533,2.0621636335629256,-0.821825071,1.6267868676635189,-0.786532629,0,0,0,0,0,0,0,0,0,0,0,0,0
IPB24B-3,4.801307266,Summer,2023,1.505149978,22.42,113.65,Plain,Hipposideros,1.5960494677147437,-1.828423297,-0.657520807,-0.648613175,0.4011341125661636,1.9313789815346574,-1.505539424,1.487884289211852,1.4442415460149338,0.9255686207133971,1.4187900771710635,1.4572473745405736,0.930020706591608,0.13118340033529682,0.4774308441503517,1.2077474686537013,-0.141423853,1.4152819477267329,-0.129029589,-2.046372699,-0.01940117,-0.6370237,0.49271017121016436,0.09784198220882431,0.9911849169197047,0.06653849921697305,-0.752696772,-0.049140967,-0.72714159,1,0,0,0,0,0,0,0,0,0,0,0,0
IPB24B-5,7.298034371,Spring,2023,1.447158031,31.35,118.45,Plain,Eptesicus,-0.597206277,-0.134996353,-0.849482318,1.3166926512769053,0.7055474606198578,-1.036895367,1.421247964651945,0.23740128065735047,-1.231431495,0.6035015184844602,-1.114372903,-0.781410294,-0.962687447,0.22488582914622324,-0.945369138,-0.956049601,0.530416863722976,-0.874925349,0.23424008337986943,-0.561312507,-0.71091269,-0.799178161,1.3304592440470617,-1.042802888,-1.213267,-0.100803772,-0.715850857,0.006960058510578146,-0.784374524,0,0,0,0,1,0,0,0,0,0,0,0,0
IPB24B-6,4.201841232,Spring,2023,1.113943352,31.36,118.46,Plain,Eptesicus,-0.60921577,-0.125402251,-0.844035323,1.3186079908751147,0.7055474606198578,-1.036895367,1.421247964651945,0.23105390636628834,-1.235037488,0.59220104330749,-1.118343338,-0.798217033,-0.962687447,0.22488582914622324,-0.94836095,-0.967061291,0.5055338742025912,-0.892101904,0.21287127914678858,-0.597533487,-0.688113343,-0.767917854,1.3304592440470617,1.8088092876740172,-1.883941149,-0.097816248,-1.0062006,0.01358142413699299,-0.785237766,0,0,0,0,0,0,1,0,0,0,0,0,0
IPB24B-8,6.864376179,Summer,2023,1.361727836,31.35,118.43,Plain,Eptesicus,-0.579191495,-0.163780386,-0.865822768,1.3195400815562681,0.7393711659591578,-1.012364174,1.421247964651945,0.26279153953698203,-1.220613367,0.6204527397763847,-1.102461431,-0.77132625,-0.962687447,0.3185882579571496,-0.949535551,-0.950543757,0.5552998532433608,-0.863474312,0.2556088876129503,-0.561312507,-0.732837459,-0.83013438,1.3304592440470617,1.8088092876740172,-0.372412523,-0.068759507,-0.97959123,0.07437759943407475,-0.785842035,0,0,0,0,1,0,0,0,0,0,0,0,0
IPB24B-9,5.592759956,Summer,2023,1.361727836,31.35,118.45,Plain,Pipistrellus,-0.597206277,-0.134996353,-0.849482318,1.3166926512769053,0.7055474606198578,-1.036895367,1.421247964651945,0.23740128065735047,-1.231431495,0.6035015184844602,-1.114372903,-0.781410294,-0.962687447,0.22488582914622324,-0.945369138,-0.956049601,0.530416863722976,-0.874925349,0.23424008337986943,-0.561312507,-0.71091269,-0.799178161,1.3304592440470617,-1.042802888,-1.213267,-0.100803772,-0.715850857,0.006960058510578146,-0.784374524,0,0,0,0,1,0,0,0,0,0,0,0,0
IPB24C-100,6.162430053,Summer,2023,1.414973348,31.35,118.43,Plain,Pipistrellus,-0.579191495,-0.163780386,-0.865822768,1.3195400815562681,0.7393711659591578,-1.012364174,1.421247964651945,0.26279153953698203,-1.220613367,0.6204527397763847,-1.102461431,-0.77132625,-0.962687447,0.3185882579571496,-0.949535551,-0.950543757,0.5552998532433608,-0.863474312,0.2556088876129503,-0.561312507,-0.732837459,-0.83013438,1.3304592440470617,1.8088092876740172,-0.372412523,-0.068759507,-0.97959123,0.07437759943407475,-0.785842035,0,0,0,0,1,0,0,0,0,0,0,0,0
IPB24C-102,7.200500809,Spring,2023,1.491361694,31.31,118.51,Plain,Myotis,-0.606213487,-0.250130183,-0.890358902,1.2826774267694798,0.6379000499412593,-1.012364174,1.3537067172159414,0.20566326662896595,-0.762647839,0.5639493468385953,-1.098491043,-0.784771642,-0.962687447,0.22488582914622324,-0.985593995,-0.972567136,0.530416863722976,-0.909278458,0.2556088876129503,-0.597533487,-0.611998474,-0.667855291,0.07134845652285661,-1.042802888,0.4933443088407117,-0.103586671,0.09270238198977922,0.0015425775435114546,-0.785928359,0,0,0,0,0,0,1,0,0,0,0,0,0
IPB24C-103,6.749858621,Spring,2023,1.477121255,31.31,118.51,Plain,Myotis,-0.606213487,-0.250130183,-0.890358902,1.2826774267694798,0.6379000499412593,-1.012364174,1.3537067172159414,0.20566326662896595,-0.762647839,0.5639493468385953,-1.098491043,-0.784771642,-0.962687447,0.22488582914622324,-0.985593995,-0.972567136,0.530416863722976,-0.909278458,0.2556088876129503,-0.597533487,-0.611998474,-0.667855291,0.07134845652285661,-1.042802888,0.4933443088407117,-0.103586671,0.09270238198977922,0.0015425775435114546,-0.785928359,0,0,0,0,0,0,1,0,0,0,0,0,0
IPB24C-104,7.253593198,Spring,2023,1.477121255,31.31,118.51,Plain,Myotis,-0.606213487,-0.250130183,-0.890358902,1.2826774267694798,0.6379000499412593,-1.012364174,1.3537067172159414,0.20566326662896595,-0.762647839,0.5639493468385953,-1.098491043,-0.784771642,-0.962687447,0.22488582914622324,-0.985593995,-0.972567136,0.530416863722976,-0.909278458,0.2556088876129503,-0.597533487,-0.611998474,-0.667855291,0.07134845652285661,-1.042802888,0.4933443088407117,-0.103586671,0.09270238198977922,0.0015425775435114546,-0.785928359,0,0,0,0,0,0,1,0,0,0,0,0,0
IPB24C-106,6.460688108,Summer,2023,1.447158031,31.35,118.43,Plain,Myotis,-0.579191495,-0.163780386,-0.865822768,1.3195400815562681,0.7393711659591578,-1.012364174,1.421247964651945,0.26279153953698203,-1.220613367,0.6204527397763847,-1.102461431,-0.77132625,-0.962687447,0.3185882579571496,-0.949535551,-0.950543757,0.5552998532433608,-0.863474312,0.2556088876129503,-0.561312507,-0.732837459,-0.83013438,1.3304592440470617,1.8088092876740172,-0.372412523,-0.068759507,-0.97959123,0.07437759943407475,-0.785842035,0,0,0,0,1,0,0,0,0,0,0,0,0
IPB24C-107,6.227831381,Summer,2023,1.447158031,31.35,118.43,Plain,Myotis,-0.579191495,-0.163780386,-0.865822768,1.3195400815562681,0.7393711659591578,-1.012364174,1.421247964651945,0.26279153953698203,-1.220613367,0.6204527397763847,-1.102461431,-0.77132625,-0.962687447,0.3185882579571496,-0.949535551,-0.950543757,0.5552998532433608,-0.863474312,0.2556088876129503,-0.561312507,-0.732837459,-0.83013438,1.3304592440470617,1.8088092876740172,-0.372412523,-0.068759507,-0.97959123,0.07437759943407475,-0.785842035,0,0,0,0,1,0,0,0,0,0,0,0,0
IPB24C-108,6.41197818,Summer,2023,1.447158031,31.35,118.43,Plain,Myotis,-0.579191495,-0.163780386,-0.865822768,1.3195400815562681,0.7393711659591578,-1.012364174,1.421247964651945,0.26279153953698203,-1.220613367,0.6204527397763847,-1.102461431,-0.77132625,-0.962687447,0.3185882579571496,-0.949535551,-0.950543757,0.5552998532433608,-0.863474312,0.2556088876129503,-0.561312507,-0.732837459,-0.83013438,1.3304592440470617,1.8088092876740172,-0.372412523,-0.068759507,-0.97959123,0.07437759943407475,-0.785842035,0,0,0,0,1,0,0,0,0,0,0,0,0
IPB24C-109,6.888252502,Summer,2023,1.447158031,31.35,118.43,Plain,Myotis,-0.579191495,-0.163780386,-0.865822768,1.3195400815562681,0.7393711659591578,-1.012364174,1.421247964651945,0.26279153953698203,-1.220613367,0.6204527397763847,-1.102461431,-0.77132625,-0.962687447,0.3185882579571496,-0.949535551,-0.950543757,0.5552998532433608,-0.863474312,0.2556088876129503,-0.561312507,-0.732837459,-0.83013438,1.3304592440470617,1.8088092876740172,-0.372412523,-0.068759507,-0.97959123,0.07437759943407475,-0.785842035,0,0,0,0,1,0,0,0,0,0,0,0,0
IPB24C-110,6.549452668,Summer,2023,1.447158031,31.35,118.43,Plain,Myotis,-0.579191495,-0.163780386,-0.865822768,1.3195400815562681,0.7393711659591578,-1.012364174,1.421247964651945,0.26279153953698203,-1.220613367,0.6204527397763847,-1.102461431,-0.77132625,-0.962687447,0.3185882579571496,-0.949535551,-0.950543757,0.5552998532433608,-0.863474312,0.2556088876129503,-0.561312507,-0.732837459,-0.83013438,1.3304592440470617,1.8088092876740172,-0.372412523,-0.068759507,-0.97959123,0.07437759943407475,-0.785842035,0,0,0,0,1,0,0,0,0,0,0,0,0
IPB24C-111,6.526717226,Summer,2023,1.477121255,31.35,118.43,Plain,Myotis,-0.579191495,-0.163780386,-0.865822768,1.3195400815562681,0.7393711659591578,-1.012364174,1.421247964651945,0.26279153953698203,-1.220613367,0.6204527397763847,-1.102461431,-0.77132625,-0.962687447,0.3185882579571496,-0.949535551,-0.950543757,0.5552998532433608,-0.863474312,0.2556088876129503,-0.561312507,-0.732837459,-0.83013438,1.3304592440470617,1.8088092876740172,-0.372412523,-0.068759507,-0.97959123,0.07437759943407475,-0.785842035,0,0,0,0,1,0,0,0,0,0,0,0,0
IPB24C-112,6.429991864,Summer,2023,1.414973348,31.35,118.45,Plain,Nyctalus,-0.597206277,-0.134996353,-0.849482318,1.3166926512769053,0.7055474606198578,-1.036895367,1.421247964651945,0.23740128065735047,-1.231431495,0.6035015184844602,-1.114372903,-0.781410294,-0.962687447,0.22488582914622324,-0.945369138,-0.956049601,0.530416863722976,-0.874925349,0.23424008337986943,-0.561312507,-0.71091269,-0.799178161,1.3304592440470617,-1.042802888,-1.213267,-0.100803772,-0.715850857,0.006960058510578146,-0.784374524,0,0,0,0,1,0,0,0,0,0,0,0,0
IPB24C-114,6.81198037,Spring,2023,1.414973348,31.35,118.45,Plain,Nyctalus,-0.597206277,-0.134996353,-0.849482318,1.3166926512769053,0.7055474606198578,-1.036895367,1.421247964651945,0.23740128065735047,-1.231431495,0.6035015184844602,-1.114372903,-0.781410294,-0.962687447,0.22488582914622324,-0.945369138,-0.956049601,0.530416863722976,-0.874925349,0.23424008337986943,-0.561312507,-0.71091269,-0.799178161,1.3304592440470617,-1.042802888,-1.213267,-0.100803772,-0.715850857,0.006960058510578146,-0.784374524,0,0,0,0,1,0,0,0,0,0,0,0,0
IPB24C-115,6.447882543,Spring,2023,1.414973348,31.35,118.45,Plain,Nyctalus,-0.597206277,-0.134996353,-0.849482318,1.3166926512769053,0.7055474606198578,-1.036895367,1.421247964651945,0.23740128065735047,-1.231431495,0.6035015184844602,-1.114372903,-0.781410294,-0.962687447,0.22488582914622324,-0.945369138,-0.956049601,0.530416863722976,-0.874925349,0.23424008337986943,-0.561312507,-0.71091269,-0.799178161,1.3304592440470617,-1.042802888,-1.213267,-0.100803772,-0.715850857,0.006960058510578146,-0.784374524,0,0,0,0,1,0,0,0,0,0,0,0,0
IPB24C-119,6.142664356,Summer,2023,1.278753601,30.88,119.9,Plain,Eptesicus,-0.621225264,-0.509181877,-0.98311958,1.1537098347450467,0.5702526392626607,-0.889708209,1.1961106983360903,0.9864219156179933,0.3732511093205787,0.47919561350249457,-1.015110953,-0.72426738,-0.71032636,0.5996955443899288,-0.655217221,-0.862450237,0.5055338742025912,-0.737512911,0.7043537765076481,-0.488870546,-0.674403765,0.08169785567283953,-0.002458634,-1.042802888,0.550586904426815,-0.069086907,-0.411738515,-0.095370138,-0.788863382,0,0,0,0,0,0,0,0,1,0,0,0,0
IPB24C-120,6.455582945,Summer,2023,1.204119983,30.96,119.89,Plain,Eptesicus,-0.612218054,-0.355669681,-0.918221397,1.1989716713934828,0.6379000499412593,-0.914239402,1.263651720634603,1.0372024333772552,0.3552210394092554,0.5243975142103764,-1.030992955,-0.801578381,-0.741871496,0.5059931155790024,-0.607366674,-0.867956082,0.406001916121052,-0.743238429,0.6402473638084055,-0.561312507,-0.761548911,0.263959778689219,0.5333466414661072,-1.042802888,-0.603960803,-0.099043998,-0.508876005,-0.137506101,-0.788863382,0,0,0,0,0,0,1,0,0,0,0,0,0
IPB24C-122,5.247927513,Summer,2023,1.255272505,30.92,119.69,Mesa,Pipistrellus,-0.654251823,-0.317291776,-0.887610428,1.1792860647314336,0.5702526392626607,-0.938770595,1.2411379714892679,0.9610308950229788,-0.708557304,0.4565939851132626,-1.05084525,-0.744435468,-0.7891892,0.412290686768076,-0.791051118,-0.934026222,0.48065088468220646,-0.811944648,0.5975097553422438,-0.416428586,-0.78897779,0.4658897219465558,0.2723633086114799,-1.042802888,-0.05367822,-0.104609796,-0.430824492,-0.145331351,-0.774274595,0,0,0,0,0,0,1,0,0,0,0,0,0
IPB24C-123,3.807354922,Summer,2023,0.77815125,30.9,119.94,Plain,Myotis,-0.597206277,-0.557153826,-0.995031385,1.1597159766665837,0.5702526392626607,-0.840645823,1.1510829749079292,1.0181595487886856,0.38046331037447156,0.5074466319360976,-0.999229093,-0.737712772,-0.726098928,0.5996955443899288,-0.652832409,-0.867956082,0.45576789516182165,-0.743238429,0.7470913849738098,-0.488870546,-0.752861452,0.07947625127161193,0.06417222917826579,0.09784198220882431,0.829687128456246,-0.105837545,-0.400093008,-0.147137178,-0.789381327,0,0,0,0,0,0,1,0,0,0,0,0,0
IPB24C-124,3.121928095,Summer,2023,0.602059991,30.94,119.78,Mesa,Nyctalus,-0.64374329,-0.370061065,-0.910012635,1.1707378948218798,0.5702526392626607,-0.914239402,1.2186242223439328,0.9737260244627939,-0.690527126,0.46789446029023274,-1.038933778,-0.744435468,-0.741871496,0.412290686768076,-0.665236626,-0.856944392,0.48065088468220646,-0.731787393,0.5975097553422438,-0.452649566,-0.763660593,0.3710525694544747,0.42123031104398934,0.09784198220882431,1.1292263596092131,-0.086398177,-0.968423309,-0.120049773,-0.787654843,0,0,0,0,1,0,0,0,0,0,0,0,0
IPB24C-125,6.558967328,Summer,2023,1.414973348,31.35,118.45,Plain,Pipistrellus,-0.597206277,-0.134996353,-0.849482318,1.3166926512769053,0.7055474606198578,-1.036895367,1.421247964651945,0.23740128065735047,-1.231431495,0.6035015184844602,-1.114372903,-0.781410294,-0.962687447,0.22488582914622324,-0.945369138,-0.956049601,0.530416863722976,-0.874925349,0.23424008337986943,-0.561312507,-0.71091269,-0.799178161,1.3304592440470617,-1.042802888,-1.213267,-0.100803772,-0.715850857,0.006960058510578146,-0.784374524,0,0,0,0,1,0,0,0,0,0,0,0,0
IPB24C-126,6.209533099,Summer,2023,1.414973348,31.35,118.45,Plain,Pipistrellus,-0.597206277,-0.134996353,-0.849482318,1.3166926512769053,0.7055474606198578,-1.036895367,1.421247964651945,0.23740128065735047,-1.231431495,0.6035015184844602,-1.114372903,-0.781410294,-0.962687447,0.22488582914622324,-0.945369138,-0.956049601,0.530416863722976,-0.874925349,0.23424008337986943,-0.561312507,-0.71091269,-0.799178161,1.3304592440470617,-1.042802888,-1.213267,-0.100803772,-0.715850857,0.006960058510578146,-0.784374524,0,0,0,0,1,0,0,0,0,0,0,0,0
IPB24C-127,6.019325124,Summer,2023,1.414973348,31.35,118.45,Plain,Pipistrellus,-0.597206277,-0.134996353,-0.849482318,1.3166926512769053,0.7055474606198578,-1.036895367,1.421247964651945,0.23740128065735047,-1.231431495,0.6035015184844602,-1.114372903,-0.781410294,-0.962687447,0.22488582914622324,-0.945369138,-0.956049601,0.530416863722976,-0.874925349,0.23424008337986943,-0.561312507,-0.71091269,-0.799178161,1.3304592440470617,-1.042802888,-1.213267,-0.100803772,-0.715850857,0.006960058510578146,-0.784374524,0,0,0,0,1,0,0,0,0,0,0,0,0
IPB24C-128,4.627986807,Summer,2023,1.414973348,31.35,118.45,Plain,Pipistrellus,-0.597206277,-0.134996353,-0.849482318,1.3166926512769053,0.7055474606198578,-1.036895367,1.421247964651945,0.23740128065735047,-1.231431495,0.6035015184844602,-1.114372903,-0.781410294,-0.962687447,0.22488582914622324,-0.945369138,-0.956049601,0.530416863722976,-0.874925349,0.23424008337986943,-0.561312507,-0.71091269,-0.799178161,1.3304592440470617,-1.042802888,-1.213267,-0.100803772,-0.715850857,0.006960058510578146,-0.784374524,0,0,0,0,1,0,0,0,0,0,0,0,0
IPB24C-21,3.321928095,Spring,2023,0.301029996,24.92,110.31,Mountain,Myotis,0.49266690827130605,-0.653098589,-0.611985538,0.3151275386436482,0.6717237552805579,0.3859138249263361,0.09293676507719627,-0.460837694,0.3299787684440392,0.6939063369531613,0.15220876575453982,1.4471633309889715,1.6555588322585368,1.9115295477428984,0.061881203066269395,1.3068526779731982,1.575502423579138,0.3732376277943065,1.8582692050940137,0.6339798424941201,-0.302083938,0.06995243222289067,-0.725712537,-0.472480453,0.33980019048886057,-0.273507217,0.3234438829673332,-0.295816933,-0.454270847,0,0,0,0,0,0,0,0,0,0,0,1,0
IPB24C-22,3.418295834,Autumn,2023,0.698970004,23.07,111.02,Hill,Pipistrellus,1.5720304800426348,-0.264521912,0.07699248484613172,-0.41153343,0.9423133979949547,1.342630350445773,-0.604989233,1.3355412125032995,1.2423040273783172,1.0555252718103172,1.2321776014208188,0.8152299350885791,0.7092047553016732,0.3185882579571496,0.19110250564781237,0.5470460731903893,0.28158696851912796,0.4018652190012413,0.7043537765076481,-0.126660744,0.8135735840754015,-0.25095663,-0.838366661,0.09784198220882431,1.1292263596092131,-0.285252688,0.3991483720838053,-0.287389741,-0.617509878,1,0,0,0,0,0,0,0,0,0,0,0,0
IPB24C-23,3.906890596,Autumn,2023,0.477121255,23.07,111.02,Hill,Myotis,1.5720304800426348,-0.264521912,0.07699248484613172,-0.41153343,0.9423133979949547,1.342630350445773,-0.604989233,1.3355412125032995,1.2423040273783172,1.0555252718103172,1.2321776014208188,0.8152299350885791,0.7092047553016732,0.3185882579571496,0.19110250564781237,0.5470460731903893,0.28158696851912796,0.4018652190012413,0.7043537765076481,-0.126660744,0.8135735840754015,-0.25095663,-0.838366661,0.09784198220882431,1.1292263596092131,-0.285252688,0.3991483720838053,-0.287389741,-0.617509878,1,0,0,0,0,0,0,0,0,0,0,0,0
IPB24C-24,2,Summer,2023,0.301029996,22.17,112.11,Mountain,Nyctalus,1.5134836121231912,-1.036878214,-0.055029673,-0.746246142,0.3673104072268637,1.7105982448763257,-1.325429431,1.0372024333772552,1.3901511199192593,0.7617098660502749,1.4029083366767583,2.5564081216651924,2.0814181668891254,0.22488582914622324,0.48380073940386115,1.8574371741926248,0.30646995803951277,1.936304107692946,0.38382171301143536,-0.343986625,-0.319239248,1.0739118914778105,-0.745003927,0.09784198220882431,0.37120516478695625,-0.255377447,0.5524280142313047,-0.221176084,-0.535933525,0,0,0,0,0,0,0,0,0,0,0,0,0
IPB24C-25,3.700439718,Summer,2023,0.954242509,22.83,112.8,Mountain,Pipistrellus,1.5990521113900698,-0.926541666,-0.245558312,-0.477017003,0.8070185766377551,1.5879422800661414,-0.920181946,1.2784125587375912,1.3108184228583688,1.0498748647130098,1.3036463865591494,1.5580878100565936,1.0404286822365754,0.9745052596336344,0.09933005023730074,1.0811130345232332,0.48065088468220646,1.0717508532435154,0.576140951109163,-0.199102704,-0.286848288,-0.753743528,0.5407758536354896,0.09784198220882431,-0.421819772,0.025490737394505393,-0.939183708,-0.177234294,-0.76736866,1,0,0,0,0,0,0,0,0,0,0,0,0
IPB24C-26,4.247927513,Summer,2023,0.954242509,22.87,112.8,Plain,Pipistrellus,1.6455891251850412,-0.950527842,-0.265498041,-0.46660228,0.840842281977055,1.6124734730281782,-0.920181496,1.3291930764968543,1.3396667943505316,1.1063775796155075,1.3314395515384276,1.4538860266900395,0.9773384104394511,0.9745052596336344,0.06911733841174135,0.9875136701659306,0.5055338742025912,0.9629660066571631,0.5975097553422438,-0.199102704,-0.339696163,-0.810534263,1.0287191658934922,1.8088092876740172,-2.258736568,0.12211463137540883,-1.197554839,-0.101389561,-0.787568519,0,0,0,0,1,0,0,0,0,0,0,0,0
IPB24C-27,1.584962501,Summer,2023,0.602059991,22.87,112.8,Plain,Hypsugo,1.6455891251850412,-0.950527842,-0.265498041,-0.46660228,0.840842281977055,1.6124734730281782,-0.920181496,1.3291930764968543,1.3396667943505316,1.1063775796155075,1.3314395515384276,1.4538860266900395,0.9773384104394511,0.9745052596336344,0.06911733841174135,0.9875136701659306,0.5055338742025912,0.9629660066571631,0.5975097553422438,-0.199102704,-0.339696163,-0.810534263,1.0287191658934922,1.8088092876740172,-2.258736568,0.12211463137540883,-1.197554839,-0.101389561,-0.787568519,0,0,0,0,1,0,0,0,0,0,0,0,0
IPB24C-28,5.376629167,Summer,2023,0.602059991,23.12,115.21,Mountain,Hipposideros,1.313823660404336,-0.955324893,-0.115373686,-0.620099163,0.2996629965482651,1.4652863152559572,-1.145319438,1.202241020383315,1.2278800579939404,0.6713053865992198,1.2083549906793614,0.9799359797647452,0.4252985322146141,0.13118340033529682,0.001954056879128945,0.5910928328879435,0.0825230523560495,0.7740239046913936,0.5120345384099204,-0.271544665,0.38725241270107574,0.3751331838850514,-0.607862012,0.09784198220882431,1.1292263596092131,-0.241667577,-0.004192581,-0.262108163,-0.625106406,0,0,0,0,0,0,1,0,0,0,0,0,0
IPB24C-29,2.807354922,Summer,2023,0.602059991,23.34,114.46,Mountain,Pipistrellus,1.5239921444100002,-0.581139945,-0.082879627,-0.458739589,0.7731948712984577,1.3671615434078097,-0.740071953,1.1768499997883004,1.2531221125974523,0.9877214036955576,1.240118709896461,1.4606087223911075,1.1350640899322617,0.5059931155790024,0.10240318217871548,1.037066274825679,0.3562359370802824,0.991593597864098,0.8539354061392139,-0.235323684,-0.802749658,-0.930395108,0.275074555494835,-1.042802888,1.1292263596092131,-0.239089303,-0.013253108,-0.224185796,-0.759167862,0,0,0,1,0,0,0,0,0,0,0,0,0
IPB24C-30,5.07214016,Spring,2023,1.255272505,23.31,114.4,Mountain,Rhinolophus,0.9024942631305718,-0.811407951,-0.14984892,-0.538120153,0.09672076451246811,1.0727872278633677,-0.920181496,0.48495878030875017,0.9321856565503517,0.3548890304852373,0.8827759753472556,1.7496846375370319,1.2770172014757912,0.5996955443899288,0.11602373429527278,1.202241623691507,0.3811189266006672,1.2778695099334458,0.9180418188384565,-0.162881724,-0.73478814,-0.787158327,-1.193539362,-0.472480453,0.6315702324754636,-0.242608852,2.303005648513916,-0.234418816,-0.248905615,1,0,0,0,0,0,0,0,0,0,0,0,0
IPB24C-32,6.436704346,Spring,2023,0.301029996,24.88,115.94,Mountain,Pipistrellus,0.8184270857013564,0.23439154370266466,-0.010863067,-0.063852157,0.8746659873163549,0.5085697897365203,0.11545051422253132,-0.251366344,0.6364912551067631,0.6826055227585452,0.5571969600151495,0.5631288462985289,0.10984717322899289,0.5996955443899288,-0.500335766,0.20568368553434485,0.7792467589268242,-0.474139072,1.3454179035000735,0.0906651382084933,0.27418135930561527,-0.548139385,-0.260862558,0.09784198220882431,-0.376370684,-0.287339862,-0.715835253,-0.343370377,-0.488282575,0,0,0,0,0,0,1,0,0,0,0,0,0
IPB24C-58,0.918295834,Summer,2023,1.505149978,31.36,118.45,Plain,Pipistrellus,-0.607714449,-0.1206052,-0.841311932,1.3208585406884124,0.7055474606198578,-1.036895367,1.421247964651945,0.23740128065735047,-1.235037488,0.5978511113871529,-1.118343338,-0.798217033,-0.946914879,0.22488582914622324,-0.924713479,-0.956049601,0.5055338742025912,-0.880650867,0.21287127914678858,-0.597533487,-0.698628055,-0.783788206,1.3304592440470617,1.8088092876740172,-1.384393912,-0.100803772,-0.863743925,0.006960058510578146,-0.785237766,0,0,0,0,1,0,0,0,0,0,0,0,0
IPB24C-59,1,Summer,2023,1.505149978,31.36,118.45,Plain,Pipistrellus,-0.607714449,-0.1206052,-0.841311932,1.3208585406884124,0.7055474606198578,-1.036895367,1.421247964651945,0.23740128065735047,-1.235037488,0.5978511113871529,-1.118343338,-0.798217033,-0.946914879,0.22488582914622324,-0.924713479,-0.956049601,0.5055338742025912,-0.880650867,0.21287127914678858,-0.597533487,-0.698628055,-0.783788206,1.3304592440470617,1.8088092876740172,-1.384393912,-0.100803772,-0.863743925,0.006960058510578146,-0.785237766,0,0,0,0,1,0,0,0,0,0,0,0,0
IPB24C-60,2.584962501,Summer,2023,1.505149978,31.36,118.45,Plain,Pipistrellus,-0.607714449,-0.1206052,-0.841311932,1.3208585406884124,0.7055474606198578,-1.036895367,1.421247964651945,0.23740128065735047,-1.235037488,0.5978511113871529,-1.118343338,-0.798217033,-0.946914879,0.22488582914622324,-0.924713479,-0.956049601,0.5055338742025912,-0.880650867,0.21287127914678858,-0.597533487,-0.698628055,-0.783788206,1.3304592440470617,1.8088092876740172,-1.384393912,-0.100803772,-0.863743925,0.006960058510578146,-0.785237766,0,0,0,0,1,0,0,0,0,0,0,0,0
IPB24C-61,0.970950594,Summer,2023,1.505149978,31.36,118.45,Plain,Pipistrellus,-0.607714449,-0.1206052,-0.841311932,1.3208585406884124,0.7055474606198578,-1.036895367,1.421247964651945,0.23740128065735047,-1.235037488,0.5978511113871529,-1.118343338,-0.798217033,-0.946914879,0.22488582914622324,-0.924713479,-0.956049601,0.5055338742025912,-0.880650867,0.21287127914678858,-0.597533487,-0.698628055,-0.783788206,1.3304592440470617,1.8088092876740172,-1.384393912,-0.100803772,-0.863743925,0.006960058510578146,-0.785237766,0,0,0,0,1,0,0,0,0,0,0,0,0
IPB24C-62,7.093106221,Summer,2023,1.505149978,31.36,118.45,Plain,Pipistrellus,-0.607714449,-0.1206052,-0.841311932,1.3208585406884124,0.7055474606198578,-1.036895367,1.421247964651945,0.23740128065735047,-1.235037488,0.5978511113871529,-1.118343338,-0.798217033,-0.946914879,0.22488582914622324,-0.924713479,-0.956049601,0.5055338742025912,-0.880650867,0.21287127914678858,-0.597533487,-0.698628055,-0.783788206,1.3304592440470617,1.8088092876740172,-1.384393912,-0.100803772,-0.863743925,0.006960058510578146,-0.785237766,0,0,0,0,1,0,0,0,0,0,0,0,0
IPB24C-63,6.658752281,Summer,2023,1.505149978,31.36,118.45,Plain,Pipistrellus,-0.607714449,-0.1206052,-0.841311932,1.3208585406884124,0.7055474606198578,-1.036895367,1.421247964651945,0.23740128065735047,-1.235037488,0.5978511113871529,-1.118343338,-0.798217033,-0.946914879,0.22488582914622324,-0.924713479,-0.956049601,0.5055338742025912,-0.880650867,0.21287127914678858,-0.597533487,-0.698628055,-0.783788206,1.3304592440470617,1.8088092876740172,-1.384393912,-0.100803772,-0.863743925,0.006960058510578146,-0.785237766,0,0,0,0,1,0,0,0,0,0,0,0,0
IPB24C-65,1.5,Summer,2023,1.505149978,31.36,118.45,Plain,Pipistrellus,-0.607714449,-0.1206052,-0.841311932,1.3208585406884124,0.7055474606198578,-1.036895367,1.421247964651945,0.23740128065735047,-1.235037488,0.5978511113871529,-1.118343338,-0.798217033,-0.946914879,0.22488582914622324,-0.924713479,-0.956049601,0.5055338742025912,-0.880650867,0.21287127914678858,-0.597533487,-0.698628055,-0.783788206,1.3304592440470617,1.8088092876740172,-1.384393912,-0.100803772,-0.863743925,0.006960058510578146,-0.785237766,0,0,0,0,1,0,0,0,0,0,0,0,0
IPB24C-66,6.715569828,Summer,2023,1.491361694,31.36,118.45,Plain,Pipistrellus,-0.607714449,-0.1206052,-0.841311932,1.3208585406884124,0.7055474606198578,-1.036895367,1.421247964651945,0.23740128065735047,-1.235037488,0.5978511113871529,-1.118343338,-0.798217033,-0.946914879,0.22488582914622324,-0.924713479,-0.956049601,0.5055338742025912,-0.880650867,0.21287127914678858,-0.597533487,-0.698628055,-0.783788206,1.3304592440470617,1.8088092876740172,-1.384393912,-0.100803772,-0.863743925,0.006960058510578146,-0.785237766,0,0,0,0,1,0,0,0,0,0,0,0,0
IPB24C-68,7.480928794,Summer,2023,1.491361694,31.35,118.45,Plain,Pipistrellus,-0.597206277,-0.134996353,-0.849482318,1.3166926512769053,0.7055474606198578,-1.036895367,1.421247964651945,0.23740128065735047,-1.231431495,0.6035015184844602,-1.114372903,-0.781410294,-0.962687447,0.22488582914622324,-0.945369138,-0.956049601,0.530416863722976,-0.874925349,0.23424008337986943,-0.561312507,-0.71091269,-0.799178161,1.3304592440470617,-1.042802888,-1.213267,-0.100803772,-0.715850857,0.006960058510578146,-0.784374524,0,0,0,0,1,0,0,0,0,0,0,0,0
IPB24C-69,5.603586383,Spring,2023,1.431363764,31.35,118.45,Plain,Pipistrellus,-0.597206277,-0.134996353,-0.849482318,1.3166926512769053,0.7055474606198578,-1.036895367,1.421247964651945,0.23740128065735047,-1.231431495,0.6035015184844602,-1.114372903,-0.781410294,-0.962687447,0.22488582914622324,-0.945369138,-0.956049601,0.530416863722976,-0.874925349,0.23424008337986943,-0.561312507,-0.71091269,-0.799178161,1.3304592440470617,-1.042802888,-1.213267,-0.100803772,-0.715850857,0.006960058510578146,-0.784374524,0,0,0,0,1,0,0,0,0,0,0,0,0
IPB24C-70,6.804214899,Spring,2023,1.431363764,31.35,118.45,Plain,Pipistrellus,-0.597206277,-0.134996353,-0.849482318,1.3166926512769053,0.7055474606198578,-1.036895367,1.421247964651945,0.23740128065735047,-1.231431495,0.6035015184844602,-1.114372903,-0.781410294,-0.962687447,0.22488582914622324,-0.945369138,-0.956049601,0.530416863722976,-0.874925349,0.23424008337986943,-0.561312507,-0.71091269,-0.799178161,1.3304592440470617,-1.042802888,-1.213267,-0.100803772,-0.715850857,0.006960058510578146,-0.784374524,0,0,0,0,1,0,0,0,0,0,0,0,0
IPB24C-71,3.664497779,Spring,2023,1.414973348,31.35,118.45,Plain,Pipistrellus,-0.597206277,-0.134996353,-0.849482318,1.3166926512769053,0.7055474606198578,-1.036895367,1.421247964651945,0.23740128065735047,-1.231431495,0.6035015184844602,-1.114372903,-0.781410294,-0.962687447,0.22488582914622324,-0.945369138,-0.956049601,0.530416863722976,-0.874925349,0.23424008337986943,-0.561312507,-0.71091269,-0.799178161,1.3304592440470617,-1.042802888,-1.213267,-0.100803772,-0.715850857,0.006960058510578146,-0.784374524,0,0,0,0,1,0,0,0,0,0,0,0,0
IPB24C-72,0,Spring,2023,1.414973348,31.35,118.45,Plain,Pipistrellus,-0.597206277,-0.134996353,-0.849482318,1.3166926512769053,0.7055474606198578,-1.036895367,1.421247964651945,0.23740128065735047,-1.231431495,0.6035015184844602,-1.114372903,-0.781410294,-0.962687447,0.22488582914622324,-0.945369138,-0.956049601,0.530416863722976,-0.874925349,0.23424008337986943,-0.561312507,-0.71091269,-0.799178161,1.3304592440470617,-1.042802888,-1.213267,-0.100803772,-0.715850857,0.006960058510578146,-0.784374524,0,0,0,0,1,0,0,0,0,0,0,0,0
IPB24C-73,7.091241342,Spring,2023,1.414973348,31.35,118.45,Plain,Pipistrellus,-0.597206277,-0.134996353,-0.849482318,1.3166926512769053,0.7055474606198578,-1.036895367,1.421247964651945,0.23740128065735047,-1.231431495,0.6035015184844602,-1.114372903,-0.781410294,-0.962687447,0.22488582914622324,-0.945369138,-0.956049601,0.530416863722976,-0.874925349,0.23424008337986943,-0.561312507,-0.71091269,-0.799178161,1.3304592440470617,-1.042802888,-1.213267,-0.100803772,-0.715850857,0.006960058510578146,-0.784374524,0,0,0,0,1,0,0,0,0,0,0,0,0
IPB24C-74,5.996696162,Spring,2023,1.447158031,31.36,118.46,Plain,Pipistrellus,-0.60921577,-0.125402251,-0.844035323,1.3186079908751147,0.7055474606198578,-1.036895367,1.421247964651945,0.23105390636628834,-1.235037488,0.59220104330749,-1.118343338,-0.798217033,-0.962687447,0.22488582914622324,-0.94836095,-0.967061291,0.5055338742025912,-0.892101904,0.21287127914678858,-0.597533487,-0.688113343,-0.767917854,1.3304592440470617,1.8088092876740172,-1.883941149,-0.097816248,-1.0062006,0.01358142413699299,-0.785237766,0,0,0,0,0,0,1,0,0,0,0,0,0
IPB24C-76,6.549866659,Spring,2023,1.447158031,31.35,118.45,Plain,Pipistrellus,-0.597206277,-0.134996353,-0.849482318,1.3166926512769053,0.7055474606198578,-1.036895367,1.421247964651945,0.23740128065735047,-1.231431495,0.6035015184844602,-1.114372903,-0.781410294,-0.962687447,0.22488582914622324,-0.945369138,-0.956049601,0.530416863722976,-0.874925349,0.23424008337986943,-0.561312507,-0.708569396,-0.7955708,0.748100471249145,-1.042802888,-1.213267,-0.100803772,-0.419475512,0.006960058510578146,-0.784374524,0,0,0,0,1,0,0,0,0,0,0,0,0
IPB24C-77,6.952046682,Spring,2023,1.431363764,31.35,118.45,Plain,Pipistrellus,-0.597206277,-0.134996353,-0.849482318,1.3166926512769053,0.7055474606198578,-1.036895367,1.421247964651945,0.23740128065735047,-1.231431495,0.6035015184844602,-1.114372903,-0.781410294,-0.962687447,0.22488582914622324,-0.945369138,-0.956049601,0.530416863722976,-0.874925349,0.23424008337986943,-0.561312507,-0.708569396,-0.7955708,0.748100471249145,-1.042802888,-1.213267,-0.100803772,-0.419475512,0.006960058510578146,-0.784374524,0,0,0,0,1,0,0,0,0,0,0,0,0
IPB24C-78,6.616500319,Spring,2023,1.431363764,31.35,118.45,Plain,Pipistrellus,-0.597206277,-0.134996353,-0.849482318,1.3166926512769053,0.7055474606198578,-1.036895367,1.421247964651945,0.23740128065735047,-1.231431495,0.6035015184844602,-1.114372903,-0.781410294,-0.962687447,0.22488582914622324,-0.945369138,-0.956049601,0.530416863722976,-0.874925349,0.23424008337986943,-0.561312507,-0.708569396,-0.7955708,0.748100471249145,-1.042802888,-1.213267,-0.100803772,-0.419475512,0.006960058510578146,-0.784374524,0,0,0,0,1,0,0,0,0,0,0,0,0
IPB24C-79,1,Spring,2023,1.431363764,31.35,118.45,Plain,Pipistrellus,-0.597206277,-0.134996353,-0.849482318,1.3166926512769053,0.7055474606198578,-1.036895367,1.421247964651945,0.23740128065735047,-1.231431495,0.6035015184844602,-1.114372903,-0.781410294,-0.962687447,0.22488582914622324,-0.945369138,-0.956049601,0.530416863722976,-0.874925349,0.23424008337986943,-0.561312507,-0.708569396,-0.7955708,0.748100471249145,-1.042802888,-1.213267,-0.100803772,-0.419475512,0.006960058510578146,-0.784374524,0,0,0,0,1,0,0,0,0,0,0,0,0
IPB24C-82,5.402569011,Summer,2023,1.431363764,31.35,118.45,Plain,Pipistrellus,-0.597206277,-0.134996353,-0.849482318,1.3166926512769053,0.7055474606198578,-1.036895367,1.421247964651945,0.23740128065735047,-1.231431495,0.6035015184844602,-1.114372903,-0.781410294,-0.962687447,0.22488582914622324,-0.945369138,-0.956049601,0.530416863722976,-0.874925349,0.23424008337986943,-0.561312507,-0.708569396,-0.7955708,0.748100471249145,-1.042802888,-1.213267,-0.100803772,-0.419475512,0.006960058510578146,-0.784374524,0,0,0,0,1,0,0,0,0,0,0,0,0
IPB24C-83,5.222274414,Summer,2023,1.431363764,31.35,118.45,Plain,Pipistrellus,-0.597206277,-0.134996353,-0.849482318,1.3166926512769053,0.7055474606198578,-1.036895367,1.421247964651945,0.23740128065735047,-1.231431495,0.6035015184844602,-1.114372903,-0.781410294,-0.962687447,0.22488582914622324,-0.945369138,-0.956049601,0.530416863722976,-0.874925349,0.23424008337986943,-0.561312507,-0.708569396,-0.7955708,0.748100471249145,-1.042802888,-1.213267,-0.100803772,-0.419475512,0.006960058510578146,-0.784374524,0,0,0,0,1,0,0,0,0,0,0,0,0
IPB24C-84,6.138875234,Summer,2023,1.431363764,31.36,118.4,Mesa,Pipistrellus,-0.522145949,-0.144591031,-0.863174092,1.3350647496038337,0.840842281977055,-0.963301788,1.44376171379728,0.3326157036001962,-1.198977218,0.6882559298558526,-1.078638606,-0.72426738,-0.883824608,0.3185882579571496,-0.910693396,-0.900991152,0.5801828427637457,-0.800493612,0.2769776918460311,-0.597533487,-0.784800767,-0.909208605,1.2590493949179475,1.8088092876740172,-3.070173176,-0.030494645,-0.598565278,0.15503787161040103,-0.775742106,1,0,0,0,0,0,0,0,0,0,0,0,0
IPB24C-86,4.512647281,Summer,2023,1.447158031,31.35,118.43,Plain,Pipistrellus,-0.579191495,-0.163780386,-0.865822768,1.3195400815562681,0.7393711659591578,-1.012364174,1.421247964651945,0.26279153953698203,-1.220613367,0.6204527397763847,-1.102461431,-0.77132625,-0.962687447,0.3185882579571496,-0.949535551,-0.950543757,0.5552998532433608,-0.863474312,0.2556088876129503,-0.561312507,-0.732837459,-0.83013438,1.3304592440470617,1.8088092876740172,-0.372412523,-0.068759507,-0.97959123,0.07437759943407475,-0.785842035,0,0,0,0,1,0,0,0,0,0,0,0,0
IPB24C-88,1.584962501,Summer,2023,1.447158031,31.35,118.43,Plain,Pipistrellus,-0.579191495,-0.163780386,-0.865822768,1.3195400815562681,0.7393711659591578,-1.012364174,1.421247964651945,0.26279153953698203,-1.220613367,0.6204527397763847,-1.102461431,-0.77132625,-0.962687447,0.3185882579571496,-0.949535551,-0.950543757,0.5552998532433608,-0.863474312,0.2556088876129503,-0.561312507,-0.732837459,-0.83013438,1.3304592440470617,1.8088092876740172,-0.372412523,-0.068759507,-0.97959123,0.07437759943407475,-0.785842035,0,0,0,0,1,0,0,0,0,0,0,0,0
IPB24C-89,5.14408266,Summer,2023,1.447158031,31.35,118.43,Plain,Pipistrellus,-0.579191495,-0.163780386,-0.865822768,1.3195400815562681,0.7393711659591578,-1.012364174,1.421247964651945,0.26279153953698203,-1.220613367,0.6204527397763847,-1.102461431,-0.77132625,-0.962687447,0.3185882579571496,-0.949535551,-0.950543757,0.5552998532433608,-0.863474312,0.2556088876129503,-0.561312507,-0.732837459,-0.83013438,1.3304592440470617,1.8088092876740172,-0.372412523,-0.068759507,-0.97959123,0.07437759943407475,-0.785842035,0,0,0,0,1,0,0,0,0,0,0,0,0
IPB24C-90,6.442768638,Summer,2023,1.431363764,31.35,118.43,Plain,Pipistrellus,-0.579191495,-0.163780386,-0.865822768,1.3195400815562681,0.7393711659591578,-1.012364174,1.421247964651945,0.26279153953698203,-1.220613367,0.6204527397763847,-1.102461431,-0.77132625,-0.962687447,0.3185882579571496,-0.949535551,-0.950543757,0.5552998532433608,-0.863474312,0.2556088876129503,-0.561312507,-0.732837459,-0.83013438,1.3304592440470617,1.8088092876740172,-0.372412523,-0.068759507,-0.97959123,0.07437759943407475,-0.785842035,0,0,0,0,1,0,0,0,0,0,0,0,0
IPB24C-91,5.309101316,Summer,2023,1.431363764,31.35,118.43,Plain,Pipistrellus,-0.579191495,-0.163780386,-0.865822768,1.3195400815562681,0.7393711659591578,-1.012364174,1.421247964651945,0.26279153953698203,-1.220613367,0.6204527397763847,-1.102461431,-0.77132625,-0.962687447,0.3185882579571496,-0.949535551,-0.950543757,0.5552998532433608,-0.863474312,0.2556088876129503,-0.561312507,-0.732837459,-0.83013438,1.3304592440470617,1.8088092876740172,-0.372412523,-0.068759507,-0.97959123,0.07437759943407475,-0.785842035,0,0,0,0,1,0,0,0,0,0,0,0,0
IPB24C-92,5.884513436,Summer,2023,1.431363764,31.35,118.43,Plain,Pipistrellus,-0.579191495,-0.163780386,-0.865822768,1.3195400815562681,0.7393711659591578,-1.012364174,1.421247964651945,0.26279153953698203,-1.220613367,0.6204527397763847,-1.102461431,-0.77132625,-0.962687447,0.3185882579571496,-0.949535551,-0.950543757,0.5552998532433608,-0.863474312,0.2556088876129503,-0.561312507,-0.732837459,-0.83013438,1.3304592440470617,1.8088092876740172,-0.372412523,-0.068759507,-0.97959123,0.07437759943407475,-0.785842035,0,0,0,0,1,0,0,0,0,0,0,0,0
IPB24C-95,6.309158682,Summer,2023,1.51851394,31.35,118.43,Plain,Pipistrellus,-0.579191495,-0.163780386,-0.865822768,1.3195400815562681,0.7393711659591578,-1.012364174,1.421247964651945,0.26279153953698203,-1.220613367,0.6204527397763847,-1.102461431,-0.77132625,-0.962687447,0.3185882579571496,-0.949535551,-0.950543757,0.5552998532433608,-0.863474312,0.2556088876129503,-0.561312507,-0.732837459,-0.83013438,1.3304592440470617,1.8088092876740172,-0.372412523,-0.068759507,-0.97959123,0.07437759943407475,-0.785842035,0,0,0,0,1,0,0,0,0,0,0,0,0
IPB24C-96,5.383304181,Summer,2023,1.505149978,31.35,118.43,Plain,Pipistrellus,-0.579191495,-0.163780386,-0.865822768,1.3195400815562681,0.7393711659591578,-1.012364174,1.421247964651945,0.26279153953698203,-1.220613367,0.6204527397763847,-1.102461431,-0.77132625,-0.962687447,0.3185882579571496,-0.949535551,-0.950543757,0.5552998532433608,-0.863474312,0.2556088876129503,-0.561312507,-0.732837459,-0.83013438,1.3304592440470617,1.8088092876740172,-0.372412523,-0.068759507,-0.97959123,0.07437759943407475,-0.785842035,0,0,0,0,1,0,0,0,0,0,0,0,0
IPB24C-97,7.075237968,Summer,2023,1.505149978,31.35,118.43,Plain,Pipistrellus,-0.579191495,-0.163780386,-0.865822768,1.3195400815562681,0.7393711659591578,-1.012364174,1.421247964651945,0.26279153953698203,-1.220613367,0.6204527397763847,-1.102461431,-0.77132625,-0.962687447,0.3185882579571496,-0.949535551,-0.950543757,0.5552998532433608,-0.863474312,0.2556088876129503,-0.561312507,-0.732837459,-0.83013438,1.3304592440470617,1.8088092876740172,-0.372412523,-0.068759507,-0.97959123,0.07437759943407475,-0.785842035,0,0,0,0,1,0,0,0,0,0,0,0,0
IPB24C-99,6.346138777,Summer,2023,1.342422681,31.32,118.5,Plain,Pipistrellus,-0.610717092,-0.226144353,-0.876616103,1.2818555944636891,0.6379000499412593,-1.012364174,1.3537067172159414,0.199315511480213,-0.762647839,0.5639493468385953,-1.102461431,-0.774687598,-0.931142311,0.22488582914622324,-0.94775193,-0.956049601,0.5055338742025912,-0.880650867,0.23424008337986943,-0.597533487,-0.623173635,-0.687613903,0.3866813305548452,-1.042802888,0.5931471626530957,-0.102604471,0.2994751099205689,0.003348404532533685,-0.784201876,0,0,0,0,0,0,1,0,0,0,0,0,0
IPB24D-33,1.584962501,Spring,2023,0.301029996,24.57,115.89,Hill,Pipistrellus,1.0901447210133732,0.14324354439987264,0.04675026581840186,-0.192597531,0.9761371033342522,0.8029441052809625,-0.087173678,-0.022851729,0.8636710447085958,0.8351638022446972,0.8113074284374144,0.5967423248038689,0.09407460527971183,0.3185882579571496,-0.520897414,0.14511939095020793,0.6548318113249001,-0.365354225,1.25994268656775,-0.090439763,-0.158435134,-0.33214391,0.5683872487547321,1.8088092876740172,-1.417245513,-0.258405896,-1.195732157,-0.239234354,-0.575987946,0,0,0,0,0,0,0,0,0,0,0,1,0
IPB24D-34,7.244966902,Spring,2023,0.477121255,24.89,115.96,Mountain,Myotis,0.8214293690882655,0.22479686596838375,-0.017479665,-0.067857868,0.8746659873163549,0.5085697897365203,0.11545051422253132,-0.251366344,0.6437032397989513,0.6826055227585452,0.5611675142529705,0.5395994113447908,0.09407460527971183,0.5059931155790024,-0.513946531,0.18916615064776204,0.7792467589268242,-0.508492181,1.3240490992669927,0.0906651382084933,0.2773085627050581,-0.509516552,-0.610924723,0.09784198220882431,0.42371381263707253,-0.291309586,-0.267539462,-0.357215051,-0.493548351,0,0,0,0,0,0,0,0,0,0,0,1,0
IPB24D-35,2.128085279,Spring,2023,0.301029996,24.43,112.18,Mountain,Myotis,-0.517642344,-0.657896043,-0.416151723,-0.035734673,-0.681224458,-0.178303613,-0.289797196,-1.603410769,-0.131592795,-0.554808544,-0.340130311,1.0438015889248913,0.8669304347944837,1.4430174036882664,-0.277488304,0.7177272670184116,0.9036617065287482,0.0010789421041542805,1.665949966996286,0.12688611849420176,0.8033792209302779,1.5094939583321838,-1.674086022,-0.472480453,0.5442145436556646,-0.297243709,1.984039451068981,-0.380690802,0.4798431396305274,1,0,0,0,0,0,0,0,0,0,0,0,0
IPB24D-36,3.807354922,Spring,2023,0.477121255,24.43,112.18,Mountain,Myotis,-0.517642344,-0.657896043,-0.416151723,-0.035734673,-0.681224458,-0.178303613,-0.289797196,-1.603410769,-0.131592795,-0.554808544,-0.340130311,1.0438015889248913,0.8669304347944837,1.4430174036882664,-0.277488304,0.7177272670184116,0.9036617065287482,0.0010789421041542805,1.665949966996286,0.12688611849420176,0.8033792209302779,1.5094939583321838,-1.674086022,-0.472480453,0.5442145436556646,-0.297243709,1.984039451068981,-0.380690802,0.4798431396305274,1,0,0,0,0,0,0,0,0,0,0,0,0
IPB24D-38,5.277613437,Spring,2023,0.77815125,25.05,113.77,Mesa,Pipistrellus,0.797410381416158,-0.25492781,-0.395323028,0.2561855152634669,1.077608219352152,0.557632175660594,0.20550506052888734,-0.130760901,0.5030681319501975,0.9651197753063256,0.39043725545401003,0.3950614537718287,0.17293744502611713,0.7871004020117817,-0.268819716,0.3158005847782302,0.5055338742025912,-0.594374955,1.281311490800831,0.0906651382084933,-0.360503207,-0.882780636,0.19897600305512486,0.09784198220882431,0.3502599411265576,-0.292291786,-0.073020062,-0.382496629,-0.640558435,1,0,0,0,0,0,0,0,0,0,0,0,0
IPB24D-39,1.584962501,Spring,2023,0.301029996,25.28,113.06,Mountain,Rhinolophus,0.4776544104715065,-0.259725437,-0.520891417,0.43985771255375467,0.9761371033342522,0.21419547419207813,0.4531567514025523,-0.3783184,0.22540401677963665,0.8182125809527727,0.06882855613123581,0.06564936441949647,-0.063651074,0.6933979732008553,-0.40307948,0.0074732668953512715,0.45576789516182165,-0.737512911,0.7470913849738098,0.307991019922744,-0.80513466,0.6164803207142385,1.0446091228891499,0.09784198220882431,0.4891128736181475,-0.266672744,-0.690240126,-0.220574142,-0.506238006,0,0,0,0,0,0,0,0,0,0,0,0,1
IPB24D-41,1.49111485,Spring,2023,0.602059991,25.05,113.77,Mesa,Myotis,0.797410381416158,-0.25492781,-0.395323028,0.2561855152634669,1.077608219352152,0.557632175660594,0.20550506052888734,-0.130760901,0.5030681319501975,0.9651197753063256,0.39043725545401003,0.3950614537718287,0.17293744502611713,0.7871004020117817,-0.268819716,0.3158005847782302,0.5055338742025912,-0.594374955,1.281311490800831,0.0906651382084933,-0.360503207,-0.882780636,0.19897600305512486,0.09784198220882431,0.3502599411265576,-0.292291786,-0.073020062,-0.382496629,-0.640558435,1,0,0,0,0,0,0,0,0,0,0,0,0
IPB24D-42,4.277613437,Spring,2023,0.301029996,25.01,113.64,Mountain,Rhinolophus,0.48065669385841564,-0.221346726,-0.349009096,0.19625529216920698,0.7393711659591578,0.3613826319642993,0.16047778737570895,-0.486228334,0.3407968536631739,0.6204520617410931,0.2157362041887389,0.4656497586330428,0.2518002847725224,0.9745052596336344,-0.209847644,0.40389410417333843,0.45576789516182165,-0.531394254,1.3454179035000735,0.0906651382084933,-0.556209346,-0.712747817,-1.410666165,-0.472480453,1.1292263596092131,-0.296220584,1.487369042428913,-0.393331591,-0.33402126,0,0,0,1,0,0,0,0,0,0,0,0,0
IPB24D-43,4.169925001,Spring,2023,0.477121255,25.05,113.77,Mesa,Megaderma,0.797410381416158,-0.25492781,-0.395323028,0.2561855152634669,1.077608219352152,0.557632175660594,0.20550506052888734,-0.130760901,0.5030681319501975,0.9651197753063256,0.39043725545401003,0.3950614537718287,0.17293744502611713,0.7871004020117817,-0.268819716,0.3158005847782302,0.5055338742025912,-0.594374955,1.281311490800831,0.0906651382084933,-0.360503207,-0.882780636,0.19897600305512486,0.09784198220882431,0.3502599411265576,-0.292291786,-0.073020062,-0.382496629,-0.640558435,1,0,0,0,0,0,0,0,0,0,0,0,0
IPB24D-46,3.689891669,Summer,2023,0.77815125,22.6,114.18,Mountain,Myotis,1.668107151307904,-1.271943098,-0.235158596,-0.707791187,0.5026052285840609,1.8577854026485465,-1.370456929,1.5005790377939763,1.4911199874184202,0.9368687568727226,1.4902586240809044,2.095903466142034,1.8448296476499095,-0.056221457,0.7132463994477171,2.011600833134064,-0.191189832,2.2512076109692285,-0.193136001,-0.235323684,-0.702729075,0.026976646081785443,0.6264208534297364,0.09784198220882431,1.1292263596092131,6.024029762,0.028165089941164706,5.656790764831463,-0.70133066,1,0,0,0,0,0,0,0,0,0,0,0,0
IPB24D-47,3.459431619,Summer,2023,0.698970004,23.15,112.54,Mountain,Pipistrellus,1.5074786850609558,-0.825799334,-0.206821121,-0.421001056,0.8070185766377551,1.5143487011800307,-0.852640924,1.2149357689654392,1.2459101279052638,1.0046726249874822,1.2123253066886925,1.2522051556579994,0.930020706591608,0.9745052596336344,-0.009738922,0.8003149414513255,0.5055338742025912,0.6824156128292023,0.7684601892068905,-0.235323684,-0.797895103,-0.956449989,0.7747421872525591,0.09784198220882431,0.04819117063237663,-0.227425681,-0.580574571,-0.230807162,-0.753902087,0,0,0,0,0,0,0,1,0,0,0,0,0
IPB24D-48,3.584962501,Summer,2023,0.602059991,23.17,112.54,Mountain,Tylonycteris,1.2627826810963751,-0.830596961,-0.210756563,-0.443162577,0.5702526392626607,1.342630350445773,-0.852640699,0.9419883912921015,1.1052748036948057,0.7617098660502749,1.0614471043933684,1.3295161562202815,0.9931109783887322,0.9745052596336344,-0.003178984,0.8388558561866855,0.48065088468220646,0.7224942405189109,0.8325666019061331,-0.199102704,-0.807792406,-0.936505264,-0.208325339,0.09784198220882431,0.2709704835751391,-0.229390081,1.712089176748706,-0.2356227,-0.536365146,1,0,0,0,0,0,0,0,0,0,0,0,0
IPB24D-50,4.087462841,Summer,2023,0.477121255,23.17,112.54,Mountain,Myotis,1.2627826810963751,-0.830596961,-0.210756563,-0.443162577,0.5702526392626607,1.342630350445773,-0.852640699,0.9419883912921015,1.1052748036948057,0.7617098660502749,1.0614471043933684,1.3295161562202815,0.9931109783887322,0.9745052596336344,-0.003178984,0.8388558561866855,0.48065088468220646,0.7224942405189109,0.8325666019061331,-0.199102704,-0.807792406,-0.936505264,-0.208325339,0.09784198220882431,0.2709704835751391,-0.229390081,1.712089176748706,-0.2356227,-0.536365146,1,0,0,0,0,0,0,0,0,0,0,0,0
IPB24D-51,5.469670487,Summer,2023,0.301029996,23.17,112.54,Mountain,Hipposideros,1.2627826810963751,-0.830596961,-0.210756563,-0.443162577,0.5702526392626607,1.342630350445773,-0.852640699,0.9419883912921015,1.1052748036948057,0.7617098660502749,1.0614471043933684,1.3295161562202815,0.9931109783887322,0.9745052596336344,-0.003178984,0.8388558561866855,0.48065088468220646,0.7224942405189109,0.8325666019061331,-0.199102704,-0.807792406,-0.936505264,-0.208325339,0.09784198220882431,0.2709704835751391,-0.229390081,1.712089176748706,-0.2356227,-0.536365146,1,0,0,0,0,0,0,0,0,0,0,0,0
IPB24D-52,4.82996615,Summer,2023,0.77815125,22.36,113.49,Mountain,Pipistrellus,1.746170122251718,-1.444644247,-0.423620198,-0.626073331,0.6379000499412593,1.90684778857262,-1.325429881,1.659270250508974,1.4983319721106083,1.0781265611819033,1.502170048565878,1.978256291373344,1.3401074732729155,0.5059931155790024,0.5167355412676772,1.6096741508938828,0.0825230523560495,1.8332447793479807,0.1273960622144652,-0.271544665,0.25358113478457683,-0.67948376,1.0139868177683484,0.09784198220882431,-0.810350533,2.0621636335629256,-0.821825071,1.6267868676635189,-0.786532629,0,0,0,0,0,0,0,0,0,0,0,0,0
IPB24D-54,3.321928095,Summer,2023,0.602059991,22.1,113.55,Plain,Pipistrellus,1.6876228940438576,-1.929165398,-0.679330442,-0.702731421,0.4011341125661636,2.0540349463448417,-1.61810817,1.532317432680053,1.5199681425488785,0.9651204533416173,1.5061406028036992,1.9244747257648,1.4031977450700397,-0.149923886,0.5715757367106885,1.494051406687803,-0.29072179,1.7130088962788546,-0.171767197,-2.010151718,0.3133438701718249,-0.571216742,0.2884957622227916,3.5197765931392095,0.11175097819618279,1.1474901771998627,-0.752696772,0.8304171655047152,-0.766073797,1,0,0,0,0,0,0,0,0,0,0,0,0
IPB24D-56,5.551730526,Summer,2023,1.361727836,31.36,118.4,Mesa,Pipistrellus,-0.522145949,-0.144591031,-0.863174092,1.3350647496038337,0.840842281977055,-0.963301788,1.44376171379728,0.3326157036001962,-1.198977218,0.6882559298558526,-1.078638606,-0.72426738,-0.883824608,0.3185882579571496,-0.910693396,-0.900991152,0.5801828427637457,-0.800493612,0.2769776918460311,-0.597533487,-0.784800767,-0.909208605,1.2590493949179475,1.8088092876740172,-3.070173176,-0.030494645,-0.598565278,0.15503787161040103,-0.775742106,1,0,0,0,0,0,0,0,0,0,0,0,0
IPB24E-170,3.961409081,Winter,2024,0.301029996,24.36,99.04,Mountain,Rhinolophus,1.246269582035748,1.7743059460860402,1.5855472495336913,-1.173906921,0.2320155858696665,0.729350526394852,-0.514934462,0.5040016648973182,1.0620026791799706,0.04977281053057789,1.410849206923911,0.17993519133765257,1.4347428809686018,-1.274353032,1.8263835430448536,1.2683117632378382,-1.286041371,1.4782626483819894,-1.325682626,2.010377093351041,2.034728930660319,-0.960864072,-0.396865369,0.09784198220882431,0.6743901839007359,-0.298962558,-0.341113429,-0.390321879,0.3064178554939521,0,0,0,0,0,0,1,0,0,0,0,0,0
IPB24E-171,7.209081696,Winter,2024,1.342422681,25.12,98.41,Mountain,Rhinolophus,-0.783355052,1.3137706255469666,1.5482770193969635,-1.13020144,-2.034172672,-0.546271508,-0.852640924,-1.520891476,-0.15322875,-1.752670779,0.0727993485975464,0.3715320188180907,0.8511578668452027,-1.180650603,0.9201866115512991,0.849867546111074,-0.912796528,1.0431232620365805,-1.005150562,1.220759723122597,0.9561253983070506,-0.00627684,-1.432244023,-0.472480453,1.1292263596092131,-0.29421526,2.2719547897629893,-0.372865552,1.6274368316721557,0,0,0,0,0,0,0,0,0,0,0,1,0
IPB24E-172,6.896337612,Winter,2024,1.380211242,25.12,98.41,Mountain,Rhinolophus,-0.783355052,1.3137706255469666,1.5482770193969635,-1.13020144,-2.034172672,-0.546271508,-0.852640924,-1.520891476,-0.15322875,-1.752670779,0.0727993485975464,0.3715320188180907,0.8511578668452027,-1.180650603,0.9201866115512991,0.849867546111074,-0.912796528,1.0431232620365805,-1.005150562,1.220759723122597,0.9561253983070506,-0.00627684,-1.432244023,-0.472480453,1.1292263596092131,-0.29421526,2.2719547897629893,-0.372865552,1.6274368316721557,0,0,0,0,0,0,0,0,0,0,0,1,0
IPB24E-174,3.698089277,Winter,2024,0.301029996,23.11,107.55,Hill,Rhinolophus,1.420408863956414,-0.605126351,-0.05673407,-0.423232267,0.7055474606198578,1.3916927363698466,-0.807613201,1.5132745480914835,1.184607717117401,0.9481695710673386,1.1448275522451623,0.5463221070458588,0.4726162360624573,0.5996955443899288,0.5552604960281703,0.8663850809976568,0.28158696851912796,1.0602998167607414,0.4051905172445162,0.8150847439226624,-0.587166917,-0.691209701,-0.864787279,0.09784198220882431,0.7798829321653656,-0.299167183,-0.630896367,-0.365642244,-0.314598319,0,1,0,0,0,0,0,0,0,0,0,0,0
IPB24E-175,6.02159838,Winter,2024,0.477121255,22.49,99.69,Mountain,Rhinolophus,0.8814779191337905,2.2972058083942133,2.0109478963904674,-1.537104147,0.09672076451246811,0.6557569475087413,-0.537448211,-0.200585065,1.375727150534883,-0.577409834,1.3989375442104477,0.39170010592129473,0.8827030027437648,-1.555460318,1.2754359665835542,0.9049259957330167,-1.634403225,1.10037844445045,-1.432526647,1.4308414087797061,2.5218004991676124,0.6131924015937554,-0.794087081,0.09784198220882431,0.8253476592166671,-0.294910985,-0.140325065,-0.359020878,0.7954443535694617,0,0,0,0,0,0,0,0,0,0,0,0,0
IPB24E-177,4.715111377,Winter,2024,0.477121255,22.49,99.69,Mountain,Rhinolophus,0.8814779191337905,2.2972058083942133,2.0109478963904674,-1.537104147,0.09672076451246811,0.6557569475087413,-0.537448211,-0.200585065,1.375727150534883,-0.577409834,1.3989375442104477,0.39170010592129473,0.8827030027437648,-1.555460318,1.2754359665835542,0.9049259957330167,-1.634403225,1.10037844445045,-1.432526647,1.4308414087797061,2.5218004991676124,0.6131924015937554,-0.794087081,0.09784198220882431,0.8253476592166671,-0.294910985,-0.140325065,-0.359020878,0.7954443535694617,0,0,0,0,0,0,0,0,0,0,0,0,0
IPB24E-179,6.217545329,Winter,2024,1.301029996,25.26,98.84,Mountain,Hipposideros,0.8709693868469816,1.4960666241525504,1.4756498786830847,-1.104640733,-0.140045173,0.5821633686226307,-0.627503208,0.2247057703598432,0.8203987038320563,-0.198840356,1.1448273140166727,0.25724619189993464,1.0088835463380132,-1.086948174,1.1985731952282073,0.9930195151281249,-0.83814756,1.1919867363126415,-0.941044149,1.4308414087797061,1.5610840796365089,-0.991395161,-0.820899887,0.09784198220882431,0.013465436430368474,-0.287912812,-0.314193824,-0.351195628,0.5329325123253973,0,0,0,0,0,0,0,0,0,0,1,0,0
IPB24E-180,5.576977058,Winter,2024,0.903089987,21.63,100.24,Mountain,Hipposideros,0.7838995657424399,1.5248495060170917,1.965153859238286,-1.75522203,-0.241516289,0.999193648977257,-1.07777819,-0.606833016,1.440635445487988,-0.814722185,1.4823177538337522,0.42195223657610076,0.9615658424901701,-1.368055461,1.1178800263583413,0.7782915616025485,-1.286041371,0.18429552582853692,-1.1974698,1.3946204284939976,3.886618359726231,0.33386636328367447,-1.266702785,0.09784198220882431,0.7820441269533346,-0.307597731,0.5788811234705996,-0.418613169,1.0242034391652428,0,0,0,0,0,1,0,0,0,0,0,0,0
IPB24E-181,4.310443058,Winter,2024,0.477121255,24.23,98.43,Mountain,Rhinolophus,-0.233915215,1.6111998786181683,1.722349544446019,-1.308504395,-1.39152227,-0.15377242,-0.785099452,-1.12099128,0.26507025712922966,-1.39670259,0.5333741110452025,0.3379185403127507,1.1823817937801049,-1.461757889,1.3884638198191244,1.0645954996366505,-1.310924361,1.2664184734506718,-1.34705143,1.829272191922499,1.590089389175299,-0.773786671,-1.349804906,-0.472480453,0.9429695409057025,-0.29356046,1.6118346757678814,-0.363836417,1.5195316026175418,0,1,0,0,0,0,0,0,0,0,0,0,0
IPB24E-182,6.085229077,Winter,2024,0.954242509,23,101.96,Mountain,Rhinolophus,-0.361517483,0.8868163892433008,1.896025448823304,-1.522519872,-1.729759324,0.3859138249263361,-1.505539424,-1.39393942,0.32637288427879707,-1.639665349,0.6008723419457122,-0.401577987,0.2518002847725224,-0.805840888,1.1478141775945607,0.32130642974042445,-1.037211476,0.4934735108634326,-1.111994583,1.7568302313510822,0.643464757872804,-0.612546281,-0.367061247,0.09784198220882431,0.11380609386839782,-0.30841623,-0.19482147,-0.402962668,1.6962372057173773,0,1,0,0,0,0,0,0,0,0,0,0,0
IPB24E-183,4.489665461,Winter,2024,0.301029996,23.31,99.33,Mountain,Rhinolophus,0.4521337406733175,2.095721605658369,1.970160176869016,-1.428003897,-0.512105932,0.33685143900226233,-0.650017407,-0.505271218,1.0547906944877818,-0.84862395,1.0614473426218582,0.07573340797109847,0.8511578668452027,-1.649162747,1.3931069172216717,0.7452564918293829,-1.584637246,0.9343384154502283,-1.475264255,1.5757253299225398,1.8942293459474338,0.34030620253908006,-1.176652449,-0.472480453,1.015356962333984,-0.307679581,0.9466344341973788,-0.408380149,1.3313448831462955,0,0,0,1,0,0,0,0,0,0,0,0,0
IPB24E-188,6.873551149,Winter,2024,1.146128036,24.44,97.54,Mountain,Aselliscus,1.8977913780495217,1.2082320488156297,1.4617022303837797,-1.324100695,0.6040763446019594,1.3671615434078097,-0.852640699,0.929292500136902,1.5019380726375553,0.4283422886443679,1.895247056570004,1.0740537195796973,2.4441872297225897,-1.742865176,2.2407566255200635,2.38049244560108,-1.659286214,1.529792312554472,-1.646214689,1.503283369351123,0.7950016986200693,-0.206952732,-0.685440696,-0.244351479,1.031749385582542,-0.307434031,-0.752696772,-0.414399572,-0.335834068,0,0,0,0,0,0,0,0,0,0,1,0,0
IPB24E-189,4.208884071,Winter,2024,0.602059991,23.64,99.55,Mountain,Aselliscus,0.8844802025206997,2.2300442155925486,1.8688268110749207,-1.311189429,0.029073353833869525,0.5085697897365203,-0.447393214,0.03427768618953609,1.2783641672009642,-0.3683485,1.27188242911356,-0.122586115,0.7565224591495163,-1.555460318,1.5501473435729138,0.7177272670184116,-1.509988277,0.9057108242432935,-1.496633059,1.8654931722082075,2.4059107333803236,0.3642987186574211,-1.180242452,-0.472480453,0.17148936535437634,-0.303055057,1.042017228808732,-0.401156841,0.9189742597911835,0,0,0,0,0,0,0,0,0,0,0,0,0
IPB24E-191,3.972625163,Winter,2024,0.477121255,23.34,104.52,Mountain,Rhinolophus,-0.447085622,-0.010267845,0.9385731780549745,-0.998541594,-1.594464502,0.3613826319642993,-1.392970453,-1.006733592,-0.023411943,-1.294996957,0.2157362041887389,0.1160695821775065,1.198154361729386,-1.461757889,1.4095531672475448,0.8553733910732683,-1.211392403,1.0488487802779676,-1.261576213,0.7788637636369539,0.4707752020015309,1.0898518846733614,-1.211970373,0.09784198220882431,0.8774988688047787,-0.301499908,-0.384248204,-0.36985584,1.186751876213113,0,0,0,0,0,0,0,0,0,0,1,0,0
IPB24E-192,6.051428324,Winter,2024,0.301029996,22.36,99.79,Mountain,Miniopterus,0.44162556867492686,2.18686902929201,2.0184085456160243,-1.620930114,-0.342987405,0.43497621085040983,-0.627503208,-0.714742949,1.1629715466791308,-1.035083655,1.1686501629866197,0.38833875807076074,0.8353852988959216,-1.368055461,1.1583593248365187,0.8223383213001026,-1.509988277,1.0144956708296458,-1.218838604,1.3946204284939976,2.7313653304023155,0.5160125750070642,-1.480156057,-0.472480453,1.1292263596092131,-0.311444679,0.5035270494725355,-0.422826765,1.2062611416261872,0,0,0,0,0,0,0,0,0,0,0,0,0
IPB24E-193,3.720437014,Winter,2024,0.301029996,24.36,99.04,Mountain,Rhinolophus,1.246269582035748,1.7743059460860402,1.5855472495336913,-1.173906921,0.2320155858696665,0.729350526394852,-0.514934462,0.5040016648973182,1.0620026791799706,0.04977281053057789,1.410849206923911,0.17993519133765257,1.4347428809686018,-1.274353032,1.8263835430448536,1.2683117632378382,-1.286041371,1.4782626483819894,-1.325682626,2.010377093351041,2.034728930660319,-0.960864072,-0.396865369,0.09784198220882431,0.6743901839007359,-0.298962558,-0.341113429,-0.390321879,0.3064178554939521,0,0,0,0,0,0,1,0,0,0,0,0,0
IPB24E-194,7.513252462,Winter,2024,1,24.23,98.43,Mountain,Rhinolophus,-0.233915215,1.6111998786181683,1.722349544446019,-1.308504395,-1.39152227,-0.15377242,-0.785099452,-1.12099128,0.26507025712922966,-1.39670259,0.5333741110452025,0.3379185403127507,1.1823817937801049,-1.461757889,1.3884638198191244,1.0645954996366505,-1.310924361,1.2664184734506718,-1.34705143,1.829272191922499,1.590089389175299,-0.773786671,-1.349804906,-0.472480453,0.9429695409057025,-0.29356046,1.6118346757678814,-0.363836417,1.5195316026175418,0,1,0,0,0,0,0,0,0,0,0,0,0
IPB24E-195,4.438133203,Winter,2024,0.301029996,23,101.96,Mountain,Rhinolophus,-0.361517483,0.8868163892433008,1.896025448823304,-1.522519872,-1.729759324,0.3859138249263361,-1.505539424,-1.39393942,0.32637288427879707,-1.639665349,0.6008723419457122,-0.401577987,0.2518002847725224,-0.805840888,1.1478141775945607,0.32130642974042445,-1.037211476,0.4934735108634326,-1.111994583,1.7568302313510822,0.643464757872804,-0.612546281,-0.367061247,0.09784198220882431,0.11380609386839782,-0.30841623,-0.19482147,-0.402962668,1.6962372057173773,0,1,0,0,0,0,0,0,0,0,0,0,0
IPB24E-196,6.655105726,Winter,2024,1.431363764,22.36,99.79,Mountain,Rhinolophus,0.44162556867492686,2.18686902929201,2.0184085456160243,-1.620930114,-0.342987405,0.43497621085040983,-0.627503208,-0.714742949,1.1629715466791308,-1.035083655,1.1686501629866197,0.38833875807076074,0.8353852988959216,-1.368055461,1.1583593248365187,0.8223383213001026,-1.509988277,1.0144956708296458,-1.218838604,1.3946204284939976,2.7313653304023155,0.5160125750070642,-1.480156057,-0.472480453,1.1292263596092131,-0.311444679,0.5035270494725355,-0.422826765,1.2062611416261872,0,0,0,0,0,0,0,0,0,0,0,0,0
IPB24E-197,6.345684048,Winter,2024,1.414973348,22.36,99.79,Mountain,Rhinolophus,0.44162556867492686,2.18686902929201,2.0184085456160243,-1.620930114,-0.342987405,0.43497621085040983,-0.627503208,-0.714742949,1.1629715466791308,-1.035083655,1.1686501629866197,0.38833875807076074,0.8353852988959216,-1.368055461,1.1583593248365187,0.8223383213001026,-1.509988277,1.0144956708296458,-1.218838604,1.3946204284939976,2.7313653304023155,0.5160125750070642,-1.480156057,-0.472480453,1.1292263596092131,-0.311444679,0.5035270494725355,-0.422826765,1.2062611416261872,0,0,0,0,0,0,0,0,0,0,0,0,0
IPB24E-198,5.00291008,Winter,2024,0.954242509,22.74,99.82,Mountain,Rhinolophus,0.17591286042514662,2.201260758058856,2.0534329379975453,-1.575082639,-0.681224458,0.21419547419207813,-0.650017407,-0.917866543,0.9682460127347029,-1.215892614,0.9740968169892223,0.30094371395687664,0.8984755706930458,-1.274353032,1.264060188536213,0.8553733910732683,-1.485105287,1.0488487802779676,-1.261576213,1.6481672904939568,2.6680551888628226,0.04884221127424023,-1.078111178,-0.472480453,0.10969534807626853,-0.310339705,0.9110506928555935,-0.416807342,1.4861241437022334,0,0,0,0,0,0,0,0,0,0,1,0,0
IPB24E-199,4.011856672,Winter,2024,0.301029996,22.49,99.69,Mountain,Rhinolophus,0.8814779191337905,2.2972058083942133,2.0109478963904674,-1.537104147,0.09672076451246811,0.6557569475087413,-0.537448211,-0.200585065,1.375727150534883,-0.577409834,1.3989375442104477,0.39170010592129473,0.8827030027437648,-1.555460318,1.2754359665835542,0.9049259957330167,-1.634403225,1.10037844445045,-1.432526647,1.4308414087797061,2.5218004991676124,0.6131924015937554,-0.794087081,0.09784198220882431,0.8253476592166671,-0.294910985,-0.140325065,-0.359020878,0.7954443535694617,0,0,0,0,0,0,0,0,0,0,0,0,0
IPB24E-200,6.066478777,Winter,2024,1.380211242,22.45,99.69,Mountain,Rhinolophus,0.8859811640699444,2.3115975371610595,1.99897070246643,-1.531501495,0.130544469851768,0.6557569475087413,-0.514934687,-0.194236929,1.375727150534883,-0.571759088,1.3989375442104477,0.36817067096755673,0.8353852988959216,-1.555460318,1.2653235605653805,0.8718909259598511,-1.634403225,1.0660253350021285,-1.432526647,1.4308414087797061,2.5300535075912625,0.6490846004627112,-1.455580589,-0.472480453,0.5187539096422652,-0.295074685,0.02272830575670275,-0.35962282,0.8005374803808395,0,0,0,0,0,0,0,0,0,0,0,1,0
IPB24G-202,6.67033743,Winter,2024,1.380211242,25.12,98.41,Mountain,Rhinolophus,-0.783355052,1.3137706255469666,1.5482770193969635,-1.13020144,-2.034172672,-0.546271508,-0.852640924,-1.520891476,-0.15322875,-1.752670779,0.0727993485975464,0.3715320188180907,0.8511578668452027,-1.180650603,0.9201866115512991,0.849867546111074,-0.912796528,1.0431232620365805,-1.005150562,1.220759723122597,0.9561253983070506,-0.00627684,-1.432244023,-0.472480453,1.1292263596092131,-0.29421526,2.2719547897629893,-0.372865552,1.6274368316721557,0,0,0,0,0,0,0,0,0,0,0,1,0
IPB24G-203,7.773284766,Winter,2024,1.380211242,25.12,98.41,Mountain,Rhinolophus,-0.783355052,1.3137706255469666,1.5482770193969635,-1.13020144,-2.034172672,-0.546271508,-0.852640924,-1.520891476,-0.15322875,-1.752670779,0.0727993485975464,0.3715320188180907,0.8511578668452027,-1.180650603,0.9201866115512991,0.849867546111074,-0.912796528,1.0431232620365805,-1.005150562,1.220759723122597,0.9561253983070506,-0.00627684,-1.432244023,-0.472480453,1.1292263596092131,-0.29421526,2.2719547897629893,-0.372865552,1.6274368316721557,0,0,0,0,0,0,0,0,0,0,0,1,0
IPB24G-204,6.267172582,Winter,2024,1.380211242,25.12,98.41,Mountain,Rhinolophus,-0.783355052,1.3137706255469666,1.5482770193969635,-1.13020144,-2.034172672,-0.546271508,-0.852640924,-1.520891476,-0.15322875,-1.752670779,0.0727993485975464,0.3715320188180907,0.8511578668452027,-1.180650603,0.9201866115512991,0.849867546111074,-0.912796528,1.0431232620365805,-1.005150562,1.220759723122597,0.9561253983070506,-0.00627684,-1.432244023,-0.472480453,1.1292263596092131,-0.29421526,2.2719547897629893,-0.372865552,1.6274368316721557,0,0,0,0,0,0,0,0,0,0,0,1,0
IPB24G-206,6.022320044,Winter,2024,1.176091259,21.63,100.24,Mountain,Rhinolophus,0.7838995657424399,1.5248495060170917,1.965153859238286,-1.75522203,-0.241516289,0.999193648977257,-1.07777819,-0.606833016,1.440635445487988,-0.814722185,1.4823177538337522,0.42195223657610076,0.9615658424901701,-1.368055461,1.1178800263583413,0.7782915616025485,-1.286041371,0.18429552582853692,-1.1974698,1.3946204284939976,3.886618359726231,0.33386636328367447,-1.266702785,0.09784198220882431,0.7820441269533346,-0.307597731,0.5788811234705996,-0.418613169,1.0242034391652428,0,0,0,0,0,1,0,0,0,0,0,0,0
IPB24G-207,5.062086647,Summer,2024,0.301029996,25.47,105.02,Mountain,Murina,-1.191682166,-0.010267845,0.37531661883105133,-0.553192235,-1.763583029,-0.472677929,-0.740071953,-1.35585365,-0.704951312,-1.605763584,-0.534683538,-0.438552813,0.06252946938114971,-0.805840888,0.8923402757204025,0.07904925140387672,-1.012328487,0.2415507082424065,-1.090625779,0.8150847439226624,0.18910791354327036,0.14925263137582412,-1.020606722,-0.472480453,0.8905683097353602,-0.288854087,0.5807794282723577,-0.348787858,1.5384365987479103,1,0,0,0,0,0,0,0,0,0,0,0,0
IPB24G-209,6.825180744,Summer,2024,1.278753601,25.84,105.26,Mountain,Rhinolophus,-0.989019931,-0.245333132,0.09200586360996137,-0.375902131,-1.39152227,-0.350021964,-0.604989458,-0.974995959,-0.676103157,-1.266745939,-0.502919819,-0.451998205,0.07830203733043077,-0.712138459,0.776773240431008,-0.014550113,-0.962562508,0.1442168981388282,-1.047888171,0.706421803065537,-0.165948356,0.1972636553338934,-0.068054634,-1.042802888,0.26681065947242383,-0.290368311,-0.566156561,-0.346380089,1.3240073275705817,0,0,0,0,0,0,0,0,0,0,0,0,0
IPB24G-210,4.468426198,Summer,2024,0.301029996,25.91,105.17,Mountain,Rhinolophus,-0.516141383,-0.163780386,0.1094639264387634,-0.352510131,-0.850342985,-0.031116455,-0.537448211,-0.467185449,-0.40565081,-0.814722185,-0.205133969,-0.539393249,0.046756901431868655,-0.805840888,0.8178272121830226,-0.069608563,-1.012328487,0.08696171572495864,-1.090625779,0.706421803065537,-0.223433854,0.13988859936289294,-0.407850199,0.09784198220882431,1.1292263596092131,-0.291718836,-0.416733491,-0.35179757,0.8975658623467482,0,0,0,0,0,0,0,0,0,0,0,0,0
IPB24G-211,4.113032199,Summer,2024,0.301029996,25.79,104.96,Mountain,Rhinolophus,-1.13463626,-0.000673743,0.29967323150574493,-0.482125091,-1.594464502,-0.472677929,-0.627503208,-1.235248207,-0.712163383,-1.498407545,-0.542624504,-0.478888987,0.14139230912755502,-0.899543317,0.9658639819515837,0.057025871555099666,-1.111860445,0.21864863527685865,-1.176100996,0.7426427833512455,-0.052692342,0.6600516246292426,0.9020344696636922,0.09784198220882431,-0.739360248,-0.257628322,-0.936137415,-0.237428527,1.4427030795306568,0,0,0,0,0,0,0,0,0,0,0,0,1
IPB24G-212,4.472831057,Summer,2024,0.301029996,25.69,102.37,Mountain,Rhinolophus,-1.538459408,1.366540489581786,1.458712996855944,-1.113573879,-2.33858602,-0.914239402,-0.717558204,-2.276259485,-0.585952375,-2.425056002,-0.403657869,-1.742755779,-1.010005151,-1.555460318,1.2999741112993937,-0.912002842,-1.684169204,-0.789042575,-1.667583493,0.8875267044940792,-0.036466826,-0.069407456,-1.080104898,0.09784198220882431,0.2543370518680551,-0.301622683,-0.61569661,-0.399351014,2.3712059944997974,1,0,0,0,0,0,0,0,0,0,0,0,0
IPB24G-213,5.712837366,Summer,2024,0.301029996,26.44,102.49,Mountain,Rhinolophus,-0.705292442,1.5440388614856535,1.4083655400022832,-0.986019997,-1.32387486,-0.39908435,-0.514934462,-1.260639228,-0.138804997,-1.521009173,0.08868085086336168,-1.695696909,-0.7891892,-1.930270034,1.8490645750737398,-0.719298268,-1.982765078,-0.588649437,-1.924009144,0.8513057242083708,0.10853837392900344,-0.799160654,-1.090237225,-0.472480453,-0.306902239,-0.299699208,-0.286676318,-0.386710225,1.8412618335667783,1,0,0,0,0,0,0,0,0,0,0,0,0
IPB24G-214,5.942995334,Summer,2024,0.77815125,26.67,102.18,Mountain,Rhinolophus,-1.106113307,1.5200524549845273,1.4521360613650027,-1.035494962,-1.797406734,-0.668927472,-0.582475709,-1.698625192,-0.3479545,-1.910879126,-0.14160653,-1.527629517,-0.584145817,-1.836567605,1.8319611316719748,-0.548617074,-1.85835013,-0.411158371,-1.817165123,0.8875267044940792,-0.517953592,-0.256421382,-1.304111659,-0.472480453,0.5697243588691893,-0.300804183,-0.442601962,-0.396341302,2.0618201217544088,0,0,0,0,0,0,0,0,0,0,0,1,0
IPB24G-215,6.326633413,Summer,2024,0.477121255,24.89,104.41,Mountain,Rhinolophus,-0.555172508,0.7860742878753791,0.9753187969572037,-0.698734838,-1.32387486,-0.202834806,-0.695044455,-0.88612891,-0.257803718,-1.187641595,-0.04234458,-0.949477686,-0.521055545,-0.712138459,0.8420682971588703,-0.333889121,-1.012328487,-0.18786316,-1.090625779,0.8150847439226624,0.4529296908128443,-0.561315967,-0.990755665,-1.042802888,0.3670124160314371,-0.282265164,0.05667421307653932,-0.348185916,1.238719034525815,0,0,0,0,0,0,0,0,0,0,0,0,0
IPB24G-216,5.142327113,Summer,2024,0.477121255,28.13,103.05,Mountain,Rhinolophus,-1.559476473,1.0019502193780698,0.5799369752146517,-0.37462988,-1.526817092,-1.135020139,0.02539551764119272,-1.501848972,-0.997039613,-1.735720235,-0.856291999,-1.692335561,-1.057322855,-1.742865176,1.4352944512631247,-0.845932702,-1.808584151,-0.720336356,-1.774427515,0.8875267044940792,-0.077006161,-0.138746943,-0.240538228,0.09784198220882431,-0.326788729,-0.307597731,-0.667864772,-0.370457782,1.5699449256318574,0,0,0,0,0,0,0,0,0,0,0,0,0
IPB24G-217,4.58823414,Summer,2024,0.698970004,28.12,103.14,Mountain,Rhinolophus,-1.449888626,0.7381014748731248,0.38039272026105747,-0.282464604,-1.357698565,-1.036895367,0.04790904164903528,-1.3177675,-0.986221528,-1.571861481,-0.844380575,-1.715864996,-1.104640559,-1.649162747,1.3742848206461953,-0.873461927,-1.783701162,-0.748963948,-1.75305871,0.8513057242083708,0.06388190579090779,-0.341033322,-0.698662562,-0.472480453,-0.086107974,-0.30964398,0.23841861919366109,-0.389117994,1.2731623836400476,0,0,0,1,0,0,0,0,0,0,0,0,0
IPB24G-218,6.805362892,Summer,2024,0.602059991,26.15,105.88,Mountain,Hipposideros,-1.152650681,-0.537964759,-0.248508848,-0.151311597,-1.290051154,-0.472677929,-0.424879465,-0.905171795,-0.874434662,-1.204592478,-0.721295871,-0.640233684,-0.17405905,-0.899543317,0.5613810000015591,-0.317371586,-1.037211476,-0.170686605,-1.111994583,0.6702008227798285,-0.744720695,-0.454552046,-0.677737048,0.09784198220882431,-0.013026048,-0.230576905,-0.083518584,-0.168205159,1.136770174115016,0,0,0,1,0,0,0,0,0,0,0,0,0
IPB24G-219,4.480809578,Summer,2024,0.301029996,24.89,104.41,Mountain,Miniopterus,-0.555172508,0.7860742878753791,0.9753187969572037,-0.698734838,-1.32387486,-0.202834806,-0.695044455,-0.88612891,-0.257803718,-1.187641595,-0.04234458,-0.949477686,-0.521055545,-0.712138459,0.8420682971588703,-0.333889121,-1.012328487,-0.18786316,-1.090625779,0.8150847439226624,0.4529296908128443,-0.561315967,-0.990755665,-1.042802888,0.3670124160314371,-0.282265164,0.05667421307653932,-0.348185916,1.238719034525815,0,0,0,0,0,0,0,0,0,0,0,0,0
IPB24G-220,4.299953786,Summer,2024,0.301029996,25.79,104.96,Mountain,Aselliscus,-1.13463626,-0.000673743,0.29967323150574493,-0.482125091,-1.594464502,-0.472677929,-0.627503208,-1.235248207,-0.712163383,-1.498407545,-0.542624504,-0.478888987,0.14139230912755502,-0.899543317,0.9658639819515837,0.057025871555099666,-1.111860445,0.21864863527685865,-1.176100996,0.7426427833512455,-0.052692342,0.6600516246292426,0.9020344696636922,0.09784198220882431,-0.739360248,-0.257628322,-0.936137415,-0.237428527,1.4427030795306568,0,0,0,0,0,0,0,0,0,0,0,0,1
IPB24G-221,5.219712892,Summer,2024,0.301029996,24.89,104.41,Mountain,Myotis,-0.555172508,0.7860742878753791,0.9753187969572037,-0.698734838,-1.32387486,-0.202834806,-0.695044455,-0.88612891,-0.257803718,-1.187641595,-0.04234458,-0.949477686,-0.521055545,-0.712138459,0.8420682971588703,-0.333889121,-1.012328487,-0.18786316,-1.090625779,0.8150847439226624,0.4529296908128443,-0.561315967,-0.990755665,-1.042802888,0.3670124160314371,-0.282265164,0.05667421307653932,-0.348185916,1.238719034525815,0,0,0,0,0,0,0,0,0,0,0,0,0
IPB24G-222,5.53975205,Summer,2024,0.477121255,25.84,105.26,Mountain,Myotis,-0.989019931,-0.245333132,0.09200586360996137,-0.375902131,-1.39152227,-0.350021964,-0.604989458,-0.974995959,-0.676103157,-1.266745939,-0.502919819,-0.451998205,0.07830203733043077,-0.712138459,0.776773240431008,-0.014550113,-0.962562508,0.1442168981388282,-1.047888171,0.706421803065537,-0.165948356,0.1972636553338934,-0.068054634,-1.042802888,0.26681065947242383,-0.290368311,-0.566156561,-0.346380089,1.3240073275705817,0,0,0,0,0,0,0,0,0,0,0,0,0
IPB24G-223,5.456564762,Summer,2024,0.698970004,25.47,105.02,Mountain,Myotis,-1.191682166,-0.010267845,0.37531661883105133,-0.553192235,-1.763583029,-0.472677929,-0.740071953,-1.35585365,-0.704951312,-1.605763584,-0.534683538,-0.438552813,0.06252946938114971,-0.805840888,0.8923402757204025,0.07904925140387672,-1.012328487,0.2415507082424065,-1.090625779,0.8150847439226624,0.18910791354327036,0.14925263137582412,-1.020606722,-0.472480453,0.8905683097353602,-0.288854087,0.5807794282723577,-0.348787858,1.5384365987479103,1,0,0,0,0,0,0,0,0,0,0,0,0
IPB24G-224,6.96531675,Summer,2024,0.477121255,24.89,104.41,Mountain,Myotis,-0.555172508,0.7860742878753791,0.9753187969572037,-0.698734838,-1.32387486,-0.202834806,-0.695044455,-0.88612891,-0.257803718,-1.187641595,-0.04234458,-0.949477686,-0.521055545,-0.712138459,0.8420682971588703,-0.333889121,-1.012328487,-0.18786316,-1.090625779,0.8150847439226624,0.4529296908128443,-0.561315967,-0.990755665,-1.042802888,0.3670124160314371,-0.282265164,0.05667421307653932,-0.348185916,1.238719034525815,0,0,0,0,0,0,0,0,0,0,0,0,0
IPB24G-225,4.295990417,Summer,2024,0.301029996,25.69,102.37,Mountain,Myotis,-1.538459408,1.366540489581786,1.458712996855944,-1.113573879,-2.33858602,-0.914239402,-0.717558204,-2.276259485,-0.585952375,-2.425056002,-0.403657869,-1.742755779,-1.010005151,-1.555460318,1.2999741112993937,-0.912002842,-1.684169204,-0.789042575,-1.667583493,0.8875267044940792,-0.036466826,-0.069407456,-1.080104898,0.09784198220882431,0.2543370518680551,-0.301622683,-0.61569661,-0.399351014,2.3712059944997974,1,0,0,0,0,0,0,0,0,0,0,0,0
IPB24G-227,4.32965019,Summer,2024,0.301029996,25.79,104.96,Mountain,Rhinolophus,-1.13463626,-0.000673743,0.29967323150574493,-0.482125091,-1.594464502,-0.472677929,-0.627503208,-1.235248207,-0.712163383,-1.498407545,-0.542624504,-0.478888987,0.14139230912755502,-0.899543317,0.9658639819515837,0.057025871555099666,-1.111860445,0.21864863527685865,-1.176100996,0.7426427833512455,-0.052692342,0.6600516246292426,0.9020344696636922,0.09784198220882431,-0.739360248,-0.257628322,-0.936137415,-0.237428527,1.4427030795306568,0,0,0,0,0,0,0,0,0,0,0,0,1
IPB24G-228,4.527000823,Summer,2024,0.301029996,26.67,102.18,Mountain,Rhinolophus,-1.106113307,1.5200524549845273,1.4521360613650027,-1.035494962,-1.797406734,-0.668927472,-0.582475709,-1.698625192,-0.3479545,-1.910879126,-0.14160653,-1.527629517,-0.584145817,-1.836567605,1.8319611316719748,-0.548617074,-1.85835013,-0.411158371,-1.817165123,0.8875267044940792,-0.517953592,-0.256421382,-1.304111659,-0.472480453,0.5697243588691893,-0.300804183,-0.442601962,-0.396341302,2.0618201217544088,0,0,0,0,0,0,0,0,0,0,0,1,0
IPB24G-229,6.807495297,Summer,2024,0.301029996,26.29,106.09,Hill,Rhinolophus,-1.16916414,-0.331683505,-0.215015733,-0.036927248,-1.188580038,-0.619865087,-0.222255723,-1.241596343,-0.939343086,-1.131138881,-0.792764323,-0.747796815,-0.316012161,-0.993245745,0.45372730787297166,-0.438500175,-1.062094466,-0.348177671,-1.133363388,0.7788637636369539,-0.773498025,-0.601421664,0.15806347135306562,-1.042802888,0.4131954149615671,-0.208722962,-0.432123948,-0.097175965,1.0519135019864676,0,0,0,0,0,0,0,0,0,0,0,0,0
IPB24G-230,5.60294552,Summer,2024,0.301029996,25.79,104.96,Mountain,Rhinolophus,-1.13463626,-0.000673743,0.29967323150574493,-0.482125091,-1.594464502,-0.472677929,-0.627503208,-1.235248207,-0.712163383,-1.498407545,-0.542624504,-0.478888987,0.14139230912755502,-0.899543317,0.9658639819515837,0.057025871555099666,-1.111860445,0.21864863527685865,-1.176100996,0.7426427833512455,-0.052692342,0.6600516246292426,0.9020344696636922,0.09784198220882431,-0.739360248,-0.257628322,-0.936137415,-0.237428527,1.4427030795306568,0,0,0,0,0,0,0,0,0,0,0,0,1
IPB24G-231,8.021270416,Summer,2024,1.278753601,25.47,105.02,Mountain,Rhinolophus,-1.191682166,-0.010267845,0.37531661883105133,-0.553192235,-1.763583029,-0.472677929,-0.740071953,-1.35585365,-0.704951312,-1.605763584,-0.534683538,-0.438552813,0.06252946938114971,-0.805840888,0.8923402757204025,0.07904925140387672,-1.012328487,0.2415507082424065,-1.090625779,0.8150847439226624,0.18910791354327036,0.14925263137582412,-1.020606722,-0.472480453,0.8905683097353602,-0.288854087,0.5807794282723577,-0.348787858,1.5384365987479103,1,0,0,0,0,0,0,0,0,0,0,0,0
IPB24G-232,10.17724246,Summer,2024,1.230448921,24.89,104.41,Mountain,Rhinolophus,-0.555172508,0.7860742878753791,0.9753187969572037,-0.698734838,-1.32387486,-0.202834806,-0.695044455,-0.88612891,-0.257803718,-1.187641595,-0.04234458,-0.949477686,-0.521055545,-0.712138459,0.8420682971588703,-0.333889121,-1.012328487,-0.18786316,-1.090625779,0.8150847439226624,0.4529296908128443,-0.561315967,-0.990755665,-1.042802888,0.3670124160314371,-0.282265164,0.05667421307653932,-0.348185916,1.238719034525815,0,0,0,0,0,0,0,0,0,0,0,0,0
IPB24G-233,10.28054884,Summer,2024,1.204119983,24.89,104.41,Mountain,Rhinolophus,-0.555172508,0.7860742878753791,0.9753187969572037,-0.698734838,-1.32387486,-0.202834806,-0.695044455,-0.88612891,-0.257803718,-1.187641595,-0.04234458,-0.949477686,-0.521055545,-0.712138459,0.8420682971588703,-0.333889121,-1.012328487,-0.18786316,-1.090625779,0.8150847439226624,0.4529296908128443,-0.561315967,-0.990755665,-1.042802888,0.3670124160314371,-0.282265164,0.05667421307653932,-0.348185916,1.238719034525815,0,0,0,0,0,0,0,0,0,0,0,0,0
IPB24G-234,6.961443563,Summer,2024,0.602059991,24.89,104.41,Mountain,Rhinolophus,-0.555172508,0.7860742878753791,0.9753187969572037,-0.698734838,-1.32387486,-0.202834806,-0.695044455,-0.88612891,-0.257803718,-1.187641595,-0.04234458,-0.949477686,-0.521055545,-0.712138459,0.8420682971588703,-0.333889121,-1.012328487,-0.18786316,-1.090625779,0.8150847439226624,0.4529296908128443,-0.561315967,-0.990755665,-1.042802888,0.3670124160314371,-0.282265164,0.05667421307653932,-0.348185916,1.238719034525815,0,0,0,0,0,0,0,0,0,0,0,0,0
IPB24G-235,7.929303495,Summer,2024,1.176091259,25.69,102.37,Mountain,Rhinolophus,-1.538459408,1.366540489581786,1.458712996855944,-1.113573879,-2.33858602,-0.914239402,-0.717558204,-2.276259485,-0.585952375,-2.425056002,-0.403657869,-1.742755779,-1.010005151,-1.555460318,1.2999741112993937,-0.912002842,-1.684169204,-0.789042575,-1.667583493,0.8875267044940792,-0.036466826,-0.069407456,-1.080104898,0.09784198220882431,0.2543370518680551,-0.301622683,-0.61569661,-0.399351014,2.3712059944997974,1,0,0,0,0,0,0,0,0,0,0,0,0
IPB24G-236,6.906385996,Summer,2024,1.176091259,25.69,102.37,Mountain,Rhinolophus,-1.538459408,1.366540489581786,1.458712996855944,-1.113573879,-2.33858602,-0.914239402,-0.717558204,-2.276259485,-0.585952375,-2.425056002,-0.403657869,-1.742755779,-1.010005151,-1.555460318,1.2999741112993937,-0.912002842,-1.684169204,-0.789042575,-1.667583493,0.8875267044940792,-0.036466826,-0.069407456,-1.080104898,0.09784198220882431,0.2543370518680551,-0.301622683,-0.61569661,-0.399351014,2.3712059944997974,1,0,0,0,0,0,0,0,0,0,0,0,0
IPB24G-237,7.485402982,Summer,2024,1.176091259,25.69,102.37,Mountain,Rhinolophus,-1.538459408,1.366540489581786,1.458712996855944,-1.113573879,-2.33858602,-0.914239402,-0.717558204,-2.276259485,-0.585952375,-2.425056002,-0.403657869,-1.742755779,-1.010005151,-1.555460318,1.2999741112993937,-0.912002842,-1.684169204,-0.789042575,-1.667583493,0.8875267044940792,-0.036466826,-0.069407456,-1.080104898,0.09784198220882431,0.2543370518680551,-0.301622683,-0.61569661,-0.399351014,2.3712059944997974,1,0,0,0,0,0,0,0,0,0,0,0,0
IPB24G-238,7.43458391,Summer,2024,1.113943352,26.5,102.58,Mountain,Rhinolophus,-0.621225625,1.5920110988187577,1.4452784899500892,-0.971146359,-1.256227449,-0.350021964,-0.514934462,-1.14638192,-0.095532656,-1.419303879,0.13632654880325554,-1.712503649,-0.820734336,-1.930270034,1.8211188615529923,-0.746827493,-1.957882088,-0.617277028,-1.90264034,0.8150847439226624,0.1645966897420593,-0.716985792,-1.001462731,0.09784198220882431,0.4300291726030561,-0.299126258,-1.085049463,-0.384904398,1.7936972085995044,0,0,1,0,0,0,0,0,0,0,0,0,0
IPB24G-239,6.986396647,Summer,2024,1.146128036,26.67,102.18,Mountain,Rhinolophus,-1.106113307,1.5200524549845273,1.4521360613650027,-1.035494962,-1.797406734,-0.668927472,-0.582475709,-1.698625192,-0.3479545,-1.910879126,-0.14160653,-1.527629517,-0.584145817,-1.836567605,1.8319611316719748,-0.548617074,-1.85835013,-0.411158371,-1.817165123,0.8875267044940792,-0.517953592,-0.256421382,-1.304111659,-0.472480453,0.5697243588691893,-0.300804183,-0.442601962,-0.396341302,2.0618201217544088,0,0,0,0,0,0,0,0,0,0,0,1,0
IPB24G-240,4.865813969,Summer,2024,0.301029996,27.71,102.31,Mountain,Rhinolophus,-1.672066603,1.2082314731464794,1.2292612921605497,-0.857793839,-2.270938609,-0.987832981,-0.604989233,-2.079482884,-0.784284009,-2.249896772,-0.622034064,-1.571327039,-0.568373249,-2.21137732,1.9961473442745483,-0.587157989,-2.132063015,-0.451236999,-2.05222197,1.1772945467797469,-0.641499956,-0.329700962,-0.929346656,-0.472480453,1.1292263596092131,-0.242199602,0.08286473388740839,-0.264515932,2.2285121195979762,1,0,0,0,0,0,0,0,0,0,0,0,0
IPB24G-241,3.924920993,Summer,2024,0.477121255,28.08,103.14,Mountain,Rhinolophus,-2.933076066,0.7860742878753791,0.5687645996699795,-0.447204438,-3.015060127,-1.993611892,-0.177228225,-2.968151085,-1.761517606,-3.04093817,-1.698032631,-1.662083431,-1.104640559,-1.742865176,1.3649790533608874,-0.906496997,-1.85835013,-0.783317057,-1.817165123,0.8150847439226624,0.09576217294960082,-0.363338524,-1.173130255,0.09784198220882431,-0.362507347,-0.30923473,-0.386536268,-0.38550634,2.7172796451237544,0,0,0,1,0,0,0,0,0,0,0,0,0
IPB24H-129,0,Summer,2023,1.255272505,29.91,110.07,Mountain,Rhinolophus,-1.148147076,-0.54276204,-0.793419986,0.6874058150238973,-0.241516289,-0.889708209,0.6557809439855479,-0.771871603,-1.231431495,-0.413551418,-1.114372903,0.09926284292483649,-0.316012161,-0.056221457,-0.357046901,-0.141184547,-0.265838801,-0.130607977,-0.449561652,0.12688611849420176,0.6687321749133062,1.5798949655464563,-0.904793906,-0.472480453,0.22528104576845046,-0.306492756,0.6274446019130394,-0.408380149,0.218453512768631,1,0,0,0,0,0,0,0,0,0,0,0,0
IPB24H-133,6.162890437,Summer,2023,1.278753601,30.66,110.74,Mountain,Rhinolophus,-2.123928087,-0.331683505,-0.65973052,0.639055609307654,-1.256227449,-1.625643998,0.6557809439855479,-1.051166735,-1.786759856,-1.33454879,-1.725826011,-0.179729029,-0.457965273,-0.337328744,-0.356781725,-0.42198264,-0.440019728,-0.279471452,-0.599143282,0.05444415792278485,0.11279124229788438,-0.422518626,-0.854146165,-0.472480453,1.1292263596092131,-0.288117437,0.6075743705804052,-0.365040301,0.92052809508957,0,0,0,0,0,0,0,0,0,0,0,1,0
IPB4B-1,3.875,Spring,2021,1.414973348,21.38,110.15,Mesa,Pipistrellus,1.9233116875592937,-1.032081163,-0.016214874,-0.760911949,0.6717237552805579,1.980441367458731,-1.370456929,1.6910078836796678,1.6173311258827971,1.1063775796155075,1.6689299913555073,1.0841377631312994,0.8511578668452027,-0.243626315,0.30894689371542217,0.8608792360354625,-0.017008906,1.0545742985193545,-0.171767197,-0.669975448,-0.619003492,2.5459003784114826,0.15528332756475613,-1.042802888,0.2522597120551976,-0.219527159,0.03904055304832452,-0.143525524,-0.766073797,0,0,0,0,0,0,0,0,0,0,0,0,0
IPB4B-13,4.859641,Summer,2021,1.255272505,25.28,110.36,Plain,Rhinolophus,0.4911652261452246,-0.7154629,-0.697827436,0.43145528173156084,0.7731948712984577,0.3613826319642993,0.18299198679602735,-0.448142565,0.2939186286213923,0.8012620376961398,0.08868085086336168,1.2858186341633395,1.3716526091714776,1.8178271189319721,-0.083429941,1.1471831740695644,1.8740982978237557,0.09841275220773256,1.6018435542970435,0.6702008227798285,-0.676098456,-0.501817057,0.4934399661580356,0.09784198220882431,-0.162809759,1.9531803935497338,-0.860787911,4.136886382404419,-0.567787148,0,0,0,0,0,0,0,0,0,0,0,0,1
IPB4B-14,4.515373346,Summer,2021,1.544068044,25.28,110.36,Plain,Rhinolophus,0.4911652261452246,-0.7154629,-0.697827436,0.43145528173156084,0.7731948712984577,0.3613826319642993,0.18299198679602735,-0.448142565,0.2939186286213923,0.8012620376961398,0.08868085086336168,1.2858186341633395,1.3716526091714776,1.8178271189319721,-0.083429941,1.1471831740695644,1.8740982978237557,0.09841275220773256,1.6018435542970435,0.6702008227798285,-0.676098456,-0.501817057,0.4934399661580356,0.09784198220882431,-0.162809759,1.9531803935497338,-0.860787911,4.136886382404419,-0.567787148,0,0,0,0,0,0,0,0,0,0,0,0,1
IPB4B-15,2.404009757,Summer,2021,1.361727836,25.18,110.26,Mountain,Rhinolophus,0.5752327638628572,-0.63870709,-0.656137566,0.397086126807805,0.8746659873163549,0.41044501788837284,0.20550551080386992,-0.371971026,0.3552210394092554,0.8521143455013301,0.16411995201102397,1.4101885046330975,1.5924685604614126,1.8178271189319721,0.017765464038770492,1.2958409880488095,1.7745663397422164,0.24727622648379347,1.7300563796955286,0.5977588622084117,-0.702669562,-0.217309587,0.1661416974895659,0.09784198220882431,-0.098248939,0.3615667295042805,-0.243973711,1.0934659635722868,-0.571585412,0,1,0,0,0,0,0,0,0,0,0,0,0
IPB4B-16,5.247927513,Summer,2021,1.176091259,25.18,110.26,Mountain,Hipposideros,0.5752327638628572,-0.63870709,-0.656137566,0.397086126807805,0.8746659873163549,0.41044501788837284,0.20550551080386992,-0.371971026,0.3552210394092554,0.8521143455013301,0.16411995201102397,1.4101885046330975,1.5924685604614126,1.8178271189319721,0.017765464038770492,1.2958409880488095,1.7745663397422164,0.24727622648379347,1.7300563796955286,0.5977588622084117,-0.702669562,-0.217309587,0.1661416974895659,0.09784198220882431,-0.098248939,0.3615667295042805,-0.243973711,1.0934659635722868,-0.571585412,0,1,0,0,0,0,0,0,0,0,0,0,0
IPB4B-2,7.068692366,Spring,2021,1.51851394,21.43,110.15,Mesa,Tylonycteris,1.900793661436431,-1.017689262,-0.02046579,-0.748500147,0.6717237552805579,1.955910174496694,-1.34794318,1.6846605093886056,1.6029067237750114,1.1007275115358448,1.6490774583948917,1.0942218066829013,0.8669304347944837,-0.243626315,0.31472822554784646,0.8773967709220453,-0.017008906,1.0717508532435154,-0.150398393,-0.669975448,-0.634203978,2.445635145444358,0.1890251385521744,0.09784198220882431,-1.985266253,-0.21625316,-0.60896767,-0.133292504,-0.752434576,1,0,0,0,0,0,0,0,0,0,0,0,0
IPB4B-22,4.459431619,Autumn,2021,1.301029996,30.9,119.66,Plain,Rhinolophus,-0.630232475,-0.288508319,-0.887610428,1.1963121651177782,0.6379000499412593,-0.938770595,1.2861654697799378,1.0054644193488704,-0.704951312,0.4961461567591275,-1.046874791,-0.663763119,-0.741871496,0.5059931155790024,-0.81118798,-0.867956082,0.5552998532433608,-0.743238429,0.6616161680414864,-0.416428586,-0.764789532,0.4885253519061455,0.741577163737102,0.09784198220882431,-1.601755679,-0.113040343,-1.199396525,-0.157370197,-0.781266853,0,0,0,0,1,0,0,0,0,0,0,0,0
IPB4B-25,3.499227547,Autumn,2021,1.491361694,25.72,116.89,Mountain,Pipistrellus,-0.295464006,0.10966303583361482,-0.004510491,-0.170133805,-0.140045173,-0.055647648,-0.04214573,-1.495501217,0.012648196562180422,-0.385299722,-0.089990516,0.8286753264907151,0.3306631245189277,1.0682076884445608,-0.55303751,0.4259174840221155,1.1027256226918267,-0.353903189,1.5804747500639627,0.05444415792278485,-0.162403121,-0.157986493,-1.649161311,-0.472480453,0.829687128456246,-0.272729642,1.5855825202367575,-0.386710225,0.2968358711539024,0,1,0,0,0,0,0,0,0,0,0,0,0
IPB4B-36,5.297079328,Autumn,2021,1.397940009,21.38,110.16,Mesa,Pipistrellus,1.9233116875592937,-1.032081163,-0.016214874,-0.760911949,0.6717237552805579,1.980441367458731,-1.370456929,1.6910078836796678,1.6173311258827971,1.1063775796155075,1.6689299913555073,1.0841377631312994,0.8511578668452027,-0.243626315,0.30894689371542217,0.8608792360354625,-0.017008906,1.0545742985193545,-0.171767197,-0.669975448,-0.628923753,2.552053369271821,0.1785443569624178,-1.042802888,0.2522597120551976,-0.23110893,0.04830838649011612,-0.179642064,-0.766073797,0,0,0,0,0,0,0,0,0,0,0,0,0
IPB4B-4,5.413977073,Spring,2021,1.146128036,23.04,114.63,Mesa,Tylonycteris,1.639584558411223,-0.614721259,-0.002260901,-0.559509452,0.7393711659591578,1.5143487011800307,-0.897668648,1.58944608644576,1.3721210500079362,1.0159731001644523,1.379085249478322,1.4807768094943117,1.0088835463380132,0.3185882579571496,0.2264432072889136,1.0921247244476218,0.1074060418764343,1.2950460646576067,0.42655932147759706,-0.162881724,-0.391757941,-0.752227689,0.6807360742157815,1.8088092876740172,-0.330762838,-0.219363459,-0.935378962,-0.206729469,-0.764260989,0,0,0,0,0,0,1,0,0,0,0,0,0
IPB4B-43,5.209453366,Autumn,2021,1.462397998,25.71,116.75,Mesa,Rhinolophus,0.5617215879007219,0.6901292375400218,0.138722419005726,-0.008008404,1.009960808673552,0.31232024604022557,0.3856155039665479,-0.556052117,0.4597960074353622,0.5469988035819624,0.38646646298769943,0.6068263683554709,0.23602771682324136,0.880802830822708,-0.493616281,0.32130642974042445,1.0280766541306723,-0.502766663,1.537737141597801,0.05444415792278485,0.024559637711338053,0.0238416988540819,0.7730362845185457,1.8088092876740172,-2.395681825,-0.2477654,-1.645772333,-0.353603397,-0.287233553,0,0,0,0,0,0,0,0,0,0,0,0,1
IPB4B-5,3.546593564,Spring,2021,1.397940009,23.05,114.6,Mesa,Rhinolophus,1.650093090698032,-0.63870709,-0.037799507,-0.540326352,0.7731948712984577,1.5143487011800307,-0.875154448,1.6211837196164522,1.368515165842694,1.0442241185980554,1.379085249478322,1.5076675922985836,1.0877463860844185,0.3185882579571496,0.2376660674424699,1.119653949258593,0.1074060418764343,1.3236736558645414,0.4479281257106779,-0.162881724,-0.440509433,-0.787080129,0.6732408465175814,1.8088092876740172,-0.480857378,0.19307855859391224,-1.540072968,0.09664946563201558,-0.772634435,0,0,0,0,1,0,0,0,0,0,0,0,0
IPB4B-52,7.265806065,Autumn,2021,1.544068044,25.02,117.63,Mountain,Myotis,0.5977507899857198,0.21999923926666715,0.21752655150071515,-0.341548241,0.5702526392626607,0.704819333432815,-0.267283221,-0.835348011,0.7410662231328699,0.32098692691903397,0.6366063771721433,-0.209981159,-0.410647569,-0.056221457,-0.441553294,-0.39995926,0.03275707331527987,-0.70888532,0.576140951109163,0.0906651382084933,-0.697462081,1.290598553944682,-0.399626176,-1.042802888,0.15704398260520358,-0.254436173,-0.021298389,-0.373467494,-0.324439276,0,0,0,0,0,1,0,0,0,0,0,0,0
IPB4B-57,1,Autumn,2021,1.414973348,24.51,117.65,Mesa,Rhinolophus,1.4099006919580235,-0.130198727,0.10493387519848674,-0.361149788,1.1790793353700493,1.3916927363698466,-0.492420488,-0.067284873,1.3144247397470195,1.0724764931022417,1.2083549906793614,-0.573006727,-0.741871496,-0.056221457,-0.42205582,-0.796380098,-0.240955811,-1.287162662,0.34108410454527366,-0.054218783,-0.796486002,2.4488593111984325,0.657627821783939,1.8088092876740172,-3.660749875,2.455657382239921,-1.596528421,3.022691130177703,-0.770735303,0,0,0,0,0,0,0,0,0,0,0,0,1
IPB4B-6,6.477698898,Spring,2021,1.361727836,23.04,114.59,Mesa,Tylonycteris,1.6455891251850412,-0.624315707,-0.025941835,-0.559417863,0.7731948712984577,1.5143487011800307,-0.875154448,1.602141215885575,1.375727150534883,1.0272735753414224,1.383055803716143,1.5211129837007196,1.0877463860844185,0.3185882579571496,0.23552414359991503,1.1361714841451758,0.1322890313968191,1.3408502105887024,0.4692969299437587,-0.162881724,-0.446953133,-0.748035124,0.4454825978632133,-1.042802888,-1.468170691,0.30799592170207696,-0.166692187,0.21884375855585317,-0.772375463,0,0,0,0,0,0,1,0,0,0,0,0,0
IPB4B-62,4.501629167,Autumn,2021,0.301029996,24.51,117.65,Mesa,Scotophilus,1.4099006919580235,-0.130198727,0.10493387519848674,-0.361149788,1.1790793353700493,1.3916927363698466,-0.492420488,-0.067284873,1.3144247397470195,1.0724764931022417,1.2083549906793614,-0.573006727,-0.741871496,-0.056221457,-0.42205582,-0.796380098,-0.240955811,-1.287162662,0.34108410454527366,-0.054218783,-0.796486002,2.4488593111984325,0.657627821783939,1.8088092876740172,-3.660749875,2.455657382239921,-1.596528421,3.022691130177703,-0.770735303,0,0,0,0,0,0,0,0,0,0,0,0,1
IPB4B-63,3.616874606,Autumn,2021,0.301029996,30.97,119.87,Plain,Murina,-0.622726226,-0.370061467,-0.926570048,1.1995147119419247,0.6040763446019594,-0.938770595,1.2636521709095863,1.0245069230797479,0.3516151552440132,0.5130967000157604,-1.038933921,-0.811662425,-0.773416632,0.5059931155790024,-0.616084257,-0.878967772,0.406001916121052,-0.754689466,0.6188785595753247,-0.525091527,-0.766720108,0.29477836570757343,0.41444415799770984,-1.042802888,-1.105340503,-0.100067122,-0.415329156,-0.139311928,-0.788690733,0,0,0,0,0,0,1,0,0,0,0,0,0
IPB4B-65,4.584962501,Winter,2022,0.301029996,22.47,99.67,Mountain,Rhinolophus,1.0135834321956392,2.2588276731262398,1.9583666075965303,-1.507550673,0.2320155858696665,0.729350526394852,-0.514934462,-0.048241988,1.4442415460149338,-0.441802775,1.4664357751109574,0.3648093231170227,0.8038401629973595,-1.649162747,1.249053147176251,0.8553733910732683,-1.634403225,1.0488487802779676,-1.453895451,1.4308414087797061,2.4905330043259855,0.6854103820703109,-1.085396065,-0.472480453,1.1292263596092131,-0.304978532,0.6533153577828427,-0.400554899,0.6328095923383479,0,0,0,0,0,0,1,0,0,0,0,0,0
IPB4B-66,5.308771517,Winter,2022,1.255272505,25.12,98.41,Mountain,Rhinolophus,-0.972506472,1.294581845747556,1.5778698524707508,-1.147258277,-2.237114904,-0.644396279,-0.897668197,-1.730363587,-0.254197833,-1.939130823,-0.038374264,0.26060753975046863,0.6145693476059868,-1.086948174,0.7983601708160444,0.6791863522830517,-0.83814756,0.8656321965535848,-0.941044149,1.220759723122597,0.9619705192818515,-0.014908738,-1.432244023,-0.472480453,1.1292263596092131,-0.29421526,2.1394880669479632,-0.372865552,1.8188175459234186,0,0,0,0,0,0,0,0,0,0,0,1,0
IPB4B-67,3.969815782,Winter,2022,1.255272505,25.12,98.41,Mountain,Rhinolophus,-0.972506472,1.294581845747556,1.5778698524707508,-1.147258277,-2.237114904,-0.644396279,-0.897668197,-1.730363587,-0.254197833,-1.939130823,-0.038374264,0.26060753975046863,0.6145693476059868,-1.086948174,0.7983601708160444,0.6791863522830517,-0.83814756,0.8656321965535848,-0.941044149,1.220759723122597,0.9619705192818515,-0.014908738,-1.432244023,-0.472480453,1.1292263596092131,-0.29421526,2.1394880669479632,-0.372865552,1.8188175459234186,0,0,0,0,0,0,0,0,0,0,0,1,0
IPB4B-68,4.906890596,Winter,2022,1.255272505,25.12,98.41,Mountain,Rhinolophus,-0.972506472,1.294581845747556,1.5778698524707508,-1.147258277,-2.237114904,-0.644396279,-0.897668197,-1.730363587,-0.254197833,-1.939130823,-0.038374264,0.26060753975046863,0.6145693476059868,-1.086948174,0.7983601708160444,0.6791863522830517,-0.83814756,0.8656321965535848,-0.941044149,1.220759723122597,0.9619705192818515,-0.014908738,-1.432244023,-0.472480453,1.1292263596092131,-0.29421526,2.1394880669479632,-0.372865552,1.8188175459234186,0,0,0,0,0,0,0,0,0,0,0,1,0
IPB4B-71,4.807354922,Winter,2022,0.84509804,21.65,101.38,Mountain,Rhinolophus,1.5555170206935904,1.4193097779474544,2.1374915440300617,-1.737196075,0.3334867018875638,1.6615358589522518,-1.302915682,0.21835839606878105,1.920237512018574,-0.051932483,1.9905384524497918,0.9765746319142112,0.9142481386423269,-1.461757889,0.8037558616512597,1.284829298124421,-0.83814756,0.1499424163802152,-0.834200128,1.6119463102082483,3.0836881612274283,-0.522480698,-0.302423656,0.09784198220882431,1.1292263596092131,-0.300558633,0.6740975154827846,-0.390923821,0.23330127228654585,0,0,0,0,0,1,0,0,0,0,0,0,0
IPB4B-76,3.321928095,Winter,2022,1.278753601,22.47,99.67,Mountain,Rhinolophus,1.0135834321956392,2.2588276731262398,1.9583666075965303,-1.507550673,0.2320155858696665,0.729350526394852,-0.514934462,-0.048241988,1.4442415460149338,-0.441802775,1.4664357751109574,0.3648093231170227,0.8038401629973595,-1.649162747,1.249053147176251,0.8553733910732683,-1.634403225,1.0488487802779676,-1.453895451,1.4308414087797061,2.4905330043259855,0.6854103820703109,-1.085396065,-0.472480453,1.1292263596092131,-0.304978532,0.6533153577828427,-0.400554899,0.6328095923383479,0,0,0,0,0,0,1,0,0,0,0,0,0
IPB4B-78,3.851227481,Winter,2022,1.278753601,22.45,99.69,Mountain,Rhinolophus,0.8859811640699444,2.3115975371610595,1.99897070246643,-1.531501495,0.130544469851768,0.6557569475087413,-0.514934687,-0.194236929,1.375727150534883,-0.571759088,1.3989375442104477,0.36817067096755673,0.8353852988959216,-1.555460318,1.2653235605653805,0.8718909259598511,-1.634403225,1.0660253350021285,-1.432526647,1.4308414087797061,2.5300535075912625,0.6490846004627112,-1.455580589,-0.472480453,0.5187539096422652,-0.295074685,0.02272830575670275,-0.35962282,0.8005374803808395,0,0,0,0,0,0,0,0,0,0,0,1,0
IPB4B-79,3.636842188,Winter,2022,1.278753601,22.45,99.69,Mountain,Rhinolophus,0.8859811640699444,2.3115975371610595,1.99897070246643,-1.531501495,0.130544469851768,0.6557569475087413,-0.514934687,-0.194236929,1.375727150534883,-0.571759088,1.3989375442104477,0.36817067096755673,0.8353852988959216,-1.555460318,1.2653235605653805,0.8718909259598511,-1.634403225,1.0660253350021285,-1.432526647,1.4308414087797061,2.5300535075912625,0.6490846004627112,-1.455580589,-0.472480453,0.5187539096422652,-0.295074685,0.02272830575670275,-0.35962282,0.8005374803808395,0,0,0,0,0,0,0,0,0,0,0,1,0
IPB4B-80,3.608952453,Winter,2022,1.278753601,22.45,99.69,Mountain,Rhinolophus,0.8859811640699444,2.3115975371610595,1.99897070246643,-1.531501495,0.130544469851768,0.6557569475087413,-0.514934687,-0.194236929,1.375727150534883,-0.571759088,1.3989375442104477,0.36817067096755673,0.8353852988959216,-1.555460318,1.2653235605653805,0.8718909259598511,-1.634403225,1.0660253350021285,-1.432526647,1.4308414087797061,2.5300535075912625,0.6490846004627112,-1.455580589,-0.472480453,0.5187539096422652,-0.295074685,0.02272830575670275,-0.35962282,0.8005374803808395,0,0,0,0,0,0,0,0,0,0,0,1,0
IPB4B-83,4.321928095,Winter,2022,1.230448921,25.12,98.41,Mountain,Rhinolophus,-0.972506472,1.294581845747556,1.5778698524707508,-1.147258277,-2.237114904,-0.644396279,-0.897668197,-1.730363587,-0.254197833,-1.939130823,-0.038374264,0.26060753975046863,0.6145693476059868,-1.086948174,0.7983601708160444,0.6791863522830517,-0.83814756,0.8656321965535848,-0.941044149,1.220759723122597,0.9619705192818515,-0.014908738,-1.432244023,-0.472480453,1.1292263596092131,-0.29421526,2.1394880669479632,-0.372865552,1.8188175459234186,0,0,0,0,0,0,0,0,0,0,0,1,0
IPB6D-12,4.684372827,Winter,2023,0.301029996,23.06,106.19,Mountain,Myotis,0.6683071517412171,-0.86897452,0.13266677171122265,-0.736245893,-0.478282226,1.146380806749478,-1.370456929,0.41513461624553466,0.5138864335310367,-0.029331533,0.8073371124280828,0.40514549732343075,0.8827030027437648,-0.993245745,1.3829598489724133,1.1857240888049243,-0.738615602,1.3923798747611849,-0.855568933,1.1772945467797469,0.7350283967929276,0.9542600517158253,-0.815475792,-0.472480453,0.3418914203896199,-0.301868233,0.30145182344872645,-0.369253898,0.38980701650735766,0,0,0,0,0,0,0,0,0,0,0,1,0
IPB6D-3,5.538617527,Winter,2023,1.278753601,21.63,107.63,Mountain,Rhinolophus,1.009079826971067,-1.190389834,0.033450288356620624,-0.877980249,-0.342987405,1.5143487011800307,-1.61810817,0.6373018570173028,1.0980628190026172,0.1684289864505278,1.1408567597788517,1.7933821595939738,2.270688982280498,-0.056221457,1.1949952195713895,2.3089164610925543,0.1074060418764343,2.5603855960041244,-0.000816763,0.19932807906561867,0.22849788954287223,1.8754130367214847,-0.908804782,-0.472480453,1.1292263596092131,-0.292005311,2.078290529677688,-0.334943185,-0.068315424,1,0,0,0,0,0,0,0,0,0,0,0,0
IPB6D-5,7.785519558,Winter,2023,1.230448921,21.79,107.83,Mountain,Rhinolophus,1.4699488817151303,-1.262348478,-0.159579097,-0.741869173,0.2320155858696665,1.7596606308003993,-1.460511926,1.2339794152693917,1.0151242377764846,0.6995570830681145,1.359232954746196,2.774895731949903,3.4063138746287343,0.6933979732008553,1.3272736172879802,3.46514390315335,0.6548318113249001,3.7627444266953853,0.34108410454527366,0.45287494106557785,0.08338305798916984,1.3666226015811127,-0.868849059,-0.472480453,1.1279927140244608,-0.296752609,1.3262616793539195,-0.356613109,-0.611467185,1,0,0,0,0,0,0,0,0,0,0,0,0
IPB6D-6,7.487222559,Winter,2023,1.230448921,21.63,107.63,Mountain,Rhinolophus,1.009079826971067,-1.190389834,0.033450288356620624,-0.877980249,-0.342987405,1.5143487011800307,-1.61810817,0.6373018570173028,1.0980628190026172,0.1684289864505278,1.1408567597788517,1.7933821595939738,2.270688982280498,-0.056221457,1.1949952195713895,2.3089164610925543,0.1074060418764343,2.5603855960041244,-0.000816763,0.19932807906561867,0.22849788954287223,1.8754130367214847,-0.908804782,-0.472480453,1.1292263596092131,-0.292005311,2.078290529677688,-0.334943185,-0.068315424,1,0,0,0,0,0,0,0,0,0,0,0,0
IPB6D-7,5.630418324,Winter,2023,1.230448921,21.63,107.63,Mountain,Rhinolophus,1.009079826971067,-1.190389834,0.033450288356620624,-0.877980249,-0.342987405,1.5143487011800307,-1.61810817,0.6373018570173028,1.0980628190026172,0.1684289864505278,1.1408567597788517,1.7933821595939738,2.270688982280498,-0.056221457,1.1949952195713895,2.3089164610925543,0.1074060418764343,2.5603855960041244,-0.000816763,0.19932807906561867,0.22849788954287223,1.8754130367214847,-0.908804782,-0.472480453,1.1292263596092131,-0.292005311,2.078290529677688,-0.334943185,-0.068315424,1,0,0,0,0,0,0,0,0,0,0,0,0
